{
   "data" : [
      {
         "radarID" : 13009,
         "tracks" : [
            {
               "detectedID" : 1002,
               "detectedTime" : 1957.8499999999999,
               "entityID" : 13009,
               "height" : 4371.0396890000002,
               "lla" : [ 119.0575359, -26.06285965, -242973.6551 ],
               "radarID" : 13009,
               "targetType" : 3,
               "trueID" : 793,
               "velocity" : [ 258.52648099999999, 46.80515819, 144.82173789999999 ]
            }
         ]
      },
      {
         "radarID" : 13016,
         "tracks" : [
            {
               "detectedID" : 1002,
               "detectedTime" : 1957.8499999999999,
               "entityID" : 13016,
               "height" : 4450.4531809999999,
               "lla" : [ 119.0576567, -26.062943270000002, -242888.9558 ],
               "radarID" : 13016,
               "targetType" : 3,
               "trueID" : 793,
               "velocity" : [ 258.52648099999999, 46.80515819, 144.82173789999999 ]
            }
         ]
      }
   ],
   "terminator" : 0
}
