{
   "data" : [
      {
         "radarID" : 12924,
         "tracks" : [
            {
               "detectedID" : 1006,
               "detectedTime" : 1956.5,
               "entityID" : 12924,
               "height" : 5048.7565029999996,
               "lla" : [ 118.8539301, -25.918386909999999, -261486.3259 ],
               "radarID" : 12924,
               "targetType" : 3,
               "trueID" : 811,
               "velocity" : [ 272.91050239999998, 98.348894139999999, 76.467984790000003 ]
            }
         ]
      }
   ],
   "terminator" : 0
}
