{
   "data" : [
      {
         "radarID" : 13093,
         "tracks" : [
            {
               "detectedID" : 1002,
               "detectedTime" : 1958.8499999999999,
               "entityID" : 13093,
               "height" : 1670.267147,
               "lla" : [ 119.05441039999999, -26.060712890000001, -245819.12100000001 ],
               "radarID" : 13093,
               "targetType" : 3,
               "trueID" : 793,
               "velocity" : [ 258.53239860000002, 46.794507090000003, 144.814616 ]
            }
         ]
      },
      {
         "radarID" : 13107,
         "tracks" : [
            {
               "detectedID" : 1002,
               "detectedTime" : 1958.8499999999999,
               "entityID" : 13107,
               "height" : 5064.2461899999998,
               "lla" : [ 119.0551936, -26.061183239999998, -242485.72579999999 ],
               "radarID" : 13107,
               "targetType" : 3,
               "trueID" : 793,
               "velocity" : [ 258.53239860000002, 46.794507090000003, 144.814616 ]
            },
            {
               "detectedID" : 1006,
               "detectedTime" : 1958.8499999999999,
               "entityID" : 13107,
               "height" : 5632.4120839999996,
               "lla" : [ 118.8468353, -25.91331971, -261305.93789999999 ],
               "radarID" : 13107,
               "targetType" : 3,
               "trueID" : 811,
               "velocity" : [ 272.9242271, 98.323880310000007, 76.451166079999993 ]
            }
         ]
      }
   ],
   "terminator" : 0
}
