{
   "data" : [
      {
         "radarID" : 12889,
         "tracks" : [
            {
               "detectedID" : 1005,
               "detectedTime" : 1964.3499999999999,
               "entityID" : 12889,
               "height" : 4648.3883310000001,
               "lla" : [ 118.43073149999999, -25.614472809999999, -239057.39290000001 ],
               "radarID" : 12889,
               "targetType" : 3,
               "trueID" : 805,
               "velocity" : [ 272.20212370000002, 118.2549234, 43.838076149999999 ]
            }
         ]
      }
   ],
   "terminator" : 0
}
