{
   "data" : [
      {
         "radarID" : 13002,
         "tracks" : [
            {
               "detectedID" : 1006,
               "detectedTime" : 1977.8,
               "entityID" : 13002,
               "height" : 4900.3554480000003,
               "lla" : [ 118.79023479999999, -25.873000220000002, -265027.3567 ],
               "radarID" : 13002,
               "targetType" : 3,
               "trueID" : 811,
               "velocity" : [ 273.03477959999998, 98.122129409999999, 76.315508600000001 ]
            }
         ]
      }
   ],
   "terminator" : 0
}
