{
   "data" : [
      {
         "radarID" : 13051,
         "tracks" : [
            {
               "detectedID" : 1005,
               "detectedTime" : 451.85000000000002,
               "entityID" : 13051,
               "height" : 2191.145704,
               "lla" : [ 123.0230948, -28.751860990000001, -19152.375339999999 ],
               "radarID" : 13051,
               "targetType" : 3,
               "trueID" : 805,
               "velocity" : [ 262.7480228, 134.2052923, 54.336139230000001 ]
            }
         ]
      },
      {
         "radarID" : 13058,
         "tracks" : [
            {
               "detectedID" : 1005,
               "detectedTime" : 451.85000000000002,
               "entityID" : 13058,
               "height" : 5640.2229630000002,
               "lla" : [ 123.0219338, -28.751020189999998, -15739.960929999999 ],
               "radarID" : 13058,
               "targetType" : 3,
               "trueID" : 805,
               "velocity" : [ 262.7480228, 134.2052923, 54.336139230000001 ]
            }
         ]
      }
   ],
   "terminator" : 0
}
