{
   "data" : [
      {
         "radarID" : 13037,
         "tracks" : [
            {
               "detectedID" : 1004,
               "detectedTime" : 1978.9000000000001,
               "entityID" : 13037,
               "height" : 4299.53863,
               "lla" : [ 120.0283019, -26.743291339999999, -172462.74619999999 ],
               "radarID" : 13037,
               "targetType" : 3,
               "trueID" : 799,
               "velocity" : [ -12.60189173, -170.1767734, 246.7408724 ]
            }
         ]
      },
      {
         "radarID" : 13114,
         "tracks" : [
            {
               "detectedID" : 1006,
               "detectedTime" : 1978.9000000000001,
               "entityID" : 13114,
               "height" : 2569.6535239999998,
               "lla" : [ 118.78643169999999, -25.87034658, -267492.58669999999 ],
               "radarID" : 13114,
               "targetType" : 3,
               "trueID" : 811,
               "velocity" : [ 273.04119020000002, 98.110415900000007, 76.307632150000003 ]
            }
         ]
      }
   ],
   "terminator" : 0
}
