{
   "data" : [
      {
         "radarID" : 13030,
         "tracks" : [
            {
               "detectedID" : 1004,
               "detectedTime" : 1978.95,
               "entityID" : 13030,
               "height" : 4311.3813300000002,
               "lla" : [ 120.0283644, -26.743334740000002, -172459.08919999999 ],
               "radarID" : 13030,
               "targetType" : 3,
               "trueID" : 799,
               "velocity" : [ -12.60158427, -170.1773053, 246.74052130000001 ]
            }
         ]
      },
      {
         "radarID" : 13044,
         "tracks" : [
            {
               "detectedID" : 1004,
               "detectedTime" : 1978.95,
               "entityID" : 13044,
               "height" : 4323.5745120000001,
               "lla" : [ 120.0283364, -26.743315200000001, -172455.88099999999 ],
               "radarID" : 13044,
               "targetType" : 3,
               "trueID" : 799,
               "velocity" : [ -12.60158427, -170.1773053, 246.74052130000001 ]
            }
         ]
      },
      {
         "radarID" : 13114,
         "tracks" : [
            {
               "detectedID" : 1002,
               "detectedTime" : 1978.95,
               "entityID" : 13114,
               "height" : 1836.6161979999999,
               "lla" : [ 119.00254839999999, -26.023944100000001, -249466.22820000001 ],
               "radarID" : 13114,
               "targetType" : 3,
               "trueID" : 793,
               "velocity" : [ 258.65122330000003, 46.580392199999999, 144.67139230000001 ]
            }
         ]
      }
   ],
   "terminator" : 0
}
