{
   "data" : [
      {
         "radarID" : 13058,
         "tracks" : [
            {
               "detectedID" : 1004,
               "detectedTime" : 1978.75,
               "entityID" : 13058,
               "height" : 5006.2542290000001,
               "lla" : [ 120.0282986, -26.743270599999999, -171743.9178 ],
               "radarID" : 13058,
               "targetType" : 3,
               "trueID" : 799,
               "velocity" : [ -12.60281412, -170.17517770000001, 246.74192579999999 ]
            }
         ]
      },
      {
         "radarID" : 13079,
         "tracks" : [
            {
               "detectedID" : 1004,
               "detectedTime" : 1978.75,
               "entityID" : 13079,
               "height" : 5003.5079159999996,
               "lla" : [ 120.0283443, -26.7433023, -171740.40969999999 ],
               "radarID" : 13079,
               "targetType" : 3,
               "trueID" : 799,
               "velocity" : [ -12.60281412, -170.17517770000001, 246.74192579999999 ]
            }
         ]
      },
      {
         "radarID" : 13086,
         "tracks" : [
            {
               "detectedID" : 1004,
               "detectedTime" : 1978.75,
               "entityID" : 13086,
               "height" : 5004.6677319999999,
               "lla" : [ 120.0283202, -26.7432856, -171742.22409999999 ],
               "radarID" : 13086,
               "targetType" : 3,
               "trueID" : 799,
               "velocity" : [ -12.60281412, -170.17517770000001, 246.74192579999999 ]
            }
         ]
      },
      {
         "radarID" : 13114,
         "tracks" : [
            {
               "detectedID" : 1001,
               "detectedTime" : 1978.75,
               "entityID" : 13114,
               "height" : 3668.8171550000002,
               "lla" : [ 118.38265029999999, -25.58109228, -288115.136 ],
               "radarID" : 13114,
               "targetType" : 3,
               "trueID" : 817,
               "velocity" : [ 273.58238039999998, 92.704736679999996, 80.984646330000004 ]
            }
         ]
      }
   ],
   "terminator" : 0
}
