{
   "data" : [
      {
         "radarID" : 13114,
         "tracks" : [
            {
               "detectedID" : 1005,
               "detectedTime" : 1988.1500000000001,
               "entityID" : 13114,
               "height" : 2306.2030709999999,
               "lla" : [ 118.3569203, -25.561426969999999, -244709.49770000001 ],
               "radarID" : 13114,
               "targetType" : 3,
               "trueID" : 805,
               "velocity" : [ 272.34003949999999, 117.9989449, 43.670949870000001 ]
            }
         ]
      }
   ],
   "terminator" : 0
}
