{
   "data" : [
      {
         "radarID" : 13072,
         "tracks" : [
            {
               "detectedID" : 1005,
               "detectedTime" : 452.55000000000001,
               "entityID" : 13072,
               "height" : 5639.6147330000003,
               "lla" : [ 123.0198108, -28.749645480000002, -15847.808440000001 ],
               "radarID" : 13072,
               "targetType" : 3,
               "trueID" : 805,
               "velocity" : [ 262.75270879999999, 134.19806059999999, 54.33134046 ]
            }
         ]
      }
   ],
   "terminator" : 0
}
