{
   "data" : [
      {
         "radarID" : 13114,
         "tracks" : [
            {
               "detectedID" : 1001,
               "detectedTime" : 1998.7,
               "entityID" : 13114,
               "height" : 3853.5849619999999,
               "lla" : [ 118.32350460000001, -25.5385104, -291148.72100000002 ],
               "radarID" : 13114,
               "targetType" : 3,
               "trueID" : 817,
               "velocity" : [ 273.69690179999998, 92.491624160000001, 80.841235940000004 ]
            }
         ]
      }
   ],
   "terminator" : 0
}
