{
   "data" : [
      {
         "radarID" : 13093,
         "tracks" : [
            {
               "detectedID" : 1005,
               "detectedTime" : 2008.05,
               "entityID" : 13093,
               "height" : 2579.254629,
               "lla" : [ 118.2962564, -25.517711890000001, -247214.44279999999 ],
               "radarID" : 13093,
               "targetType" : 3,
               "trueID" : 805,
               "velocity" : [ 272.45509579999998, 117.7847968, 43.531165899999998 ]
            }
         ]
      }
   ],
   "terminator" : 0
}
