{
   "data" : [
      {
         "radarID" : 12995,
         "tracks" : [
            {
               "detectedID" : 1004,
               "detectedTime" : 2017.05,
               "entityID" : 12995,
               "height" : 4961.8718509999999,
               "lla" : [ 120.0663895, -26.769861500000001, -176393.62820000001 ],
               "radarID" : 12995,
               "targetType" : 3,
               "trueID" : 799,
               "velocity" : [ -12.36727971, -170.58232899999999, 246.4725531 ]
            }
         ]
      }
   ],
   "terminator" : 0
}
