{
   "data" : [
      {
         "radarID" : 12896,
         "tracks" : [
            {
               "detectedID" : 1006,
               "detectedTime" : 2014.0,
               "entityID" : 12896,
               "height" : 5289.5533290000003,
               "lla" : [ 118.6823799, -25.795988090000002, -270425.755 ],
               "radarID" : 12896,
               "targetType" : 3,
               "trueID" : 811,
               "velocity" : [ 273.2453653, 97.736511329999999, 76.056194160000004 ]
            }
         ]
      }
   ],
   "terminator" : 0
}
