{
   "data" : [
      {
         "radarID" : 12995,
         "tracks" : [
            {
               "detectedID" : 1006,
               "detectedTime" : 2017.75,
               "entityID" : 12995,
               "height" : 5357.2445019999996,
               "lla" : [ 118.6711134, -25.78793246, -270968.11849999998 ],
               "radarID" : 12995,
               "targetType" : 3,
               "trueID" : 811,
               "velocity" : [ 273.267135, 97.696548579999998, 76.029318790000005 ]
            }
         ]
      },
      {
         "radarID" : 13002,
         "tracks" : [
            {
               "detectedID" : 1002,
               "detectedTime" : 2017.75,
               "entityID" : 13002,
               "height" : 4415.6764540000004,
               "lla" : [ 118.902665, -25.952954569999999, -254278.66320000001 ],
               "radarID" : 13002,
               "targetType" : 3,
               "trueID" : 793,
               "velocity" : [ 258.87997710000002, 46.166898230000001, 144.39451159999999 ]
            }
         ]
      }
   ],
   "terminator" : 0
}
