{
   "data" : [
      {
         "radarID" : 12995,
         "tracks" : [
            {
               "detectedID" : 1002,
               "detectedTime" : 2017.7,
               "entityID" : 12995,
               "height" : 5080.2135179999996,
               "lla" : [ 118.9030061, -25.953180840000002, -253625.53690000001 ],
               "radarID" : 12995,
               "targetType" : 3,
               "trueID" : 793,
               "velocity" : [ 258.87968280000001, 46.167431280000002, 144.39486880000001 ]
            }
         ]
      }
   ],
   "terminator" : 0
}
