{
   "data" : [
      {
         "radarID" : 12981,
         "tracks" : [
            {
               "detectedID" : 1006,
               "detectedTime" : 453.14999999999998,
               "entityID" : 12981,
               "height" : 2061.0890789999999,
               "lla" : [ 123.28121640000001, -28.9187355, -15912.259889999999 ],
               "radarID" : 12981,
               "targetType" : 3,
               "trueID" : 811,
               "velocity" : [ 263.45615090000001, 114.09331779999999, 87.026268520000002 ]
            }
         ]
      },
      {
         "radarID" : 13051,
         "tracks" : [
            {
               "detectedID" : 1002,
               "detectedTime" : 453.14999999999998,
               "entityID" : 13051,
               "height" : 1820.1760509999999,
               "lla" : [ 122.8593583, -28.643872170000002, 41904.429020000003 ],
               "radarID" : 13051,
               "targetType" : 3,
               "trueID" : 793,
               "velocity" : [ 248.98301599999999, 62.702401719999997, 155.1639989 ]
            }
         ]
      },
      {
         "radarID" : 13079,
         "tracks" : [
            {
               "detectedID" : 1002,
               "detectedTime" : 453.14999999999998,
               "entityID" : 13079,
               "height" : 5005.7737909999996,
               "lla" : [ 122.85830439999999, -28.643107050000001, 45037.21387 ],
               "radarID" : 13079,
               "targetType" : 3,
               "trueID" : 793,
               "velocity" : [ 248.98301599999999, 62.702401719999997, 155.1639989 ]
            }
         ]
      },
      {
         "radarID" : 13086,
         "tracks" : [
            {
               "detectedID" : 1002,
               "detectedTime" : 453.14999999999998,
               "entityID" : 13086,
               "height" : 5007.3552470000004,
               "lla" : [ 122.85834869999999, -28.643135770000001, 45042.441579999999 ],
               "radarID" : 13086,
               "targetType" : 3,
               "trueID" : 793,
               "velocity" : [ 248.98301599999999, 62.702401719999997, 155.1639989 ]
            }
         ]
      }
   ],
   "terminator" : 0
}
