{
   "data" : [
      {
         "radarID" : 13079,
         "tracks" : [
            {
               "detectedID" : 1004,
               "detectedTime" : 2018.8499999999999,
               "entityID" : 13079,
               "height" : 5002.9297280000001,
               "lla" : [ 120.06819849999999, -26.771122689999999, -176571.10149999999 ],
               "radarID" : 13079,
               "targetType" : 3,
               "trueID" : 799,
               "velocity" : [ -12.35620933, -170.60145019999999, 246.45987360000001 ]
            }
         ]
      },
      {
         "radarID" : 13086,
         "tracks" : [
            {
               "detectedID" : 1004,
               "detectedTime" : 2018.8499999999999,
               "entityID" : 13086,
               "height" : 5004.3582880000004,
               "lla" : [ 120.0681773, -26.771108009999999, -176572.6893 ],
               "radarID" : 13086,
               "targetType" : 3,
               "trueID" : 799,
               "velocity" : [ -12.35620933, -170.60145019999999, 246.45987360000001 ]
            }
         ]
      },
      {
         "radarID" : 13114,
         "tracks" : [
            {
               "detectedID" : 1006,
               "detectedTime" : 2018.8499999999999,
               "entityID" : 13114,
               "height" : 2865.726795,
               "lla" : [ 118.6671999, -25.785196599999999, -273585.739 ],
               "radarID" : 13114,
               "targetType" : 3,
               "trueID" : 811,
               "velocity" : [ 273.27351920000001, 97.684825599999996, 76.021434900000003 ]
            }
         ]
      }
   ],
   "terminator" : 0
}
