{
   "data" : [
      {
         "radarID" : 13093,
         "tracks" : [
            {
               "detectedID" : 1003,
               "detectedTime" : 2019.7,
               "entityID" : 13093,
               "height" : 1569.4137450000001,
               "lla" : [ 119.7879391, -26.577354979999999, -235283.65719999999 ],
               "radarID" : 13093,
               "targetType" : 3,
               "trueID" : 781,
               "velocity" : [ -221.56914, -182.68684189999999, 86.790748429999994 ]
            }
         ]
      }
   ],
   "terminator" : 0
}
