{
   "data" : [
      {
         "radarID" : 13107,
         "tracks" : [
            {
               "detectedID" : 1004,
               "detectedTime" : 2020.1500000000001,
               "entityID" : 13107,
               "height" : 5005.09609,
               "lla" : [ 120.06946790000001, -26.77200839, -176725.8726 ],
               "radarID" : 13107,
               "targetType" : 3,
               "trueID" : 799,
               "velocity" : [ -12.34821401, -170.6152592, 246.450715 ]
            }
         ]
      }
   ],
   "terminator" : 0
}
