{
   "data" : [
      {
         "radarID" : 12889,
         "tracks" : [
            {
               "detectedID" : 1006,
               "detectedTime" : 2023.95,
               "entityID" : 12889,
               "height" : 2773.062692,
               "lla" : [ 118.6531842, -25.77517418, -274357.82419999997 ],
               "radarID" : 12889,
               "targetType" : 3,
               "trueID" : 811,
               "velocity" : [ 273.30310889999998, 97.630470200000005, 75.984879640000003 ]
            }
         ]
      }
   ],
   "terminator" : 0
}
