{
   "data" : [
      {
         "radarID" : 12903,
         "tracks" : [
            {
               "detectedID" : 1004,
               "detectedTime" : 2026.1500000000001,
               "entityID" : 12903,
               "height" : 5001.7339700000002,
               "lla" : [ 120.07555960000001, -26.77625832, -177458.53829999999 ],
               "radarID" : 12903,
               "targetType" : 3,
               "trueID" : 799,
               "velocity" : [ -12.311312020000001, -170.6789847, 246.40843280000001 ]
            }
         ]
      },
      {
         "radarID" : 12917,
         "tracks" : [
            {
               "detectedID" : 1004,
               "detectedTime" : 2026.1500000000001,
               "entityID" : 12917,
               "height" : 2928.838064,
               "lla" : [ 120.0748658, -26.775827979999999, -179457.0785 ],
               "radarID" : 12917,
               "targetType" : 3,
               "trueID" : 799,
               "velocity" : [ -12.311312020000001, -170.6789847, 246.40843280000001 ]
            }
         ]
      }
   ],
   "terminator" : 0
}
