{
   "data" : [
      {
         "radarID" : 12995,
         "tracks" : [
            {
               "detectedID" : 1002,
               "detectedTime" : 2027.7,
               "entityID" : 12995,
               "height" : 5133.0318669999997,
               "lla" : [ 118.8771229, -25.934775290000001, -255469.48699999999 ],
               "radarID" : 12995,
               "targetType" : 3,
               "trueID" : 793,
               "velocity" : [ 258.93851699999999, 46.060806190000001, 144.3234095 ]
            }
         ]
      }
   ],
   "terminator" : 0
}
