{
   "data" : [
      {
         "radarID" : 13065,
         "tracks" : [
            {
               "detectedID" : 1002,
               "detectedTime" : 453.30000000000001,
               "entityID" : 13065,
               "height" : 5008.095429,
               "lla" : [ 122.8580453, -28.642938730000001, 45019.820160000003 ],
               "radarID" : 13065,
               "targetType" : 3,
               "trueID" : 793,
               "velocity" : [ 248.98403039999999, 62.7008309, 155.1630059 ]
            }
         ]
      }
   ],
   "terminator" : 0
}
