{
   "data" : [
      {
         "radarID" : 13114,
         "tracks" : [
            {
               "detectedID" : 1005,
               "detectedTime" : 2028.1500000000001,
               "entityID" : 13114,
               "height" : 2630.0119650000001,
               "lla" : [ 118.2346474, -25.47326327, -249989.28320000001 ],
               "radarID" : 13114,
               "targetType" : 3,
               "trueID" : 805,
               "velocity" : [ 272.5710684, 117.5683891, 43.38993619 ]
            }
         ]
      }
   ],
   "terminator" : 0
}
