{
   "data" : [
      {
         "radarID" : 13065,
         "tracks" : [
            {
               "detectedID" : 1004,
               "detectedTime" : 2038.75,
               "entityID" : 13065,
               "height" : 5007.6552119999997,
               "lla" : [ 120.0878362, -26.78482288, -178990.32279999999 ],
               "radarID" : 13065,
               "targetType" : 3,
               "trueID" : 799,
               "velocity" : [ -12.233815030000001, -170.81276349999999, 246.3195762 ]
            }
         ]
      },
      {
         "radarID" : 13107,
         "tracks" : [
            {
               "detectedID" : 1006,
               "detectedTime" : 2038.75,
               "entityID" : 13107,
               "height" : 4760.8609509999997,
               "lla" : [ 118.6083785, -25.74306357, -274881.9497 ],
               "radarID" : 13107,
               "targetType" : 3,
               "trueID" : 811,
               "velocity" : [ 273.38888839999998, 97.472701330000007, 75.878772830000003 ]
            }
         ]
      }
   ],
   "terminator" : 0
}
