{
   "data" : [
      {
         "radarID" : 13093,
         "tracks" : [
            {
               "detectedID" : 1006,
               "detectedTime" : 2038.7,
               "entityID" : 13093,
               "height" : 3005.5955049999998,
               "lla" : [ 118.60792859999999, -25.742785470000001, -276607.7758 ],
               "radarID" : 13093,
               "targetType" : 3,
               "trueID" : 811,
               "velocity" : [ 273.38859889999998, 97.473234419999997, 75.879131360000002 ]
            }
         ]
      },
      {
         "radarID" : 13114,
         "tracks" : [
            {
               "detectedID" : 1001,
               "detectedTime" : 2038.7,
               "entityID" : 13114,
               "height" : 4240.7697239999998,
               "lla" : [ 118.204883, -25.45294462, -297202.5037 ],
               "radarID" : 13114,
               "targetType" : 3,
               "trueID" : 817,
               "velocity" : [ 273.9258145, 92.064048670000005, 80.553455020000001 ]
            }
         ]
      }
   ],
   "terminator" : 0
}
