{
   "data" : [
      {
         "radarID" : 13135,
         "tracks" : [
            {
               "detectedID" : 1004,
               "detectedTime" : 2039.5999999999999,
               "entityID" : 13135,
               "height" : 4502.7249700000002,
               "lla" : [ 120.0888017, -26.78550877, -179590.34520000001 ],
               "radarID" : 13135,
               "targetType" : 3,
               "trueID" : 799,
               "velocity" : [ -12.22858692, -170.821786, 246.31357879999999 ]
            }
         ]
      },
      {
         "radarID" : 13142,
         "tracks" : [
            {
               "detectedID" : 1004,
               "detectedTime" : 2039.5999999999999,
               "entityID" : 13142,
               "height" : 5003.5335809999997,
               "lla" : [ 120.08882749999999, -26.785512400000002, -179037.02859999999 ],
               "radarID" : 13142,
               "targetType" : 3,
               "trueID" : 799,
               "velocity" : [ -12.22858692, -170.821786, 246.31357879999999 ]
            }
         ]
      }
   ],
   "terminator" : 0
}
