{
   "data" : [
      {
         "radarID" : 13093,
         "tracks" : [
            {
               "detectedID" : 1004,
               "detectedTime" : 2040.05,
               "entityID" : 13093,
               "height" : 336.43458199999998,
               "lla" : [ 120.0894004, -26.78603227, -183772.94510000001 ],
               "radarID" : 13093,
               "targetType" : 3,
               "trueID" : 799,
               "velocity" : [ -12.22581909, -170.82656259999999, 246.31040350000001 ]
            }
         ]
      }
   ],
   "terminator" : 0
}
