{
   "data" : [
      {
         "radarID" : 12889,
         "tracks" : [
            {
               "detectedID" : 1006,
               "detectedTime" : 2043.95,
               "entityID" : 12889,
               "height" : 2632.8431350000001,
               "lla" : [ 118.5934372, -25.732416629999999, -277682.51610000001 ],
               "radarID" : 12889,
               "targetType" : 3,
               "trueID" : 811,
               "velocity" : [ 273.4189958, 97.41725787, 75.841483280000006 ]
            }
         ]
      },
      {
         "radarID" : 12896,
         "tracks" : [
            {
               "detectedID" : 1002,
               "detectedTime" : 2043.95,
               "entityID" : 12896,
               "height" : 5007.8291259999996,
               "lla" : [ 118.8350432, -25.904835439999999, -258668.12059999999 ],
               "radarID" : 12896,
               "targetType" : 3,
               "trueID" : 793,
               "velocity" : [ 259.0340473, 45.887433919999999, 144.20716250000001 ]
            }
         ]
      }
   ],
   "terminator" : 0
}
