{
   "data" : [
      {
         "radarID" : 13002,
         "tracks" : [
            {
               "detectedID" : 1002,
               "detectedTime" : 2047.75,
               "entityID" : 13002,
               "height" : 4722.642503,
               "lla" : [ 118.8251277, -25.897782620000001, -259657.372 ],
               "radarID" : 13002,
               "targetType" : 3,
               "trueID" : 793,
               "velocity" : [ 259.05638640000001, 45.846848520000002, 144.17994010000001 ]
            }
         ]
      }
   ],
   "terminator" : 0
}
