{
   "data" : [
      {
         "radarID" : 12896,
         "tracks" : [
            {
               "detectedID" : 1001,
               "detectedTime" : 2054.3000000000002,
               "entityID" : 12896,
               "height" : 5024.0828579999998,
               "lla" : [ 118.1586358, -25.419510469999999, -298967.40490000002 ],
               "radarID" : 12896,
               "targetType" : 3,
               "trueID" : 817,
               "velocity" : [ 274.01484260000001, 91.897179129999998, 80.441124419999994 ]
            }
         ]
      }
   ],
   "terminator" : 0
}
