{
   "data" : [
      {
         "radarID" : 12896,
         "tracks" : [
            {
               "detectedID" : 1005,
               "detectedTime" : 2054.5500000000002,
               "entityID" : 12896,
               "height" : 5062.8568020000002,
               "lla" : [ 118.1547133, -25.415447879999999, -251301.0019 ],
               "radarID" : 12896,
               "targetType" : 3,
               "trueID" : 805,
               "velocity" : [ 272.72302450000001, 117.28398730000001, 43.204377360000002 ]
            }
         ]
      }
   ],
   "terminator" : 0
}
