{
   "data" : [
      {
         "radarID" : 13114,
         "tracks" : [
            {
               "detectedID" : 1001,
               "detectedTime" : 2058.6500000000001,
               "entityID" : 13114,
               "height" : 4443.757928,
               "lla" : [ 118.145521, -25.41004302, -300236.60330000002 ],
               "radarID" : 13114,
               "targetType" : 3,
               "trueID" : 817,
               "velocity" : [ 274.0396442, 91.850634279999994, 80.409790229999999 ]
            }
         ]
      }
   ],
   "terminator" : 0
}
