{
   "data" : [
      {
         "radarID" : 13093,
         "tracks" : [
            {
               "detectedID" : 1003,
               "detectedTime" : 2059.8000000000002,
               "entityID" : 13093,
               "height" : 1622.6489819999999,
               "lla" : [ 119.9062603, -26.659895980000002, -233081.9062 ],
               "radarID" : 13093,
               "targetType" : 3,
               "trueID" : 781,
               "velocity" : [ -221.33018569999999, -183.1118889, 86.504248779999998 ]
            }
         ]
      }
   ],
   "terminator" : 0
}
