{
   "data" : [
      {
         "radarID" : 12889,
         "tracks" : [
            {
               "detectedID" : 1002,
               "detectedTime" : 2073.8499999999999,
               "entityID" : 12889,
               "height" : 3179.8994779999998,
               "lla" : [ 118.8056184, -25.88399626, -265276.31050000002 ],
               "radarID" : 12889,
               "targetType" : 3,
               "trueID" : 793,
               "velocity" : [ 10.78415057, -163.13589640000001, 251.53604390000001 ]
            }
         ]
      }
   ],
   "terminator" : 0
}
