{
   "data" : [
      {
         "radarID" : 13093,
         "tracks" : [
            {
               "detectedID" : 1005,
               "detectedTime" : 2078.0,
               "entityID" : 13093,
               "height" : 3200.090291,
               "lla" : [ 118.082396, -25.36315514, -256371.799 ],
               "radarID" : 13093,
               "targetType" : 3,
               "trueID" : 805,
               "velocity" : [ 272.85765309999999, 117.03120629999999, 43.039492090000003 ]
            }
         ]
      }
   ],
   "terminator" : 0
}
