{
   "data" : [
      {
         "radarID" : 13093,
         "tracks" : [
            {
               "detectedID" : 1004,
               "detectedTime" : 2080.1500000000001,
               "entityID" : 13093,
               "height" : 466.94153469999998,
               "lla" : [ 120.1294225, -26.813929139999999, -188484.8609 ],
               "radarID" : 13093,
               "targetType" : 3,
               "trueID" : 799,
               "velocity" : [ -11.979155690000001, -171.2518934, 246.02700830000001 ]
            }
         ]
      }
   ],
   "terminator" : 0
}
