{
   "data" : [
      {
         "radarID" : 13107,
         "tracks" : [
            {
               "detectedID" : 1003,
               "detectedTime" : 2079.9499999999998,
               "entityID" : 13107,
               "height" : 1839.513686,
               "lla" : [ 119.9657849, -26.701333420000001, -231794.3559 ],
               "radarID" : 13107,
               "targetType" : 3,
               "trueID" : 781,
               "velocity" : [ -221.2098177, -183.3252238, 86.360169499999998 ]
            }
         ]
      }
   ],
   "terminator" : 0
}
