{
   "data" : [
      {
         "radarID" : 12889,
         "tracks" : [
            {
               "detectedID" : 1006,
               "detectedTime" : 2094.0500000000002,
               "entityID" : 12889,
               "height" : 2307.6844529999998,
               "lla" : [ 118.44380719999999, -25.625089970000001, -285939.44140000001 ],
               "radarID" : 12889,
               "targetType" : 3,
               "trueID" : 811,
               "velocity" : [ 273.70823300000001, 96.882784799999996, 75.481979379999999 ]
            }
         ]
      }
   ],
   "terminator" : 0
}
