{
   "data" : [
      {
         "radarID" : 13107,
         "tracks" : [
            {
               "detectedID" : 1006,
               "detectedTime" : 2098.6999999999998,
               "entityID" : 13107,
               "height" : 5197.3442930000001,
               "lla" : [ 118.42933410000001, -25.614619229999999, -283990.62939999998 ],
               "radarID" : 13107,
               "targetType" : 3,
               "trueID" : 811,
               "velocity" : [ 273.73500150000001, 96.83315082, 75.448590830000001 ]
            }
         ]
      }
   ],
   "terminator" : 0
}
