{
   "data" : [
      {
         "radarID" : 12995,
         "tracks" : [
            {
               "detectedID" : 1003,
               "detectedTime" : 2098.1500000000001,
               "entityID" : 12995,
               "height" : 1753.116137,
               "lla" : [ 120.01954240000001, -26.738715679999999, -230890.8413 ],
               "radarID" : 12995,
               "targetType" : 3,
               "trueID" : 781,
               "velocity" : [ -221.10092879999999, -183.5177703, 86.229967380000005 ]
            }
         ]
      }
   ],
   "terminator" : 0
}
