{
   "data" : [
      {
         "radarID" : 13030,
         "tracks" : [
            {
               "detectedID" : 1002,
               "detectedTime" : 462.60000000000002,
               "entityID" : 13030,
               "height" : 1346.7358099999999,
               "lla" : [ 122.8362525, -28.62887658, 39610.042170000001 ],
               "radarID" : 13030,
               "targetType" : 3,
               "trueID" : 793,
               "velocity" : [ 249.04690070000001, 62.603434149999998, 155.10142260000001 ]
            }
         ]
      },
      {
         "radarID" : 13037,
         "tracks" : [
            {
               "detectedID" : 1002,
               "detectedTime" : 462.60000000000002,
               "entityID" : 13037,
               "height" : 1326.288174,
               "lla" : [ 122.836281, -28.628895589999999, 39591.688699999999 ],
               "radarID" : 13037,
               "targetType" : 3,
               "trueID" : 793,
               "velocity" : [ 249.04690070000001, 62.603434149999998, 155.10142260000001 ]
            }
         ]
      },
      {
         "radarID" : 13044,
         "tracks" : [
            {
               "detectedID" : 1002,
               "detectedTime" : 462.60000000000002,
               "entityID" : 13044,
               "height" : 1363.138019,
               "lla" : [ 122.83624570000001, -28.62887177, 39625.618920000001 ],
               "radarID" : 13044,
               "targetType" : 3,
               "trueID" : 793,
               "velocity" : [ 249.04690070000001, 62.603434149999998, 155.10142260000001 ]
            }
         ]
      }
   ],
   "terminator" : 0
}
