{
   "data" : [
      {
         "radarID" : 12896,
         "tracks" : [
            {
               "detectedID" : 1002,
               "detectedTime" : 2103.8499999999999,
               "entityID" : 12896,
               "height" : 5005.1837599999999,
               "lla" : [ 118.8267128, -25.89912327, -267734.21460000001 ],
               "radarID" : 12896,
               "targetType" : 3,
               "trueID" : 793,
               "velocity" : [ 10.96044565, -163.45634920000001, 251.32029470000001 ]
            }
         ]
      }
   ],
   "terminator" : 0
}
