{
   "data" : [
      {
         "radarID" : 12931,
         "tracks" : [
            {
               "detectedID" : 1004,
               "detectedTime" : 2107.3000000000002,
               "entityID" : 12931,
               "height" : 5003.5836760000002,
               "lla" : [ 120.1562728, -26.832518490000002, -187297.1018 ],
               "radarID" : 12931,
               "targetType" : 3,
               "trueID" : 799,
               "velocity" : [ -11.81212921, -171.53951620000001, 245.83463549999999 ]
            }
         ]
      },
      {
         "radarID" : 12938,
         "tracks" : [
            {
               "detectedID" : 1004,
               "detectedTime" : 2107.3000000000002,
               "entityID" : 12938,
               "height" : 5006.4242290000002,
               "lla" : [ 120.1560224, -26.832345010000001, -187303.1177 ],
               "radarID" : 12938,
               "targetType" : 3,
               "trueID" : 799,
               "velocity" : [ -11.81212921, -171.53951620000001, 245.83463549999999 ]
            }
         ]
      },
      {
         "radarID" : 12974,
         "tracks" : [
            {
               "detectedID" : 1004,
               "detectedTime" : 2107.3000000000002,
               "entityID" : 12974,
               "height" : 4998.3124870000001,
               "lla" : [ 120.1565129, -26.832684780000001, -187292.1599 ],
               "radarID" : 12974,
               "targetType" : 3,
               "trueID" : 799,
               "velocity" : [ -11.81212921, -171.53951620000001, 245.83463549999999 ]
            }
         ]
      }
   ],
   "terminator" : 0
}
