{
   "data" : [
      {
         "radarID" : 12995,
         "tracks" : [
            {
               "detectedID" : 1004,
               "detectedTime" : 2107.4000000000001,
               "entityID" : 12995,
               "height" : 4987.0593559999998,
               "lla" : [ 120.15643780000001, -26.832633489999999, -187320.96419999999 ],
               "radarID" : 12995,
               "targetType" : 3,
               "trueID" : 799,
               "velocity" : [ -11.811513980000001, -171.54057499999999, 245.83392620000001 ]
            }
         ]
      }
   ],
   "terminator" : 0
}
