{
   "data" : [
      {
         "radarID" : 13072,
         "tracks" : [
            {
               "detectedID" : 1004,
               "detectedTime" : 2108.8000000000002,
               "entityID" : 13072,
               "height" : 5001.7258009999996,
               "lla" : [ 120.15786490000001, -26.833626800000001, -187475.44500000001 ],
               "radarID" : 13072,
               "targetType" : 3,
               "trueID" : 799,
               "velocity" : [ -11.802900729999999, -171.55539870000001, 245.8239954 ]
            }
         ]
      }
   ],
   "terminator" : 0
}
