{
   "data" : [
      {
         "radarID" : 13002,
         "tracks" : [
            {
               "detectedID" : 1003,
               "detectedTime" : 2108.25,
               "entityID" : 13002,
               "height" : 1526.3290629999999,
               "lla" : [ 120.04932359999999, -26.759410450000001, -230566.1483 ],
               "radarID" : 13002,
               "targetType" : 3,
               "trueID" : 781,
               "velocity" : [ -221.0404321, -183.6245644, 86.157685380000004 ]
            }
         ]
      }
   ],
   "terminator" : 0
}
