{
   "data" : [
      {
         "radarID" : 13114,
         "tracks" : [
            {
               "detectedID" : 1005,
               "detectedTime" : 2108.0999999999999,
               "entityID" : 13114,
               "height" : 3345.025529,
               "lla" : [ 117.9900792, -25.296221710000001, -260437.54399999999 ],
               "radarID" : 13114,
               "targetType" : 3,
               "trueID" : 805,
               "velocity" : [ 273.02998339999999, 116.70651700000001, 42.827760429999998 ]
            }
         ]
      }
   ],
   "terminator" : 0
}
