{
   "data" : [
      {
         "radarID" : 13093,
         "tracks" : [
            {
               "detectedID" : 1006,
               "detectedTime" : 2108.6500000000001,
               "entityID" : 13093,
               "height" : 3612.4958980000001,
               "lla" : [ 118.3991606, -25.59296518, -287113.65029999998 ],
               "radarID" : 13093,
               "targetType" : 3,
               "trueID" : 811,
               "velocity" : [ 273.7922365, 96.726929269999999, 75.377134330000004 ]
            }
         ]
      },
      {
         "radarID" : 13114,
         "tracks" : [
            {
               "detectedID" : 1001,
               "detectedTime" : 2108.6500000000001,
               "entityID" : 13114,
               "height" : 4952.8909560000002,
               "lla" : [ 118.01922860000001, -25.31861919, -307890.48259999999 ],
               "radarID" : 13114,
               "targetType" : 3,
               "trueID" : 817,
               "velocity" : [ 101.2270134, -118.774878, 256.21401229999998 ]
            }
         ]
      }
   ],
   "terminator" : 0
}
