{
   "data" : [
      {
         "radarID" : 13023,
         "tracks" : [
            {
               "detectedID" : 1004,
               "detectedTime" : 2109.5999999999999,
               "entityID" : 13023,
               "height" : 5009.3180840000005,
               "lla" : [ 120.15863040000001, -26.834159790000001, -187563.9515 ],
               "radarID" : 13023,
               "targetType" : 3,
               "trueID" : 799,
               "velocity" : [ -11.797978860000001, -171.56386900000001, 245.81832019999999 ]
            }
         ]
      }
   ],
   "terminator" : 0
}
