{
   "data" : [
      {
         "radarID" : 12896,
         "tracks" : [
            {
               "detectedID" : 1001,
               "detectedTime" : 2114.4000000000001,
               "entityID" : 12896,
               "height" : 5004.5326539999996,
               "lla" : [ 118.01717619999999, -25.31715393, -308885.13189999998 ],
               "radarID" : 12896,
               "targetType" : 3,
               "trueID" : 817,
               "velocity" : [ 101.2598733, -118.83663420000001, 256.17238809999998 ]
            }
         ]
      }
   ],
   "terminator" : 0
}
