{
   "data" : [
      {
         "radarID" : 12924,
         "tracks" : [
            {
               "detectedID" : 1004,
               "detectedTime" : 2115.5999999999999,
               "entityID" : 12924,
               "height" : 3456.8842450000002,
               "lla" : [ 120.1644539, -26.83825414, -189787.9492 ],
               "radarID" : 12924,
               "targetType" : 3,
               "trueID" : 799,
               "velocity" : [ -11.761064340000001, -171.6273885, 245.77574509999999 ]
            }
         ]
      }
   ],
   "terminator" : 0
}
