{
   "data" : [
      {
         "radarID" : 12903,
         "tracks" : [
            {
               "detectedID" : 1003,
               "detectedTime" : 2116.8000000000002,
               "entityID" : 12903,
               "height" : 1824.756826,
               "lla" : [ 120.0748814, -26.77714684, -229808.21720000001 ],
               "radarID" : 12903,
               "targetType" : 3,
               "trueID" : 781,
               "velocity" : [ -220.98918090000001, -183.71493649999999, 86.096481100000005 ]
            }
         ]
      },
      {
         "radarID" : 12917,
         "tracks" : [
            {
               "detectedID" : 1003,
               "detectedTime" : 2116.8000000000002,
               "entityID" : 12917,
               "height" : 1520.8927739999999,
               "lla" : [ 120.07450420000001, -26.776892709999998, -230108.62700000001 ],
               "radarID" : 12917,
               "targetType" : 3,
               "trueID" : 781,
               "velocity" : [ -220.98918090000001, -183.71493649999999, 86.096481100000005 ]
            }
         ]
      }
   ],
   "terminator" : 0
}
