{
   "data" : [
      {
         "radarID" : 12995,
         "tracks" : [
            {
               "detectedID" : 1006,
               "detectedTime" : 463.25,
               "entityID" : 12995,
               "height" : 4811.8686420000004,
               "lla" : [ 123.2505925, -28.898957119999999, -14979.38983 ],
               "radarID" : 12995,
               "targetType" : 3,
               "trueID" : 811,
               "velocity" : [ 263.52411000000001, 113.9893426, 86.956731980000001 ]
            }
         ]
      },
      {
         "radarID" : 13009,
         "tracks" : [
            {
               "detectedID" : 1005,
               "detectedTime" : 463.25,
               "entityID" : 13009,
               "height" : 2285.07213,
               "lla" : [ 122.9886492, -28.729544180000001, -20747.522990000001 ],
               "radarID" : 13009,
               "targetType" : 3,
               "trueID" : 805,
               "velocity" : [ 262.82430219999998, 134.08750019999999, 54.257980490000001 ]
            }
         ]
      },
      {
         "radarID" : 13016,
         "tracks" : [
            {
               "detectedID" : 1005,
               "detectedTime" : 463.25,
               "entityID" : 13016,
               "height" : 2225.4482119999998,
               "lla" : [ 122.9887418, -28.729605599999999, -20798.146980000001 ],
               "radarID" : 13016,
               "targetType" : 3,
               "trueID" : 805,
               "velocity" : [ 262.82430219999998, 134.08750019999999, 54.257980490000001 ]
            }
         ]
      },
      {
         "radarID" : 13065,
         "tracks" : [
            {
               "detectedID" : 1002,
               "detectedTime" : 463.25,
               "entityID" : 13065,
               "height" : 5006.269695,
               "lla" : [ 122.8333477, -28.62689585, 43101.405149999999 ],
               "radarID" : 13065,
               "targetType" : 3,
               "trueID" : 793,
               "velocity" : [ 249.05129310000001, 62.596626409999999, 155.09711730000001 ]
            }
         ]
      }
   ],
   "terminator" : 0
}
