{
   "data" : [
      {
         "radarID" : 12938,
         "tracks" : [
            {
               "detectedID" : 1004,
               "detectedTime" : 2117.3000000000002,
               "entityID" : 12938,
               "height" : 5003.5609990000003,
               "lla" : [ 120.16625759999999, -26.839471320000001, -188515.03200000001 ],
               "radarID" : 12938,
               "targetType" : 3,
               "trueID" : 799,
               "velocity" : [ -11.750605070000001, -171.6453831, 245.76367859999999 ]
            }
         ]
      },
      {
         "radarID" : 12974,
         "tracks" : [
            {
               "detectedID" : 1004,
               "detectedTime" : 2117.3000000000002,
               "entityID" : 12974,
               "height" : 5002.4362090000004,
               "lla" : [ 120.16633969999999, -26.839528170000001, -188513.01879999999 ],
               "radarID" : 12974,
               "targetType" : 3,
               "trueID" : 799,
               "velocity" : [ -11.750605070000001, -171.6453831, 245.76367859999999 ]
            }
         ]
      }
   ],
   "terminator" : 0
}
