{
   "data" : [
      {
         "radarID" : 13002,
         "tracks" : [
            {
               "detectedID" : 1003,
               "detectedTime" : 2118.25,
               "entityID" : 13002,
               "height" : 1481.7880769999999,
               "lla" : [ 120.07880280000001, -26.779877339999999, -230076.4829 ],
               "radarID" : 13002,
               "targetType" : 3,
               "trueID" : 781,
               "velocity" : [ -220.98048560000001, -183.7302598, 86.086100070000001 ]
            }
         ]
      }
   ],
   "terminator" : 0
}
