{
   "data" : [
      {
         "radarID" : 13002,
         "tracks" : [
            {
               "detectedID" : 1004,
               "detectedTime" : 2127.5500000000002,
               "entityID" : 13002,
               "height" : 991.43605960000002,
               "lla" : [ 120.1750998, -26.845733800000001, -193703.36749999999 ],
               "radarID" : 13002,
               "targetType" : 3,
               "trueID" : 799,
               "velocity" : [ -11.68754047, -171.75385679999999, 245.6908913 ]
            }
         ]
      }
   ],
   "terminator" : 0
}
