{
   "data" : [
      {
         "radarID" : 13093,
         "tracks" : [
            {
               "detectedID" : 1005,
               "detectedTime" : 2128.0,
               "entityID" : 13093,
               "height" : 3686.1873700000001,
               "lla" : [ 117.9294388, -25.252176550000001, -262850.19520000002 ],
               "radarID" : 13093,
               "targetType" : 3,
               "trueID" : 805,
               "velocity" : [ 273.14362499999999, 116.4917106, 42.687720130000002 ]
            }
         ]
      },
      {
         "radarID" : 13107,
         "tracks" : [
            {
               "detectedID" : 1005,
               "detectedTime" : 2128.0,
               "entityID" : 13107,
               "height" : 5321.4569549999997,
               "lla" : [ 117.9298671, -25.252448040000001, -261266.21119999999 ],
               "radarID" : 13107,
               "targetType" : 3,
               "trueID" : 805,
               "velocity" : [ 273.14362499999999, 116.4917106, 42.687720130000002 ]
            }
         ]
      }
   ],
   "terminator" : 0
}
