{
   "data" : [
      {
         "radarID" : 12931,
         "tracks" : [
            {
               "detectedID" : 1006,
               "detectedTime" : 463.80000000000001,
               "entityID" : 12931,
               "height" : 5993.8841579999998,
               "lla" : [ 123.2488553, -28.897808349999998, -13900.46543 ],
               "radarID" : 12931,
               "targetType" : 3,
               "trueID" : 811,
               "velocity" : [ 263.52780899999999, 113.9836799, 86.952944770000002 ]
            }
         ]
      },
      {
         "radarID" : 12938,
         "tracks" : [
            {
               "detectedID" : 1006,
               "detectedTime" : 463.80000000000001,
               "entityID" : 12938,
               "height" : 5993.9622710000003,
               "lla" : [ 123.24885190000001, -28.897806150000001, -13900.75798 ],
               "radarID" : 12938,
               "targetType" : 3,
               "trueID" : 811,
               "velocity" : [ 263.52780899999999, 113.9836799, 86.952944770000002 ]
            }
         ]
      },
      {
         "radarID" : 12974,
         "tracks" : [
            {
               "detectedID" : 1006,
               "detectedTime" : 463.80000000000001,
               "entityID" : 12974,
               "height" : 5994.617303,
               "lla" : [ 123.2488809, -28.897824809999999, -13896.68939 ],
               "radarID" : 12974,
               "targetType" : 3,
               "trueID" : 811,
               "velocity" : [ 263.52780899999999, 113.9836799, 86.952944770000002 ]
            }
         ]
      }
   ],
   "terminator" : 0
}
