{
   "data" : [
      {
         "radarID" : 13107,
         "tracks" : [
            {
               "detectedID" : 1003,
               "detectedTime" : 2130.0999999999999,
               "entityID" : 13107,
               "height" : 2060.434698,
               "lla" : [ 120.1139639, -26.804255179999998, -228870.13260000001 ],
               "radarID" : 13107,
               "targetType" : 3,
               "trueID" : 781,
               "velocity" : [ -220.9093862, -183.85545569999999, 86.001247059999997 ]
            }
         ]
      }
   ],
   "terminator" : 0
}
