{
   "data" : [
      {
         "radarID" : 12931,
         "tracks" : [
            {
               "detectedID" : 1001,
               "detectedTime" : 464.19999999999999,
               "entityID" : 12931,
               "height" : 5783.9239879999996,
               "lla" : [ 122.8172088, -28.61831544, -33268.143530000001 ],
               "radarID" : 12931,
               "targetType" : 3,
               "trueID" : 817,
               "velocity" : [ 264.19532959999998, 108.6310991, 91.652125600000005 ]
            }
         ]
      },
      {
         "radarID" : 12938,
         "tracks" : [
            {
               "detectedID" : 1001,
               "detectedTime" : 464.19999999999999,
               "entityID" : 12938,
               "height" : 5784.2905339999998,
               "lla" : [ 122.817217, -28.618320740000001, -33266.36591 ],
               "radarID" : 12938,
               "targetType" : 3,
               "trueID" : 817,
               "velocity" : [ 264.19532959999998, 108.6310991, 91.652125600000005 ]
            }
         ]
      }
   ],
   "terminator" : 0
}
