{
   "data" : [
      {
         "radarID" : 12910,
         "tracks" : [
            {
               "detectedID" : 1003,
               "detectedTime" : 2146.6999999999998,
               "entityID" : 12910,
               "height" : 1533.688486,
               "lla" : [ 120.16297900000001, -26.838239739999999, -228470.83040000001 ],
               "radarID" : 12910,
               "targetType" : 3,
               "trueID" : 781,
               "velocity" : [ -220.8096726, -184.03073860000001, 85.882336769999995 ]
            }
         ]
      }
   ],
   "terminator" : 0
}
