{
   "data" : [
      {
         "radarID" : 12889,
         "tracks" : [
            {
               "detectedID" : 1006,
               "detectedTime" : 2144.1500000000001,
               "entityID" : 12889,
               "height" : 2017.8633050000001,
               "lla" : [ 118.29402690000001, -25.51730603, -294141.96799999999 ],
               "radarID" : 12889,
               "targetType" : 3,
               "trueID" : 811,
               "velocity" : [ 273.99595449999998, 96.347776039999999, 75.122053739999998 ]
            }
         ]
      }
   ],
   "terminator" : 0
}
