{
   "data" : [
      {
         "radarID" : 12995,
         "tracks" : [
            {
               "detectedID" : 1004,
               "detectedTime" : 2147.5500000000002,
               "entityID" : 12995,
               "height" : 4996.1824800000004,
               "lla" : [ 120.19658819999999, -26.860582470000001, -192208.62220000001 ],
               "radarID" : 12995,
               "targetType" : 3,
               "trueID" : 799,
               "velocity" : [ -11.56448078, -171.96539619999999, 245.54870249999999 ]
            }
         ]
      }
   ],
   "terminator" : 0
}
