{
   "data" : [
      {
         "radarID" : 13114,
         "tracks" : [
            {
               "detectedID" : 1002,
               "detectedTime" : 2149.0500000000002,
               "entityID" : 13114,
               "height" : 2929.6906009999998,
               "lla" : [ 118.85897919999999, -25.922366180000001, -276020.61410000001 ],
               "radarID" : 13114,
               "targetType" : 3,
               "trueID" : 793,
               "velocity" : [ 11.226016749999999, -163.93854039999999, 250.9942858 ]
            }
         ]
      }
   ],
   "terminator" : 0
}
