{
   "data" : [
      {
         "radarID" : 12910,
         "tracks" : [
            {
               "detectedID" : 1003,
               "detectedTime" : 2156.6999999999998,
               "entityID" : 12910,
               "height" : 1469.3452150000001,
               "lla" : [ 120.192553, -26.858720470000002, -227988.26620000001 ],
               "radarID" : 12910,
               "targetType" : 3,
               "trueID" : 781,
               "velocity" : [ -220.74953959999999, -184.13627600000001, 85.810679039999997 ]
            }
         ]
      }
   ],
   "terminator" : 0
}
