{
   "data" : [
      {
         "radarID" : 12896,
         "tracks" : [
            {
               "detectedID" : 1005,
               "detectedTime" : 2154.75,
               "entityID" : 12896,
               "height" : 5023.3950160000004,
               "lla" : [ 117.84790099999999, -25.192842479999999, -265278.1348 ],
               "radarID" : 12896,
               "targetType" : 3,
               "trueID" : 805,
               "velocity" : [ 273.29603020000002, 116.2027617, 42.499388680000003 ]
            }
         ]
      }
   ],
   "terminator" : 0
}
