{
   "data" : [
      {
         "radarID" : 12903,
         "tracks" : [
            {
               "detectedID" : 1003,
               "detectedTime" : 2156.8000000000002,
               "entityID" : 12903,
               "height" : 1925.7546279999999,
               "lla" : [ 120.1928535, -26.858916990000001, -227543.81630000001 ],
               "radarID" : 12903,
               "targetType" : 3,
               "trueID" : 781,
               "velocity" : [ -220.7489381, -184.13733120000001, 85.80996236 ]
            }
         ]
      },
      {
         "radarID" : 12917,
         "tracks" : [
            {
               "detectedID" : 1003,
               "detectedTime" : 2156.8000000000002,
               "entityID" : 12917,
               "height" : 1271.3210180000001,
               "lla" : [ 120.1927555, -26.85886567, -228174.38759999999 ],
               "radarID" : 12917,
               "targetType" : 3,
               "trueID" : 781,
               "velocity" : [ -220.7489381, -184.13733120000001, 85.80996236 ]
            }
         ]
      }
   ],
   "terminator" : 0
}
