{
   "data" : [
      {
         "radarID" : 13023,
         "tracks" : [
            {
               "detectedID" : 1005,
               "detectedTime" : 471.60000000000002,
               "entityID" : 13023,
               "height" : 5636.8857500000004,
               "lla" : [ 122.9624637, -28.712484740000001, -18765.286680000001 ],
               "radarID" : 13023,
               "targetType" : 3,
               "trueID" : 805,
               "velocity" : [ 262.88012570000001, 134.0011983, 54.200722689999999 ]
            }
         ]
      },
      {
         "radarID" : 13051,
         "tracks" : [
            {
               "detectedID" : 1001,
               "detectedTime" : 471.60000000000002,
               "entityID" : 13051,
               "height" : 1900.0449080000001,
               "lla" : [ 122.7971166, -28.605343919999999, -38379.745640000001 ],
               "radarID" : 13051,
               "targetType" : 3,
               "trueID" : 817,
               "velocity" : [ 264.24448719999998, 108.5545491, 91.601096209999994 ]
            }
         ]
      },
      {
         "radarID" : 13058,
         "tracks" : [
            {
               "detectedID" : 1001,
               "detectedTime" : 471.60000000000002,
               "entityID" : 13058,
               "height" : 5780.6484220000002,
               "lla" : [ 122.7958655, -28.604428930000001, -34537.384019999998 ],
               "radarID" : 13058,
               "targetType" : 3,
               "trueID" : 817,
               "velocity" : [ 264.24448719999998, 108.5545491, 91.601096209999994 ]
            }
         ]
      }
   ],
   "terminator" : 0
}
