{
   "data" : [
      {
         "radarID" : 13114,
         "tracks" : [
            {
               "detectedID" : 1002,
               "detectedTime" : 2159.0500000000002,
               "entityID" : 13114,
               "height" : 2992.093249,
               "lla" : [ 118.8662339, -25.927575990000001, -277346.71309999999 ],
               "radarID" : 13114,
               "targetType" : 3,
               "trueID" : 793,
               "velocity" : [ 11.28476371, -164.04511830000001, 250.92200629999999 ]
            }
         ]
      }
   ],
   "terminator" : 0
}
