{
   "data" : [
      {
         "radarID" : 13079,
         "tracks" : [
            {
               "detectedID" : 1004,
               "detectedTime" : 2159.1500000000001,
               "entityID" : 13079,
               "height" : 5005.6907579999997,
               "lla" : [ 120.2082111, -26.868668599999999, -193621.264 ],
               "radarID" : 13079,
               "targetType" : 3,
               "trueID" : 799,
               "velocity" : [ -11.493102070000001, -172.08801840000001, 245.4661332 ]
            }
         ]
      },
      {
         "radarID" : 13086,
         "tracks" : [
            {
               "detectedID" : 1004,
               "detectedTime" : 2159.1500000000001,
               "entityID" : 13086,
               "height" : 5005.8644350000004,
               "lla" : [ 120.20821290000001, -26.868669830000002, -193620.9271 ],
               "radarID" : 13086,
               "targetType" : 3,
               "trueID" : 799,
               "velocity" : [ -11.493102070000001, -172.08801840000001, 245.4661332 ]
            }
         ]
      }
   ],
   "terminator" : 0
}
