{
   "data" : [
      {
         "radarID" : 12903,
         "tracks" : [
            {
               "detectedID" : 1004,
               "detectedTime" : 2166.3000000000002,
               "entityID" : 12903,
               "height" : 5004.3721569999998,
               "lla" : [ 120.21532689999999, -26.873618329999999, -194496.03 ],
               "radarID" : 12903,
               "targetType" : 3,
               "trueID" : 799,
               "velocity" : [ -11.44910421, -172.16357429999999, 245.41520270000001 ]
            }
         ]
      },
      {
         "radarID" : 12917,
         "tracks" : [
            {
               "detectedID" : 1004,
               "detectedTime" : 2166.3000000000002,
               "entityID" : 12917,
               "height" : 1885.8370709999999,
               "lla" : [ 120.2145151, -26.873134350000001, -197501.90489999999 ],
               "radarID" : 12917,
               "targetType" : 3,
               "trueID" : 799,
               "velocity" : [ -11.44910421, -172.16357429999999, 245.41520270000001 ]
            }
         ]
      }
   ],
   "terminator" : 0
}
