{
   "data" : [
      {
         "radarID" : 13002,
         "tracks" : [
            {
               "detectedID" : 1003,
               "detectedTime" : 2168.4000000000001,
               "entityID" : 13002,
               "height" : 1278.6012069999999,
               "lla" : [ 120.2270269, -26.882580579999999, -227548.6012 ],
               "radarID" : 13002,
               "targetType" : 3,
               "trueID" : 781,
               "velocity" : [ -220.6791226, -184.2597025, 85.726815610000003 ]
            }
         ]
      }
   ],
   "terminator" : 0
}
