{
   "data" : [
      {
         "radarID" : 12896,
         "tracks" : [
            {
               "detectedID" : 1002,
               "detectedTime" : 2173.75,
               "entityID" : 12896,
               "height" : 5003.4639930000003,
               "lla" : [ 118.8771611, -25.935372059999999, -277439.63380000001 ],
               "radarID" : 12896,
               "targetType" : 3,
               "trueID" : 793,
               "velocity" : [ 11.37111664, -164.20172099999999, 250.81565449999999 ]
            }
         ]
      }
   ],
   "terminator" : 0
}
