{
   "data" : [
      {
         "radarID" : 13002,
         "tracks" : [
            {
               "detectedID" : 1003,
               "detectedTime" : 2178.4499999999998,
               "entityID" : 13002,
               "height" : 1242.0428340000001,
               "lla" : [ 120.2567755, -26.903151810000001, -227031.4264 ],
               "radarID" : 13002,
               "targetType" : 3,
               "trueID" : 781,
               "velocity" : [ -220.61858319999999, -184.36567769999999, 85.654758540000003 ]
            }
         ]
      }
   ],
   "terminator" : 0
}
