{
   "data" : [
      {
         "radarID" : 13065,
         "tracks" : [
            {
               "detectedID" : 1004,
               "detectedTime" : 2179.0500000000002,
               "entityID" : 13065,
               "height" : 5002.614466,
               "lla" : [ 120.2282859, -26.882629359999999, -196040.9424 ],
               "radarID" : 13065,
               "targetType" : 3,
               "trueID" : 799,
               "velocity" : [ -11.37064371, -172.29825790000001, 245.32431349999999 ]
            }
         ]
      },
      {
         "radarID" : 13107,
         "tracks" : [
            {
               "detectedID" : 1002,
               "detectedTime" : 2179.0500000000002,
               "entityID" : 13107,
               "height" : 5236.7674720000005,
               "lla" : [ 118.88110760000001, -25.938199539999999, -277945.8578 ],
               "radarID" : 13107,
               "targetType" : 3,
               "trueID" : 793,
               "velocity" : [ 11.402249189999999, -164.25816359999999, 250.77728049999999 ]
            }
         ]
      }
   ],
   "terminator" : 0
}
