{
   "data" : [
      {
         "radarID" : 12924,
         "tracks" : [
            {
               "detectedID" : 1003,
               "detectedTime" : 2185.75,
               "entityID" : 12924,
               "height" : 1597.580009,
               "lla" : [ 120.27843609999999, -26.918111570000001, -226277.6594 ],
               "radarID" : 12924,
               "targetType" : 3,
               "trueID" : 781,
               "velocity" : [ -220.5745786, -184.4426287, 85.602406680000001 ]
            }
         ]
      }
   ],
   "terminator" : 0
}
