{
   "data" : [
      {
         "radarID" : 12903,
         "tracks" : [
            {
               "detectedID" : 1003,
               "detectedTime" : 2186.75,
               "entityID" : 12903,
               "height" : 1996.709276,
               "lla" : [ 120.28150549999999, -26.920222110000001, -225839.52660000001 ],
               "radarID" : 12903,
               "targetType" : 3,
               "trueID" : 781,
               "velocity" : [ -220.56854860000001, -184.45316819999999, 85.595234410000003 ]
            }
         ]
      }
   ],
   "terminator" : 0
}
