{
   "data" : [
      {
         "radarID" : 13009,
         "tracks" : [
            {
               "detectedID" : 1003,
               "detectedTime" : 2188.5999999999999,
               "entityID" : 13009,
               "height" : 1720.4005480000001,
               "lla" : [ 120.28685249999999, -26.923923169999998, -226016.2408 ],
               "radarID" : 13009,
               "targetType" : 3,
               "trueID" : 781,
               "velocity" : [ -220.55739170000001, -184.47266519999999, 85.581965229999994 ]
            }
         ]
      },
      {
         "radarID" : 13016,
         "tracks" : [
            {
               "detectedID" : 1003,
               "detectedTime" : 2188.5999999999999,
               "entityID" : 13016,
               "height" : 1772.0714330000001,
               "lla" : [ 120.28692700000001, -26.92397313, -225957.75380000001 ],
               "radarID" : 13016,
               "targetType" : 3,
               "trueID" : 781,
               "velocity" : [ -220.55739170000001, -184.47266519999999, 85.581965229999994 ]
            }
         ]
      },
      {
         "radarID" : 13093,
         "tracks" : [
            {
               "detectedID" : 1006,
               "detectedTime" : 2188.5999999999999,
               "entityID" : 13093,
               "height" : 4390.0723209999996,
               "lla" : [ 118.16036339999999, -25.420762119999999, -298982.80109999998 ],
               "radarID" : 13093,
               "targetType" : 3,
               "trueID" : 811,
               "velocity" : [ 274.24995849999999, 95.872656070000005, 74.802366770000006 ]
            }
         ]
      },
      {
         "radarID" : 13107,
         "tracks" : [
            {
               "detectedID" : 1006,
               "detectedTime" : 2188.5999999999999,
               "entityID" : 13107,
               "height" : 5657.3791819999997,
               "lla" : [ 118.16052569999999, -25.42084852, -297777.53139999998 ],
               "radarID" : 13107,
               "targetType" : 3,
               "trueID" : 811,
               "velocity" : [ 274.24995849999999, 95.872656070000005, 74.802366770000006 ]
            }
         ]
      }
   ],
   "terminator" : 0
}
