{
   "data" : [
      {
         "radarID" : 12896,
         "tracks" : [
            {
               "detectedID" : 1002,
               "detectedTime" : 2193.6999999999998,
               "entityID" : 12896,
               "height" : 5004.732876,
               "lla" : [ 118.8916926, -25.94580569, -280208.88179999997 ],
               "radarID" : 12896,
               "targetType" : 3,
               "trueID" : 793,
               "velocity" : [ 11.4883001, -164.4141257, 250.67112760000001 ]
            }
         ]
      }
   ],
   "terminator" : 0
}
