{
   "data" : [
      {
         "radarID" : 12924,
         "tracks" : [
            {
               "detectedID" : 1002,
               "detectedTime" : 2196.6500000000001,
               "entityID" : 12924,
               "height" : 4160.7842659999997,
               "lla" : [ 118.8935369, -25.94715222, -281427.13040000002 ],
               "radarID" : 12924,
               "targetType" : 3,
               "trueID" : 793,
               "velocity" : [ 11.50562702, -164.44552139999999, 250.6497377 ]
            }
         ]
      }
   ],
   "terminator" : 0
}
