{
   "data" : [
      {
         "radarID" : 13072,
         "tracks" : [
            {
               "detectedID" : 1004,
               "detectedTime" : 2199.0500000000002,
               "entityID" : 13072,
               "height" : 5004.2623009999998,
               "lla" : [ 120.248194, -26.896470069999999, -198513.266 ],
               "radarID" : 13072,
               "targetType" : 3,
               "trueID" : 799,
               "velocity" : [ -11.247561230000001, -172.50939969999999, 245.1815641 ]
            }
         ]
      },
      {
         "radarID" : 13093,
         "tracks" : [
            {
               "detectedID" : 1002,
               "detectedTime" : 2199.0500000000002,
               "entityID" : 13093,
               "height" : 3170.0568349999999,
               "lla" : [ 118.89520690000001, -25.948377140000002, -282745.6887 ],
               "radarID" : 13093,
               "targetType" : 3,
               "trueID" : 793,
               "velocity" : [ 11.51972331, -164.4710614, 250.63233220000001 ]
            }
         ]
      }
   ],
   "terminator" : 0
}
