{
   "data" : [
      {
         "radarID" : 12903,
         "tracks" : [
            {
               "detectedID" : 1003,
               "detectedTime" : 2216.75,
               "entityID" : 12903,
               "height" : 2069.685786,
               "lla" : [ 120.3702364, -26.981459399999999, -224126.30129999999 ],
               "radarID" : 12903,
               "targetType" : 3,
               "trueID" : 781,
               "velocity" : [ -220.38742239999999, -184.76916199999999, 85.37997919 ]
            }
         ]
      },
      {
         "radarID" : 12917,
         "tracks" : [
            {
               "detectedID" : 1003,
               "detectedTime" : 2216.75,
               "entityID" : 12917,
               "height" : 939.78854100000001,
               "lla" : [ 120.3700233, -26.981341059999998, -225216.46299999999 ],
               "radarID" : 12917,
               "targetType" : 3,
               "trueID" : 781,
               "velocity" : [ -220.38742239999999, -184.76916199999999, 85.37997919 ]
            }
         ]
      }
   ],
   "terminator" : 0
}
