{
   "data" : [
      {
         "radarID" : 13002,
         "tracks" : [
            {
               "detectedID" : 1004,
               "detectedTime" : 2217.9499999999998,
               "entityID" : 13002,
               "height" : 917.48750299999995,
               "lla" : [ 120.2657488, -26.908778059999999, -204856.60430000001 ],
               "radarID" : 13002,
               "targetType" : 3,
               "trueID" : 799,
               "velocity" : [ -11.13124032, -172.7087866, 245.0464661 ]
            }
         ]
      }
   ],
   "terminator" : 0
}
