{
   "data" : [
      {
         "radarID" : 13114,
         "tracks" : [
            {
               "detectedID" : 1006,
               "detectedTime" : 2218.6500000000001,
               "entityID" : 13114,
               "height" : 4680.2481260000004,
               "lla" : [ 118.07039229999999, -25.35565222, -303454.71519999998 ],
               "radarID" : 13114,
               "targetType" : 3,
               "trueID" : 811,
               "velocity" : [ 274.42099860000002, 95.551218710000001, 74.586058640000005 ]
            }
         ]
      }
   ],
   "terminator" : 0
}
