{
   "data" : [
      {
         "radarID" : 12896,
         "tracks" : [
            {
               "detectedID" : 1002,
               "detectedTime" : 2223.5999999999999,
               "entityID" : 12896,
               "height" : 5002.6437100000003,
               "lla" : [ 118.9132681, -25.961293000000001, -284395.63510000001 ],
               "radarID" : 12896,
               "targetType" : 3,
               "trueID" : 793,
               "velocity" : [ 11.66390713, -164.7321914, 250.45410430000001 ]
            }
         ]
      }
   ],
   "terminator" : 0
}
