{
   "data" : [
      {
         "radarID" : 12981,
         "tracks" : [
            {
               "detectedID" : 1001,
               "detectedTime" : 473.35000000000002,
               "entityID" : 12981,
               "height" : 1080.690666,
               "lla" : [ 122.7923823, -28.60228141, -39384.849999999999 ],
               "radarID" : 12981,
               "targetType" : 3,
               "trueID" : 817,
               "velocity" : [ 264.25610769999997, 108.53644420000001, 91.589026820000001 ]
            }
         ]
      },
      {
         "radarID" : 13002,
         "tracks" : [
            {
               "detectedID" : 1001,
               "detectedTime" : 473.35000000000002,
               "entityID" : 13002,
               "height" : 2191.1523520000001,
               "lla" : [ 122.7919696, -28.60198445, -38309.552770000002 ],
               "radarID" : 13002,
               "targetType" : 3,
               "trueID" : 817,
               "velocity" : [ 264.25610769999997, 108.53644420000001, 91.589026820000001 ]
            }
         ]
      },
      {
         "radarID" : 13086,
         "tracks" : [
            {
               "detectedID" : 1003,
               "detectedTime" : 473.35000000000002,
               "entityID" : 13086,
               "height" : 969.03516360000003,
               "lla" : [ 122.182596, -28.20048328, 4678.4453430000003 ],
               "radarID" : 13086,
               "targetType" : 3,
               "trueID" : 781,
               "velocity" : [ 243.62128340000001, 46.739875130000001, 168.7129348 ]
            }
         ]
      }
   ],
   "terminator" : 0
}
