{
   "data" : [
      {
         "radarID" : 12889,
         "tracks" : [
            {
               "detectedID" : 1005,
               "detectedTime" : 2224.75,
               "entityID" : 12889,
               "height" : 3397.4008229999999,
               "lla" : [ 117.7429671, -25.116519270000001, -275786.73759999999 ],
               "radarID" : 12889,
               "targetType" : 3,
               "trueID" : 805,
               "velocity" : [ -42.669150649999999, -177.83936349999999, 237.80770459999999 ]
            }
         ]
      }
   ],
   "terminator" : 0
}
