{
   "data" : [
      {
         "radarID" : 13002,
         "tracks" : [
            {
               "detectedID" : 1004,
               "detectedTime" : 2228.0,
               "entityID" : 13002,
               "height" : 916.43984669999998,
               "lla" : [ 120.2758548, -26.915798670000001, -206095.63889999999 ],
               "radarID" : 13002,
               "targetType" : 3,
               "trueID" : 799,
               "velocity" : [ -11.06938401, -172.8147534, 244.97454920000001 ]
            }
         ]
      }
   ],
   "terminator" : 0
}
