{
   "data" : [
      {
         "radarID" : 13009,
         "tracks" : [
            {
               "detectedID" : 1004,
               "detectedTime" : 2228.25,
               "entityID" : 13009,
               "height" : 1283.9263120000001,
               "lla" : [ 120.2764177, -26.916179249999999, -205765.62040000001 ],
               "radarID" : 13009,
               "targetType" : 3,
               "trueID" : 799,
               "velocity" : [ -11.067845269999999, -172.8173889, 244.9727595 ]
            }
         ]
      },
      {
         "radarID" : 13016,
         "tracks" : [
            {
               "detectedID" : 1004,
               "detectedTime" : 2228.25,
               "entityID" : 13016,
               "height" : 1329.5604989999999,
               "lla" : [ 120.2764141, -26.916175630000001, -205722.3187 ],
               "radarID" : 13016,
               "targetType" : 3,
               "trueID" : 799,
               "velocity" : [ -11.067845269999999, -172.8173889, 244.9727595 ]
            }
         ]
      }
   ],
   "terminator" : 0
}
