{
   "data" : [
      {
         "radarID" : 12889,
         "tracks" : [
            {
               "detectedID" : 1006,
               "detectedTime" : 2234.3499999999999,
               "entityID" : 12889,
               "height" : 1585.050784,
               "lla" : [ 118.02397190000001, -25.322087700000001, -308776.33679999999 ],
               "radarID" : 12889,
               "targetType" : 3,
               "trueID" : 811,
               "velocity" : [ 274.51014329999998, 95.383203859999995, 74.472985929999993 ]
            }
         ]
      }
   ],
   "terminator" : 0
}
