{
   "data" : [
      {
         "radarID" : 12931,
         "tracks" : [
            {
               "detectedID" : 1006,
               "detectedTime" : 473.85000000000002,
               "entityID" : 12931,
               "height" : 5991.2656319999996,
               "lla" : [ 123.21973819999999, -28.879055470000001, -15598.88481 ],
               "radarID" : 12931,
               "targetType" : 3,
               "trueID" : 811,
               "velocity" : [ 263.5953695, 113.88019269999999, 86.883731870000005 ]
            }
         ]
      },
      {
         "radarID" : 12938,
         "tracks" : [
            {
               "detectedID" : 1006,
               "detectedTime" : 473.85000000000002,
               "entityID" : 12938,
               "height" : 5988.3180789999997,
               "lla" : [ 123.21958669999999, -28.878958170000001, -15619.6996 ],
               "radarID" : 12938,
               "targetType" : 3,
               "trueID" : 811,
               "velocity" : [ 263.5953695, 113.88019269999999, 86.883731870000005 ]
            }
         ]
      },
      {
         "radarID" : 12974,
         "tracks" : [
            {
               "detectedID" : 1006,
               "detectedTime" : 473.85000000000002,
               "entityID" : 12974,
               "height" : 5988.0520919999999,
               "lla" : [ 123.2196232, -28.878981599999999, -15616.392879999999 ],
               "radarID" : 12974,
               "targetType" : 3,
               "trueID" : 811,
               "velocity" : [ 263.5953695, 113.88019269999999, 86.883731870000005 ]
            }
         ]
      }
   ],
   "terminator" : 0
}
