{
   "data" : [
      {
         "radarID" : 12988,
         "tracks" : [
            {
               "detectedID" : 1004,
               "detectedTime" : 2238.1500000000001,
               "entityID" : 12988,
               "height" : 5003.0122199999996,
               "lla" : [ 120.2874784, -26.923762050000001, -203320.90410000001 ],
               "radarID" : 12988,
               "targetType" : 3,
               "trueID" : 799,
               "velocity" : [ -11.00691003, -172.92173500000001, 244.9018609 ]
            }
         ]
      },
      {
         "radarID" : 13114,
         "tracks" : [
            {
               "detectedID" : 1005,
               "detectedTime" : 2238.1500000000001,
               "entityID" : 13114,
               "height" : 4255.8151529999996,
               "lla" : [ 117.75931439999999, -25.128478619999999, -276431.15659999999 ],
               "radarID" : 13114,
               "targetType" : 3,
               "trueID" : 805,
               "velocity" : [ -42.592738650000001, -177.9845699, 237.71274990000001 ]
            }
         ]
      }
   ],
   "terminator" : 0
}
