{
   "data" : [
      {
         "radarID" : 13093,
         "tracks" : [
            {
               "detectedID" : 1002,
               "detectedTime" : 2239.0999999999999,
               "entityID" : 13093,
               "height" : 3439.2709009999999,
               "lla" : [ 118.9243201, -25.96926397, -288083.99570000003 ],
               "radarID" : 13093,
               "targetType" : 3,
               "trueID" : 793,
               "velocity" : [ 11.754930720000001, -164.89694489999999, 250.3414052 ]
            }
         ]
      }
   ],
   "terminator" : 0
}
