{
   "data" : [
      {
         "radarID" : 13030,
         "tracks" : [
            {
               "detectedID" : 1004,
               "detectedTime" : 13.699999999999999,
               "entityID" : 13030,
               "height" : 2489.7517619999999,
               "lla" : [ 122.8083297, -28.609208670000001, 98490.739329999997 ],
               "radarID" : 13030,
               "targetType" : 3,
               "trueID" : 799,
               "velocity" : [ 83.059713419999994, -62.780651579999997, 192.6581803 ]
            }
         ]
      },
      {
         "radarID" : 13037,
         "tracks" : [
            {
               "detectedID" : 1004,
               "detectedTime" : 13.699999999999999,
               "entityID" : 13037,
               "height" : 2491.6206269999998,
               "lla" : [ 122.80828630000001, -28.60918041, 98490.981910000002 ],
               "radarID" : 13037,
               "targetType" : 3,
               "trueID" : 799,
               "velocity" : [ 83.059713419999994, -62.780651579999997, 192.6581803 ]
            }
         ]
      },
      {
         "radarID" : 13044,
         "tracks" : [
            {
               "detectedID" : 1003,
               "detectedTime" : 13.699999999999999,
               "entityID" : 13044,
               "height" : 1590.871316,
               "lla" : [ 122.5150235, -28.417866629999999, 74925.087320000006 ],
               "radarID" : 13044,
               "targetType" : 3,
               "trueID" : 781,
               "velocity" : [ -8.9667301859999995, -134.76210549999999, 182.19600009999999 ]
            }
         ]
      }
   ],
   "terminator" : 0
}
