{
   "data" : [
      {
         "radarID" : 13093,
         "tracks" : [
            {
               "detectedID" : 1004,
               "detectedTime" : 2240.25,
               "entityID" : 13093,
               "height" : 1215.3496789999999,
               "lla" : [ 120.2898617, -26.92551323, -207300.16709999999 ],
               "radarID" : 13093,
               "targetType" : 3,
               "trueID" : 799,
               "velocity" : [ -10.9939841, -172.94386410000001, 244.88681500000001 ]
            }
         ]
      }
   ],
   "terminator" : 0
}
