{
   "data" : [
      {
         "radarID" : 13086,
         "tracks" : [
            {
               "detectedID" : 1004,
               "detectedTime" : 2239.25,
               "entityID" : 13086,
               "height" : 5014.7511199999999,
               "lla" : [ 120.2885552, -26.924510130000002, -203463.73430000001 ],
               "radarID" : 13086,
               "targetType" : 3,
               "trueID" : 799,
               "velocity" : [ -11.000139320000001, -172.93332670000001, 244.89398 ]
            }
         ]
      }
   ],
   "terminator" : 0
}
