{
   "data" : [
      {
         "radarID" : 12896,
         "tracks" : [
            {
               "detectedID" : 1006,
               "detectedTime" : 2244.4499999999998,
               "entityID" : 12896,
               "height" : 5181.9536280000002,
               "lla" : [ 117.993285, -25.299744830000002, -307019.84769999998 ],
               "radarID" : 12896,
               "targetType" : 3,
               "trueID" : 811,
               "velocity" : [ 274.56741240000002, 95.275090390000003, 74.400223220000001 ]
            }
         ]
      }
   ],
   "terminator" : 0
}
