{
   "data" : [
      {
         "radarID" : 12889,
         "tracks" : [
            {
               "detectedID" : 1005,
               "detectedTime" : 2244.75,
               "entityID" : 12889,
               "height" : 3232.026143,
               "lla" : [ 117.7679394, -25.134819719999999, -278065.13660000003 ],
               "radarID" : 12889,
               "targetType" : 3,
               "trueID" : 805,
               "velocity" : [ -42.555096890000002, -178.05606309999999, 237.66594649999999 ]
            }
         ]
      },
      {
         "radarID" : 12896,
         "tracks" : [
            {
               "detectedID" : 1005,
               "detectedTime" : 2244.75,
               "entityID" : 12896,
               "height" : 5003.1549299999997,
               "lla" : [ 117.767819, -25.134690240000001, -276433.07539999997 ],
               "radarID" : 12896,
               "targetType" : 3,
               "trueID" : 805,
               "velocity" : [ -42.555096890000002, -178.05606309999999, 237.66594649999999 ]
            }
         ]
      }
   ],
   "terminator" : 0
}
