{
   "data" : [
      {
         "radarID" : 13107,
         "tracks" : [
            {
               "detectedID" : 1006,
               "detectedTime" : 2248.5500000000002,
               "entityID" : 13107,
               "height" : 6604.6065980000003,
               "lla" : [ 117.981177, -25.2909249, -306318.93349999998 ],
               "radarID" : 13107,
               "targetType" : 3,
               "trueID" : 811,
               "velocity" : [ 274.59064260000002, 95.231196600000004, 74.370681039999994 ]
            }
         ]
      }
   ],
   "terminator" : 0
}
