{
   "data" : [
      {
         "radarID" : 12896,
         "tracks" : [
            {
               "detectedID" : 1001,
               "detectedTime" : 2254.25,
               "entityID" : 12896,
               "height" : 5001.6358209999999,
               "lla" : [ 117.9679628, -25.282042669999999, -334351.538 ],
               "radarID" : 12896,
               "targetType" : 3,
               "trueID" : 817,
               "velocity" : [ 102.05676200000001, -120.3359014, 255.15424379999999 ]
            }
         ]
      }
   ],
   "terminator" : 0
}
