{
   "data" : [
      {
         "radarID" : 12931,
         "tracks" : [
            {
               "detectedID" : 1004,
               "detectedTime" : 474.69999999999999,
               "entityID" : 12931,
               "height" : 4968.7186799999999,
               "lla" : [ 122.57818880000001, -28.460679809999998, 20115.51038 ],
               "radarID" : 12931,
               "targetType" : 3,
               "trueID" : 799,
               "velocity" : [ 116.90600449999999, -90.864948190000007, 260.91482769999999 ]
            }
         ]
      },
      {
         "radarID" : 12938,
         "tracks" : [
            {
               "detectedID" : 1004,
               "detectedTime" : 474.69999999999999,
               "entityID" : 12938,
               "height" : 4988.6530460000004,
               "lla" : [ 122.5781906, -28.460678640000001, 20209.71688 ],
               "radarID" : 12938,
               "targetType" : 3,
               "trueID" : 799,
               "velocity" : [ 116.90600449999999, -90.864948190000007, 260.91482769999999 ]
            }
         ]
      }
   ],
   "terminator" : 0
}
