{
   "data" : [
      {
         "radarID" : 12910,
         "tracks" : [
            {
               "detectedID" : 1004,
               "detectedTime" : 2256.4000000000001,
               "entityID" : 12910,
               "height" : 1591.5111380000001,
               "lla" : [ 120.3049065, -26.93595114, -208856.72320000001 ],
               "radarID" : 12910,
               "targetType" : 3,
               "trueID" : 799,
               "velocity" : [ -10.894574479999999, -173.11399059999999, 244.7710247 ]
            }
         ]
      }
   ],
   "terminator" : 0
}
