{
   "data" : [
      {
         "radarID" : 12910,
         "tracks" : [
            {
               "detectedID" : 1002,
               "detectedTime" : 2257.3000000000002,
               "entityID" : 12910,
               "height" : 4621.6156540000002,
               "lla" : [ 118.9375623, -25.97873311, -289476.24479999999 ],
               "radarID" : 12910,
               "targetType" : 3,
               "trueID" : 793,
               "velocity" : [ 11.861801099999999, -165.0902839, 250.20890439999999 ]
            }
         ]
      }
   ],
   "terminator" : 0
}
