{
   "data" : [
      {
         "radarID" : 12995,
         "tracks" : [
            {
               "detectedID" : 1003,
               "detectedTime" : 2258.6500000000001,
               "entityID" : 12995,
               "height" : 2082.792238,
               "lla" : [ 120.4943751, -27.066929980000001, -221804.01250000001 ],
               "radarID" : 12995,
               "targetType" : 3,
               "trueID" : 781,
               "velocity" : [ -220.13372039999999, -185.20987880000001, 85.07905719 ]
            }
         ]
      }
   ],
   "terminator" : 0
}
