{
   "data" : [
      {
         "radarID" : 12889,
         "tracks" : [
            {
               "detectedID" : 1006,
               "detectedTime" : 2264.4499999999998,
               "entityID" : 12889,
               "height" : 1466.2542739999999,
               "lla" : [ 117.9337491, -25.256613980000001, -313616.96120000002 ],
               "radarID" : 12889,
               "targetType" : 3,
               "trueID" : 811,
               "velocity" : [ 274.68063419999999, 95.060940860000002, 74.25608862 ]
            }
         ]
      }
   ],
   "terminator" : 0
}
