{
   "data" : [
      {
         "radarID" : 13009,
         "tracks" : [
            {
               "detectedID" : 1003,
               "detectedTime" : 2258.8499999999999,
               "entityID" : 13009,
               "height" : 1509.231861,
               "lla" : [ 120.49485300000001, -27.067273419999999, -222357.33119999999 ],
               "radarID" : 13009,
               "targetType" : 3,
               "trueID" : 781,
               "velocity" : [ -220.13250740000001, -185.2119807, 85.077620019999998 ]
            }
         ]
      }
   ],
   "terminator" : 0
}
