{
   "data" : [
      {
         "radarID" : 12903,
         "tracks" : [
            {
               "detectedID" : 1004,
               "detectedTime" : 2266.4499999999998,
               "entityID" : 12903,
               "height" : 5002.4819180000004,
               "lla" : [ 120.3159692, -26.943540760000001, -206810.77220000001 ],
               "radarID" : 12903,
               "targetType" : 3,
               "trueID" : 799,
               "velocity" : [ -10.83270999, -173.21980769999999, 244.69889789999999 ]
            }
         ]
      },
      {
         "radarID" : 12917,
         "tracks" : [
            {
               "detectedID" : 1004,
               "detectedTime" : 2266.4499999999998,
               "entityID" : 12917,
               "height" : 1311.0521490000001,
               "lla" : [ 120.314887, -26.942886179999999, -210370.93539999999 ],
               "radarID" : 12917,
               "targetType" : 3,
               "trueID" : 799,
               "velocity" : [ -10.83270999, -173.21980769999999, 244.69889789999999 ]
            }
         ]
      }
   ],
   "terminator" : 0
}
