{
   "data" : [
      {
         "radarID" : 13093,
         "tracks" : [
            {
               "detectedID" : 1004,
               "detectedTime" : 2270.3000000000002,
               "entityID" : 13093,
               "height" : 1396.297106,
               "lla" : [ 120.32010510000001, -26.946502630000001, -210827.30869999999 ],
               "radarID" : 13093,
               "targetType" : 3,
               "trueID" : 799,
               "velocity" : [ -10.8090101, -173.26033419999999, 244.6712527 ]
            }
         ]
      }
   ],
   "terminator" : 0
}
