{
   "data" : [
      {
         "radarID" : 12924,
         "tracks" : [
            {
               "detectedID" : 1003,
               "detectedTime" : 2275.5500000000002,
               "entityID" : 12924,
               "height" : 1210.2414369999999,
               "lla" : [ 120.5443191, -27.101271400000002, -221704.26949999999 ],
               "radarID" : 12924,
               "targetType" : 3,
               "trueID" : 781,
               "velocity" : [ -220.03115149999999, -185.38743289999999, 84.957589979999995 ]
            }
         ]
      }
   ],
   "terminator" : 0
}
