{
   "data" : [
      {
         "radarID" : 12889,
         "tracks" : [
            {
               "detectedID" : 1002,
               "detectedTime" : 2283.4000000000001,
               "entityID" : 12889,
               "height" : 2270.8556589999998,
               "lla" : [ 118.9577218, -25.993240490000002, -295300.77769999998 ],
               "radarID" : 12889,
               "targetType" : 3,
               "trueID" : 793,
               "velocity" : [ 12.01504332, -165.3673306, 250.0185687 ]
            }
         ]
      }
   ],
   "terminator" : 0
}
