{
   "data" : [
      {
         "radarID" : 13002,
         "tracks" : [
            {
               "detectedID" : 1003,
               "detectedTime" : 2278.8000000000002,
               "entityID" : 13002,
               "height" : 956.26112690000002,
               "lla" : [ 120.5538605, -27.107830490000001, -221795.6783 ],
               "radarID" : 13002,
               "targetType" : 3,
               "trueID" : 781,
               "velocity" : [ -220.01141089999999, -185.42156439999999, 84.934224779999994 ]
            }
         ]
      }
   ],
   "terminator" : 0
}
