{
   "data" : [
      {
         "radarID" : 12924,
         "tracks" : [
            {
               "detectedID" : 1003,
               "detectedTime" : 2285.5,
               "entityID" : 12924,
               "height" : 1174.2912470000001,
               "lla" : [ 120.5738193, -27.121525370000001, -221187.64199999999 ],
               "radarID" : 12924,
               "targetType" : 3,
               "trueID" : 781,
               "velocity" : [ -219.97069880000001, -185.49191400000001, 84.88605029 ]
            }
         ]
      }
   ],
   "terminator" : 0
}
