{
   "data" : [
      {
         "radarID" : 12896,
         "tracks" : [
            {
               "detectedID" : 1006,
               "detectedTime" : 2284.5500000000002,
               "entityID" : 12896,
               "height" : 5161.6857010000003,
               "lla" : [ 117.87307680000001, -25.212422979999999, -313351.4105 ],
               "radarID" : 12896,
               "targetType" : 3,
               "trueID" : 811,
               "velocity" : [ 274.79417819999998, 94.84563575, 74.111166429999997 ]
            }
         ]
      }
   ],
   "terminator" : 0
}
