{
   "data" : [
      {
         "radarID" : 12931,
         "tracks" : [
            {
               "detectedID" : 1003,
               "detectedTime" : 2288.0500000000002,
               "entityID" : 12931,
               "height" : 2245.9334260000001,
               "lla" : [ 120.5811291, -27.126515340000001, -220047.01999999999 ],
               "radarID" : 12931,
               "targetType" : 3,
               "trueID" : 781,
               "velocity" : [ -219.95519809999999, -185.51868400000001, 84.867713030000004 ]
            }
         ]
      },
      {
         "radarID" : 12938,
         "tracks" : [
            {
               "detectedID" : 1003,
               "detectedTime" : 2288.0500000000002,
               "entityID" : 12938,
               "height" : 2243.8999910000002,
               "lla" : [ 120.58128979999999, -27.126625409999999, -220037.60459999999 ],
               "radarID" : 12938,
               "targetType" : 3,
               "trueID" : 781,
               "velocity" : [ -219.95519809999999, -185.51868400000001, 84.867713030000004 ]
            }
         ]
      },
      {
         "radarID" : 12974,
         "tracks" : [
            {
               "detectedID" : 1003,
               "detectedTime" : 2288.0500000000002,
               "entityID" : 12974,
               "height" : 2242.039651,
               "lla" : [ 120.5814773, -27.126753870000002, -220027.57389999999 ],
               "radarID" : 12974,
               "targetType" : 3,
               "trueID" : 781,
               "velocity" : [ -219.95519809999999, -185.51868400000001, 84.867713030000004 ]
            }
         ]
      }
   ],
   "terminator" : 0
}
