{
   "data" : [
      {
         "radarID" : 13030,
         "tracks" : [
            {
               "detectedID" : 1004,
               "detectedTime" : 482.25,
               "entityID" : 13030,
               "height" : 880.53350060000002,
               "lla" : [ 122.575853, -28.4592825, 14789.910749999999 ],
               "radarID" : 13030,
               "targetType" : 3,
               "trueID" : 799,
               "velocity" : [ 116.9567998, -90.944406529999995, 260.8643745 ]
            }
         ]
      },
      {
         "radarID" : 13037,
         "tracks" : [
            {
               "detectedID" : 1004,
               "detectedTime" : 482.25,
               "entityID" : 13037,
               "height" : 859.40282119999995,
               "lla" : [ 122.5758653, -28.459291060000002, 14769.968409999999 ],
               "radarID" : 13037,
               "targetType" : 3,
               "trueID" : 799,
               "velocity" : [ 116.9567998, -90.944406529999995, 260.8643745 ]
            }
         ]
      },
      {
         "radarID" : 13044,
         "tracks" : [
            {
               "detectedID" : 1003,
               "detectedTime" : 482.25,
               "entityID" : 13044,
               "height" : 337.42053170000003,
               "lla" : [ 122.16166629999999, -28.186688520000001, 2313.0180409999998 ],
               "radarID" : 13044,
               "targetType" : 3,
               "trueID" : 781,
               "velocity" : [ 243.68032500000001, 46.646021349999998, 168.65363300000001 ]
            }
         ]
      }
   ],
   "terminator" : 0
}
