{
   "data" : [
      {
         "radarID" : 12889,
         "tracks" : [
            {
               "detectedID" : 1001,
               "detectedTime" : 2304.0500000000002,
               "entityID" : 12889,
               "height" : 547.52244470000005,
               "lla" : [ 117.9513443, -25.2702992, -347565.48349999997 ],
               "radarID" : 12889,
               "targetType" : 3,
               "trueID" : 817,
               "velocity" : [ 102.3394509, -120.8685006, 254.78901529999999 ]
            }
         ]
      }
   ],
   "terminator" : 0
}
