{
   "data" : [
      {
         "radarID" : 12924,
         "tracks" : [
            {
               "detectedID" : 1003,
               "detectedTime" : 2305.4499999999998,
               "entityID" : 12924,
               "height" : 1106.391615,
               "lla" : [ 120.6329922, -27.16211092, -220146.20110000001 ],
               "radarID" : 12924,
               "targetType" : 3,
               "trueID" : 781,
               "velocity" : [ -219.84934519999999, -185.7012781, 84.742555710000005 ]
            }
         ]
      }
   ],
   "terminator" : 0
}
