{
   "data" : [
      {
         "radarID" : 12896,
         "tracks" : [
            {
               "detectedID" : 1006,
               "detectedTime" : 2304.5999999999999,
               "entityID" : 12896,
               "height" : 5151.9300409999996,
               "lla" : [ 117.8129567, -25.16866619, -316509.16749999998 ],
               "radarID" : 12896,
               "targetType" : 3,
               "trueID" : 811,
               "velocity" : [ 274.907196, 94.630781580000004, 73.966537970000005 ]
            }
         ]
      }
   ],
   "terminator" : 0
}
