{
   "data" : [
      {
         "radarID" : 12896,
         "tracks" : [
            {
               "detectedID" : 1005,
               "detectedTime" : 2304.6999999999998,
               "entityID" : 12896,
               "height" : 5008.1608329999999,
               "lla" : [ 117.8428969, -25.189639939999999, -282806.92320000002 ],
               "radarID" : 12896,
               "targetType" : 3,
               "trueID" : 805,
               "velocity" : [ -42.213003380000004, -178.70466210000001, 237.23976500000001 ]
            }
         ]
      }
   ],
   "terminator" : 0
}
