{
   "data" : [
      {
         "radarID" : 13009,
         "tracks" : [
            {
               "detectedID" : 1004,
               "detectedTime" : 2308.5500000000002,
               "entityID" : 13009,
               "height" : 1405.085043,
               "lla" : [ 120.3574409, -26.97240523, -215569.91279999999 ],
               "radarID" : 13009,
               "targetType" : 3,
               "trueID" : 799,
               "velocity" : [ -10.573533510000001, -173.662655, 244.3961592 ]
            }
         ]
      },
      {
         "radarID" : 13016,
         "tracks" : [
            {
               "detectedID" : 1004,
               "detectedTime" : 2308.5500000000002,
               "entityID" : 13016,
               "height" : 1452.485535,
               "lla" : [ 120.3574251, -26.972393189999998, -215526.20759999999 ],
               "radarID" : 13016,
               "targetType" : 3,
               "trueID" : 799,
               "velocity" : [ -10.573533510000001, -173.662655, 244.3961592 ]
            }
         ]
      }
   ],
   "terminator" : 0
}
