{
   "data" : [
      {
         "radarID" : 12988,
         "tracks" : [
            {
               "detectedID" : 1004,
               "detectedTime" : 2308.3499999999999,
               "entityID" : 12988,
               "height" : 5001.474091,
               "lla" : [ 120.3583014, -26.972905399999998, -211992.3676 ],
               "radarID" : 12988,
               "targetType" : 3,
               "trueID" : 799,
               "velocity" : [ -10.57476484, -173.6605528, 244.3975997 ]
            }
         ]
      },
      {
         "radarID" : 13002,
         "tracks" : [
            {
               "detectedID" : 1004,
               "detectedTime" : 2308.3499999999999,
               "entityID" : 13002,
               "height" : 959.53485279999995,
               "lla" : [ 120.35693209999999, -26.972064979999999, -215987.50440000001 ],
               "radarID" : 13002,
               "targetType" : 3,
               "trueID" : 799,
               "velocity" : [ -10.57476484, -173.6605528, 244.3975997 ]
            }
         ]
      }
   ],
   "terminator" : 0
}
