{
   "data" : [
      {
         "radarID" : 12924,
         "tracks" : [
            {
               "detectedID" : 1003,
               "detectedTime" : 2315.4000000000001,
               "entityID" : 12924,
               "height" : 1074.786376,
               "lla" : [ 120.6624669, -27.182306659999998, -219620.8486 ],
               "radarID" : 12924,
               "targetType" : 3,
               "trueID" : 781,
               "velocity" : [ -219.78874859999999, -185.8056363, 84.670960460000003 ]
            }
         ]
      }
   ],
   "terminator" : 0
}
