{
   "data" : [
      {
         "radarID" : 12889,
         "tracks" : [
            {
               "detectedID" : 1002,
               "detectedTime" : 2313.3000000000002,
               "entityID" : 12889,
               "height" : 2192.1637569999998,
               "lla" : [ 118.979631, -26.00894637, -299574.17940000002 ],
               "radarID" : 12889,
               "targetType" : 3,
               "trueID" : 793,
               "velocity" : [ 12.190571889999999, -165.684403, 249.8000572 ]
            }
         ]
      }
   ],
   "terminator" : 0
}
