{
   "data" : [
      {
         "radarID" : 12910,
         "tracks" : [
            {
               "detectedID" : 1002,
               "detectedTime" : 2317.4000000000001,
               "entityID" : 12910,
               "height" : 4392.0578820000001,
               "lla" : [ 118.9816677, -26.010357679999998, -298131.38290000003 ],
               "radarID" : 12910,
               "targetType" : 3,
               "trueID" : 793,
               "velocity" : [ 12.214638949999999, -165.72785519999999, 249.77005539999999 ]
            }
         ]
      }
   ],
   "terminator" : 0
}
