{
   "data" : [
      {
         "radarID" : 12903,
         "tracks" : [
            {
               "detectedID" : 1004,
               "detectedTime" : 2326.5999999999999,
               "entityID" : 12903,
               "height" : 5001.2548310000002,
               "lla" : [ 120.37668619999999, -26.985650379999999, -214261.0294 ],
               "radarID" : 12903,
               "targetType" : 3,
               "trueID" : 799,
               "velocity" : [ -10.46240278, -173.8523108, 244.26606839999999 ]
            }
         ]
      },
      {
         "radarID" : 12917,
         "tracks" : [
            {
               "detectedID" : 1004,
               "detectedTime" : 2326.5999999999999,
               "entityID" : 12917,
               "height" : 1034.0416869999999,
               "lla" : [ 120.3754685, -26.9849107, -218089.9056 ],
               "radarID" : 12917,
               "targetType" : 3,
               "trueID" : 799,
               "velocity" : [ -10.46240278, -173.8523108, 244.26606839999999 ]
            }
         ]
      }
   ],
   "terminator" : 0
}
