{
   "data" : [
      {
         "radarID" : 12910,
         "tracks" : [
            {
               "detectedID" : 1002,
               "detectedTime" : 2337.4499999999998,
               "entityID" : 12910,
               "height" : 4328.9217760000001,
               "lla" : [ 118.9958334, -26.020511979999998, -301038.28149999998 ],
               "radarID" : 12910,
               "targetType" : 3,
               "trueID" : 793,
               "velocity" : [ 12.33232546, -165.94025740000001, 249.62320550000001 ]
            }
         ]
      }
   ],
   "terminator" : 0
}
