{
   "data" : [
      {
         "radarID" : 12938,
         "tracks" : [
            {
               "detectedID" : 1004,
               "detectedTime" : 2337.8499999999999,
               "entityID" : 12938,
               "height" : 5002.1492500000004,
               "lla" : [ 120.3880752, -26.99354275, -215657.2254 ],
               "radarID" : 12938,
               "targetType" : 3,
               "trueID" : 799,
               "velocity" : [ -10.39313514, -173.97045320000001, 244.18489750000001 ]
            }
         ]
      },
      {
         "radarID" : 12974,
         "tracks" : [
            {
               "detectedID" : 1004,
               "detectedTime" : 2337.8499999999999,
               "entityID" : 12974,
               "height" : 5004.5933599999998,
               "lla" : [ 120.3879592, -26.993462910000002, -215661.90539999999 ],
               "radarID" : 12974,
               "targetType" : 3,
               "trueID" : 799,
               "velocity" : [ -10.39313514, -173.97045320000001, 244.18489750000001 ]
            }
         ]
      }
   ],
   "terminator" : 0
}
