{
   "data" : [
      {
         "radarID" : 13072,
         "tracks" : [
            {
               "detectedID" : 1004,
               "detectedTime" : 2339.3499999999999,
               "entityID" : 13072,
               "height" : 5008.018172,
               "lla" : [ 120.38952690000001, -26.994549020000001, -215850.62179999999 ],
               "radarID" : 13072,
               "targetType" : 3,
               "trueID" : 799,
               "velocity" : [ -10.38389926, -173.9862018, 244.1740695 ]
            }
         ]
      },
      {
         "radarID" : 13114,
         "tracks" : [
            {
               "detectedID" : 1002,
               "detectedTime" : 2339.3499999999999,
               "entityID" : 13114,
               "height" : 4362.4459649999999,
               "lla" : [ 118.9975312, -26.021725969999999, -301278.33140000002 ],
               "radarID" : 13114,
               "targetType" : 3,
               "trueID" : 793,
               "velocity" : [ 12.34347717, -165.96037749999999, 249.60927799999999 ]
            }
         ]
      }
   ],
   "terminator" : 0
}
