{
   "data" : [
      {
         "radarID" : 12924,
         "tracks" : [
            {
               "detectedID" : 1002,
               "detectedTime" : 2346.9000000000001,
               "entityID" : 12924,
               "height" : 3194.8973580000002,
               "lla" : [ 119.002388, -26.025237520000001, -303450.3113 ],
               "radarID" : 12924,
               "targetType" : 3,
               "trueID" : 793,
               "velocity" : [ 12.38778947, -166.0403153, 249.55391470000001 ]
            }
         ]
      }
   ],
   "terminator" : 0
}
