{
   "data" : [
      {
         "radarID" : 12910,
         "tracks" : [
            {
               "detectedID" : 1003,
               "detectedTime" : 2346.5500000000002,
               "entityID" : 12910,
               "height" : 516.44021459999999,
               "lla" : [ 120.7545705, -27.245339909999998, -218435.78349999999 ],
               "radarID" : 12910,
               "targetType" : 3,
               "trueID" : 781,
               "velocity" : [ -219.59873200000001, -186.132081, 84.446701039999994 ]
            }
         ]
      }
   ],
   "terminator" : 0
}
