{
   "data" : [
      {
         "radarID" : 12931,
         "tracks" : [
            {
               "detectedID" : 1003,
               "detectedTime" : 2348.1999999999998,
               "entityID" : 12931,
               "height" : 2387.4501780000001,
               "lla" : [ 120.7598059, -27.248870839999999, -216545.1446 ],
               "radarID" : 12931,
               "targetType" : 3,
               "trueID" : 781,
               "velocity" : [ -219.5886539, -186.1493615, 84.434817080000002 ]
            }
         ]
      },
      {
         "radarID" : 12938,
         "tracks" : [
            {
               "detectedID" : 1003,
               "detectedTime" : 2348.1999999999998,
               "entityID" : 12938,
               "height" : 2385.5788429999998,
               "lla" : [ 120.7599864, -27.248994, -216534.40530000001 ],
               "radarID" : 12938,
               "targetType" : 3,
               "trueID" : 781,
               "velocity" : [ -219.5886539, -186.1493615, 84.434817080000002 ]
            }
         ]
      },
      {
         "radarID" : 12974,
         "tracks" : [
            {
               "detectedID" : 1003,
               "detectedTime" : 2348.1999999999998,
               "entityID" : 12974,
               "height" : 2386.9830750000001,
               "lla" : [ 120.7598546, -27.248904069999998, -216542.09830000001 ],
               "radarID" : 12974,
               "targetType" : 3,
               "trueID" : 781,
               "velocity" : [ -219.5886539, -186.1493615, 84.434817080000002 ]
            }
         ]
      }
   ],
   "terminator" : 0
}
