{
   "data" : [
      {
         "radarID" : 12889,
         "tracks" : [
            {
               "detectedID" : 1002,
               "detectedTime" : 2353.1999999999998,
               "entityID" : 12889,
               "height" : 2106.261634,
               "lla" : [ 119.00874399999999, -26.02980625, -305293.93440000003 ],
               "radarID" : 12889,
               "targetType" : 3,
               "trueID" : 793,
               "velocity" : [ 12.42476398, -166.10700209999999, 249.50769339999999 ]
            }
         ]
      }
   ],
   "terminator" : 0
}
