{
   "data" : [
      {
         "radarID" : 12910,
         "tracks" : [
            {
               "detectedID" : 1003,
               "detectedTime" : 2356.5,
               "entityID" : 12910,
               "height" : 480.51910529999998,
               "lla" : [ 120.7840769, -27.265501759999999, -217914.26629999999 ],
               "radarID" : 12910,
               "targetType" : 3,
               "trueID" : 781,
               "velocity" : [ -219.53793769999999, -186.23627020000001, 84.375029440000006 ]
            }
         ]
      }
   ],
   "terminator" : 0
}
