{
   "data" : [
      {
         "radarID" : 12910,
         "tracks" : [
            {
               "detectedID" : 1004,
               "detectedTime" : 2356.5999999999999,
               "entityID" : 12910,
               "height" : 1090.8266490000001,
               "lla" : [ 120.4057809, -27.005911959999999, -221764.58420000001 ],
               "radarID" : 12910,
               "targetType" : 3,
               "trueID" : 799,
               "velocity" : [ -10.277683440000001, -174.16724769999999, 244.04946029999999 ]
            }
         ]
      }
   ],
   "terminator" : 0
}
