{
   "data" : [
      {
         "radarID" : 12981,
         "tracks" : [
            {
               "detectedID" : 1005,
               "detectedTime" : 483.44999999999999,
               "entityID" : 12981,
               "height" : 1481.215042,
               "lla" : [ 122.928003, -28.690234780000001, -24605.95376 ],
               "radarID" : 12981,
               "targetType" : 3,
               "trueID" : 805,
               "velocity" : [ 262.95927890000002, 133.8786867, 54.119450229999998 ]
            }
         ]
      },
      {
         "radarID" : 12988,
         "tracks" : [
            {
               "detectedID" : 1005,
               "detectedTime" : 483.44999999999999,
               "entityID" : 12988,
               "height" : 5628.5281109999996,
               "lla" : [ 122.9267522, -28.689318069999999, -20577.574049999999 ],
               "radarID" : 12988,
               "targetType" : 3,
               "trueID" : 805,
               "velocity" : [ 262.95927890000002, 133.8786867, 54.119450229999998 ]
            }
         ]
      },
      {
         "radarID" : 12995,
         "tracks" : [
            {
               "detectedID" : 1005,
               "detectedTime" : 483.44999999999999,
               "entityID" : 12995,
               "height" : 4871.7765550000004,
               "lla" : [ 122.9267828, -28.68935737, -21333.977760000002 ],
               "radarID" : 12995,
               "targetType" : 3,
               "trueID" : 805,
               "velocity" : [ 262.95927890000002, 133.8786867, 54.119450229999998 ]
            }
         ]
      },
      {
         "radarID" : 13002,
         "tracks" : [
            {
               "detectedID" : 1005,
               "detectedTime" : 483.44999999999999,
               "entityID" : 13002,
               "height" : 2750.4563050000002,
               "lla" : [ 122.92760680000001, -28.689945640000001, -23378.697090000001 ],
               "radarID" : 13002,
               "targetType" : 3,
               "trueID" : 805,
               "velocity" : [ 262.95927890000002, 133.8786867, 54.119450229999998 ]
            }
         ]
      }
   ],
   "terminator" : 0
}
