{
   "data" : [
      {
         "radarID" : 13107,
         "tracks" : [
            {
               "detectedID" : 1005,
               "detectedTime" : 2358.3499999999999,
               "entityID" : 13107,
               "height" : 4511.1873809999997,
               "lla" : [ 117.9102046, -25.23884284, -289049.04580000002 ],
               "radarID" : 13107,
               "targetType" : 3,
               "trueID" : 805,
               "velocity" : [ -41.906584969999997, -179.28388000000001, 236.85676789999999 ]
            }
         ]
      }
   ],
   "terminator" : 0
}
