{
   "data" : [
      {
         "radarID" : 12896,
         "tracks" : [
            {
               "detectedID" : 1002,
               "detectedTime" : 2363.25,
               "entityID" : 12896,
               "height" : 5002.5159759999997,
               "lla" : [ 119.0150723, -26.034272940000001, -304031.45649999997 ],
               "radarID" : 12896,
               "targetType" : 3,
               "trueID" : 793,
               "velocity" : [ 12.48374463, -166.21335289999999, 249.43391399999999 ]
            }
         ]
      }
   ],
   "terminator" : 0
}
