{
   "data" : [
      {
         "radarID" : 12896,
         "tracks" : [
            {
               "detectedID" : 1005,
               "detectedTime" : 2364.5999999999999,
               "entityID" : 12896,
               "height" : 5007.9795260000001,
               "lla" : [ 117.9181407, -25.244625639999999, -289237.63160000002 ],
               "radarID" : 12896,
               "targetType" : 3,
               "trueID" : 805,
               "velocity" : [ -41.870871729999998, -179.35128119999999, 236.81205209999999 ]
            }
         ]
      }
   ],
   "terminator" : 0
}
