{
   "data" : [
      {
         "radarID" : 12896,
         "tracks" : [
            {
               "detectedID" : 1006,
               "detectedTime" : 2374.8499999999999,
               "entityID" : 12896,
               "height" : 5120.1242659999998,
               "lla" : [ 117.60218879999999, -25.014821430000001, -327528.5503 ],
               "radarID" : 12896,
               "targetType" : 3,
               "trueID" : 811,
               "velocity" : [ 275.30126009999998, 93.877322000000007, 73.459271759999993 ]
            }
         ]
      }
   ],
   "terminator" : 0
}
