{
   "data" : [
      {
         "radarID" : 12917,
         "tracks" : [
            {
               "detectedID" : 1002,
               "detectedTime" : 2377.5999999999999,
               "entityID" : 12917,
               "height" : 4028.3346280000001,
               "lla" : [ 119.0250341, -26.041433820000002, -307014.21980000002 ],
               "radarID" : 12917,
               "targetType" : 3,
               "trueID" : 793,
               "velocity" : [ 12.567955449999999, -166.36514170000001, 249.32847029999999 ]
            }
         ]
      }
   ],
   "terminator" : 0
}
