{
   "data" : [
      {
         "radarID" : 12974,
         "tracks" : [
            {
               "detectedID" : 1001,
               "detectedTime" : 484.19999999999999,
               "entityID" : 12974,
               "height" : 5776.7519270000003,
               "lla" : [ 122.7595005, -28.580752579999999, -36696.945500000002 ],
               "radarID" : 12974,
               "targetType" : 3,
               "trueID" : 817,
               "velocity" : [ 264.32811450000003, 108.4241773, 91.514182730000002 ]
            }
         ]
      }
   ],
   "terminator" : 0
}
