{
   "data" : [
      {
         "radarID" : 12988,
         "tracks" : [
            {
               "detectedID" : 1004,
               "detectedTime" : 2378.5500000000002,
               "entityID" : 12988,
               "height" : 5005.1157119999998,
               "lla" : [ 120.42918330000001, -27.022014479999999, -220731.43979999999 ],
               "radarID" : 12988,
               "targetType" : 3,
               "trueID" : 799,
               "velocity" : [ -10.142519099999999, -174.3974542, 243.8906666 ]
            }
         ]
      }
   ],
   "terminator" : 0
}
