{
   "data" : [
      {
         "radarID" : 13093,
         "tracks" : [
            {
               "detectedID" : 1004,
               "detectedTime" : 2380.3499999999999,
               "entityID" : 13093,
               "height" : 2168.2728889999999,
               "lla" : [ 120.43126700000001, -27.023529020000002, -223730.20879999999 ],
               "radarID" : 13093,
               "targetType" : 3,
               "trueID" : 799,
               "velocity" : [ -10.13143459, -174.41632390000001, 243.87763319999999 ]
            }
         ]
      },
      {
         "radarID" : 13107,
         "tracks" : [
            {
               "detectedID" : 1004,
               "detectedTime" : 2380.3499999999999,
               "entityID" : 13107,
               "height" : 5075.6957769999999,
               "lla" : [ 120.4310641, -27.023314460000002, -220884.663 ],
               "radarID" : 13107,
               "targetType" : 3,
               "trueID" : 799,
               "velocity" : [ -10.13143459, -174.41632390000001, 243.87763319999999 ]
            }
         ]
      }
   ],
   "terminator" : 0
}
