{
   "data" : [
      {
         "radarID" : 12917,
         "tracks" : [
            {
               "detectedID" : 1002,
               "detectedTime" : 2387.5999999999999,
               "entityID" : 12917,
               "height" : 4008.6448099999998,
               "lla" : [ 119.03249099999999, -26.046771920000001, -308441.53899999999 ],
               "radarID" : 12917,
               "targetType" : 3,
               "trueID" : 793,
               "velocity" : [ 12.626635240000001, -166.47087260000001, 249.25492310000001 ]
            }
         ]
      }
   ],
   "terminator" : 0
}
