{
   "data" : [
      {
         "radarID" : 12910,
         "tracks" : [
            {
               "detectedID" : 1004,
               "detectedTime" : 2386.6999999999998,
               "entityID" : 12910,
               "height" : 968.25300719999996,
               "lla" : [ 120.4361583, -27.026949250000001, -225638.96650000001 ],
               "radarID" : 12910,
               "targetType" : 3,
               "trueID" : 799,
               "velocity" : [ -10.09233038, -174.48288170000001, 243.8316404 ]
            }
         ]
      }
   ],
   "terminator" : 0
}
