{
   "data" : [
      {
         "radarID" : 13107,
         "tracks" : [
            {
               "detectedID" : 1002,
               "detectedTime" : 2389.3499999999999,
               "entityID" : 13107,
               "height" : 4632.330207,
               "lla" : [ 119.0342239, -26.047993680000001, -308065.25280000002 ],
               "radarID" : 13107,
               "targetType" : 3,
               "trueID" : 793,
               "velocity" : [ 12.636903889999999, -166.4893716, 249.24204660000001 ]
            }
         ]
      }
   ],
   "terminator" : 0
}
