{
   "data" : [
      {
         "radarID" : 13072,
         "tracks" : [
            {
               "detectedID" : 1004,
               "detectedTime" : 2389.4499999999998,
               "entityID" : 13072,
               "height" : 5006.0009929999997,
               "lla" : [ 120.440287, -27.029700120000001, -222087.4853 ],
               "radarID" : 13072,
               "targetType" : 3,
               "trueID" : 799,
               "velocity" : [ -10.075395240000001, -174.51170110000001, 243.8117154 ]
            }
         ]
      }
   ],
   "terminator" : 0
}
