{
   "data" : [
      {
         "radarID" : 12889,
         "tracks" : [
            {
               "detectedID" : 1001,
               "detectedTime" : 2393.75,
               "entityID" : 12889,
               "height" : 289.01664479999999,
               "lla" : [ 117.9201777, -25.24805525, -364285.82549999998 ],
               "radarID" : 12889,
               "targetType" : 3,
               "trueID" : 817,
               "velocity" : [ 102.8471936, -121.8261066, 254.12763430000001 ]
            }
         ]
      }
   ],
   "terminator" : 0
}
