{
   "data" : [
      {
         "radarID" : 12903,
         "tracks" : [
            {
               "detectedID" : 1003,
               "detectedTime" : 2396.5500000000002,
               "entityID" : 12903,
               "height" : 2501.49314,
               "lla" : [ 120.9033937, -27.346838340000001, -213720.50399999999 ],
               "radarID" : 12903,
               "targetType" : 3,
               "trueID" : 781,
               "velocity" : [ -219.29274849999999, -186.6552312, 84.08635511 ]
            }
         ]
      },
      {
         "radarID" : 12917,
         "tracks" : [
            {
               "detectedID" : 1003,
               "detectedTime" : 2396.5500000000002,
               "entityID" : 12917,
               "height" : 249.4333882,
               "lla" : [ 120.9028251, -27.34650817, -215893.9375 ],
               "radarID" : 12917,
               "targetType" : 3,
               "trueID" : 781,
               "velocity" : [ -219.29274849999999, -186.6552312, 84.08635511 ]
            }
         ]
      }
   ],
   "terminator" : 0
}
