{
   "data" : [
      {
         "radarID" : 12903,
         "tracks" : [
            {
               "detectedID" : 1004,
               "detectedTime" : 2396.8000000000002,
               "entityID" : 12903,
               "height" : 5001.7232599999998,
               "lla" : [ 120.447699, -27.034829890000001, -223007.03570000001 ],
               "radarID" : 12903,
               "targetType" : 3,
               "trueID" : 799,
               "velocity" : [ -10.03013151, -174.58871300000001, 243.75844140000001 ]
            }
         ]
      }
   ],
   "terminator" : 0
}
