{
   "data" : [
      {
         "radarID" : 12889,
         "tracks" : [
            {
               "detectedID" : 1006,
               "detectedTime" : 2394.9000000000001,
               "entityID" : 12889,
               "height" : 1098.5710859999999,
               "lla" : [ 117.54207289999999, -24.970910979999999, -334381.92619999999 ],
               "radarID" : 12889,
               "targetType" : 3,
               "trueID" : 811,
               "velocity" : [ 275.41318130000002, 93.66208752, 73.314343289999997 ]
            }
         ]
      },
      {
         "radarID" : 12896,
         "tracks" : [
            {
               "detectedID" : 1006,
               "detectedTime" : 2394.9000000000001,
               "entityID" : 12896,
               "height" : 5109.756625,
               "lla" : [ 117.5419885, -24.970753420000001, -330673.799 ],
               "radarID" : 12896,
               "targetType" : 3,
               "trueID" : 811,
               "velocity" : [ 275.41318130000002, 93.66208752, 73.314343289999997 ]
            }
         ]
      }
   ],
   "terminator" : 0
}
