{
   "data" : [
      {
         "radarID" : 12910,
         "tracks" : [
            {
               "detectedID" : 1002,
               "detectedTime" : 2397.5500000000002,
               "entityID" : 12910,
               "height" : 4169.6321930000004,
               "lla" : [ 119.0395868, -26.051848339999999, -309707.5429 ],
               "radarID" : 12910,
               "targetType" : 3,
               "trueID" : 793,
               "velocity" : [ 12.68501859, -166.5760377, 249.1816886 ]
            }
         ]
      }
   ],
   "terminator" : 0
}
