{
   "data" : [
      {
         "radarID" : 12910,
         "tracks" : [
            {
               "detectedID" : 1003,
               "detectedTime" : 2406.4000000000001,
               "entityID" : 12910,
               "height" : 321.4206069,
               "lla" : [ 120.9321382, -27.36646756, -215266.7887 ],
               "radarID" : 12910,
               "targetType" : 3,
               "trueID" : 781,
               "velocity" : [ -219.23232719999999, -186.7581701, 84.015311800000006 ]
            }
         ]
      }
   ],
   "terminator" : 0
}
