{
   "data" : [
      {
         "radarID" : 13023,
         "tracks" : [
            {
               "detectedID" : 1005,
               "detectedTime" : 491.55000000000001,
               "entityID" : 13023,
               "height" : 5626.5022250000002,
               "lla" : [ 122.901983, -28.673238130000001, -21830.054250000001 ],
               "radarID" : 13023,
               "targetType" : 3,
               "trueID" : 805,
               "velocity" : [ 263.01333670000002, 133.7949208, 54.063887180000002 ]
            }
         ]
      },
      {
         "radarID" : 13051,
         "tracks" : [
            {
               "detectedID" : 1001,
               "detectedTime" : 491.55000000000001,
               "entityID" : 13051,
               "height" : 1812.945084,
               "lla" : [ 122.7394853, -28.567815530000001, -41889.243049999997 ],
               "radarID" : 13051,
               "targetType" : 3,
               "trueID" : 817,
               "velocity" : [ 264.37685429999999, 108.34810969999999, 91.463468300000002 ]
            }
         ]
      },
      {
         "radarID" : 13058,
         "tracks" : [
            {
               "detectedID" : 1001,
               "detectedTime" : 491.55000000000001,
               "entityID" : 13058,
               "height" : 5771.9089180000001,
               "lla" : [ 122.738283, -28.566929259999998, -37967.47077 ],
               "radarID" : 13058,
               "targetType" : 3,
               "trueID" : 817,
               "velocity" : [ 264.37685429999999, 108.34810969999999, 91.463468300000002 ]
            }
         ]
      }
   ],
   "terminator" : 0
}
