{
   "data" : [
      {
         "radarID" : 12896,
         "tracks" : [
            {
               "detectedID" : 1006,
               "detectedTime" : 2404.9499999999998,
               "entityID" : 12896,
               "height" : 5104.7104230000004,
               "lla" : [ 117.51180890000001, -24.948640109999999, -332247.89620000002 ],
               "radarID" : 12896,
               "targetType" : 3,
               "trueID" : 811,
               "velocity" : [ 275.4691899, 93.554170080000006, 73.241673259999999 ]
            }
         ]
      }
   ],
   "terminator" : 0
}
