{
   "data" : [
      {
         "radarID" : 13107,
         "tracks" : [
            {
               "detectedID" : 1005,
               "detectedTime" : 2408.4499999999998,
               "entityID" : 13107,
               "height" : 4858.3950379999997,
               "lla" : [ 117.9733092, -25.284890409999999, -294125.68180000002 ],
               "radarID" : 13107,
               "targetType" : 3,
               "trueID" : 805,
               "velocity" : [ -41.620209690000003, -179.82372620000001, 236.49774980000001 ]
            }
         ]
      }
   ],
   "terminator" : 0
}
