{
   "data" : [
      {
         "radarID" : 13114,
         "tracks" : [
            {
               "detectedID" : 1004,
               "detectedTime" : 2410.4000000000001,
               "entityID" : 13114,
               "height" : 2681.5611819999999,
               "lla" : [ 120.4617178, -27.044588579999999, -226981.20860000001 ],
               "radarID" : 13114,
               "targetType" : 3,
               "trueID" : 799,
               "velocity" : [ -9.946375433, -174.7311555, 243.6597893 ]
            }
         ]
      }
   ],
   "terminator" : 0
}
