{
   "data" : [
      {
         "radarID" : 13072,
         "tracks" : [
            {
               "detectedID" : 1004,
               "detectedTime" : 2409.4499999999998,
               "entityID" : 13072,
               "height" : 5009.1013919999996,
               "lla" : [ 120.4605535, -27.043724019999999, -224593.0148 ],
               "radarID" : 13072,
               "targetType" : 3,
               "trueID" : 799,
               "velocity" : [ -9.9522261580000002, -174.7212078, 243.66668369999999 ]
            }
         ]
      }
   ],
   "terminator" : 0
}
