{
   "data" : [
      {
         "radarID" : 12924,
         "tracks" : [
            {
               "detectedID" : 1002,
               "detectedTime" : 2417.0500000000002,
               "entityID" : 12924,
               "height" : 2853.0057529999999,
               "lla" : [ 119.0537163, -26.061993789999999, -313717.33159999998 ],
               "radarID" : 12924,
               "targetType" : 3,
               "trueID" : 793,
               "velocity" : [ 12.79942939, -166.7820332, 249.03800509999999 ]
            }
         ]
      }
   ],
   "terminator" : 0
}
