{
   "data" : [
      {
         "radarID" : 12896,
         "tracks" : [
            {
               "detectedID" : 1001,
               "detectedTime" : 2423.75,
               "entityID" : 12896,
               "height" : 5000.1707759999999,
               "lla" : [ 117.9078201, -25.239090919999999, -365552.84519999998 ],
               "radarID" : 12896,
               "targetType" : 3,
               "trueID" : 817,
               "velocity" : [ 103.0165934, -122.14588190000001, 253.90542540000001 ]
            }
         ]
      }
   ],
   "terminator" : 0
}
