{
   "data" : [
      {
         "radarID" : 12896,
         "tracks" : [
            {
               "detectedID" : 1005,
               "detectedTime" : 2424.5,
               "entityID" : 12896,
               "height" : 5005.4699870000004,
               "lla" : [ 117.99357999999999, -25.299668140000001, -295717.82929999998 ],
               "radarID" : 12896,
               "targetType" : 3,
               "trueID" : 805,
               "velocity" : [ -41.528419499999998, -179.9964569, 236.3824568 ]
            }
         ]
      }
   ],
   "terminator" : 0
}
