{
   "data" : [
      {
         "radarID" : 12910,
         "tracks" : [
            {
               "detectedID" : 1003,
               "detectedTime" : 2436.3499999999999,
               "entityID" : 12910,
               "height" : 242.76472330000001,
               "lla" : [ 121.0210932, -27.42696342, -213651.80869999999 ],
               "radarID" : 12910,
               "targetType" : 3,
               "trueID" : 781,
               "velocity" : [ -219.0483207, -187.0709219, 83.799184949999997 ]
            }
         ]
      }
   ],
   "terminator" : 0
}
