{
   "data" : [
      {
         "radarID" : 13009,
         "tracks" : [
            {
               "detectedID" : 1003,
               "detectedTime" : 2439.4499999999998,
               "entityID" : 13009,
               "height" : 1286.7158429999999,
               "lla" : [ 121.03074169999999, -27.433491879999998, -212501.09700000001 ],
               "radarID" : 13009,
               "targetType" : 3,
               "trueID" : 781,
               "velocity" : [ -219.02925010000001, -187.10327240000001, 83.776804909999996 ]
            }
         ]
      },
      {
         "radarID" : 13016,
         "tracks" : [
            {
               "detectedID" : 1003,
               "detectedTime" : 2439.4499999999998,
               "entityID" : 13016,
               "height" : 1321.391848,
               "lla" : [ 121.0307402, -27.433489949999998, -212467.51980000001 ],
               "radarID" : 13016,
               "targetType" : 3,
               "trueID" : 781,
               "velocity" : [ -219.02925010000001, -187.10327240000001, 83.776804909999996 ]
            }
         ]
      }
   ],
   "terminator" : 0
}
