{
   "data" : [
      {
         "radarID" : 12910,
         "tracks" : [
            {
               "detectedID" : 1002,
               "detectedTime" : 2447.6500000000001,
               "entityID" : 12910,
               "height" : 4075.1567540000001,
               "lla" : [ 119.0764235, -26.078206479999999, -316920.8591 ],
               "radarID" : 12910,
               "targetType" : 3,
               "trueID" : 793,
               "velocity" : [ 12.97894265, -167.10500160000001, 248.8121088 ]
            }
         ]
      }
   ],
   "terminator" : 0
}
