{
   "data" : [
      {
         "radarID" : 13114,
         "tracks" : [
            {
               "detectedID" : 1005,
               "detectedTime" : 2448.5500000000002,
               "entityID" : 13114,
               "height" : 4532.8925870000003,
               "lla" : [ 118.0236464, -25.321594210000001, -298811.1789 ],
               "radarID" : 13114,
               "targetType" : 3,
               "trueID" : 805,
               "velocity" : [ -41.390834480000002, -180.2550894, 236.2094443 ]
            }
         ]
      }
   ],
   "terminator" : 0
}
