{
   "data" : [
      {
         "radarID" : 12995,
         "tracks" : [
            {
               "detectedID" : 1004,
               "detectedTime" : 2448.8499999999999,
               "entityID" : 12995,
               "height" : 4935.2585120000003,
               "lla" : [ 120.5006005, -27.071418210000001, -229591.0422 ],
               "radarID" : 12995,
               "targetType" : 3,
               "trueID" : 799,
               "velocity" : [ -9.7095604170000005, -175.1334789, 243.38033820000001 ]
            }
         ]
      }
   ],
   "terminator" : 0
}
