{
   "data" : [
      {
         "radarID" : 12995,
         "tracks" : [
            {
               "detectedID" : 1003,
               "detectedTime" : 2449.5500000000002,
               "entityID" : 12995,
               "height" : 2747.51602,
               "lla" : [ 121.06086910000001, -27.453909800000002, -210499.15969999999 ],
               "radarID" : 12995,
               "targetType" : 3,
               "trueID" : 781,
               "velocity" : [ -218.96708459999999, -187.20864539999999, 83.70387667 ]
            }
         ]
      },
      {
         "radarID" : 13002,
         "tracks" : [
            {
               "detectedID" : 1003,
               "detectedTime" : 2449.5500000000002,
               "entityID" : 13002,
               "height" : 796.75938029999998,
               "lla" : [ 121.0607487, -27.45387861, -212409.68900000001 ],
               "radarID" : 13002,
               "targetType" : 3,
               "trueID" : 781,
               "velocity" : [ -218.96708459999999, -187.20864539999999, 83.70387667 ]
            }
         ]
      }
   ],
   "terminator" : 0
}
