{
   "data" : [
      {
         "radarID" : 12903,
         "tracks" : [
            {
               "detectedID" : 1003,
               "detectedTime" : 2456.4000000000001,
               "entityID" : 12903,
               "height" : 2645.3467270000001,
               "lla" : [ 121.08124309999999, -27.467737710000002, -210205.4283 ],
               "radarID" : 12903,
               "targetType" : 3,
               "trueID" : 781,
               "velocity" : [ -218.92489459999999, -187.28008750000001, 83.654404439999993 ]
            }
         ]
      },
      {
         "radarID" : 12917,
         "tracks" : [
            {
               "detectedID" : 1003,
               "detectedTime" : 2456.4000000000001,
               "entityID" : 12917,
               "height" : 120.8310328,
               "lla" : [ 121.0804505, -27.467263989999999, -212636.16399999999 ],
               "radarID" : 12917,
               "targetType" : 3,
               "trueID" : 781,
               "velocity" : [ -218.92489459999999, -187.28008750000001, 83.654404439999993 ]
            }
         ]
      }
   ],
   "terminator" : 0
}
