{
   "data" : [
      {
         "radarID" : 12896,
         "tracks" : [
            {
               "detectedID" : 1006,
               "detectedTime" : 2455.1500000000001,
               "entityID" : 12896,
               "height" : 5083.0496249999997,
               "lla" : [ 117.36095829999999, -24.837896050000001, -340074.71350000001 ],
               "radarID" : 12896,
               "targetType" : 3,
               "trueID" : 811,
               "velocity" : [ 275.74803880000002, 93.014800579999999, 72.878432970000006 ]
            }
         ]
      }
   ],
   "terminator" : 0
}
