{
   "data" : [
      {
         "radarID" : 12889,
         "tracks" : [
            {
               "detectedID" : 1006,
               "detectedTime" : 2455.0999999999999,
               "entityID" : 12889,
               "height" : 1009.935338,
               "lla" : [ 117.36096139999999, -24.837995280000001, -343837.6324 ],
               "radarID" : 12889,
               "targetType" : 3,
               "trueID" : 811,
               "velocity" : [ 275.74776179999998, 93.015338069999999, 72.878794979999995 ]
            }
         ]
      }
   ],
   "terminator" : 0
}
