{
   "data" : [
      {
         "radarID" : 12917,
         "tracks" : [
            {
               "detectedID" : 1002,
               "detectedTime" : 2457.75,
               "entityID" : 12917,
               "height" : 3913.644182,
               "lla" : [ 119.0839825, -26.083615529999999, -318508.2512 ],
               "radarID" : 12917,
               "targetType" : 3,
               "trueID" : 793,
               "velocity" : [ 13.038187389999999, -167.2115254, 248.73743469999999 ]
            }
         ]
      }
   ],
   "terminator" : 0
}
