{
   "data" : [
      {
         "radarID" : 12931,
         "tracks" : [
            {
               "detectedID" : 1003,
               "detectedTime" : 2458.4499999999998,
               "entityID" : 12931,
               "height" : 2653.7213649999999,
               "lla" : [ 121.0871882, -27.471770840000001, -210095.32560000001 ],
               "radarID" : 12931,
               "targetType" : 3,
               "trueID" : 781,
               "velocity" : [ -218.9122639, -187.30146429999999, 83.639597140000006 ]
            }
         ]
      },
      {
         "radarID" : 12938,
         "tracks" : [
            {
               "detectedID" : 1003,
               "detectedTime" : 2458.4499999999998,
               "entityID" : 12938,
               "height" : 2652.4582350000001,
               "lla" : [ 121.087289, -27.471839020000001, -210087.65650000001 ],
               "radarID" : 12938,
               "targetType" : 3,
               "trueID" : 781,
               "velocity" : [ -218.9122639, -187.30146429999999, 83.639597140000006 ]
            }
         ]
      }
   ],
   "terminator" : 0
}
