{
   "data" : [
      {
         "radarID" : 13016,
         "tracks" : [
            {
               "detectedID" : 1003,
               "detectedTime" : 2459.5,
               "entityID" : 13016,
               "height" : 1323.473444,
               "lla" : [ 121.090357, -27.473954450000001, -211326.14129999999 ],
               "radarID" : 13016,
               "targetType" : 3,
               "trueID" : 781,
               "velocity" : [ -218.9057938, -187.31241270000001, 83.632012610000004 ]
            }
         ]
      }
   ],
   "terminator" : 0
}
