{
   "data" : [
      {
         "radarID" : 13107,
         "tracks" : [
            {
               "detectedID" : 1004,
               "detectedTime" : 2460.4000000000001,
               "entityID" : 13107,
               "height" : 5137.3211179999998,
               "lla" : [ 120.51235869999999, -27.079539459999999, -230852.28080000001 ],
               "radarID" : 13107,
               "targetType" : 3,
               "trueID" : 799,
               "velocity" : [ -9.6384179890000006, -175.25422, 243.29623770000001 ]
            }
         ]
      },
      {
         "radarID" : 13114,
         "tracks" : [
            {
               "detectedID" : 1004,
               "detectedTime" : 2460.4000000000001,
               "entityID" : 13114,
               "height" : 3134.457997,
               "lla" : [ 120.5125881, -27.079748940000002, -232811.63209999999 ],
               "radarID" : 13114,
               "targetType" : 3,
               "trueID" : 799,
               "velocity" : [ -9.6384179890000006, -175.25422, 243.29623770000001 ]
            }
         ]
      }
   ],
   "terminator" : 0
}
