{
   "data" : [
      {
         "radarID" : 13093,
         "tracks" : [
            {
               "detectedID" : 1004,
               "detectedTime" : 2460.3499999999999,
               "entityID" : 13093,
               "height" : 2837.252583,
               "lla" : [ 120.5124868, -27.07968674, -233094.1004 ],
               "radarID" : 13093,
               "targetType" : 3,
               "trueID" : 799,
               "velocity" : [ -9.6387259709999995, -175.25369739999999, 243.29660190000001 ]
            }
         ]
      }
   ],
   "terminator" : 0
}
