{
   "data" : [
      {
         "radarID" : 12995,
         "tracks" : [
            {
               "detectedID" : 1003,
               "detectedTime" : 2459.5999999999999,
               "entityID" : 12995,
               "height" : 2739.2337000000002,
               "lla" : [ 121.0907498, -27.47418425, -209937.29990000001 ],
               "radarID" : 12995,
               "targetType" : 3,
               "trueID" : 781,
               "velocity" : [ -218.90517750000001, -187.31345529999999, 83.63129026 ]
            }
         ]
      },
      {
         "radarID" : 13002,
         "tracks" : [
            {
               "detectedID" : 1003,
               "detectedTime" : 2459.5999999999999,
               "entityID" : 13002,
               "height" : 800.15915150000001,
               "lla" : [ 121.09063449999999, -27.474156350000001, -211836.9068 ],
               "radarID" : 13002,
               "targetType" : 3,
               "trueID" : 781,
               "velocity" : [ -218.90517750000001, -187.31345529999999, 83.63129026 ]
            }
         ]
      }
   ],
   "terminator" : 0
}
