{
   "data" : [
      {
         "radarID" : 13051,
         "tracks" : [
            {
               "detectedID" : 1002,
               "detectedTime" : 493.10000000000002,
               "entityID" : 13051,
               "height" : 1551.1397589999999,
               "lla" : [ 122.7607309, -28.579758779999999, 33985.567230000001 ],
               "radarID" : 13051,
               "targetType" : 3,
               "trueID" : 793,
               "velocity" : [ 249.25275300000001, 62.283933050000002, 154.89924719999999 ]
            }
         ]
      },
      {
         "radarID" : 13058,
         "tracks" : [
            {
               "detectedID" : 1002,
               "detectedTime" : 493.10000000000002,
               "entityID" : 13058,
               "height" : 5006.1972660000001,
               "lla" : [ 122.7596207, -28.578948520000001, 37384.047919999997 ],
               "radarID" : 13058,
               "targetType" : 3,
               "trueID" : 793,
               "velocity" : [ 249.25275300000001, 62.283933050000002, 154.89924719999999 ]
            }
         ]
      },
      {
         "radarID" : 13065,
         "tracks" : [
            {
               "detectedID" : 1004,
               "detectedTime" : 493.10000000000002,
               "entityID" : 13065,
               "height" : 4981.7920489999997,
               "lla" : [ 122.5688536, -28.45463934, 16902.390930000001 ],
               "radarID" : 13065,
               "targetType" : 3,
               "trueID" : 799,
               "velocity" : [ 117.02977540000001, -91.058581459999999, 260.7918067 ]
            }
         ]
      }
   ],
   "terminator" : 0
}
