{
   "data" : [
      {
         "radarID" : 12903,
         "tracks" : [
            {
               "detectedID" : 1004,
               "detectedTime" : 2467.0999999999999,
               "entityID" : 12903,
               "height" : 5000.9567790000001,
               "lla" : [ 120.51915649999999, -27.084239910000001, -231820.704 ],
               "radarID" : 12903,
               "targetType" : 3,
               "trueID" : 799,
               "velocity" : [ -9.5971480570000001, -175.3242363, 243.2474191 ]
            }
         ]
      },
      {
         "radarID" : 12917,
         "tracks" : [
            {
               "detectedID" : 1004,
               "detectedTime" : 2467.0999999999999,
               "entityID" : 12917,
               "height" : 587.25111159999994,
               "lla" : [ 120.5174134, -27.08315451, -236105.90580000001 ],
               "radarID" : 12917,
               "targetType" : 3,
               "trueID" : 799,
               "velocity" : [ -9.5971480570000001, -175.3242363, 243.2474191 ]
            }
         ]
      }
   ],
   "terminator" : 0
}
