{
   "data" : [
      {
         "radarID" : 13009,
         "tracks" : [
            {
               "detectedID" : 1004,
               "detectedTime" : 2479.0500000000002,
               "entityID" : 13009,
               "height" : 1965.324032,
               "lla" : [ 120.53072589999999, -27.092313560000001, -236317.62950000001 ],
               "radarID" : 13009,
               "targetType" : 3,
               "trueID" : 799,
               "velocity" : [ -9.5235376259999995, -175.44907269999999, 243.16028689999999 ]
            }
         ]
      },
      {
         "radarID" : 13016,
         "tracks" : [
            {
               "detectedID" : 1004,
               "detectedTime" : 2479.0500000000002,
               "entityID" : 13016,
               "height" : 2015.91347,
               "lla" : [ 120.5307763, -27.092346639999999, -236257.61689999999 ],
               "radarID" : 13016,
               "targetType" : 3,
               "trueID" : 799,
               "velocity" : [ -9.5235376259999995, -175.44907269999999, 243.16028689999999 ]
            }
         ]
      }
   ],
   "terminator" : 0
}
