{
   "data" : [
      {
         "radarID" : 12938,
         "tracks" : [
            {
               "detectedID" : 1003,
               "detectedTime" : 2478.5,
               "entityID" : 12938,
               "height" : 2699.2520720000002,
               "lla" : [ 121.1470534, -27.512349820000001, -208893.43350000001 ],
               "radarID" : 12938,
               "targetType" : 3,
               "trueID" : 781,
               "velocity" : [ -218.7886221, -187.51044920000001, 83.494732229999997 ]
            }
         ]
      }
   ],
   "terminator" : 0
}
