{
   "data" : [
      {
         "radarID" : 12931,
         "tracks" : [
            {
               "detectedID" : 1003,
               "detectedTime" : 2488.5500000000002,
               "entityID" : 12931,
               "height" : 2724.4857069999998,
               "lla" : [ 121.17685179999999, -27.53252792, -208306.25450000001 ],
               "radarID" : 12931,
               "targetType" : 3,
               "trueID" : 781,
               "velocity" : [ -218.7265731, -187.61514099999999, 83.422090030000007 ]
            }
         ]
      },
      {
         "radarID" : 12938,
         "tracks" : [
            {
               "detectedID" : 1003,
               "detectedTime" : 2488.5500000000002,
               "entityID" : 12938,
               "height" : 2724.991638,
               "lla" : [ 121.1767973, -27.532491109999999, -208310.49059999999 ],
               "radarID" : 12938,
               "targetType" : 3,
               "trueID" : 781,
               "velocity" : [ -218.7265731, -187.61514099999999, 83.422090030000007 ]
            }
         ]
      },
      {
         "radarID" : 12974,
         "tracks" : [
            {
               "detectedID" : 1003,
               "detectedTime" : 2488.5500000000002,
               "entityID" : 12974,
               "height" : 2723.2770559999999,
               "lla" : [ 121.1768983, -27.53255936, -208302.83170000001 ],
               "radarID" : 12974,
               "targetType" : 3,
               "trueID" : 781,
               "velocity" : [ -218.7265731, -187.61514099999999, 83.422090030000007 ]
            }
         ]
      },
      {
         "radarID" : 13093,
         "tracks" : [
            {
               "detectedID" : 1005,
               "detectedTime" : 2488.5500000000002,
               "entityID" : 13093,
               "height" : 4682.674145,
               "lla" : [ 118.0743111, -25.358484310000001, -303008.64760000003 ],
               "radarID" : 13093,
               "targetType" : 3,
               "trueID" : 805,
               "velocity" : [ -41.161889850000001, -180.68472929999999, 235.9210195 ]
            }
         ]
      }
   ],
   "terminator" : 0
}
