{
   "data" : [
      {
         "radarID" : 12896,
         "tracks" : [
            {
               "detectedID" : 1002,
               "detectedTime" : 2492.9000000000001,
               "entityID" : 12896,
               "height" : 5001.3648069999999,
               "lla" : [ 119.11018060000001, -26.102315390000001, -322484.13870000001 ],
               "radarID" : 12896,
               "targetType" : 3,
               "trueID" : 793,
               "velocity" : [ 13.244346, -167.58195240000001, 248.47711469999999 ]
            }
         ]
      }
   ],
   "terminator" : 0
}
