{
   "data" : [
      {
         "radarID" : 12910,
         "tracks" : [
            {
               "detectedID" : 1003,
               "detectedTime" : 2496.0500000000002,
               "entityID" : 12910,
               "height" : 123.8195034,
               "lla" : [ 121.19848159999999, -27.54723203, -210368.1936 ],
               "radarID" : 12910,
               "targetType" : 3,
               "trueID" : 781,
               "velocity" : [ -218.6802357, -187.69324270000001, 83.367866609999993 ]
            }
         ]
      }
   ],
   "terminator" : 0
}
