{
   "data" : [
      {
         "radarID" : 12889,
         "tracks" : [
            {
               "detectedID" : 1001,
               "detectedTime" : 2493.0,
               "entityID" : 12889,
               "height" : 136.0261634,
               "lla" : [ 117.88622959999999, -25.223819209999998, -382800.90659999999 ],
               "radarID" : 12889,
               "targetType" : 3,
               "trueID" : 817,
               "velocity" : [ 103.40682959999999, -122.8830786, 253.3905614 ]
            }
         ]
      }
   ],
   "terminator" : 0
}
