{
   "data" : [
      {
         "radarID" : 12889,
         "tracks" : [
            {
               "detectedID" : 1005,
               "detectedTime" : 2494.3000000000002,
               "entityID" : 12889,
               "height" : 1640.5617360000001,
               "lla" : [ 118.08227239999999, -25.36434856, -306419.185 ],
               "radarID" : 12889,
               "targetType" : 3,
               "trueID" : 805,
               "velocity" : [ -41.128967490000001, -180.7464368, 235.8794896 ]
            }
         ]
      }
   ],
   "terminator" : 0
}
