{
   "data" : [
      {
         "radarID" : 12931,
         "tracks" : [
            {
               "detectedID" : 1006,
               "detectedTime" : 493.85000000000002,
               "entityID" : 12931,
               "height" : 5980.1273510000001,
               "lla" : [ 123.1614984, -28.84150726, -19016.783490000002 ],
               "radarID" : 12931,
               "targetType" : 3,
               "trueID" : 811,
               "velocity" : [ 263.72964339999999, 113.6741732, 86.745936830000005 ]
            }
         ]
      },
      {
         "radarID" : 12938,
         "tracks" : [
            {
               "detectedID" : 1006,
               "detectedTime" : 493.85000000000002,
               "entityID" : 12938,
               "height" : 5980.4976409999999,
               "lla" : [ 123.1615116, -28.841515780000002, -19014.905330000001 ],
               "radarID" : 12938,
               "targetType" : 3,
               "trueID" : 811,
               "velocity" : [ 263.72964339999999, 113.6741732, 86.745936830000005 ]
            }
         ]
      },
      {
         "radarID" : 12974,
         "tracks" : [
            {
               "detectedID" : 1006,
               "detectedTime" : 493.85000000000002,
               "entityID" : 12974,
               "height" : 5979.897543,
               "lla" : [ 123.1614962, -28.841505869999999, -19017.465370000002 ],
               "radarID" : 12974,
               "targetType" : 3,
               "trueID" : 811,
               "velocity" : [ 263.72964339999999, 113.6741732, 86.745936830000005 ]
            }
         ]
      }
   ],
   "terminator" : 0
}
