{
   "data" : [
      {
         "radarID" : 12896,
         "tracks" : [
            {
               "detectedID" : 1002,
               "detectedTime" : 2512.8000000000002,
               "entityID" : 12896,
               "height" : 5000.7509680000003,
               "lla" : [ 119.1247943, -26.112758759999998, -325337.31270000001 ],
               "radarID" : 12896,
               "targetType" : 3,
               "trueID" : 793,
               "velocity" : [ 13.361044570000001, -167.7914629, 248.32943330000001 ]
            }
         ]
      }
   ],
   "terminator" : 0
}
