{
   "data" : [
      {
         "radarID" : 12889,
         "tracks" : [
            {
               "detectedID" : 1006,
               "detectedTime" : 2515.4000000000001,
               "entityID" : 12889,
               "height" : 972.12456799999995,
               "lla" : [ 117.17941279999999, -24.704248029999999, -353237.03639999998 ],
               "radarID" : 12889,
               "targetType" : 3,
               "trueID" : 811,
               "velocity" : [ 276.0807039, 92.366737979999996, 72.441912349999996 ]
            }
         ]
      }
   ],
   "terminator" : 0
}
