{
   "data" : [
      {
         "radarID" : 12903,
         "tracks" : [
            {
               "detectedID" : 1004,
               "detectedTime" : 2517.3499999999999,
               "entityID" : 12903,
               "height" : 5000.0728479999998,
               "lla" : [ 120.5704293, -27.119645290000001, -238153.364 ],
               "radarID" : 12903,
               "targetType" : 3,
               "trueID" : 799,
               "velocity" : [ -9.2875964240000002, -175.8487992, 242.88050630000001 ]
            }
         ]
      },
      {
         "radarID" : 12917,
         "tracks" : [
            {
               "detectedID" : 1004,
               "detectedTime" : 2517.3499999999999,
               "entityID" : 12917,
               "height" : 495.37813390000002,
               "lla" : [ 120.5684802, -27.118422880000001, -242544.4736 ],
               "radarID" : 12917,
               "targetType" : 3,
               "trueID" : 799,
               "velocity" : [ -9.2875964240000002, -175.8487992, 242.88050630000001 ]
            }
         ]
      }
   ],
   "terminator" : 0
}
