{
   "data" : [
      {
         "radarID" : 12910,
         "tracks" : [
            {
               "detectedID" : 1004,
               "detectedTime" : 2527.25,
               "entityID" : 12910,
               "height" : 565.79926290000003,
               "lla" : [ 120.5786796, -27.125459070000002, -243715.9461 ],
               "radarID" : 12910,
               "targetType" : 3,
               "trueID" : 799,
               "velocity" : [ -9.2266044980000004, -175.95202939999999, 242.8080582 ]
            }
         ]
      }
   ],
   "terminator" : 0
}
