{
   "data" : [
      {
         "radarID" : 13009,
         "tracks" : [
            {
               "detectedID" : 1004,
               "detectedTime" : 2529.1500000000001,
               "entityID" : 13009,
               "height" : 2208.3466480000002,
               "lla" : [ 120.5819288, -27.12765546, -242400.4485 ],
               "radarID" : 13009,
               "targetType" : 3,
               "trueID" : 799,
               "velocity" : [ -9.2148987640000009, -175.9718369, 242.79414790000001 ]
            }
         ]
      },
      {
         "radarID" : 13016,
         "tracks" : [
            {
               "detectedID" : 1004,
               "detectedTime" : 2529.1500000000001,
               "entityID" : 13016,
               "height" : 2260.4148190000001,
               "lla" : [ 120.58192889999999, -27.12765422, -242350.277 ],
               "radarID" : 13016,
               "targetType" : 3,
               "trueID" : 799,
               "velocity" : [ -9.2148987640000009, -175.9718369, 242.79414790000001 ]
            }
         ]
      }
   ],
   "terminator" : 0
}
