{
   "data" : [
      {
         "radarID" : 12889,
         "tracks" : [
            {
               "detectedID" : 1006,
               "detectedTime" : 2535.4499999999998,
               "entityID" : 12889,
               "height" : 970.94708949999995,
               "lla" : [ 117.119006, -24.659632770000002, -356343.8124 ],
               "radarID" : 12889,
               "targetType" : 3,
               "trueID" : 811,
               "velocity" : [ 276.19092490000003, 92.150897790000002, 72.296507700000006 ]
            }
         ]
      },
      {
         "radarID" : 12896,
         "tracks" : [
            {
               "detectedID" : 1006,
               "detectedTime" : 2535.4499999999998,
               "entityID" : 12896,
               "height" : 5045.0712860000003,
               "lla" : [ 117.11944769999999, -24.659862560000001, -352565.96299999999 ],
               "radarID" : 12896,
               "targetType" : 3,
               "trueID" : 811,
               "velocity" : [ 276.19092490000003, 92.150897790000002, 72.296507700000006 ]
            }
         ]
      }
   ],
   "terminator" : 0
}
