{
   "data" : [
      {
         "radarID" : 12931,
         "tracks" : [
            {
               "detectedID" : 1003,
               "detectedTime" : 2538.75,
               "entityID" : 12931,
               "height" : 2845.0632230000001,
               "lla" : [ 121.326269, -27.63349762, -205324.89989999999 ],
               "radarID" : 12931,
               "targetType" : 3,
               "trueID" : 781,
               "velocity" : [ -218.41588949999999, -188.1374812, 83.058939129999999 ]
            }
         ]
      },
      {
         "radarID" : 12938,
         "tracks" : [
            {
               "detectedID" : 1003,
               "detectedTime" : 2538.75,
               "entityID" : 12938,
               "height" : 2844.645156,
               "lla" : [ 121.32630210000001, -27.6335199, -205322.04130000001 ],
               "radarID" : 12938,
               "targetType" : 3,
               "trueID" : 781,
               "velocity" : [ -218.41588949999999, -188.1374812, 83.058939129999999 ]
            }
         ]
      },
      {
         "radarID" : 12974,
         "tracks" : [
            {
               "detectedID" : 1003,
               "detectedTime" : 2538.75,
               "entityID" : 12974,
               "height" : 2844.477288,
               "lla" : [ 121.3262774, -27.633503319999999, -205324.31289999999 ],
               "radarID" : 12974,
               "targetType" : 3,
               "trueID" : 781,
               "velocity" : [ -218.41588949999999, -188.1374812, 83.058939129999999 ]
            }
         ]
      },
      {
         "radarID" : 13114,
         "tracks" : [
            {
               "detectedID" : 1005,
               "detectedTime" : 2538.75,
               "entityID" : 13114,
               "height" : 4841.4117370000004,
               "lla" : [ 118.1381478, -25.40490947, -308306.90360000002 ],
               "radarID" : 13114,
               "targetType" : 3,
               "trueID" : 805,
               "velocity" : [ -40.874365699999998, -181.2230098, 235.55786320000001 ]
            }
         ]
      }
   ],
   "terminator" : 0
}
