{
   "data" : [
      {
         "radarID" : 12896,
         "tracks" : [
            {
               "detectedID" : 1001,
               "detectedTime" : 2552.6500000000001,
               "entityID" : 12896,
               "height" : 4999.5715499999997,
               "lla" : [ 117.86167159999999, -25.20610082, -389531.87160000001 ],
               "radarID" : 12896,
               "targetType" : 3,
               "trueID" : 817,
               "velocity" : [ 103.7420764, -123.5170103, 252.94491450000001 ]
            }
         ]
      }
   ],
   "terminator" : 0
}
