{
   "data" : [
      {
         "radarID" : 12896,
         "tracks" : [
            {
               "detectedID" : 1002,
               "detectedTime" : 2552.6999999999998,
               "entityID" : 12896,
               "height" : 5001.74845,
               "lla" : [ 119.15434759999999, -26.133867429999999, -331059.50109999999 ],
               "radarID" : 12896,
               "targetType" : 3,
               "trueID" : 793,
               "velocity" : [ 13.59499083, -168.2110907, 248.03266959999999 ]
            }
         ]
      }
   ],
   "terminator" : 0
}
