{
   "data" : [
      {
         "radarID" : 12910,
         "tracks" : [
            {
               "detectedID" : 1003,
               "detectedTime" : 2565.3000000000002,
               "entityID" : 12910,
               "height" : 48.842782290000002,
               "lla" : [ 121.4049243, -27.686581149999999, -206420.41740000001 ],
               "radarID" : 12910,
               "targetType" : 3,
               "trueID" : 781,
               "velocity" : [ -218.25105310000001, -188.4133645, 82.866651379999993 ]
            }
         ]
      }
   ],
   "terminator" : 0
}
