{
   "data" : [
      {
         "radarID" : 12903,
         "tracks" : [
            {
               "detectedID" : 1003,
               "detectedTime" : 2564.9499999999998,
               "entityID" : 12903,
               "height" : 2906.6592770000002,
               "lla" : [ 121.4042695, -27.686069270000001, -203764.9032 ],
               "radarID" : 12903,
               "targetType" : 3,
               "trueID" : 781,
               "velocity" : [ -218.2532286, -188.409729, 82.869187449999998 ]
            }
         ]
      },
      {
         "radarID" : 12917,
         "tracks" : [
            {
               "detectedID" : 1003,
               "detectedTime" : 2564.9499999999998,
               "entityID" : 12917,
               "height" : 16.57924276,
               "lla" : [ 121.4043576, -27.68619816, -206380.54459999999 ],
               "radarID" : 12917,
               "targetType" : 3,
               "trueID" : 781,
               "velocity" : [ -218.2532286, -188.409729, 82.869187449999998 ]
            }
         ]
      }
   ],
   "terminator" : 0
}
