{
   "data" : [
      {
         "radarID" : 13107,
         "tracks" : [
            {
               "detectedID" : 1004,
               "detectedTime" : 2570.4000000000001,
               "entityID" : 13107,
               "height" : 5066.5232599999999,
               "lla" : [ 120.62462650000001, -27.15702546, -244816.31770000001 ],
               "radarID" : 13107,
               "targetType" : 3,
               "trueID" : 799,
               "velocity" : [ -8.9607442059999993, -176.40151929999999, 242.491668 ]
            }
         ]
      },
      {
         "radarID" : 13114,
         "tracks" : [
            {
               "detectedID" : 1004,
               "detectedTime" : 2570.4000000000001,
               "entityID" : 13114,
               "height" : 4253.3128909999996,
               "lla" : [ 120.6245085, -27.156965530000001, -245605.3554 ],
               "radarID" : 13114,
               "targetType" : 3,
               "trueID" : 799,
               "velocity" : [ -8.9607442059999993, -176.40151929999999, 242.491668 ]
            }
         ]
      }
   ],
   "terminator" : 0
}
