{
   "data" : [
      {
         "radarID" : 12896,
         "tracks" : [
            {
               "detectedID" : 1002,
               "detectedTime" : 2572.6500000000001,
               "entityID" : 12896,
               "height" : 5001.7512379999998,
               "lla" : [ 119.1691015, -26.144400990000001, -333930.90029999998 ],
               "radarID" : 12896,
               "targetType" : 3,
               "trueID" : 793,
               "velocity" : [ 13.711945350000001, -168.42068140000001, 247.88395800000001 ]
            }
         ]
      }
   ],
   "terminator" : 0
}
