{
   "data" : [
      {
         "radarID" : 13009,
         "tracks" : [
            {
               "detectedID" : 1003,
               "detectedTime" : 2569.9499999999998,
               "entityID" : 13009,
               "height" : 1411.975201,
               "lla" : [ 121.4191252, -27.69611046, -204943.7323 ],
               "radarID" : 13009,
               "targetType" : 3,
               "trueID" : 781,
               "velocity" : [ -218.2221433, -188.46166149999999, 82.832954400000006 ]
            }
         ]
      }
   ],
   "terminator" : 0
}
