{
   "data" : [
      {
         "radarID" : 12917,
         "tracks" : [
            {
               "detectedID" : 1003,
               "detectedTime" : 2584.25,
               "entityID" : 12917,
               "height" : 15.45502166,
               "lla" : [ 121.4632014, -27.72579653, -205228.1342 ],
               "radarID" : 12917,
               "targetType" : 3,
               "trueID" : 781,
               "velocity" : [ -218.13315030000001, -188.61016839999999, 82.729276229999996 ]
            }
         ]
      }
   ],
   "terminator" : 0
}
