{
   "data" : [
      {
         "radarID" : 12896,
         "tracks" : [
            {
               "detectedID" : 1006,
               "detectedTime" : 2585.6500000000001,
               "entityID" : 12896,
               "height" : 5022.3902539999999,
               "lla" : [ 116.9682766, -24.54796481, -360338.63699999999 ],
               "radarID" : 12896,
               "targetType" : 3,
               "trueID" : 811,
               "velocity" : [ 276.46585420000002, 91.610054550000001, 71.932116250000007 ]
            }
         ]
      }
   ],
   "terminator" : 0
}
