{
   "data" : [
      {
         "radarID" : 12995,
         "tracks" : [
            {
               "detectedID" : 1003,
               "detectedTime" : 2590.1999999999998,
               "entityID" : 12995,
               "height" : 3088.3431529999998,
               "lla" : [ 121.47951500000001, -27.736691530000002, -202141.9449 ],
               "radarID" : 12995,
               "targetType" : 3,
               "trueID" : 781,
               "velocity" : [ -218.0960729, -188.67196749999999, 82.686103320000001 ]
            }
         ]
      }
   ],
   "terminator" : 0
}
