{
   "data" : [
      {
         "radarID" : 13030,
         "tracks" : [
            {
               "detectedID" : 1002,
               "detectedTime" : 502.5,
               "entityID" : 13030,
               "height" : 1146.789293,
               "lla" : [ 122.7377841, -28.564829899999999, 31769.92669 ],
               "radarID" : 13030,
               "targetType" : 3,
               "trueID" : 793,
               "velocity" : [ 249.3160925, 62.18543871, 154.836873 ]
            }
         ]
      },
      {
         "radarID" : 13044,
         "tracks" : [
            {
               "detectedID" : 1002,
               "detectedTime" : 502.5,
               "entityID" : 13044,
               "height" : 1162.940981,
               "lla" : [ 122.7377379, -28.56479938, 31783.03962 ],
               "radarID" : 13044,
               "targetType" : 3,
               "trueID" : 793,
               "velocity" : [ 249.3160925, 62.18543871, 154.836873 ]
            }
         ]
      }
   ],
   "terminator" : 0
}
