{
   "data" : [
      {
         "radarID" : 12924,
         "tracks" : [
            {
               "detectedID" : 1002,
               "detectedTime" : 2597.5,
               "entityID" : 12924,
               "height" : 2294.4437280000002,
               "lla" : [ 119.1866672, -26.157011319999999, -340100.40029999998 ],
               "radarID" : 12924,
               "targetType" : 3,
               "trueID" : 793,
               "velocity" : [ 13.85760835, -168.68154269999999, 247.69841310000001 ]
            }
         ]
      }
   ],
   "terminator" : 0
}
