{
   "data" : [
      {
         "radarID" : 12988,
         "tracks" : [
            {
               "detectedID" : 1003,
               "detectedTime" : 2599.6500000000001,
               "entityID" : 12988,
               "height" : 2997.0199950000001,
               "lla" : [ 121.5076459, -27.75559865, -201697.07279999999 ],
               "radarID" : 12988,
               "targetType" : 3,
               "trueID" : 781,
               "velocity" : [ -218.03705980000001, -188.770239, 82.617415940000001 ]
            }
         ]
      }
   ],
   "terminator" : 0
}
