{
   "data" : [
      {
         "radarID" : 13079,
         "tracks" : [
            {
               "detectedID" : 1004,
               "detectedTime" : 502.94999999999999,
               "entityID" : 13079,
               "height" : 4986.4544470000001,
               "lla" : [ 122.56392649999999, -28.45145226, 15146.60536 ],
               "radarID" : 13079,
               "targetType" : 3,
               "trueID" : 799,
               "velocity" : [ 117.0960049, -91.162222549999996, 260.72586139999999 ]
            }
         ]
      },
      {
         "radarID" : 13086,
         "tracks" : [
            {
               "detectedID" : 1004,
               "detectedTime" : 502.94999999999999,
               "entityID" : 13086,
               "height" : 4985.3807749999996,
               "lla" : [ 122.5638835, -28.45142414, 15142.709989999999 ],
               "radarID" : 13086,
               "targetType" : 3,
               "trueID" : 799,
               "velocity" : [ 117.0960049, -91.162222549999996, 260.72586139999999 ]
            }
         ]
      }
   ],
   "terminator" : 0
}
