{
   "data" : [
      {
         "radarID" : 12896,
         "tracks" : [
            {
               "detectedID" : 1005,
               "detectedTime" : 2614.0500000000002,
               "entityID" : 12896,
               "height" : 5000.8711309999999,
               "lla" : [ 118.2337845, -25.474349239999999, -316435.185 ],
               "radarID" : 12896,
               "targetType" : 3,
               "trueID" : 805,
               "velocity" : [ -40.4426682, -182.02850979999999, 235.01066399999999 ]
            }
         ]
      }
   ],
   "terminator" : 0
}
