{
   "data" : [
      {
         "radarID" : 12981,
         "tracks" : [
            {
               "detectedID" : 1006,
               "detectedTime" : 503.14999999999998,
               "entityID" : 12981,
               "height" : 1699.471587,
               "lla" : [ 123.1359463, -28.825125979999999, -24752.533449999999 ],
               "radarID" : 12981,
               "targetType" : 3,
               "trueID" : 811,
               "velocity" : [ 263.7920014, 113.57834010000001, 86.681835910000004 ]
            }
         ]
      },
      {
         "radarID" : 13079,
         "tracks" : [
            {
               "detectedID" : 1002,
               "detectedTime" : 503.14999999999998,
               "entityID" : 13079,
               "height" : 5006.6578149999996,
               "lla" : [ 122.7347675, -28.562766669999998, 35457.641459999999 ],
               "radarID" : 13079,
               "targetType" : 3,
               "trueID" : 793,
               "velocity" : [ 249.3204705, 62.178627499999997, 154.83255879999999 ]
            }
         ]
      },
      {
         "radarID" : 13086,
         "tracks" : [
            {
               "detectedID" : 1002,
               "detectedTime" : 503.14999999999998,
               "entityID" : 13086,
               "height" : 5007.0278850000004,
               "lla" : [ 122.7347829, -28.56277669, 35459.232770000002 ],
               "radarID" : 13086,
               "targetType" : 3,
               "trueID" : 793,
               "velocity" : [ 249.3204705, 62.178627499999997, 154.83255879999999 ]
            }
         ]
      }
   ],
   "terminator" : 0
}
