{
   "data" : [
      {
         "radarID" : 12917,
         "tracks" : [
            {
               "detectedID" : 1002,
               "detectedTime" : 2618.0999999999999,
               "entityID" : 12917,
               "height" : 3958.6232140000002,
               "lla" : [ 119.2024732, -26.168243350000001, -341493.83590000001 ],
               "radarID" : 12917,
               "targetType" : 3,
               "trueID" : 793,
               "velocity" : [ 13.97834492, -168.89761559999999, 247.54434209999999 ]
            }
         ]
      }
   ],
   "terminator" : 0
}
