{
   "data" : [
      {
         "radarID" : 12896,
         "tracks" : [
            {
               "detectedID" : 1005,
               "detectedTime" : 2624.0,
               "entityID" : 12896,
               "height" : 5002.0658530000001,
               "lla" : [ 118.2465285, -25.48359189, -317521.31699999998 ],
               "radarID" : 12896,
               "targetType" : 3,
               "trueID" : 805,
               "velocity" : [ -40.385587829999999, -182.13477420000001, 234.9381372 ]
            }
         ]
      }
   ],
   "terminator" : 0
}
