{
   "data" : [
      {
         "radarID" : 12910,
         "tracks" : [
            {
               "detectedID" : 1004,
               "detectedTime" : 2627.8000000000002,
               "entityID" : 12910,
               "height" : 449.78438019999999,
               "lla" : [ 120.68150249999999, -27.19633378, -256631.26000000001 ],
               "radarID" : 12910,
               "targetType" : 3,
               "trueID" : 799,
               "velocity" : [ -8.6070291450000003, -176.9983234, 242.069231 ]
            }
         ]
      }
   ],
   "terminator" : 0
}
