{
   "data" : [
      {
         "radarID" : 12889,
         "tracks" : [
            {
               "detectedID" : 1006,
               "detectedTime" : 2645.9000000000001,
               "entityID" : 12889,
               "height" : 960.81514990000005,
               "lla" : [ 116.8468561, -24.45800079, -373095.13400000002 ],
               "radarID" : 12889,
               "targetType" : 3,
               "trueID" : 811,
               "velocity" : [ -9.0598725140000003, -170.90400700000001, 246.39346399999999 ]
            }
         ]
      },
      {
         "radarID" : 12924,
         "tracks" : [
            {
               "detectedID" : 1004,
               "detectedTime" : 2645.9000000000001,
               "entityID" : 12924,
               "height" : 210.24321409999999,
               "lla" : [ 120.7005948, -27.209475250000001, -258998.90770000001 ],
               "radarID" : 12924,
               "targetType" : 3,
               "trueID" : 799,
               "velocity" : [ -8.4954777369999999, -177.18624869999999, 241.93565290000001 ]
            }
         ]
      }
   ],
   "terminator" : 0
}
