{
   "data" : [
      {
         "radarID" : 12889,
         "tracks" : [
            {
               "detectedID" : 1005,
               "detectedTime" : 2643.8499999999999,
               "entityID" : 12889,
               "height" : 1109.1448270000001,
               "lla" : [ 118.2727541, -25.502696969999999, -323306.27309999999 ],
               "radarID" : 12889,
               "targetType" : 3,
               "trueID" : 805,
               "velocity" : [ -40.271688490000003, -182.3466482, 234.79329419999999 ]
            }
         ]
      }
   ],
   "terminator" : 0
}
