{
   "data" : [
      {
         "radarID" : 12924,
         "tracks" : [
            {
               "detectedID" : 1002,
               "detectedTime" : 2647.6500000000001,
               "entityID" : 12924,
               "height" : 2221.5294079999999,
               "lla" : [ 119.22376269999999, -26.18347481, -347431.52130000002 ],
               "radarID" : 12924,
               "targetType" : 3,
               "trueID" : 793,
               "velocity" : [ 14.151515509999999, -169.20728990000001, 247.32292179999999 ]
            }
         ]
      }
   ],
   "terminator" : 0
}
