{
   "data" : [
      {
         "radarID" : 13016,
         "tracks" : [
            {
               "detectedID" : 1004,
               "detectedTime" : 2649.3499999999999,
               "entityID" : 13016,
               "height" : 2990.5441049999999,
               "lla" : [ 120.70533, -27.212662000000002, -256902.9982 ],
               "radarID" : 13016,
               "targetType" : 3,
               "trueID" : 799,
               "velocity" : [ -8.4742143569999993, -177.22205439999999, 241.91017160000001 ]
            }
         ]
      }
   ],
   "terminator" : 0
}
