{
   "data" : [
      {
         "radarID" : 12995,
         "tracks" : [
            {
               "detectedID" : 1004,
               "detectedTime" : 2659.4000000000001,
               "entityID" : 12995,
               "height" : 4731.5638040000003,
               "lla" : [ 120.7159345, -27.21991139, -256471.75459999999 ],
               "radarID" : 12995,
               "targetType" : 3,
               "trueID" : 799,
               "velocity" : [ -8.4122716470000007, -177.32633179999999, 241.83590670000001 ]
            }
         ]
      },
      {
         "radarID" : 13002,
         "tracks" : [
            {
               "detectedID" : 1004,
               "detectedTime" : 2659.4000000000001,
               "entityID" : 13002,
               "height" : 2220.9875310000002,
               "lla" : [ 120.7155788, -27.219733890000001, -258941.9234 ],
               "radarID" : 13002,
               "targetType" : 3,
               "trueID" : 799,
               "velocity" : [ -8.4122716470000007, -177.32633179999999, 241.83590670000001 ]
            }
         ]
      },
      {
         "radarID" : 13009,
         "tracks" : [
            {
               "detectedID" : 1004,
               "detectedTime" : 2659.4000000000001,
               "entityID" : 13009,
               "height" : 3006.5295729999998,
               "lla" : [ 120.7156787, -27.219781959999999, -258181.17430000001 ],
               "radarID" : 13009,
               "targetType" : 3,
               "trueID" : 799,
               "velocity" : [ -8.4122716470000007, -177.32633179999999, 241.83590670000001 ]
            }
         ]
      },
      {
         "radarID" : 13016,
         "tracks" : [
            {
               "detectedID" : 1004,
               "detectedTime" : 2659.4000000000001,
               "entityID" : 13016,
               "height" : 3061.1022549999998,
               "lla" : [ 120.7156801, -27.219781309999998, -258122.83730000001 ],
               "radarID" : 13016,
               "targetType" : 3,
               "trueID" : 799,
               "velocity" : [ -8.4122716470000007, -177.32633179999999, 241.83590670000001 ]
            }
         ]
      }
   ],
   "terminator" : 0
}
