{
   "data" : [
      {
         "radarID" : 12988,
         "tracks" : [
            {
               "detectedID" : 1003,
               "detectedTime" : 2659.6500000000001,
               "entityID" : 12988,
               "height" : 3006.5317770000001,
               "lla" : [ 121.5200198, -27.76390997, -201446.75690000001 ],
               "radarID" : 12988,
               "targetType" : 3,
               "trueID" : 781,
               "velocity" : [ -218.01035719999999, -188.8146697, 82.586346860000006 ]
            }
         ]
      }
   ],
   "terminator" : 0
}
