{
   "data" : [
      {
         "radarID" : 12974,
         "tracks" : [
            {
               "detectedID" : 1004,
               "detectedTime" : 2668.75,
               "entityID" : 12974,
               "height" : 5007.5572490000004,
               "lla" : [ 120.72552109999999, -27.226498880000001, -257410.6905 ],
               "radarID" : 12974,
               "targetType" : 3,
               "trueID" : 799,
               "velocity" : [ -8.3546411939999992, -177.42331129999999, 241.7667648 ]
            }
         ]
      }
   ],
   "terminator" : 0
}
