{
   "data" : [
      {
         "radarID" : 12910,
         "tracks" : [
            {
               "detectedID" : 1004,
               "detectedTime" : 2668.0500000000002,
               "entityID" : 12910,
               "height" : 443.51866999999999,
               "lla" : [ 120.7229699, -27.224869810000001, -261790.32620000001 ],
               "radarID" : 12910,
               "targetType" : 3,
               "trueID" : 799,
               "velocity" : [ -8.3589558480000008, -177.41605190000001, 241.7719429 ]
            }
         ]
      }
   ],
   "terminator" : 0
}
