{
   "data" : [
      {
         "radarID" : 12903,
         "tracks" : [
            {
               "detectedID" : 1003,
               "detectedTime" : 2673.6999999999998,
               "entityID" : 12903,
               "height" : 3000.1088930000001,
               "lla" : [ 121.52003209999999, -27.763918050000001, -201439.96710000001 ],
               "radarID" : 12903,
               "targetType" : 3,
               "trueID" : 781,
               "velocity" : [ -218.01035719999999, -188.8146697, 82.586346860000006 ]
            }
         ]
      }
   ],
   "terminator" : 0
}
