{
   "data" : [
      {
         "radarID" : 12896,
         "tracks" : [
            {
               "detectedID" : 1005,
               "detectedTime" : 2673.8499999999999,
               "entityID" : 12896,
               "height" : 5002.3018190000003,
               "lla" : [ 118.3101874, -25.529725549999998, -323021.37349999999 ],
               "radarID" : 12896,
               "targetType" : 3,
               "trueID" : 805,
               "velocity" : [ -40.099484279999999, -182.66655510000001, 234.57399899999999 ]
            }
         ]
      }
   ],
   "terminator" : 0
}
