{
   "data" : [
      {
         "radarID" : 12896,
         "tracks" : [
            {
               "detectedID" : 1005,
               "detectedTime" : 2683.8000000000002,
               "entityID" : 12896,
               "height" : 5001.5624040000002,
               "lla" : [ 118.32286310000001, -25.538904509999998, -324128.1863 ],
               "radarID" : 12896,
               "targetType" : 3,
               "trueID" : 805,
               "velocity" : [ -40.042352889999997, -182.7725762, 234.5011628 ]
            }
         ]
      }
   ],
   "terminator" : 0
}
