{
   "data" : [
      {
         "radarID" : 12896,
         "tracks" : [
            {
               "detectedID" : 1001,
               "detectedTime" : 2681.1500000000001,
               "entityID" : 12896,
               "height" : 4999.7571520000001,
               "lla" : [ 117.815331, -25.172945120000001, -413648.38689999998 ],
               "radarID" : 12896,
               "targetType" : 3,
               "trueID" : 817,
               "velocity" : [ 104.46146, -124.8792626, 251.97812039999999 ]
            }
         ]
      }
   ],
   "terminator" : 0
}
