{
   "data" : [
      {
         "radarID" : 12889,
         "tracks" : [
            {
               "detectedID" : 1005,
               "detectedTime" : 2683.6999999999998,
               "entityID" : 12889,
               "height" : 1021.130673,
               "lla" : [ 118.3237968, -25.539674189999999, -327789.34389999998 ],
               "radarID" : 12889,
               "targetType" : 3,
               "trueID" : 805,
               "velocity" : [ -40.042927110000001, -182.77151090000001, 234.50189510000001 ]
            }
         ]
      },
      {
         "radarID" : 12903,
         "tracks" : [
            {
               "detectedID" : 1003,
               "detectedTime" : 2683.6999999999998,
               "entityID" : 12903,
               "height" : 3000.0838880000001,
               "lla" : [ 121.52003120000001, -27.763917459999998, -201440.073 ],
               "radarID" : 12903,
               "targetType" : 3,
               "trueID" : 781,
               "velocity" : [ -218.01035719999999, -188.8146697, 82.586346860000006 ]
            }
         ]
      }
   ],
   "terminator" : 0
}
