{
   "data" : [
      {
         "radarID" : 12896,
         "tracks" : [
            {
               "detectedID" : 1002,
               "detectedTime" : 2692.3000000000002,
               "entityID" : 12896,
               "height" : 5000.842431,
               "lla" : [ 119.257823, -26.207676859999999, -351258.19150000002 ],
               "radarID" : 12896,
               "targetType" : 3,
               "trueID" : 793,
               "velocity" : [ 14.413130840000001, -169.6745995, 246.9874327 ]
            }
         ]
      }
   ],
   "terminator" : 0
}
