{
   "data" : [
      {
         "radarID" : 13030,
         "tracks" : [
            {
               "detectedID" : 1005,
               "detectedTime" : 511.30000000000001,
               "entityID" : 13030,
               "height" : 2396.5047800000002,
               "lla" : [ 122.84374699999999, -28.63547861, -28049.67628 ],
               "radarID" : 13030,
               "targetType" : 3,
               "trueID" : 805,
               "velocity" : [ 263.14498459999999, 133.59059579999999, 53.928376360000001 ]
            }
         ]
      },
      {
         "radarID" : 13037,
         "tracks" : [
            {
               "detectedID" : 1005,
               "detectedTime" : 511.30000000000001,
               "entityID" : 13037,
               "height" : 2350.9230769999999,
               "lla" : [ 122.8437126, -28.635457410000001, -28096.10166 ],
               "radarID" : 13037,
               "targetType" : 3,
               "trueID" : 805,
               "velocity" : [ 263.14498459999999, 133.59059579999999, 53.928376360000001 ]
            }
         ]
      },
      {
         "radarID" : 13044,
         "tracks" : [
            {
               "detectedID" : 1005,
               "detectedTime" : 511.30000000000001,
               "entityID" : 13044,
               "height" : 2434.815259,
               "lla" : [ 122.8439353, -28.63560026, -28008.134020000001 ],
               "radarID" : 13044,
               "targetType" : 3,
               "trueID" : 805,
               "velocity" : [ 263.14498459999999, 133.59059579999999, 53.928376360000001 ]
            }
         ]
      }
   ],
   "terminator" : 0
}
