{
   "data" : [
      {
         "radarID" : 12924,
         "tracks" : [
            {
               "detectedID" : 1004,
               "detectedTime" : 2696.0500000000002,
               "entityID" : 12924,
               "height" : 109.53196269999999,
               "lla" : [ 120.7514147, -27.24443381, -265506.8296 ],
               "radarID" : 12924,
               "targetType" : 3,
               "trueID" : 799,
               "velocity" : [ -8.1863594440000007, -177.70628110000001, 241.5646107 ]
            }
         ]
      }
   ],
   "terminator" : 0
}
