{
   "data" : [
      {
         "radarID" : 12903,
         "tracks" : [
            {
               "detectedID" : 1003,
               "detectedTime" : 2693.6999999999998,
               "entityID" : 12903,
               "height" : 3000.1199390000002,
               "lla" : [ 121.5200325, -27.763918310000001, -201439.9204 ],
               "radarID" : 12903,
               "targetType" : 3,
               "trueID" : 781,
               "velocity" : [ -218.01035719999999, -188.8146697, 82.586346860000006 ]
            }
         ]
      }
   ],
   "terminator" : 0
}
