{
   "data" : [
      {
         "radarID" : 12889,
         "tracks" : [
            {
               "detectedID" : 1006,
               "detectedTime" : 2695.9499999999998,
               "entityID" : 12889,
               "height" : 727.32604219999996,
               "lla" : [ 116.8914307, -24.49134978, -379895.87569999998 ],
               "radarID" : 12889,
               "targetType" : 3,
               "trueID" : 811,
               "velocity" : [ -8.7858094399999995, -171.4448534, 246.02738009999999 ]
            }
         ]
      }
   ],
   "terminator" : 0
}
