{
   "data" : [
      {
         "radarID" : 12924,
         "tracks" : [
            {
               "detectedID" : 1002,
               "detectedTime" : 2697.8000000000002,
               "entityID" : 12924,
               "height" : 2184.0464160000001,
               "lla" : [ 119.2610742, -26.210070219999999, -354753.90059999999 ],
               "radarID" : 12924,
               "targetType" : 3,
               "trueID" : 793,
               "velocity" : [ 14.445353430000001, -169.73211319999999, 246.9460296 ]
            }
         ]
      }
   ],
   "terminator" : 0
}
