{
   "data" : [
      {
         "radarID" : 13065,
         "tracks" : [
            {
               "detectedID" : 1001,
               "detectedTime" : 511.64999999999998,
               "entityID" : 13065,
               "height" : 5760.6635619999997,
               "lla" : [ 122.68014359999999, -28.52901477, -41424.557229999999 ],
               "radarID" : 13065,
               "targetType" : 3,
               "trueID" : 817,
               "velocity" : [ 264.5099816, 108.1400225, 91.324723910000003 ]
            }
         ]
      }
   ],
   "terminator" : 0
}
