{
   "data" : [
      {
         "radarID" : 13058,
         "tracks" : [
            {
               "detectedID" : 1006,
               "detectedTime" : 511.69999999999999,
               "entityID" : 13058,
               "height" : 5970.0194160000001,
               "lla" : [ 123.109499, -28.80793791, -22057.183499999999 ],
               "radarID" : 13058,
               "targetType" : 3,
               "trueID" : 811,
               "velocity" : [ 263.84928600000001, 113.4902165, 86.622889740000005 ]
            }
         ]
      },
      {
         "radarID" : 13079,
         "tracks" : [
            {
               "detectedID" : 1001,
               "detectedTime" : 511.69999999999999,
               "entityID" : 13079,
               "height" : 5761.11438,
               "lla" : [ 122.6800123, -28.52892911, -41432.837870000003 ],
               "radarID" : 13079,
               "targetType" : 3,
               "trueID" : 817,
               "velocity" : [ 264.51031239999998, 108.1395047, 91.324378670000002 ]
            }
         ]
      },
      {
         "radarID" : 13086,
         "tracks" : [
            {
               "detectedID" : 1001,
               "detectedTime" : 511.69999999999999,
               "entityID" : 13086,
               "height" : 5761.6724020000001,
               "lla" : [ 122.6800357, -28.5289444, -41431.776530000003 ],
               "radarID" : 13086,
               "targetType" : 3,
               "trueID" : 817,
               "velocity" : [ 264.51031239999998, 108.1395047, 91.324378670000002 ]
            }
         ]
      }
   ],
   "terminator" : 0
}
