{
   "data" : [
      {
         "radarID" : 13065,
         "tracks" : [
            {
               "detectedID" : 1005,
               "detectedTime" : 511.89999999999998,
               "entityID" : 13065,
               "height" : 5616.6426750000001,
               "lla" : [ 122.84093970000001, -28.633569439999999, -24934.14615 ],
               "radarID" : 13065,
               "targetType" : 3,
               "trueID" : 805,
               "velocity" : [ 263.14898049999999, 133.58438670000001, 53.924258850000001 ]
            }
         ]
      },
      {
         "radarID" : 13079,
         "tracks" : [
            {
               "detectedID" : 1006,
               "detectedTime" : 511.89999999999998,
               "entityID" : 13079,
               "height" : 5970.5423739999997,
               "lla" : [ 123.10896700000001, -28.80759428, -22089.83943 ],
               "radarID" : 13079,
               "targetType" : 3,
               "trueID" : 811,
               "velocity" : [ 263.85062549999998, 113.4881549, 86.621510720000003 ]
            }
         ]
      },
      {
         "radarID" : 13086,
         "tracks" : [
            {
               "detectedID" : 1005,
               "detectedTime" : 511.89999999999998,
               "entityID" : 13086,
               "height" : 5620.6285079999998,
               "lla" : [ 122.84112759999999, -28.633691639999999, -24924.999820000001 ],
               "radarID" : 13086,
               "targetType" : 3,
               "trueID" : 805,
               "velocity" : [ 263.14898049999999, 133.58438670000001, 53.924258850000001 ]
            }
         ]
      }
   ],
   "terminator" : 0
}
