{
   "data" : [
      {
         "radarID" : 13135,
         "tracks" : [
            {
               "detectedID" : 1004,
               "detectedTime" : 512.0,
               "entityID" : 13135,
               "height" : 3025.4636650000002,
               "lla" : [ 122.5601198, -28.449045269999999, 11582.8007 ],
               "radarID" : 13135,
               "targetType" : 3,
               "trueID" : 799,
               "velocity" : [ 117.1568415, -91.25744177, 260.66521399999999 ]
            }
         ]
      },
      {
         "radarID" : 13142,
         "tracks" : [
            {
               "detectedID" : 1004,
               "detectedTime" : 512.0,
               "entityID" : 13142,
               "height" : 4991.500274,
               "lla" : [ 122.55945920000001, -28.448562760000002, 13531.875969999999 ],
               "radarID" : 13142,
               "targetType" : 3,
               "trueID" : 799,
               "velocity" : [ 117.1568415, -91.25744177, 260.66521399999999 ]
            }
         ]
      }
   ],
   "terminator" : 0
}
