{
   "data" : [
      {
         "radarID" : 12910,
         "tracks" : [
            {
               "detectedID" : 1006,
               "detectedTime" : 514.0,
               "entityID" : 12910,
               "height" : 5857.8193439999995,
               "lla" : [ 123.1030093, -28.803748330000001, -22550.424040000002 ],
               "radarID" : 12910,
               "targetType" : 3,
               "trueID" : 811,
               "velocity" : [ 263.86468869999999, 113.4665076, 86.607030480000006 ]
            }
         ]
      }
   ],
   "terminator" : 0
}
