{
   "data" : [
      {
         "radarID" : 13009,
         "tracks" : [
            {
               "detectedID" : 1004,
               "detectedTime" : 514.04999999999995,
               "entityID" : 13009,
               "height" : 3212.0068040000001,
               "lla" : [ 122.5586165, -28.448063569999999, 11410.59078 ],
               "radarID" : 13009,
               "targetType" : 3,
               "trueID" : 799,
               "velocity" : [ 117.17062079999999, -91.279010970000002, 260.65146800000002 ]
            }
         ]
      }
   ],
   "terminator" : 0
}
