{
   "data" : [
      {
         "radarID" : 13030,
         "tracks" : [
            {
               "detectedID" : 1001,
               "detectedTime" : 521.04999999999995,
               "entityID" : 13030,
               "height" : 2431.1349150000001,
               "lla" : [ 122.6538475, -28.511935780000002, -46356.846989999998 ],
               "radarID" : 13030,
               "targetType" : 3,
               "trueID" : 817,
               "velocity" : [ 264.57215910000002, 108.0426751, 91.259810369999997 ]
            }
         ]
      },
      {
         "radarID" : 13037,
         "tracks" : [
            {
               "detectedID" : 1001,
               "detectedTime" : 521.04999999999995,
               "entityID" : 13037,
               "height" : 2384.9912429999999,
               "lla" : [ 122.6538371, -28.51193013, -46402.373050000002 ],
               "radarID" : 13037,
               "targetType" : 3,
               "trueID" : 817,
               "velocity" : [ 264.57215910000002, 108.0426751, 91.259810369999997 ]
            }
         ]
      },
      {
         "radarID" : 13044,
         "tracks" : [
            {
               "detectedID" : 1001,
               "detectedTime" : 521.04999999999995,
               "entityID" : 13044,
               "height" : 2469.2590019999998,
               "lla" : [ 122.65371639999999, -28.51184902, -46319.81179 ],
               "radarID" : 13044,
               "targetType" : 3,
               "trueID" : 817,
               "velocity" : [ 264.57215910000002, 108.0426751, 91.259810369999997 ]
            }
         ]
      }
   ],
   "terminator" : 0
}
