{
   "data" : [
      {
         "radarID" : 13072,
         "tracks" : [
            {
               "detectedID" : 1006,
               "detectedTime" : 522.39999999999998,
               "entityID" : 13072,
               "height" : 5967.9790489999996,
               "lla" : [ 123.0785284, -28.787924350000001, -23868.501660000002 ],
               "radarID" : 13072,
               "targetType" : 3,
               "trueID" : 811,
               "velocity" : [ 263.9209156, 113.3799075, 86.549101059999998 ]
            }
         ]
      },
      {
         "radarID" : 13114,
         "tracks" : [
            {
               "detectedID" : 1001,
               "detectedTime" : 522.39999999999998,
               "entityID" : 13114,
               "height" : 5321.49964,
               "lla" : [ 122.6493315, -28.508911250000001, -43692.91635 ],
               "radarID" : 13114,
               "targetType" : 3,
               "trueID" : 817,
               "velocity" : [ 264.5810846, 108.02869269999999, 91.250486210000005 ]
            }
         ]
      }
   ],
   "terminator" : 0
}
