{
   "data" : [
      {
         "radarID" : 13079,
         "tracks" : [
            {
               "detectedID" : 1004,
               "detectedTime" : 522.89999999999998,
               "entityID" : 13079,
               "height" : 4994.5065320000003,
               "lla" : [ 122.553866, -28.444942879999999, 11580.20552 ],
               "radarID" : 13079,
               "targetType" : 3,
               "trueID" : 799,
               "velocity" : [ 117.2301052, -91.372133610000006, 260.59208669999998 ]
            }
         ]
      },
      {
         "radarID" : 13086,
         "tracks" : [
            {
               "detectedID" : 1004,
               "detectedTime" : 522.89999999999998,
               "entityID" : 13086,
               "height" : 4994.0093880000004,
               "lla" : [ 122.553856, -28.44493636, 11579.043820000001 ],
               "radarID" : 13086,
               "targetType" : 3,
               "trueID" : 799,
               "velocity" : [ 117.2301052, -91.372133610000006, 260.59208669999998 ]
            }
         ]
      }
   ],
   "terminator" : 0
}
