{
   "data" : [
      {
         "radarID" : 12981,
         "tracks" : [
            {
               "detectedID" : 1006,
               "detectedTime" : 523.14999999999998,
               "entityID" : 12981,
               "height" : 1564.7162499999999,
               "lla" : [ 123.0778112, -28.787573070000001, -28273.90093 ],
               "radarID" : 12981,
               "targetType" : 3,
               "trueID" : 811,
               "velocity" : [ 263.92593390000002, 113.37217440000001, 86.543928129999998 ]
            }
         ]
      },
      {
         "radarID" : 13079,
         "tracks" : [
            {
               "detectedID" : 1002,
               "detectedTime" : 523.14999999999998,
               "entityID" : 13079,
               "height" : 5005.8462399999999,
               "lla" : [ 122.6852689, -28.53050975, 31622.070049999998 ],
               "radarID" : 13079,
               "targetType" : 3,
               "trueID" : 793,
               "velocity" : [ 249.45506560000001, 61.969024040000001, 154.69974250000001 ]
            }
         ]
      },
      {
         "radarID" : 13086,
         "tracks" : [
            {
               "detectedID" : 1002,
               "detectedTime" : 523.14999999999998,
               "entityID" : 13086,
               "height" : 5008.0297200000005,
               "lla" : [ 122.68535, -28.530562629999999, 31630.446759999999 ],
               "radarID" : 13086,
               "targetType" : 3,
               "trueID" : 793,
               "velocity" : [ 249.45506560000001, 61.969024040000001, 154.69974250000001 ]
            }
         ]
      }
   ],
   "terminator" : 0
}
