{
   "data" : [
      {
         "radarID" : 13065,
         "tracks" : [
            {
               "detectedID" : 1002,
               "detectedTime" : 74.099999999999994,
               "entityID" : 13065,
               "height" : 4597.2598820000003,
               "lla" : [ 122.3918185, -28.337114920000001, 64249.20203 ],
               "radarID" : 13065,
               "targetType" : 3,
               "trueID" : 793,
               "velocity" : [ -145.11370959999999, -196.64490269999999, 173.9907857 ]
            }
         ]
      }
   ],
   "terminator" : 0
}
