{
   "data" : [
      {
         "radarID" : 12931,
         "tracks" : [
            {
               "detectedID" : 1004,
               "detectedTime" : 524.70000000000005,
               "entityID" : 12931,
               "height" : 4991.9508020000003,
               "lla" : [ 122.5529105, -28.44432552, 11205.393599999999 ],
               "radarID" : 12931,
               "targetType" : 3,
               "trueID" : 799,
               "velocity" : [ 117.2422042, -91.391076519999999, 260.58000049999998 ]
            }
         ]
      },
      {
         "radarID" : 12938,
         "tracks" : [
            {
               "detectedID" : 1004,
               "detectedTime" : 524.70000000000005,
               "entityID" : 12938,
               "height" : 5004.4899439999999,
               "lla" : [ 122.55292129999999, -28.44433102, 11267.009669999999 ],
               "radarID" : 12938,
               "targetType" : 3,
               "trueID" : 799,
               "velocity" : [ 117.2422042, -91.391076519999999, 260.58000049999998 ]
            }
         ]
      }
   ],
   "terminator" : 0
}
