{
   "data" : [
      {
         "radarID" : 13072,
         "tracks" : [
            {
               "detectedID" : 1006,
               "detectedTime" : 532.39999999999998,
               "entityID" : 13072,
               "height" : 5960.6388280000001,
               "lla" : [ 123.04930419999999, -28.769025729999999, -25577.56983 ],
               "radarID" : 13072,
               "targetType" : 3,
               "trueID" : 811,
               "velocity" : [ 263.98779880000001, 113.2767892, 86.480119810000005 ]
            }
         ]
      },
      {
         "radarID" : 13114,
         "tracks" : [
            {
               "detectedID" : 1001,
               "detectedTime" : 532.39999999999998,
               "entityID" : 13114,
               "height" : 5207.956263,
               "lla" : [ 122.62039609999999, -28.490011119999998, -45521.169280000002 ],
               "radarID" : 13114,
               "targetType" : 3,
               "trueID" : 817,
               "velocity" : [ 264.64716629999998, 107.9251055, 91.181406879999997 ]
            }
         ]
      }
   ],
   "terminator" : 0
}
