{
   "data" : [
      {
         "radarID" : 13030,
         "tracks" : [
            {
               "detectedID" : 1002,
               "detectedTime" : 532.45000000000005,
               "entityID" : 13030,
               "height" : 1011.386072,
               "lla" : [ 122.66375360000001, -28.516579119999999, 25896.749660000001 ],
               "radarID" : 13030,
               "targetType" : 3,
               "trueID" : 793,
               "velocity" : [ 249.51757689999999, 61.871540260000003, 154.63793620000001 ]
            }
         ]
      },
      {
         "radarID" : 13037,
         "tracks" : [
            {
               "detectedID" : 1002,
               "detectedTime" : 532.45000000000005,
               "entityID" : 13037,
               "height" : 991.40780159999997,
               "lla" : [ 122.6637202, -28.516557809999998, 25875.78933 ],
               "radarID" : 13037,
               "targetType" : 3,
               "trueID" : 793,
               "velocity" : [ 249.51757689999999, 61.871540260000003, 154.63793620000001 ]
            }
         ]
      },
      {
         "radarID" : 13044,
         "tracks" : [
            {
               "detectedID" : 1002,
               "detectedTime" : 532.45000000000005,
               "entityID" : 13044,
               "height" : 1027.4421500000001,
               "lla" : [ 122.663725, -28.516560049999999, 25910.76052 ],
               "radarID" : 13044,
               "targetType" : 3,
               "trueID" : 793,
               "velocity" : [ 249.51757689999999, 61.871540260000003, 154.63793620000001 ]
            }
         ]
      },
      {
         "radarID" : 13107,
         "tracks" : [
            {
               "detectedID" : 1001,
               "detectedTime" : 532.45000000000005,
               "entityID" : 13107,
               "height" : 6251.4360219999999,
               "lla" : [ 122.6199646, -28.489702300000001, -44504.436009999998 ],
               "radarID" : 13107,
               "targetType" : 3,
               "trueID" : 817,
               "velocity" : [ 264.64749660000001, 107.9245875, 91.18106143 ]
            }
         ]
      }
   ],
   "terminator" : 0
}
