{
   "data" : [
      {
         "radarID" : 12931,
         "tracks" : [
            {
               "detectedID" : 1001,
               "detectedTime" : 534.35000000000002,
               "entityID" : 12931,
               "height" : 5750.1853920000003,
               "lla" : [ 122.6145343, -28.486166130000001, -45325.853609999998 ],
               "radarID" : 12931,
               "targetType" : 3,
               "trueID" : 817,
               "velocity" : [ 264.6600454, 107.9049033, 91.167934059999993 ]
            }
         ]
      },
      {
         "radarID" : 12938,
         "tracks" : [
            {
               "detectedID" : 1001,
               "detectedTime" : 534.35000000000002,
               "entityID" : 12938,
               "height" : 5750.0960699999996,
               "lla" : [ 122.6145276, -28.48616182, -45327.215900000003 ],
               "radarID" : 12938,
               "targetType" : 3,
               "trueID" : 817,
               "velocity" : [ 264.6600454, 107.9049033, 91.167934059999993 ]
            }
         ]
      },
      {
         "radarID" : 12974,
         "tracks" : [
            {
               "detectedID" : 1001,
               "detectedTime" : 534.35000000000002,
               "entityID" : 12974,
               "height" : 5748.9994409999999,
               "lla" : [ 122.61452199999999, -28.48615818, -45330.379930000003 ],
               "radarID" : 12974,
               "targetType" : 3,
               "trueID" : 817,
               "velocity" : [ 264.6600454, 107.9049033, 91.167934059999993 ]
            }
         ]
      }
   ],
   "terminator" : 0
}
