{
   "data" : [
      {
         "radarID" : 13065,
         "tracks" : [
            {
               "detectedID" : 1005,
               "detectedTime" : 541.85000000000002,
               "entityID" : 13065,
               "height" : 5606.0012450000004,
               "lla" : [ 122.7506976, -28.57482014, -29507.489249999999 ],
               "radarID" : 13065,
               "targetType" : 3,
               "trueID" : 805,
               "velocity" : [ 263.34817609999999, 133.27431290000001, 53.718671440000001 ]
            }
         ]
      },
      {
         "radarID" : 13079,
         "tracks" : [
            {
               "detectedID" : 1006,
               "detectedTime" : 541.85000000000002,
               "entityID" : 13079,
               "height" : 5956.3850179999999,
               "lla" : [ 123.0218046, -28.751230289999999, -27183.504730000001 ],
               "radarID" : 13079,
               "targetType" : 3,
               "trueID" : 811,
               "velocity" : [ 264.05094980000001, 113.1793196, 86.414914879999998 ]
            }
         ]
      },
      {
         "radarID" : 13086,
         "tracks" : [
            {
               "detectedID" : 1005,
               "detectedTime" : 541.85000000000002,
               "entityID" : 13086,
               "height" : 5605.8825219999999,
               "lla" : [ 122.75068779999999, -28.574813769999999, -29508.33267 ],
               "radarID" : 13086,
               "targetType" : 3,
               "trueID" : 805,
               "velocity" : [ 263.34817609999999, 133.27431290000001, 53.718671440000001 ]
            }
         ]
      }
   ],
   "terminator" : 0
}
