{
   "data" : [
      {
         "radarID" : 13072,
         "tracks" : [
            {
               "detectedID" : 1005,
               "detectedTime" : 542.54999999999995,
               "entityID" : 13072,
               "height" : 5605.509924,
               "lla" : [ 122.74858089999999, -28.57344062, -29615.54709 ],
               "radarID" : 13072,
               "targetType" : 3,
               "trueID" : 805,
               "velocity" : [ 263.35282549999999, 133.2670626, 53.71386511 ]
            }
         ]
      }
   ],
   "terminator" : 0
}
