{
   "data" : [
      {
         "radarID" : 13051,
         "tracks" : [
            {
               "detectedID" : 1002,
               "detectedTime" : 543.04999999999995,
               "entityID" : 13051,
               "height" : 1246.431644,
               "lla" : [ 122.637248, -28.4992749, 24116.141729999999 ],
               "radarID" : 13051,
               "targetType" : 3,
               "trueID" : 793,
               "velocity" : [ 249.58876810000001, 61.760415680000001, 154.56745409999999 ]
            }
         ]
      },
      {
         "radarID" : 13058,
         "tracks" : [
            {
               "detectedID" : 1002,
               "detectedTime" : 543.04999999999995,
               "entityID" : 13058,
               "height" : 5005.6283169999997,
               "lla" : [ 122.6360189, -28.498377229999999, 27809.206679999999 ],
               "radarID" : 13058,
               "targetType" : 3,
               "trueID" : 793,
               "velocity" : [ 249.58876810000001, 61.760415680000001, 154.56745409999999 ]
            }
         ]
      }
   ],
   "terminator" : 0
}
