{
   "data" : [
      {
         "radarID" : 12981,
         "tracks" : [
            {
               "detectedID" : 1001,
               "detectedTime" : 543.39999999999998,
               "entityID" : 12981,
               "height" : 736.44045149999999,
               "lla" : [ 122.5901223, -28.470332859999999, -51704.507980000002 ],
               "radarID" : 12981,
               "targetType" : 3,
               "trueID" : 817,
               "velocity" : [ 264.71978869999998, 107.8111323, 91.105396249999998 ]
            }
         ]
      },
      {
         "radarID" : 13002,
         "tracks" : [
            {
               "detectedID" : 1001,
               "detectedTime" : 543.39999999999998,
               "entityID" : 13002,
               "height" : 1688.373321,
               "lla" : [ 122.589635, -28.469990070000001, -50799.377789999999 ],
               "radarID" : 13002,
               "targetType" : 3,
               "trueID" : 817,
               "velocity" : [ 264.71978869999998, 107.8111323, 91.105396249999998 ]
            }
         ]
      },
      {
         "radarID" : 13072,
         "tracks" : [
            {
               "detectedID" : 1004,
               "detectedTime" : 543.39999999999998,
               "entityID" : 13072,
               "height" : 5002.3417600000002,
               "lla" : [ 122.5434398, -28.43819491, 7902.7277110000005 ],
               "radarID" : 13072,
               "targetType" : 3,
               "trueID" : 799,
               "velocity" : [ 117.36827460000001, -91.588499159999998, 260.45390179999998 ]
            }
         ]
      }
   ],
   "terminator" : 0
}
