{
   "data" : [
      {
         "radarID" : 13023,
         "tracks" : [
            {
               "detectedID" : 1004,
               "detectedTime" : 551.95000000000005,
               "entityID" : 13023,
               "height" : 5001.4019200000002,
               "lla" : [ 122.524379, -28.425716770000001, 6620.6061529999997 ],
               "radarID" : 13023,
               "targetType" : 3,
               "trueID" : 799,
               "velocity" : [ 254.57418430000001, 149.66123239999999, 19.764989100000001 ]
            }
         ]
      },
      {
         "radarID" : 13030,
         "tracks" : [
            {
               "detectedID" : 1004,
               "detectedTime" : 551.95000000000005,
               "entityID" : 13030,
               "height" : 875.42083890000004,
               "lla" : [ 122.5260985, -28.426948769999999, 2541.4336760000001 ],
               "radarID" : 13030,
               "targetType" : 3,
               "trueID" : 799,
               "velocity" : [ 254.57418430000001, 149.66123239999999, 19.764989100000001 ]
            }
         ]
      },
      {
         "radarID" : 13037,
         "tracks" : [
            {
               "detectedID" : 1004,
               "detectedTime" : 551.95000000000005,
               "entityID" : 13037,
               "height" : 851.41089160000001,
               "lla" : [ 122.5261197, -28.426963300000001, 2518.7356020000002 ],
               "radarID" : 13037,
               "targetType" : 3,
               "trueID" : 799,
               "velocity" : [ 254.57418430000001, 149.66123239999999, 19.764989100000001 ]
            }
         ]
      },
      {
         "radarID" : 13044,
         "tracks" : [
            {
               "detectedID" : 1004,
               "detectedTime" : 551.95000000000005,
               "entityID" : 13044,
               "height" : 895.10322710000003,
               "lla" : [ 122.5260347, -28.42690648, 2558.5666510000001 ],
               "radarID" : 13044,
               "targetType" : 3,
               "trueID" : 799,
               "velocity" : [ 254.57418430000001, 149.66123239999999, 19.764989100000001 ]
            }
         ]
      }
   ],
   "terminator" : 0
}
