{
   "data" : [
      {
         "radarID" : 13135,
         "tracks" : [
            {
               "detectedID" : 1002,
               "detectedTime" : 552.14999999999998,
               "entityID" : 13135,
               "height" : 3050.338017,
               "lla" : [ 122.6141485, -28.484146240000001, 24124.350139999999 ],
               "radarID" : 13135,
               "targetType" : 3,
               "trueID" : 793,
               "velocity" : [ 249.64983549999999, 61.665004379999999, 154.5069153 ]
            }
         ]
      },
      {
         "radarID" : 13142,
         "tracks" : [
            {
               "detectedID" : 1002,
               "detectedTime" : 552.14999999999998,
               "entityID" : 13142,
               "height" : 5004.6974749999999,
               "lla" : [ 122.6131639, -28.483452750000001, 26050.146639999999 ],
               "radarID" : 13142,
               "targetType" : 3,
               "trueID" : 793,
               "velocity" : [ 249.64983549999999, 61.665004379999999, 154.5069153 ]
            }
         ]
      }
   ],
   "terminator" : 0
}
