{
   "data" : [
      {
         "radarID" : 12995,
         "tracks" : [
            {
               "detectedID" : 1006,
               "detectedTime" : 553.29999999999995,
               "entityID" : 12995,
               "height" : 6078.4813370000002,
               "lla" : [ 122.988513, -28.72966791, -29002.089790000002 ],
               "radarID" : 12995,
               "targetType" : 3,
               "trueID" : 811,
               "velocity" : [ 264.12739640000001, 113.0611918, 86.335887040000003 ]
            }
         ]
      },
      {
         "radarID" : 13086,
         "tracks" : [
            {
               "detectedID" : 1003,
               "detectedTime" : 553.29999999999995,
               "entityID" : 13086,
               "height" : 969.54824729999996,
               "lla" : [ 121.9942471, -28.075954620000001, -10891.140439999999 ],
               "radarID" : 13086,
               "targetType" : 3,
               "trueID" : 781,
               "velocity" : [ 244.15012469999999, 45.896492459999997, 168.17915619999999 ]
            }
         ]
      }
   ],
   "terminator" : 0
}
