{
   "data" : [
      {
         "radarID" : 12917,
         "tracks" : [
            {
               "detectedID" : 1006,
               "detectedTime" : 553.95000000000005,
               "entityID" : 12917,
               "height" : 5252.7082520000004,
               "lla" : [ 122.986839, -28.72860416, -29906.925080000001 ],
               "radarID" : 12917,
               "targetType" : 3,
               "trueID" : 811,
               "velocity" : [ 264.13173380000001, 113.05448490000001, 86.331399989999994 ]
            }
         ]
      },
      {
         "radarID" : 12974,
         "tracks" : [
            {
               "detectedID" : 1006,
               "detectedTime" : 553.95000000000005,
               "entityID" : 12974,
               "height" : 5952.5094120000003,
               "lla" : [ 122.9866347, -28.72845422, -29236.261259999999 ],
               "radarID" : 12974,
               "targetType" : 3,
               "trueID" : 811,
               "velocity" : [ 264.13173380000001, 113.05448490000001, 86.331399989999994 ]
            }
         ]
      }
   ],
   "terminator" : 0
}
