{
   "data" : [
      {
         "radarID" : 12931,
         "tracks" : [
            {
               "detectedID" : 1005,
               "detectedTime" : 554.35000000000002,
               "entityID" : 12931,
               "height" : 5603.470507,
               "lla" : [ 122.7130363, -28.550264630000001, -31413.514759999998 ],
               "radarID" : 12931,
               "targetType" : 3,
               "trueID" : 805,
               "velocity" : [ 263.43115870000003, 133.14482190000001, 53.632835329999999 ]
            }
         ]
      },
      {
         "radarID" : 12938,
         "tracks" : [
            {
               "detectedID" : 1005,
               "detectedTime" : 554.35000000000002,
               "entityID" : 12938,
               "height" : 5603.5597669999997,
               "lla" : [ 122.71303639999999, -28.550264729999999, -31413.54307 ],
               "radarID" : 12938,
               "targetType" : 3,
               "trueID" : 805,
               "velocity" : [ 263.43115870000003, 133.14482190000001, 53.632835329999999 ]
            }
         ]
      },
      {
         "radarID" : 12974,
         "tracks" : [
            {
               "detectedID" : 1005,
               "detectedTime" : 554.35000000000002,
               "entityID" : 12974,
               "height" : 5601.3983959999996,
               "lla" : [ 122.71300960000001, -28.550247420000002, -31422.399460000001 ],
               "radarID" : 12974,
               "targetType" : 3,
               "trueID" : 805,
               "velocity" : [ 263.43115870000003, 133.14482190000001, 53.632835329999999 ]
            }
         ]
      },
      {
         "radarID" : 12988,
         "tracks" : [
            {
               "detectedID" : 1004,
               "detectedTime" : 554.35000000000002,
               "entityID" : 12988,
               "height" : 5007.9008940000003,
               "lla" : [ 122.51737, -28.421122530000002, 6322.7484590000004 ],
               "radarID" : 12988,
               "targetType" : 3,
               "trueID" : 799,
               "velocity" : [ 258.05809570000002, 151.67495400000001, 20.018180510000001 ]
            }
         ]
      }
   ],
   "terminator" : 0
}
