{
   "data" : [
      {
         "radarID" : 13030,
         "tracks" : [
            {
               "detectedID" : 1001,
               "detectedTime" : 560.95000000000005,
               "entityID" : 13030,
               "height" : 2333.4044279999998,
               "lla" : [ 122.5383528, -28.436417819999999, -53287.780160000002 ],
               "radarID" : 13030,
               "targetType" : 3,
               "trueID" : 817,
               "velocity" : [ 264.83550789999998, 107.629234, 90.984074109999995 ]
            }
         ]
      },
      {
         "radarID" : 13037,
         "tracks" : [
            {
               "detectedID" : 1001,
               "detectedTime" : 560.95000000000005,
               "entityID" : 13037,
               "height" : 2288.5293299999998,
               "lla" : [ 122.5383648, -28.436426879999999, -53333.08221 ],
               "radarID" : 13037,
               "targetType" : 3,
               "trueID" : 817,
               "velocity" : [ 264.83550789999998, 107.629234, 90.984074109999995 ]
            }
         ]
      },
      {
         "radarID" : 13044,
         "tracks" : [
            {
               "detectedID" : 1001,
               "detectedTime" : 560.95000000000005,
               "entityID" : 13044,
               "height" : 2371.1798819999999,
               "lla" : [ 122.5383954, -28.436444789999999, -53250.053059999998 ],
               "radarID" : 13044,
               "targetType" : 3,
               "trueID" : 817,
               "velocity" : [ 264.83550789999998, 107.629234, 90.984074109999995 ]
            }
         ]
      }
   ],
   "terminator" : 0
}
