{
   "data" : [
      {
         "radarID" : 13051,
         "tracks" : [
            {
               "detectedID" : 1001,
               "detectedTime" : 561.35000000000002,
               "entityID" : 13051,
               "height" : 1552.4664849999999,
               "lla" : [ 122.5376868, -28.436001829999999, -54108.017959999997 ],
               "radarID" : 13051,
               "targetType" : 3,
               "trueID" : 817,
               "velocity" : [ 264.83814330000001, 107.6250873, 90.981308200000001 ]
            }
         ]
      },
      {
         "radarID" : 13058,
         "tracks" : [
            {
               "detectedID" : 1001,
               "detectedTime" : 561.35000000000002,
               "entityID" : 13058,
               "height" : 5737.2575909999996,
               "lla" : [ 122.53644679999999, -28.43508113, -49958.40408 ],
               "radarID" : 13058,
               "targetType" : 3,
               "trueID" : 817,
               "velocity" : [ 264.83814330000001, 107.6250873, 90.981308200000001 ]
            }
         ]
      }
   ],
   "terminator" : 0
}
