{
   "data" : [
      {
         "radarID" : 13065,
         "tracks" : [
            {
               "detectedID" : 1005,
               "detectedTime" : 561.79999999999995,
               "entityID" : 13065,
               "height" : 5598.0267489999997,
               "lla" : [ 122.6904933, -28.53555587, -32553.045989999999 ],
               "radarID" : 13065,
               "targetType" : 3,
               "trueID" : 805,
               "velocity" : [ 263.48057310000002, 133.0676235, 53.581668149999999 ]
            }
         ]
      },
      {
         "radarID" : 13079,
         "tracks" : [
            {
               "detectedID" : 1006,
               "detectedTime" : 561.79999999999995,
               "entityID" : 13079,
               "height" : 5948.7286320000003,
               "lla" : [ 122.9637754, -28.71364028, -30570.306629999999 ],
               "radarID" : 13079,
               "targetType" : 3,
               "trueID" : 811,
               "velocity" : [ 264.18409759999997, 112.9734776, 86.277203830000005 ]
            }
         ]
      },
      {
         "radarID" : 13086,
         "tracks" : [
            {
               "detectedID" : 1006,
               "detectedTime" : 561.79999999999995,
               "entityID" : 13086,
               "height" : 5943.3554880000002,
               "lla" : [ 122.96355869999999, -28.713499800000001, -30581.6011 ],
               "radarID" : 13086,
               "targetType" : 3,
               "trueID" : 811,
               "velocity" : [ 264.18409759999997, 112.9734776, 86.277203830000005 ]
            }
         ]
      }
   ],
   "terminator" : 0
}
