{
   "data" : [
      {
         "radarID" : 12917,
         "tracks" : [
            {
               "detectedID" : 1005,
               "detectedTime" : 564.14999999999998,
               "entityID" : 12917,
               "height" : 5144.5835589999997,
               "lla" : [ 122.6835712, -28.531049800000002, -33371.046090000003 ],
               "radarID" : 12917,
               "targetType" : 3,
               "trueID" : 805,
               "velocity" : [ 263.49615349999999, 133.04326900000001, 53.565526800000001 ]
            }
         ]
      },
      {
         "radarID" : 13002,
         "tracks" : [
            {
               "detectedID" : 1002,
               "detectedTime" : 564.14999999999998,
               "entityID" : 13002,
               "height" : 4756.1302580000001,
               "lla" : [ 122.58378260000001, -28.4642616, 23516.481889999999 ],
               "radarID" : 13002,
               "targetType" : 3,
               "trueID" : 793,
               "velocity" : [ 249.7302938, 61.539170499999997, 154.4270405 ]
            }
         ]
      },
      {
         "radarID" : 13016,
         "tracks" : [
            {
               "detectedID" : 1002,
               "detectedTime" : 564.14999999999998,
               "entityID" : 13016,
               "height" : 3693.620531,
               "lla" : [ 122.5840054, -28.46443386, 22476.323659999998 ],
               "radarID" : 13016,
               "targetType" : 3,
               "trueID" : 793,
               "velocity" : [ 249.7302938, 61.539170499999997, 154.4270405 ]
            }
         ]
      }
   ],
   "terminator" : 0
}
