{
   "data" : [
      {
         "radarID" : 13051,
         "tracks" : [
            {
               "detectedID" : 1004,
               "detectedTime" : 572.70000000000005,
               "entityID" : 13051,
               "height" : 803.19493609999995,
               "lla" : [ 122.4629247, -28.385516200000001, -231.22723980000001 ],
               "radarID" : 13051,
               "targetType" : 3,
               "trueID" : 799,
               "velocity" : [ 258.18025749999998, 151.48311910000001, 19.895206829999999 ]
            }
         ]
      }
   ],
   "terminator" : 0
}
