{
   "data" : [
      {
         "radarID" : 12917,
         "tracks" : [
            {
               "detectedID" : 1001,
               "detectedTime" : 574.20000000000005,
               "entityID" : 12917,
               "height" : 4089.3116639999998,
               "lla" : [ 122.49959579999999, -28.410981670000002, -53746.837699999996 ],
               "radarID" : 12917,
               "targetType" : 3,
               "trueID" : 817,
               "velocity" : [ 264.92275489999997, 107.4918552, 90.892436419999996 ]
            },
            {
               "detectedID" : 1005,
               "detectedTime" : 574.20000000000005,
               "entityID" : 12917,
               "height" : 5068.5409309999995,
               "lla" : [ 122.6532855, -28.51127469, -34946.642339999999 ],
               "radarID" : 12917,
               "targetType" : 3,
               "trueID" : 805,
               "velocity" : [ 263.56274830000001, 132.93909619999999, 53.496489349999997 ]
            }
         ]
      }
   ],
   "terminator" : 0
}
