{
   "data" : [
      {
         "radarID" : 13079,
         "tracks" : [
            {
               "detectedID" : 1001,
               "detectedTime" : 581.5,
               "entityID" : 13079,
               "height" : 5728.4428189999999,
               "lla" : [ 122.47818959999999, -28.396907729999999, -53413.051520000001 ],
               "radarID" : 13079,
               "targetType" : 3,
               "trueID" : 817,
               "velocity" : [ 264.97077919999998, 107.4161496, 90.841934109999997 ]
            }
         ]
      },
      {
         "radarID" : 13086,
         "tracks" : [
            {
               "detectedID" : 1001,
               "detectedTime" : 581.5,
               "entityID" : 13086,
               "height" : 5729.6759899999997,
               "lla" : [ 122.4782493, -28.39694691, -53411.072650000002 ],
               "radarID" : 13086,
               "targetType" : 3,
               "trueID" : 817,
               "velocity" : [ 264.97077919999998, 107.4161496, 90.841934109999997 ]
            }
         ]
      }
   ],
   "terminator" : 0
}
