{
   "data" : [
      {
         "radarID" : 13030,
         "tracks" : [
            {
               "detectedID" : 1004,
               "detectedTime" : 581.89999999999998,
               "entityID" : 13030,
               "height" : 745.06765789999997,
               "lla" : [ 122.4348071, -28.367057509999999, -1548.6941509999999 ],
               "radarID" : 13030,
               "targetType" : 3,
               "trueID" : 799,
               "velocity" : [ 258.2414326, 151.386898, 19.83354683 ]
            }
         ]
      },
      {
         "radarID" : 13037,
         "tracks" : [
            {
               "detectedID" : 1004,
               "detectedTime" : 581.89999999999998,
               "entityID" : 13037,
               "height" : 722.5103282,
               "lla" : [ 122.4348387, -28.367078859999999, -1569.723031 ],
               "radarID" : 13037,
               "targetType" : 3,
               "trueID" : 799,
               "velocity" : [ 258.2414326, 151.386898, 19.83354683 ]
            }
         ]
      },
      {
         "radarID" : 13135,
         "tracks" : [
            {
               "detectedID" : 1004,
               "detectedTime" : 581.89999999999998,
               "entityID" : 13135,
               "height" : 2774.2368470000001,
               "lla" : [ 122.4341666, -28.36658525, 465.20055300000001 ],
               "radarID" : 13135,
               "targetType" : 3,
               "trueID" : 799,
               "velocity" : [ 258.2414326, 151.386898, 19.83354683 ]
            }
         ]
      },
      {
         "radarID" : 13142,
         "tracks" : [
            {
               "detectedID" : 1004,
               "detectedTime" : 581.89999999999998,
               "entityID" : 13142,
               "height" : 5003.3566099999998,
               "lla" : [ 122.43329970000001, -28.36595913, 2670.9381629999998 ],
               "radarID" : 13142,
               "targetType" : 3,
               "trueID" : 799,
               "velocity" : [ 258.2414326, 151.386898, 19.83354683 ]
            }
         ]
      }
   ],
   "terminator" : 0
}
