{
   "data" : [
      {
         "radarID" : 13093,
         "tracks" : [
            {
               "detectedID" : 1001,
               "detectedTime" : 582.39999999999998,
               "entityID" : 13093,
               "height" : 4355.6941889999998,
               "lla" : [ 122.4760038, -28.39550972, -54912.669289999998 ],
               "radarID" : 13093,
               "targetType" : 3,
               "trueID" : 817,
               "velocity" : [ 264.97669780000001, 107.4068152, 90.835707049999996 ]
            }
         ]
      },
      {
         "radarID" : 13107,
         "tracks" : [
            {
               "detectedID" : 1001,
               "detectedTime" : 582.39999999999998,
               "entityID" : 13107,
               "height" : 6261.7530930000003,
               "lla" : [ 122.4754918, -28.395125029999999, -53041.687449999998 ],
               "radarID" : 13107,
               "targetType" : 3,
               "trueID" : 817,
               "velocity" : [ 264.97669780000001, 107.4068152, 90.835707049999996 ]
            }
         ]
      }
   ],
   "terminator" : 0
}
