{
   "data" : [
      {
         "radarID" : 12995,
         "tracks" : [
            {
               "detectedID" : 1006,
               "detectedTime" : 583.29999999999995,
               "entityID" : 12995,
               "height" : 5877.0786440000002,
               "lla" : [ 122.90117119999999, -28.673029840000002, -34282.543360000003 ],
               "radarID" : 12995,
               "targetType" : 3,
               "trueID" : 811,
               "velocity" : [ 264.32733030000003, 112.7515325, 86.128708140000001 ]
            }
         ]
      }
   ],
   "terminator" : 0
}
