{
   "data" : [
      {
         "radarID" : 13009,
         "tracks" : [
            {
               "detectedID" : 1005,
               "detectedTime" : 583.39999999999998,
               "entityID" : 13009,
               "height" : 1466.871048,
               "lla" : [ 122.6267204, -28.494007320000001, -39837.391470000002 ],
               "radarID" : 13009,
               "targetType" : 3,
               "trueID" : 805,
               "velocity" : [ 263.62365929999999, 132.84370820000001, 53.433280359999998 ]
            }
         ]
      },
      {
         "radarID" : 13016,
         "tracks" : [
            {
               "detectedID" : 1005,
               "detectedTime" : 583.39999999999998,
               "entityID" : 13016,
               "height" : 1419.162196,
               "lla" : [ 122.6268039, -28.49406303, -39876.616900000001 ],
               "radarID" : 13016,
               "targetType" : 3,
               "trueID" : 805,
               "velocity" : [ 263.62365929999999, 132.84370820000001, 53.433280359999998 ]
            }
         ]
      },
      {
         "radarID" : 13072,
         "tracks" : [
            {
               "detectedID" : 1004,
               "detectedTime" : 583.39999999999998,
               "entityID" : 13072,
               "height" : 5003.485302,
               "lla" : [ 122.42874, -28.362964120000001, 2473.7681389999998 ],
               "radarID" : 13072,
               "targetType" : 3,
               "trueID" : 799,
               "velocity" : [ 258.2514023, 151.37120709999999, 19.82349322 ]
            }
         ]
      }
   ],
   "terminator" : 0
}
