{
   "data" : [
      {
         "radarID" : 12988,
         "tracks" : [
            {
               "detectedID" : 1001,
               "detectedTime" : 583.54999999999995,
               "entityID" : 12988,
               "height" : 5725.5268159999996,
               "lla" : [ 122.47223820000001, -28.393005039999998, -53764.949070000002 ],
               "radarID" : 12988,
               "targetType" : 3,
               "trueID" : 817,
               "velocity" : [ 264.98425980000002, 107.3948875, 90.827750019999996 ]
            }
         ]
      },
      {
         "radarID" : 13002,
         "tracks" : [
            {
               "detectedID" : 1005,
               "detectedTime" : 583.54999999999995,
               "entityID" : 13002,
               "height" : 2011.513322,
               "lla" : [ 122.6260139, -28.49353159, -39331.0556 ],
               "radarID" : 13002,
               "targetType" : 3,
               "trueID" : 805,
               "velocity" : [ 263.62465200000003, 132.84215280000001, 53.4322497 ]
            }
         ]
      },
      {
         "radarID" : 13065,
         "tracks" : [
            {
               "detectedID" : 1003,
               "detectedTime" : 583.54999999999995,
               "entityID" : 13065,
               "height" : 970.29073359999995,
               "lla" : [ 121.9228942, -28.028635340000001, -16780.140449999999 ],
               "radarID" : 13065,
               "targetType" : 3,
               "trueID" : 781,
               "velocity" : [ 244.34931470000001, 45.577225669999997, 167.9765726 ]
            }
         ]
      },
      {
         "radarID" : 13072,
         "tracks" : [
            {
               "detectedID" : 1002,
               "detectedTime" : 583.54999999999995,
               "entityID" : 13072,
               "height" : 5009.9297960000004,
               "lla" : [ 122.5357425, -28.43283701, 20055.300640000001 ],
               "radarID" : 13072,
               "targetType" : 3,
               "trueID" : 793,
               "velocity" : [ 249.86019959999999, 61.33569876, 154.29780529999999 ]
            }
         ]
      }
   ],
   "terminator" : 0
}
