{
   "data" : [
      {
         "radarID" : 12931,
         "tracks" : [
            {
               "detectedID" : 1004,
               "detectedTime" : 584.79999999999995,
               "entityID" : 12931,
               "height" : 5007.5018369999998,
               "lla" : [ 122.4244702, -28.360159410000001, 2279.4312920000002 ],
               "radarID" : 12931,
               "targetType" : 3,
               "trueID" : 799,
               "velocity" : [ 258.26070609999999, 151.35656159999999, 19.814109760000001 ]
            }
         ]
      },
      {
         "radarID" : 12938,
         "tracks" : [
            {
               "detectedID" : 1004,
               "detectedTime" : 584.79999999999995,
               "entityID" : 12938,
               "height" : 5010.2819989999998,
               "lla" : [ 122.4244645, -28.360155330000001, 2292.5450219999998 ],
               "radarID" : 12938,
               "targetType" : 3,
               "trueID" : 799,
               "velocity" : [ 258.26070609999999, 151.35656159999999, 19.814109760000001 ]
            }
         ]
      },
      {
         "radarID" : 12974,
         "tracks" : [
            {
               "detectedID" : 1004,
               "detectedTime" : 584.79999999999995,
               "entityID" : 12974,
               "height" : 5015.6424880000004,
               "lla" : [ 122.42443660000001, -28.360136659999998, 2305.5027169999998 ],
               "radarID" : 12974,
               "targetType" : 3,
               "trueID" : 799,
               "velocity" : [ 258.26070609999999, 151.35656159999999, 19.814109760000001 ]
            }
         ]
      }
   ],
   "terminator" : 0
}
