{
   "data" : [
      {
         "radarID" : 13051,
         "tracks" : [
            {
               "detectedID" : 1005,
               "detectedTime" : 591.54999999999995,
               "entityID" : 13051,
               "height" : 1419.2025739999999,
               "lla" : [ 122.6021803, -28.477965829999999, -41212.04507 ],
               "radarID" : 13051,
               "targetType" : 3,
               "trueID" : 805,
               "velocity" : [ 263.6775773, 132.75918619999999, 53.377277049999996 ]
            },
            {
               "detectedID" : 1006,
               "detectedTime" : 591.54999999999995,
               "entityID" : 13051,
               "height" : 2175.5937130000002,
               "lla" : [ 122.87835029999999, -28.65830678, -39344.506889999997 ],
               "radarID" : 13051,
               "targetType" : 3,
               "trueID" : 811,
               "velocity" : [ 264.38222000000002, 112.6663372, 86.071703780000007 ]
            }
         ]
      },
      {
         "radarID" : 13058,
         "tracks" : [
            {
               "detectedID" : 1005,
               "detectedTime" : 591.54999999999995,
               "entityID" : 13058,
               "height" : 5587.9923500000004,
               "lla" : [ 122.6008282, -28.476973829999999, -37084.825859999997 ],
               "radarID" : 13058,
               "targetType" : 3,
               "trueID" : 805,
               "velocity" : [ 263.6775773, 132.75918619999999, 53.377277049999996 ]
            },
            {
               "detectedID" : 1006,
               "detectedTime" : 591.54999999999995,
               "entityID" : 13058,
               "height" : 5934.7494349999997,
               "lla" : [ 122.8771114, -28.6574043, -35621.886810000004 ],
               "radarID" : 13058,
               "targetType" : 3,
               "trueID" : 811,
               "velocity" : [ 264.38222000000002, 112.6663372, 86.071703780000007 ]
            }
         ]
      }
   ],
   "terminator" : 0
}
