{
   "data" : [
      {
         "radarID" : 13002,
         "tracks" : [
            {
               "detectedID" : 1001,
               "detectedTime" : 593.45000000000005,
               "entityID" : 13002,
               "height" : 1371.5985840000001,
               "lla" : [ 122.4449128, -28.375189429999999, -59660.704790000003 ],
               "radarID" : 13002,
               "targetType" : 3,
               "trueID" : 817,
               "velocity" : [ 265.04932689999998, 107.2921934, 90.75923933 ]
            }
         ]
      },
      {
         "radarID" : 13072,
         "tracks" : [
            {
               "detectedID" : 1004,
               "detectedTime" : 593.45000000000005,
               "entityID" : 13072,
               "height" : 5003.2642429999996,
               "lla" : [ 122.398076, -28.34281416, 1145.630956 ],
               "radarID" : 13072,
               "targetType" : 3,
               "trueID" : 799,
               "velocity" : [ 258.31816579999997, 151.26605860000001, 19.756131450000002 ]
            }
         ]
      }
   ],
   "terminator" : 0
}
