{
   "data" : [
      {
         "radarID" : 12988,
         "tracks" : [
            {
               "detectedID" : 1002,
               "detectedTime" : 594.39999999999998,
               "entityID" : 12988,
               "height" : 5012.3594009999997,
               "lla" : [ 122.50878969999999, -28.41519422, 17973.39905 ],
               "radarID" : 12988,
               "targetType" : 3,
               "trueID" : 793,
               "velocity" : [ 249.93276220000001, 61.221879770000001, 154.22547080000001 ]
            }
         ]
      }
   ],
   "terminator" : 0
}
