{
   "data" : [
      {
         "radarID" : 13030,
         "tracks" : [
            {
               "detectedID" : 1001,
               "detectedTime" : 101.84999999999999,
               "entityID" : 13030,
               "height" : 4811.3338199999998,
               "lla" : [ 123.8603202, -29.288438849999999, 28275.321250000001 ],
               "radarID" : 13030,
               "targetType" : 3,
               "trueID" : 817,
               "velocity" : [ 261.74928949999997, 112.3633227, 94.137097699999998 ]
            }
         ]
      },
      {
         "radarID" : 13037,
         "tracks" : [
            {
               "detectedID" : 1001,
               "detectedTime" : 101.84999999999999,
               "entityID" : 13037,
               "height" : 4753.4968989999998,
               "lla" : [ 123.8604306, -29.28851044, 28221.46614 ],
               "radarID" : 13037,
               "targetType" : 3,
               "trueID" : 817,
               "velocity" : [ 261.74928949999997, 112.3633227, 94.137097699999998 ]
            }
         ]
      }
   ],
   "terminator" : 0
}
