{
   "data" : [
      {
         "radarID" : 13023,
         "tracks" : [
            {
               "detectedID" : 1004,
               "detectedTime" : 601.89999999999998,
               "entityID" : 13023,
               "height" : 5003.591977,
               "lla" : [ 122.3723916, -28.325925269999999, 33.717242669999997 ],
               "radarID" : 13023,
               "targetType" : 3,
               "trueID" : 799,
               "velocity" : [ 258.37425569999999, 151.1776242, 19.6994905 ]
            }
         ]
      }
   ],
   "terminator" : 0
}
