{
   "data" : [
      {
         "radarID" : 13114,
         "tracks" : [
            {
               "detectedID" : 1001,
               "detectedTime" : 602.35000000000002,
               "entityID" : 13114,
               "height" : 4455.6801230000001,
               "lla" : [ 122.41849790000001, -28.357772170000001, -58208.720459999997 ],
               "radarID" : 13114,
               "targetType" : 3,
               "trueID" : 817,
               "velocity" : [ 265.10777259999998, 107.1998528, 90.697632069999997 ]
            }
         ]
      }
   ],
   "terminator" : 0
}
