{
   "data" : [
      {
         "radarID" : 13093,
         "tracks" : [
            {
               "detectedID" : 1001,
               "detectedTime" : 602.39999999999998,
               "entityID" : 13093,
               "height" : 4153.3066349999999,
               "lla" : [ 122.4186023, -28.357848440000001, -58502.094360000003 ],
               "radarID" : 13093,
               "targetType" : 3,
               "trueID" : 817,
               "velocity" : [ 265.10810079999999, 107.19933399999999, 90.697285919999999 ]
            }
         ]
      },
      {
         "radarID" : 13107,
         "tracks" : [
            {
               "detectedID" : 1001,
               "detectedTime" : 602.39999999999998,
               "entityID" : 13107,
               "height" : 5868.5862049999996,
               "lla" : [ 122.41765700000001, -28.357183689999999, -56848.83412 ],
               "radarID" : 13107,
               "targetType" : 3,
               "trueID" : 817,
               "velocity" : [ 265.10810079999999, 107.19933399999999, 90.697285919999999 ]
            }
         ]
      }
   ],
   "terminator" : 0
}
