{
   "data" : [
      {
         "radarID" : 13093,
         "tracks" : [
            {
               "detectedID" : 1005,
               "detectedTime" : 602.54999999999995,
               "entityID" : 13093,
               "height" : 4716.6985649999997,
               "lla" : [ 122.5679698, -28.45549707, -39609.637119999999 ],
               "radarID" : 13093,
               "targetType" : 3,
               "trueID" : 805,
               "velocity" : [ 263.75028880000002, 132.64507660000001, 53.301677269999999 ]
            }
         ]
      },
      {
         "radarID" : 13107,
         "tracks" : [
            {
               "detectedID" : 1005,
               "detectedTime" : 602.54999999999995,
               "entityID" : 13107,
               "height" : 7191.9025499999998,
               "lla" : [ 122.56741, -28.455067379999999, -37171.292300000001 ],
               "radarID" : 13107,
               "targetType" : 3,
               "trueID" : 805,
               "velocity" : [ 263.75028880000002, 132.64507660000001, 53.301677269999999 ]
            }
         ]
      }
   ],
   "terminator" : 0
}
