{
   "data" : [
      {
         "radarID" : 12910,
         "tracks" : [
            {
               "detectedID" : 1006,
               "detectedTime" : 604.10000000000002,
               "entityID" : 12910,
               "height" : 4974.4769779999997,
               "lla" : [ 122.8408654, -28.633873879999999, -38664.88639 ],
               "radarID" : 12910,
               "targetType" : 3,
               "trueID" : 811,
               "velocity" : [ 264.46564280000001, 112.5367047, 85.984963120000003 ]
            }
         ]
      },
      {
         "radarID" : 12931,
         "tracks" : [
            {
               "detectedID" : 1006,
               "detectedTime" : 604.10000000000002,
               "entityID" : 12931,
               "height" : 5930.0798510000004,
               "lla" : [ 122.8406086, -28.633682839999999, -37743.54434 ],
               "radarID" : 12931,
               "targetType" : 3,
               "trueID" : 811,
               "velocity" : [ 264.46564280000001, 112.5367047, 85.984963120000003 ]
            }
         ]
      },
      {
         "radarID" : 12938,
         "tracks" : [
            {
               "detectedID" : 1006,
               "detectedTime" : 604.10000000000002,
               "entityID" : 12938,
               "height" : 5928.428476,
               "lla" : [ 122.840536, -28.633635869999999, -37755.859250000001 ],
               "radarID" : 12938,
               "targetType" : 3,
               "trueID" : 811,
               "velocity" : [ 264.46564280000001, 112.5367047, 85.984963120000003 ]
            }
         ]
      },
      {
         "radarID" : 12974,
         "tracks" : [
            {
               "detectedID" : 1006,
               "detectedTime" : 604.10000000000002,
               "entityID" : 12974,
               "height" : 5928.5985300000002,
               "lla" : [ 122.840558, -28.63365014, -37752.768499999998 ],
               "radarID" : 12974,
               "targetType" : 3,
               "trueID" : 811,
               "velocity" : [ 264.46564280000001, 112.5367047, 85.984963120000003 ]
            }
         ]
      }
   ],
   "terminator" : 0
}
