{
   "data" : [
      {
         "radarID" : 13030,
         "tracks" : [
            {
               "detectedID" : 1001,
               "detectedTime" : 610.85000000000002,
               "entityID" : 13030,
               "height" : 2243.1106599999998,
               "lla" : [ 122.3938893, -28.34166651, -61911.483119999997 ],
               "radarID" : 13030,
               "targetType" : 3,
               "trueID" : 817,
               "velocity" : [ 265.16354819999998, 107.1116449, 90.638778790000003 ]
            }
         ]
      },
      {
         "radarID" : 13044,
         "tracks" : [
            {
               "detectedID" : 1001,
               "detectedTime" : 610.85000000000002,
               "entityID" : 13044,
               "height" : 2279.6234709999999,
               "lla" : [ 122.3938728, -28.341654739999999, -61874.950579999997 ],
               "radarID" : 13044,
               "targetType" : 3,
               "trueID" : 817,
               "velocity" : [ 265.16354819999998, 107.1116449, 90.638778790000003 ]
            }
         ]
      }
   ],
   "terminator" : 0
}
