{
   "data" : [
      {
         "radarID" : 13030,
         "tracks" : [
            {
               "detectedID" : 1003,
               "detectedTime" : 611.29999999999995,
               "entityID" : 13030,
               "height" : 171.57955569999999,
               "lla" : [ 121.8574539, -27.985187939999999, -22980.701209999999 ],
               "radarID" : 13030,
               "targetType" : 3,
               "trueID" : 781,
               "velocity" : [ 244.53160600000001, 45.28426657, 167.79043139999999 ]
            }
         ]
      },
      {
         "radarID" : 13037,
         "tracks" : [
            {
               "detectedID" : 1003,
               "detectedTime" : 611.29999999999995,
               "entityID" : 13037,
               "height" : 159.55246399999999,
               "lla" : [ 121.8574598, -27.985192130000001, -22992.6387 ],
               "radarID" : 13037,
               "targetType" : 3,
               "trueID" : 781,
               "velocity" : [ 244.53160600000001, 45.28426657, 167.79043139999999 ]
            }
         ]
      },
      {
         "radarID" : 13044,
         "tracks" : [
            {
               "detectedID" : 1003,
               "detectedTime" : 611.29999999999995,
               "entityID" : 13044,
               "height" : 181.8290891,
               "lla" : [ 121.8574572, -27.985189850000001, -22970.539120000001 ],
               "radarID" : 13044,
               "targetType" : 3,
               "trueID" : 781,
               "velocity" : [ 244.53160600000001, 45.28426657, 167.79043139999999 ]
            }
         ]
      }
   ],
   "terminator" : 0
}
