{
   "data" : [
      {
         "radarID" : 13093,
         "tracks" : [
            {
               "detectedID" : 1001,
               "detectedTime" : 612.39999999999998,
               "entityID" : 13093,
               "height" : 4052.2863160000002,
               "lla" : [ 122.38933470000001, -28.33862628, -60330.882960000003 ],
               "radarID" : 13093,
               "targetType" : 3,
               "trueID" : 817,
               "velocity" : [ 265.17371450000002, 107.09555810000001, 90.628045159999999 ]
            }
         ]
      },
      {
         "radarID" : 13107,
         "tracks" : [
            {
               "detectedID" : 1001,
               "detectedTime" : 612.39999999999998,
               "entityID" : 13107,
               "height" : 5411.0676009999997,
               "lla" : [ 122.3887522, -28.338208600000002, -59009.685129999998 ],
               "radarID" : 13107,
               "targetType" : 3,
               "trueID" : 817,
               "velocity" : [ 265.17371450000002, 107.09555810000001, 90.628045159999999 ]
            }
         ]
      }
   ],
   "terminator" : 0
}
