{
   "data" : [
      {
         "radarID" : 13072,
         "tracks" : [
            {
               "detectedID" : 1005,
               "detectedTime" : 612.5,
               "entityID" : 13072,
               "height" : 5579.953477,
               "lla" : [ 122.537637, -28.435613480000001, -40273.802300000003 ],
               "radarID" : 13072,
               "targetType" : 3,
               "trueID" : 805,
               "velocity" : [ 263.81599899999998, 132.54182890000001, 53.233281490000003 ]
            }
         ]
      },
      {
         "radarID" : 13114,
         "tracks" : [
            {
               "detectedID" : 1005,
               "detectedTime" : 612.5,
               "entityID" : 13114,
               "height" : 4894.8683369999999,
               "lla" : [ 122.5382493, -28.43603195, -40921.544269999999 ],
               "radarID" : 13114,
               "targetType" : 3,
               "trueID" : 805,
               "velocity" : [ 263.81599899999998, 132.54182890000001, 53.233281490000003 ]
            }
         ]
      }
   ],
   "terminator" : 0
}
