{
   "data" : [
      {
         "radarID" : 13058,
         "tracks" : [
            {
               "detectedID" : 1003,
               "detectedTime" : 613.04999999999995,
               "entityID" : 13058,
               "height" : 970.68995370000005,
               "lla" : [ 121.8532185, -27.98235202, -22526.039959999998 ],
               "radarID" : 13058,
               "targetType" : 3,
               "trueID" : 781,
               "velocity" : [ 244.5430878, 45.26578919, 167.77868319999999 ]
            }
         ]
      },
      {
         "radarID" : 13079,
         "tracks" : [
            {
               "detectedID" : 1002,
               "detectedTime" : 613.04999999999995,
               "entityID" : 13079,
               "height" : 5006.0126559999999,
               "lla" : [ 122.4625288, -28.38488667, 14394.61904 ],
               "radarID" : 13079,
               "targetType" : 3,
               "trueID" : 793,
               "velocity" : [ 250.05733710000001, 61.026200799999998, 154.10104140000001 ]
            }
         ]
      },
      {
         "radarID" : 13086,
         "tracks" : [
            {
               "detectedID" : 1002,
               "detectedTime" : 613.04999999999995,
               "entityID" : 13086,
               "height" : 5003.0411949999998,
               "lla" : [ 122.4623977, -28.38480079, 14382.5126 ],
               "radarID" : 13086,
               "targetType" : 3,
               "trueID" : 793,
               "velocity" : [ 250.05733710000001, 61.026200799999998, 154.10104140000001 ]
            }
         ]
      },
      {
         "radarID" : 13114,
         "tracks" : [
            {
               "detectedID" : 1004,
               "detectedTime" : 613.04999999999995,
               "entityID" : 13114,
               "height" : 4872.3266430000003,
               "lla" : [ 122.33839330000001, -28.303556950000001, -1564.601496 ],
               "radarID" : 13114,
               "targetType" : 3,
               "trueID" : 799,
               "velocity" : [ 258.44820559999999, 151.06089610000001, 19.624746479999999 ]
            }
         ]
      }
   ],
   "terminator" : 0
}
