{
   "data" : [
      {
         "radarID" : 13030,
         "tracks" : [
            {
               "detectedID" : 1006,
               "detectedTime" : 621.10000000000002,
               "entityID" : 13030,
               "height" : 2805.2636499999999,
               "lla" : [ 122.7919304, -28.602098770000001, -43740.207950000004 ],
               "radarID" : 13030,
               "targetType" : 3,
               "trueID" : 811,
               "velocity" : [ 264.5784989, 112.361045, 85.86741791 ]
            }
         ]
      },
      {
         "radarID" : 13037,
         "tracks" : [
            {
               "detectedID" : 1006,
               "detectedTime" : 621.10000000000002,
               "entityID" : 13037,
               "height" : 2755.41986,
               "lla" : [ 122.7918336, -28.602036940000001, -43791.431559999997 ],
               "radarID" : 13037,
               "targetType" : 3,
               "trueID" : 811,
               "velocity" : [ 264.5784989, 112.361045, 85.86741791 ]
            }
         ]
      },
      {
         "radarID" : 13044,
         "tracks" : [
            {
               "detectedID" : 1006,
               "detectedTime" : 621.10000000000002,
               "entityID" : 13044,
               "height" : 2846.0809800000002,
               "lla" : [ 122.7917599, -28.601986520000001, -43701.474459999998 ],
               "radarID" : 13044,
               "targetType" : 3,
               "trueID" : 811,
               "velocity" : [ 264.5784989, 112.361045, 85.86741791 ]
            }
         ]
      }
   ],
   "terminator" : 0
}
