{
   "data" : [
      {
         "radarID" : 13030,
         "tracks" : [
            {
               "detectedID" : 1003,
               "detectedTime" : 621.20000000000005,
               "entityID" : 13030,
               "height" : 169.3623059,
               "lla" : [ 121.83405, -27.96962619, -24911.518950000001 ],
               "radarID" : 13030,
               "targetType" : 3,
               "trueID" : 781,
               "velocity" : [ 244.59653850000001, 45.179733470000002, 167.7239549 ]
            }
         ]
      },
      {
         "radarID" : 13037,
         "tracks" : [
            {
               "detectedID" : 1003,
               "detectedTime" : 621.20000000000005,
               "entityID" : 13037,
               "height" : 157.37038140000001,
               "lla" : [ 121.8340628, -27.969634989999999, -24923.51225 ],
               "radarID" : 13037,
               "targetType" : 3,
               "trueID" : 781,
               "velocity" : [ 244.59653850000001, 45.179733470000002, 167.7239549 ]
            }
         ]
      },
      {
         "radarID" : 13044,
         "tracks" : [
            {
               "detectedID" : 1003,
               "detectedTime" : 621.20000000000005,
               "entityID" : 13044,
               "height" : 179.61850509999999,
               "lla" : [ 121.83405879999999, -27.969631790000001, -24901.39356 ],
               "radarID" : 13044,
               "targetType" : 3,
               "trueID" : 781,
               "velocity" : [ 244.59653850000001, 45.179733470000002, 167.7239549 ]
            }
         ]
      }
   ],
   "terminator" : 0
}
