{
   "data" : [
      {
         "radarID" : 13023,
         "tracks" : [
            {
               "detectedID" : 1005,
               "detectedTime" : 621.35000000000002,
               "entityID" : 13023,
               "height" : 5582.9679319999996,
               "lla" : [ 122.5111534, -28.418261019999999, -41615.052620000002 ],
               "radarID" : 13023,
               "targetType" : 3,
               "trueID" : 805,
               "velocity" : [ 263.8743963, 132.44997129999999, 53.172437219999999 ]
            }
         ]
      },
      {
         "radarID" : 13135,
         "tracks" : [
            {
               "detectedID" : 1005,
               "detectedTime" : 621.35000000000002,
               "entityID" : 13135,
               "height" : 4490.3764289999999,
               "lla" : [ 122.51162189999999, -28.41859638, -42694.508099999999 ],
               "radarID" : 13135,
               "targetType" : 3,
               "trueID" : 805,
               "velocity" : [ 263.8743963, 132.44997129999999, 53.172437219999999 ]
            }
         ]
      },
      {
         "radarID" : 13142,
         "tracks" : [
            {
               "detectedID" : 1005,
               "detectedTime" : 621.35000000000002,
               "entityID" : 13142,
               "height" : 5579.907048,
               "lla" : [ 122.5107036, -28.417965859999999, -41624.184450000001 ],
               "radarID" : 13142,
               "targetType" : 3,
               "trueID" : 805,
               "velocity" : [ 263.8743963, 132.44997129999999, 53.172437219999999 ]
            },
            {
               "detectedID" : 1006,
               "detectedTime" : 621.35000000000002,
               "entityID" : 13142,
               "height" : 5927.3103950000004,
               "lla" : [ 122.79035260000001, -28.600990419999999, -40674.286769999999 ],
               "radarID" : 13142,
               "targetType" : 3,
               "trueID" : 811,
               "velocity" : [ 264.5801573, 112.35846119999999, 85.865688890000001 ]
            }
         ]
      }
   ],
   "terminator" : 0
}
