{
   "data" : [
      {
         "radarID" : 13030,
         "tracks" : [
            {
               "detectedID" : 1004,
               "detectedTime" : 621.79999999999995,
               "entityID" : 13030,
               "height" : 591.07536459999994,
               "lla" : [ 122.3131925, -28.287071869999998, -6968.2853429999996 ],
               "radarID" : 13030,
               "targetType" : 3,
               "trueID" : 799,
               "velocity" : [ 258.50618839999998, 150.96926439999999, 19.56608705 ]
            }
         ]
      },
      {
         "radarID" : 13037,
         "tracks" : [
            {
               "detectedID" : 1004,
               "detectedTime" : 621.79999999999995,
               "entityID" : 13037,
               "height" : 570.44202710000002,
               "lla" : [ 122.3132355, -28.287100729999999, -6986.9476889999996 ],
               "radarID" : 13037,
               "targetType" : 3,
               "trueID" : 799,
               "velocity" : [ 258.50618839999998, 150.96926439999999, 19.56608705 ]
            }
         ]
      },
      {
         "radarID" : 13044,
         "tracks" : [
            {
               "detectedID" : 1004,
               "detectedTime" : 621.79999999999995,
               "entityID" : 13044,
               "height" : 608.15078700000004,
               "lla" : [ 122.313138, -28.287035540000002, -6953.1484739999996 ],
               "radarID" : 13044,
               "targetType" : 3,
               "trueID" : 799,
               "velocity" : [ 258.50618839999998, 150.96926439999999, 19.56608705 ]
            }
         ]
      }
   ],
   "terminator" : 0
}
