{
   "data" : [
      {
         "radarID" : 13114,
         "tracks" : [
            {
               "detectedID" : 1001,
               "detectedTime" : 622.35000000000002,
               "entityID" : 13114,
               "height" : 4252.0047930000001,
               "lla" : [ 122.3603603, -28.319575879999999, -61841.862780000003 ],
               "radarID" : 13114,
               "targetType" : 3,
               "trueID" : 817,
               "velocity" : [ 265.23894200000001, 106.9922778, 90.559130640000006 ]
            }
         ]
      }
   ],
   "terminator" : 0
}
