{
   "data" : [
      {
         "radarID" : 13079,
         "tracks" : [
            {
               "detectedID" : 1004,
               "detectedTime" : 622.85000000000002,
               "entityID" : 13079,
               "height" : 5001.5975079999998,
               "lla" : [ 122.308385, -28.283792779999999, -2732.9289410000001 ],
               "radarID" : 13079,
               "targetType" : 3,
               "trueID" : 799,
               "velocity" : [ 258.51314339999999, 150.95826690000001, 19.559047700000001 ]
            }
         ]
      },
      {
         "radarID" : 13086,
         "tracks" : [
            {
               "detectedID" : 1004,
               "detectedTime" : 622.85000000000002,
               "entityID" : 13086,
               "height" : 5001.6874209999996,
               "lla" : [ 122.308391, -28.283796760000001, -2732.454393 ],
               "radarID" : 13086,
               "targetType" : 3,
               "trueID" : 799,
               "velocity" : [ 258.51314339999999, 150.95826690000001, 19.559047700000001 ]
            }
         ]
      }
   ],
   "terminator" : 0
}
