{
   "data" : [
      {
         "radarID" : 13051,
         "tracks" : [
            {
               "detectedID" : 1002,
               "detectedTime" : 622.95000000000005,
               "entityID" : 13051,
               "height" : 832.34012180000002,
               "lla" : [ 122.4394128, -28.36983583, 8407.4582780000001 ],
               "radarID" : 13051,
               "targetType" : 3,
               "trueID" : 793,
               "velocity" : [ 250.1233871, 60.922309769999998, 154.03494219999999 ]
            }
         ]
      },
      {
         "radarID" : 13058,
         "tracks" : [
            {
               "detectedID" : 1002,
               "detectedTime" : 622.95000000000005,
               "entityID" : 13058,
               "height" : 5005.1560209999998,
               "lla" : [ 122.4379484, -28.36876947, 12495.975280000001 ],
               "radarID" : 13058,
               "targetType" : 3,
               "trueID" : 793,
               "velocity" : [ 250.1233871, 60.922309769999998, 154.03494219999999 ]
            }
         ]
      }
   ],
   "terminator" : 0
}
