{
   "data" : [
      {
         "radarID" : 13009,
         "tracks" : [
            {
               "detectedID" : 1005,
               "detectedTime" : 623.45000000000005,
               "entityID" : 13009,
               "height" : 1239.1768099999999,
               "lla" : [ 122.50590819999999, -28.414932230000002, -46137.18075 ],
               "radarID" : 13009,
               "targetType" : 3,
               "trueID" : 805,
               "velocity" : [ 263.8882466, 132.42817120000001, 53.157998239999998 ]
            }
         ]
      },
      {
         "radarID" : 13016,
         "tracks" : [
            {
               "detectedID" : 1005,
               "detectedTime" : 623.45000000000005,
               "entityID" : 13016,
               "height" : 1195.3598260000001,
               "lla" : [ 122.5059583, -28.414966119999999, -46175.68275 ],
               "radarID" : 13016,
               "targetType" : 3,
               "trueID" : 805,
               "velocity" : [ 263.8882466, 132.42817120000001, 53.157998239999998 ]
            }
         ]
      }
   ],
   "terminator" : 0
}
