{
   "data" : [
      {
         "radarID" : 12981,
         "tracks" : [
            {
               "detectedID" : 1001,
               "detectedTime" : 623.54999999999995,
               "entityID" : 12981,
               "height" : 427.47111339999998,
               "lla" : [ 122.3584571, -28.318420150000001, -65669.430510000006 ],
               "radarID" : 12981,
               "targetType" : 3,
               "trueID" : 817,
               "velocity" : [ 265.24680469999998, 106.9798203, 90.550818000000007 ]
            }
         ]
      },
      {
         "radarID" : 12995,
         "tracks" : [
            {
               "detectedID" : 1001,
               "detectedTime" : 623.54999999999995,
               "entityID" : 12995,
               "height" : 5832.5966799999997,
               "lla" : [ 122.3564329, -28.316952700000002, -60495.369480000001 ],
               "radarID" : 12995,
               "targetType" : 3,
               "trueID" : 817,
               "velocity" : [ 265.24680469999998, 106.9798203, 90.550818000000007 ]
            }
         ]
      },
      {
         "radarID" : 13065,
         "tracks" : [
            {
               "detectedID" : 1003,
               "detectedTime" : 623.54999999999995,
               "entityID" : 13065,
               "height" : 971.12038680000001,
               "lla" : [ 121.82841120000001, -27.965855189999999, -24570.84016 ],
               "radarID" : 13065,
               "targetType" : 3,
               "trueID" : 781,
               "velocity" : [ 244.6119439, 45.154918680000002, 167.70816980000001 ]
            }
         ]
      },
      {
         "radarID" : 13072,
         "tracks" : [
            {
               "detectedID" : 1002,
               "detectedTime" : 623.54999999999995,
               "entityID" : 13072,
               "height" : 5008.2480539999997,
               "lla" : [ 122.4364829, -28.367808190000002, 12384.166869999999 ],
               "radarID" : 13072,
               "targetType" : 3,
               "trueID" : 793,
               "velocity" : [ 250.1273884, 60.916012930000001, 154.03093509999999 ]
            }
         ]
      }
   ],
   "terminator" : 0
}
