{
   "data" : [
      {
         "radarID" : 12931,
         "tracks" : [
            {
               "detectedID" : 1004,
               "detectedTime" : 624.89999999999998,
               "entityID" : 12931,
               "height" : 5009.9093110000003,
               "lla" : [ 122.30212539999999, -28.279668910000002, -2999.6947559999999 ],
               "radarID" : 12931,
               "targetType" : 3,
               "trueID" : 799,
               "velocity" : [ 258.52672039999999, 150.93679449999999, 19.545304059999999 ]
            }
         ]
      },
      {
         "radarID" : 12938,
         "tracks" : [
            {
               "detectedID" : 1004,
               "detectedTime" : 624.89999999999998,
               "entityID" : 12938,
               "height" : 5012.7254220000004,
               "lla" : [ 122.3021184, -28.279663899999999, -2985.6471320000001 ],
               "radarID" : 12938,
               "targetType" : 3,
               "trueID" : 799,
               "velocity" : [ 258.52672039999999, 150.93679449999999, 19.545304059999999 ]
            }
         ]
      }
   ],
   "terminator" : 0
}
