{
   "data" : [
      {
         "radarID" : 13079,
         "tracks" : [
            {
               "detectedID" : 1001,
               "detectedTime" : 631.39999999999998,
               "entityID" : 13079,
               "height" : 5703.5497830000004,
               "lla" : [ 122.3336913, -28.30199709, -61963.783340000002 ],
               "radarID" : 13079,
               "targetType" : 3,
               "trueID" : 817,
               "velocity" : [ 265.29821909999998, 106.8983193, 90.496432330000005 ]
            }
         ]
      }
   ],
   "terminator" : 0
}
