{
   "data" : [
      {
         "radarID" : 13135,
         "tracks" : [
            {
               "detectedID" : 1004,
               "detectedTime" : 631.85000000000002,
               "entityID" : 13135,
               "height" : 2389.6297209999998,
               "lla" : [ 122.28160699999999, -28.266213669999999, -6516.4417670000003 ],
               "radarID" : 13135,
               "targetType" : 3,
               "trueID" : 799,
               "velocity" : [ 258.57273190000001, 150.86398740000001, 19.498708400000002 ]
            }
         ]
      },
      {
         "radarID" : 13142,
         "tracks" : [
            {
               "detectedID" : 1004,
               "detectedTime" : 631.85000000000002,
               "entityID" : 13142,
               "height" : 5002.2220399999997,
               "lla" : [ 122.2807938, -28.265611209999999, -3923.4315670000001 ],
               "radarID" : 13142,
               "targetType" : 3,
               "trueID" : 799,
               "velocity" : [ 258.57273190000001, 150.86398740000001, 19.498708400000002 ]
            }
         ]
      }
   ],
   "terminator" : 0
}
