{
   "data" : [
      {
         "radarID" : 13135,
         "tracks" : [
            {
               "detectedID" : 1002,
               "detectedTime" : 632.0,
               "entityID" : 13135,
               "height" : 2579.3064850000001,
               "lla" : [ 122.4161347, -28.354520600000001, 8348.1203179999993 ],
               "radarID" : 13135,
               "targetType" : 3,
               "trueID" : 793,
               "velocity" : [ 250.1837185, 60.827327449999999, 153.97448879999999 ]
            }
         ]
      },
      {
         "radarID" : 13142,
         "tracks" : [
            {
               "detectedID" : 1002,
               "detectedTime" : 632.0,
               "entityID" : 13142,
               "height" : 5006.5773319999998,
               "lla" : [ 122.41549070000001, -28.3540359, 10761.71586 ],
               "radarID" : 13142,
               "targetType" : 3,
               "trueID" : 793,
               "velocity" : [ 250.1837185, 60.827327449999999, 153.97448879999999 ]
            }
         ]
      }
   ],
   "terminator" : 0
}
