{
   "data" : [
      {
         "radarID" : 12988,
         "tracks" : [
            {
               "detectedID" : 1005,
               "detectedTime" : 633.79999999999995,
               "entityID" : 12988,
               "height" : 5572.2007720000001,
               "lla" : [ 122.4733737, -28.393487950000001, -43512.579980000002 ],
               "radarID" : 12988,
               "targetType" : 3,
               "trueID" : 805,
               "velocity" : [ 263.95647129999998, 132.32070909999999, 53.086827079999999 ]
            }
         ]
      }
   ],
   "terminator" : 0
}
