{
   "data" : [
      {
         "radarID" : 12931,
         "tracks" : [
            {
               "detectedID" : 1001,
               "detectedTime" : 634.75,
               "entityID" : 12931,
               "height" : 5701.6909900000001,
               "lla" : [ 122.3239957, -28.295617159999999, -62538.948429999997 ],
               "radarID" : 12931,
               "targetType" : 3,
               "trueID" : 817,
               "velocity" : [ 265.32014930000003, 106.8635341, 90.473219380000003 ]
            }
         ]
      },
      {
         "radarID" : 12938,
         "tracks" : [
            {
               "detectedID" : 1001,
               "detectedTime" : 634.75,
               "entityID" : 12938,
               "height" : 5701.9532250000002,
               "lla" : [ 122.3239964, -28.29561764, -62537.815150000002 ],
               "radarID" : 12938,
               "targetType" : 3,
               "trueID" : 817,
               "velocity" : [ 265.32014930000003, 106.8635341, 90.473219380000003 ]
            }
         ]
      }
   ],
   "terminator" : 0
}
