{
   "data" : [
      {
         "radarID" : 13058,
         "tracks" : [
            {
               "detectedID" : 1005,
               "detectedTime" : 641.39999999999998,
               "entityID" : 13058,
               "height" : 5570.4228899999998,
               "lla" : [ 122.45046170000001, -28.378453310000001, -44666.447760000003 ],
               "radarID" : 13058,
               "targetType" : 3,
               "trueID" : 805,
               "velocity" : [ 264.00652889999998, 132.24177990000001, 53.034558079999996 ]
            }
         ]
      }
   ],
   "terminator" : 0
}
