{
   "data" : [
      {
         "radarID" : 13023,
         "tracks" : [
            {
               "detectedID" : 1002,
               "detectedTime" : 642.04999999999995,
               "entityID" : 13023,
               "height" : 5006.6334340000003,
               "lla" : [ 122.3905943, -28.337693300000002, 8838.0839479999995 ],
               "radarID" : 13023,
               "targetType" : 3,
               "trueID" : 793,
               "velocity" : [ 250.25066319999999, 60.721837290000003, 153.9073228 ]
            }
         ]
      }
   ],
   "terminator" : 0
}
