{
   "data" : [
      {
         "radarID" : 13072,
         "tracks" : [
            {
               "detectedID" : 1006,
               "detectedTime" : 642.25,
               "entityID" : 13072,
               "height" : 5910.301821,
               "lla" : [ 122.7293379, -28.561246499999999, -44219.480389999997 ],
               "radarID" : 13072,
               "targetType" : 3,
               "trueID" : 811,
               "velocity" : [ 264.7186696, 112.1424042, 85.721100989999997 ]
            }
         ]
      }
   ],
   "terminator" : 0
}
