{
   "data" : [
      {
         "radarID" : 13065,
         "tracks" : [
            {
               "detectedID" : 1004,
               "detectedTime" : 643.04999999999995,
               "entityID" : 13065,
               "height" : 5001.4003640000001,
               "lla" : [ 122.2467558, -28.243165279999999, -5393.8364600000004 ],
               "radarID" : 13065,
               "targetType" : 3,
               "trueID" : 799,
               "velocity" : [ 258.64682190000002, 150.74662420000001, 19.42361459 ]
            }
         ]
      },
      {
         "radarID" : 13079,
         "tracks" : [
            {
               "detectedID" : 1002,
               "detectedTime" : 643.04999999999995,
               "entityID" : 13079,
               "height" : 5005.4857780000002,
               "lla" : [ 122.3880479, -28.336021179999999, 8644.1014869999999 ],
               "radarID" : 13079,
               "targetType" : 3,
               "trueID" : 793,
               "velocity" : [ 250.2573213, 60.711340040000003, 153.9006378 ]
            }
         ]
      },
      {
         "radarID" : 13086,
         "tracks" : [
            {
               "detectedID" : 1002,
               "detectedTime" : 643.04999999999995,
               "entityID" : 13086,
               "height" : 5004.6863329999996,
               "lla" : [ 122.388012, -28.335997580000001, 8640.8893179999995 ],
               "radarID" : 13086,
               "targetType" : 3,
               "trueID" : 793,
               "velocity" : [ 250.2573213, 60.711340040000003, 153.9006378 ]
            }
         ]
      }
   ],
   "terminator" : 0
}
