{
   "data" : [
      {
         "radarID" : 13065,
         "tracks" : [
            {
               "detectedID" : 1002,
               "detectedTime" : 643.20000000000005,
               "entityID" : 13065,
               "height" : 5004.9561210000002,
               "lla" : [ 122.38764879999999, -28.335759110000001, 8613.0987210000003 ],
               "radarID" : 13065,
               "targetType" : 3,
               "trueID" : 793,
               "velocity" : [ 250.25832, 60.709765439999998, 153.89963499999999 ]
            }
         ]
      },
      {
         "radarID" : 13079,
         "tracks" : [
            {
               "detectedID" : 1003,
               "detectedTime" : 643.20000000000005,
               "entityID" : 13079,
               "height" : 971.59652879999999,
               "lla" : [ 121.78195700000001, -27.934937489999999, -28398.001700000001 ],
               "radarID" : 13079,
               "targetType" : 3,
               "trueID" : 781,
               "velocity" : [ 244.74064229999999, 44.947404040000002, 167.57609880000001 ]
            }
         ]
      }
   ],
   "terminator" : 0
}
