{
   "data" : [
      {
         "radarID" : 12988,
         "tracks" : [
            {
               "detectedID" : 1006,
               "detectedTime" : 643.29999999999995,
               "entityID" : 12988,
               "height" : 5909.6902060000002,
               "lla" : [ 122.72630770000001, -28.55927118, -44395.549229999997 ],
               "radarID" : 12988,
               "targetType" : 3,
               "trueID" : 811,
               "velocity" : [ 264.72562160000001, 112.1315468, 85.713834809999994 ]
            }
         ]
      },
      {
         "radarID" : 13002,
         "tracks" : [
            {
               "detectedID" : 1006,
               "detectedTime" : 643.29999999999995,
               "entityID" : 13002,
               "height" : 1885.1432259999999,
               "lla" : [ 122.727636, -28.560239450000001, -48290.14602 ],
               "radarID" : 13002,
               "targetType" : 3,
               "trueID" : 811,
               "velocity" : [ 264.72562160000001, 112.1315468, 85.713834809999994 ]
            }
         ]
      },
      {
         "radarID" : 13009,
         "tracks" : [
            {
               "detectedID" : 1001,
               "detectedTime" : 643.29999999999995,
               "entityID" : 13009,
               "height" : 708.96938999999998,
               "lla" : [ 122.3010733, -28.28065428, -68796.742530000003 ],
               "radarID" : 13009,
               "targetType" : 3,
               "trueID" : 817,
               "velocity" : [ 265.3760906, 106.7747423, 90.413964199999995 ]
            }
         ]
      },
      {
         "radarID" : 13016,
         "tracks" : [
            {
               "detectedID" : 1001,
               "detectedTime" : 643.29999999999995,
               "entityID" : 13016,
               "height" : 675.79223079999997,
               "lla" : [ 122.3011035, -28.280675049999999, -68827.484270000001 ],
               "radarID" : 13016,
               "targetType" : 3,
               "trueID" : 817,
               "velocity" : [ 265.3760906, 106.7747423, 90.413964199999995 ]
            }
         ]
      }
   ],
   "terminator" : 0
}
