{
   "data" : [
      {
         "radarID" : 13030,
         "tracks" : [
            {
               "detectedID" : 1005,
               "detectedTime" : 650.95000000000005,
               "entityID" : 13030,
               "height" : 1847.9489450000001,
               "lla" : [ 122.4224284, -28.36014346, -49830.821629999999 ],
               "radarID" : 13030,
               "targetType" : 3,
               "trueID" : 805,
               "velocity" : [ 264.06938250000002, 132.1425753, 52.968868309999998 ]
            }
         ]
      },
      {
         "radarID" : 13037,
         "tracks" : [
            {
               "detectedID" : 1005,
               "detectedTime" : 650.95000000000005,
               "entityID" : 13037,
               "height" : 1808.0269410000001,
               "lla" : [ 122.42244150000001, -28.36015312, -49870.607429999996 ],
               "radarID" : 13037,
               "targetType" : 3,
               "trueID" : 805,
               "velocity" : [ 264.06938250000002, 132.1425753, 52.968868309999998 ]
            }
         ]
      },
      {
         "radarID" : 13044,
         "tracks" : [
            {
               "detectedID" : 1005,
               "detectedTime" : 650.95000000000005,
               "entityID" : 13044,
               "height" : 1881.480577,
               "lla" : [ 122.4224347, -28.36014677, -49797.372869999999 ],
               "radarID" : 13044,
               "targetType" : 3,
               "trueID" : 805,
               "velocity" : [ 264.06938250000002, 132.1425753, 52.968868309999998 ]
            }
         ]
      }
   ],
   "terminator" : 0
}
