{
   "data" : [
      {
         "radarID" : 13023,
         "tracks" : [
            {
               "detectedID" : 1006,
               "detectedTime" : 651.35000000000002,
               "entityID" : 13023,
               "height" : 5915.0623820000001,
               "lla" : [ 122.70315069999999, -28.544171250000002, -45752.254869999997 ],
               "radarID" : 13023,
               "targetType" : 3,
               "trueID" : 811,
               "velocity" : [ 264.7788989, 112.04829789999999, 85.658120479999994 ]
            }
         ]
      }
   ],
   "terminator" : 0
}
