{
   "data" : [
      {
         "radarID" : 13030,
         "tracks" : [
            {
               "detectedID" : 1004,
               "detectedTime" : 651.70000000000005,
               "entityID" : 13030,
               "height" : 490.39221209999999,
               "lla" : [ 122.2220532, -28.22697913, -11008.40869 ],
               "radarID" : 13030,
               "targetType" : 3,
               "trueID" : 799,
               "velocity" : [ 258.70399429999998, 150.65595350000001, 19.365614310000002 ]
            }
         ]
      },
      {
         "radarID" : 13037,
         "tracks" : [
            {
               "detectedID" : 1004,
               "detectedTime" : 651.70000000000005,
               "entityID" : 13037,
               "height" : 471.15745529999998,
               "lla" : [ 122.22206850000001, -28.22698973, -11026.66208 ],
               "radarID" : 13037,
               "targetType" : 3,
               "trueID" : 799,
               "velocity" : [ 258.70399429999998, 150.65595350000001, 19.365614310000002 ]
            }
         ]
      },
      {
         "radarID" : 13044,
         "tracks" : [
            {
               "detectedID" : 1004,
               "detectedTime" : 651.70000000000005,
               "entityID" : 13044,
               "height" : 506.3632235,
               "lla" : [ 122.2220123, -28.22695173, -10993.88996 ],
               "radarID" : 13044,
               "targetType" : 3,
               "trueID" : 799,
               "velocity" : [ 258.70399429999998, 150.65595350000001, 19.365614310000002 ]
            }
         ]
      }
   ],
   "terminator" : 0
}
