{
   "data" : [
      {
         "radarID" : 13135,
         "tracks" : [
            {
               "detectedID" : 1004,
               "detectedTime" : 651.79999999999995,
               "entityID" : 13135,
               "height" : 2246.4400780000001,
               "lla" : [ 122.22089649999999, -28.226170669999998, -9280.3784419999993 ],
               "radarID" : 13135,
               "targetType" : 3,
               "trueID" : 799,
               "velocity" : [ 258.704655, 150.6549052, 19.36494377 ]
            }
         ]
      },
      {
         "radarID" : 13142,
         "tracks" : [
            {
               "detectedID" : 1004,
               "detectedTime" : 651.79999999999995,
               "entityID" : 13142,
               "height" : 5002.8942470000002,
               "lla" : [ 122.22003909999999, -28.225534669999998, -6546.1798429999999 ],
               "radarID" : 13142,
               "targetType" : 3,
               "trueID" : 799,
               "velocity" : [ 258.704655, 150.6549052, 19.36494377 ]
            }
         ]
      }
   ],
   "terminator" : 0
}
