{
   "data" : [
      {
         "radarID" : 13072,
         "tracks" : [
            {
               "detectedID" : 1006,
               "detectedTime" : 652.25,
               "entityID" : 13072,
               "height" : 5907.7359500000002,
               "lla" : [ 122.70028739999999, -28.542303270000001, -45906.852330000002 ],
               "radarID" : 13072,
               "targetType" : 3,
               "trueID" : 811,
               "velocity" : [ 264.78485310000002, 112.03898959999999, 85.651890780000002 ]
            }
         ]
      }
   ],
   "terminator" : 0
}
