{
   "data" : [
      {
         "radarID" : 13072,
         "tracks" : [
            {
               "detectedID" : 1005,
               "detectedTime" : 652.45000000000005,
               "entityID" : 13072,
               "height" : 5566.033367,
               "lla" : [ 122.4171315, -28.356567869999999, -46342.871850000003 ],
               "radarID" : 13072,
               "targetType" : 3,
               "trueID" : 805,
               "velocity" : [ 264.07925, 132.1269911, 52.958549570000002 ]
            }
         ]
      }
   ],
   "terminator" : 0
}
