{
   "data" : [
      {
         "radarID" : 13002,
         "tracks" : [
            {
               "detectedID" : 1001,
               "detectedTime" : 653.54999999999995,
               "entityID" : 13002,
               "height" : 1037.94274,
               "lla" : [ 122.2709627, -28.260811969999999, -70232.196060000002 ],
               "radarID" : 13002,
               "targetType" : 3,
               "trueID" : 817,
               "velocity" : [ 265.44309829999997, 106.6682734, 90.342907960000005 ]
            }
         ]
      },
      {
         "radarID" : 13065,
         "tracks" : [
            {
               "detectedID" : 1003,
               "detectedTime" : 653.54999999999995,
               "entityID" : 13065,
               "height" : 971.8067337,
               "lla" : [ 121.7574759, -27.918630499999999, -30414.111639999999 ],
               "radarID" : 13065,
               "targetType" : 3,
               "trueID" : 781,
               "velocity" : [ 244.8083456, 44.838087600000001, 167.50647699999999 ]
            }
         ]
      },
      {
         "radarID" : 13072,
         "tracks" : [
            {
               "detectedID" : 1004,
               "detectedTime" : 653.54999999999995,
               "entityID" : 13072,
               "height" : 5003.3566149999997,
               "lla" : [ 122.2147331, -28.2220318, -6773.9597679999997 ],
               "radarID" : 13072,
               "targetType" : 3,
               "trueID" : 799,
               "velocity" : [ 258.71621629999999, 150.63655829999999, 19.353209209999999 ]
            },
            {
               "detectedID" : 1002,
               "detectedTime" : 653.54999999999995,
               "entityID" : 13072,
               "height" : 5007.5435150000003,
               "lla" : [ 122.3619781, -28.318896909999999, 6633.3520070000004 ],
               "radarID" : 13072,
               "targetType" : 3,
               "trueID" : 793,
               "velocity" : [ 250.32719789999999, 60.601110990000002, 153.83042399999999 ]
            }
         ]
      }
   ],
   "terminator" : 0
}
