{
   "data" : [
      {
         "radarID" : 12988,
         "tracks" : [
            {
               "detectedID" : 1005,
               "detectedTime" : 653.85000000000002,
               "entityID" : 12988,
               "height" : 5564.9757399999999,
               "lla" : [ 122.4128686, -28.353767439999999, -46557.53757 ],
               "radarID" : 12988,
               "targetType" : 3,
               "trueID" : 805,
               "velocity" : [ 264.08845839999998, 132.1124451, 52.948918509999999 ]
            }
         ]
      }
   ],
   "terminator" : 0
}
