{
   "data" : [
      {
         "radarID" : 12910,
         "tracks" : [
            {
               "detectedID" : 1006,
               "detectedTime" : 654.14999999999998,
               "entityID" : 12910,
               "height" : 4531.2252580000004,
               "lla" : [ 122.6948265, -28.53877593, -47584.580730000001 ],
               "radarID" : 12910,
               "targetType" : 3,
               "trueID" : 811,
               "velocity" : [ 264.7974213, 112.0193381, 85.638738689999997 ]
            }
         ]
      }
   ],
   "terminator" : 0
}
