{
   "data" : [
      {
         "radarID" : 13030,
         "tracks" : [
            {
               "detectedID" : 1006,
               "detectedTime" : 661.04999999999995,
               "entityID" : 13030,
               "height" : 2679.7688880000001,
               "lla" : [ 122.675263, -28.526058880000001, -50618.329539999999 ],
               "radarID" : 13030,
               "targetType" : 3,
               "trueID" : 811,
               "velocity" : [ 264.8430462, 111.9479644, 85.590970080000005 ]
            }
         ]
      },
      {
         "radarID" : 13037,
         "tracks" : [
            {
               "detectedID" : 1006,
               "detectedTime" : 661.04999999999995,
               "entityID" : 13037,
               "height" : 2631.6180730000001,
               "lla" : [ 122.6753212, -28.52609825, -50666.264750000002 ],
               "radarID" : 13037,
               "targetType" : 3,
               "trueID" : 811,
               "velocity" : [ 264.8430462, 111.9479644, 85.590970080000005 ]
            }
         ]
      },
      {
         "radarID" : 13044,
         "tracks" : [
            {
               "detectedID" : 1006,
               "detectedTime" : 661.04999999999995,
               "entityID" : 13044,
               "height" : 2720.1595699999998,
               "lla" : [ 122.6752559, -28.52605325, -50578.133170000001 ],
               "radarID" : 13044,
               "targetType" : 3,
               "trueID" : 811,
               "velocity" : [ 264.8430462, 111.9479644, 85.590970080000005 ]
            }
         ]
      }
   ],
   "terminator" : 0
}
