{
   "data" : [
      {
         "radarID" : 13135,
         "tracks" : [
            {
               "detectedID" : 1004,
               "detectedTime" : 661.79999999999995,
               "entityID" : 13135,
               "height" : 2176.4757930000001,
               "lla" : [ 122.1903422, -28.205996150000001, -10667.14878 ],
               "radarID" : 13135,
               "targetType" : 3,
               "trueID" : 799,
               "velocity" : [ 258.77069640000002, 150.5500523, 19.297887370000002 ]
            }
         ]
      },
      {
         "radarID" : 13142,
         "tracks" : [
            {
               "detectedID" : 1004,
               "detectedTime" : 661.79999999999995,
               "entityID" : 13142,
               "height" : 5004.6030430000001,
               "lla" : [ 122.18978420000001, -28.20555581, -7853.323832 ],
               "radarID" : 13142,
               "targetType" : 3,
               "trueID" : 799,
               "velocity" : [ 258.77069640000002, 150.5500523, 19.297887370000002 ]
            }
         ]
      }
   ],
   "terminator" : 0
}
