{
   "data" : [
      {
         "radarID" : 12910,
         "tracks" : [
            {
               "detectedID" : 1001,
               "detectedTime" : 664.39999999999998,
               "entityID" : 12910,
               "height" : 3669.0706289999998,
               "lla" : [ 122.2382961, -28.239212309999999, -69574.960529999997 ],
               "radarID" : 12910,
               "targetType" : 3,
               "trueID" : 817,
               "velocity" : [ 265.51396119999998, 106.55554549999999, 90.267669380000001 ]
            },
            {
               "detectedID" : 1005,
               "detectedTime" : 664.39999999999998,
               "entityID" : 12910,
               "height" : 4703.1274990000002,
               "lla" : [ 122.3812547, -28.33301204, -48969.714070000002 ],
               "radarID" : 12910,
               "targetType" : 3,
               "trueID" : 805,
               "velocity" : [ 264.15781390000001, 132.00281290000001, 52.876334159999999 ]
            }
         ]
      }
   ],
   "terminator" : 0
}
