{
   "data" : [
      {
         "radarID" : 12988,
         "tracks" : [
            {
               "detectedID" : 1004,
               "detectedTime" : 664.64999999999998,
               "entityID" : 12988,
               "height" : 5005.224733,
               "lla" : [ 122.1808465, -28.199651079999999, -8236.8689460000005 ],
               "radarID" : 12988,
               "targetType" : 3,
               "trueID" : 799,
               "velocity" : [ 258.7895077, 150.52016309999999, 19.278775509999999 ]
            }
         ]
      }
   ],
   "terminator" : 0
}
