{
   "data" : [
      {
         "radarID" : 13051,
         "tracks" : [
            {
               "detectedID" : 1005,
               "detectedTime" : 671.35000000000002,
               "entityID" : 13051,
               "height" : 1101.626839,
               "lla" : [ 122.3613466, -28.320014709999999, -53635.32475 ],
               "radarID" : 13051,
               "targetType" : 3,
               "trueID" : 805,
               "velocity" : [ 264.20346769999998, 131.9305731, 52.828510790000003 ]
            },
            {
               "detectedID" : 1006,
               "detectedTime" : 671.35000000000002,
               "entityID" : 13051,
               "height" : 1832.3858769999999,
               "lla" : [ 122.6457047, -28.506781449999998, -53176.526980000002 ],
               "radarID" : 13051,
               "targetType" : 3,
               "trueID" : 811,
               "velocity" : [ 264.91110099999997, 111.8413994, 85.519646480000006 ]
            }
         ]
      },
      {
         "radarID" : 13058,
         "tracks" : [
            {
               "detectedID" : 1005,
               "detectedTime" : 671.35000000000002,
               "entityID" : 13058,
               "height" : 5559.4689429999999,
               "lla" : [ 122.3600603, -28.31905343, -49213.656210000001 ],
               "radarID" : 13058,
               "targetType" : 3,
               "trueID" : 805,
               "velocity" : [ 264.20346769999998, 131.9305731, 52.828510790000003 ]
            },
            {
               "detectedID" : 1006,
               "detectedTime" : 671.35000000000002,
               "entityID" : 13058,
               "height" : 5900.5290429999995,
               "lla" : [ 122.6445892, -28.505947160000002, -49142.623299999999 ],
               "radarID" : 13058,
               "targetType" : 3,
               "trueID" : 811,
               "velocity" : [ 264.91110099999997, 111.8413994, 85.519646480000006 ]
            }
         ]
      }
   ],
   "terminator" : 0
}
