{
   "data" : [
      {
         "radarID" : 13065,
         "tracks" : [
            {
               "detectedID" : 1001,
               "detectedTime" : 122.25,
               "entityID" : 13065,
               "height" : 5946.163114,
               "lla" : [ 123.8012885, -29.250935210000002, 25866.736629999999 ],
               "radarID" : 13065,
               "targetType" : 3,
               "trueID" : 817,
               "velocity" : [ 261.88902289999999, 112.154051, 93.997917650000005 ]
            }
         ]
      }
   ],
   "terminator" : 0
}
