{
   "data" : [
      {
         "radarID" : 13023,
         "tracks" : [
            {
               "detectedID" : 1004,
               "detectedTime" : 671.85000000000002,
               "entityID" : 13023,
               "height" : 5002.4871739999999,
               "lla" : [ 122.158863, -28.185122239999998, -9182.7961869999999 ],
               "radarID" : 13023,
               "targetType" : 3,
               "trueID" : 799,
               "velocity" : [ 258.83701050000002, 150.44464170000001, 19.230491359999998 ]
            }
         ]
      }
   ],
   "terminator" : 0
}
