{
   "data" : [
      {
         "radarID" : 13072,
         "tracks" : [
            {
               "detectedID" : 1006,
               "detectedTime" : 672.25,
               "entityID" : 13072,
               "height" : 5896.5863859999999,
               "lla" : [ 122.6418498, -28.504157750000001, -49298.808539999998 ],
               "radarID" : 13072,
               "targetType" : 3,
               "trueID" : 811,
               "velocity" : [ 264.9170446, 111.8320867, 85.513413369999995 ]
            }
         ]
      }
   ],
   "terminator" : 0
}
