{
   "data" : [
      {
         "radarID" : 13093,
         "tracks" : [
            {
               "detectedID" : 1005,
               "detectedTime" : 672.54999999999995,
               "entityID" : 13093,
               "height" : 3951.467834,
               "lla" : [ 122.356931, -28.317036040000001, -50969.983489999999 ],
               "radarID" : 13093,
               "targetType" : 3,
               "trueID" : 805,
               "velocity" : [ 264.21134749999999, 131.91809860000001, 52.820252940000003 ]
            }
         ]
      },
      {
         "radarID" : 13107,
         "tracks" : [
            {
               "detectedID" : 1005,
               "detectedTime" : 672.54999999999995,
               "entityID" : 13107,
               "height" : 5923.6333219999997,
               "lla" : [ 122.3563767, -28.31662111, -49036.601219999997 ],
               "radarID" : 13107,
               "targetType" : 3,
               "trueID" : 805,
               "velocity" : [ 264.21134749999999, 131.91809860000001, 52.820252940000003 ]
            }
         ]
      }
   ],
   "terminator" : 0
}
