{
   "data" : [
      {
         "radarID" : 13093,
         "tracks" : [
            {
               "detectedID" : 1004,
               "detectedTime" : 673.20000000000005,
               "entityID" : 13093,
               "height" : 4091.0466719999999,
               "lla" : [ 122.15515120000001, -28.182691080000001, -10241.558419999999 ],
               "radarID" : 13093,
               "targetType" : 3,
               "trueID" : 799,
               "velocity" : [ 258.84591390000003, 150.43047949999999, 19.221437829999999 ]
            }
         ]
      }
   ],
   "terminator" : 0
}
