{
   "data" : [
      {
         "radarID" : 12995,
         "tracks" : [
            {
               "detectedID" : 1006,
               "detectedTime" : 673.35000000000002,
               "entityID" : 12995,
               "height" : 5793.6480709999996,
               "lla" : [ 122.6386718, -28.502084419999999, -49586.281320000002 ],
               "radarID" : 12995,
               "targetType" : 3,
               "trueID" : 811,
               "velocity" : [ 264.92430830000001, 111.82070419999999, 85.505794910000006 ]
            }
         ]
      }
   ],
   "terminator" : 0
}
