{
   "data" : [
      {
         "radarID" : 12981,
         "tracks" : [
            {
               "detectedID" : 1001,
               "detectedTime" : 673.64999999999998,
               "entityID" : 12981,
               "height" : 280.3493484,
               "lla" : [ 122.21351110000001, -28.222948389999999, -74322.349170000001 ],
               "radarID" : 12981,
               "targetType" : 3,
               "trueID" : 817,
               "velocity" : [ 265.57431980000001, 106.4594192, 90.203507270000003 ]
            }
         ]
      }
   ],
   "terminator" : 0
}
