{
   "data" : [
      {
         "radarID" : 12988,
         "tracks" : [
            {
               "detectedID" : 1001,
               "detectedTime" : 673.79999999999995,
               "entityID" : 12988,
               "height" : 5681.8982589999996,
               "lla" : [ 122.2108448, -28.221053390000002, -69217.033209999994 ],
               "radarID" : 12988,
               "targetType" : 3,
               "trueID" : 817,
               "velocity" : [ 265.57529820000002, 106.45786029999999, 90.202466670000007 ]
            }
         ]
      }
   ],
   "terminator" : 0
}
