{
   "data" : [
      {
         "radarID" : 12981,
         "tracks" : [
            {
               "detectedID" : 1005,
               "detectedTime" : 673.85000000000002,
               "entityID" : 12981,
               "height" : 603.91158010000004,
               "lla" : [ 122.3538899, -28.315118559999998, -54354.895660000002 ],
               "radarID" : 12981,
               "targetType" : 3,
               "trueID" : 805,
               "velocity" : [ 264.21988299999998, 131.90458409999999, 52.81130675 ]
            }
         ]
      }
   ],
   "terminator" : 0
}
