{
   "data" : [
      {
         "radarID" : 12910,
         "tracks" : [
            {
               "detectedID" : 1006,
               "detectedTime" : 674.14999999999998,
               "entityID" : 12910,
               "height" : 4365.7946140000004,
               "lla" : [ 122.63662530000001, -28.500783510000002, -51100.999799999998 ],
               "radarID" : 12910,
               "targetType" : 3,
               "trueID" : 811,
               "velocity" : [ 264.92959059999998, 111.8124258, 85.500254069999997 ]
            }
         ]
      }
   ],
   "terminator" : 0
}
