{
   "data" : [
      {
         "radarID" : 12910,
         "tracks" : [
            {
               "detectedID" : 1001,
               "detectedTime" : 674.39999999999998,
               "entityID" : 12910,
               "height" : 3605.48056,
               "lla" : [ 122.2094294, -28.22017125, -71311.124169999996 ],
               "radarID" : 12910,
               "targetType" : 3,
               "trueID" : 817,
               "velocity" : [ 265.57921149999999, 106.45162430000001, 90.198304190000002 ]
            },
            {
               "detectedID" : 1005,
               "detectedTime" : 674.39999999999998,
               "entityID" : 12910,
               "height" : 4640.0444120000002,
               "lla" : [ 122.3509626, -28.313091750000002, -50570.503689999998 ],
               "radarID" : 12910,
               "targetType" : 3,
               "trueID" : 805,
               "velocity" : [ 264.22349389999999, 131.89886619999999, 52.80752176 ]
            }
         ]
      }
   ],
   "terminator" : 0
}
