{
   "data" : [
      {
         "radarID" : 13023,
         "tracks" : [
            {
               "detectedID" : 1002,
               "detectedTime" : 122.95,
               "entityID" : 13023,
               "height" : 4658.4187279999996,
               "lla" : [ 122.50365770000001, -28.41067911, 63764.977359999997 ],
               "radarID" : 13023,
               "targetType" : 3,
               "trueID" : 793,
               "velocity" : [ -144.78651389999999, -197.1640908, 173.67552130000001 ]
            }
         ]
      }
   ],
   "terminator" : 0
}
