{
   "data" : [
      {
         "radarID" : 13023,
         "tracks" : [
            {
               "detectedID" : 1006,
               "detectedTime" : 681.29999999999995,
               "entityID" : 13023,
               "height" : 5892.2763150000001,
               "lla" : [ 122.6147385, -28.486441970000001, -50842.498979999997 ],
               "radarID" : 13023,
               "targetType" : 3,
               "trueID" : 811,
               "velocity" : [ 264.97678439999999, 111.7384309, 85.450727389999997 ]
            }
         ]
      },
      {
         "radarID" : 13051,
         "tracks" : [
            {
               "detectedID" : 1005,
               "detectedTime" : 681.29999999999995,
               "entityID" : 13051,
               "height" : 1068.3122069999999,
               "lla" : [ 122.3312907, -28.30023924, -55175.393609999999 ],
               "radarID" : 13051,
               "targetType" : 3,
               "trueID" : 805,
               "velocity" : [ 264.26877910000002, 131.82712609999999, 52.760034359999999 ]
            }
         ]
      },
      {
         "radarID" : 13058,
         "tracks" : [
            {
               "detectedID" : 1005,
               "detectedTime" : 681.29999999999995,
               "entityID" : 13058,
               "height" : 5555.1048680000004,
               "lla" : [ 122.3299835, -28.299262880000001, -50723.629379999998 ],
               "radarID" : 13058,
               "targetType" : 3,
               "trueID" : 805,
               "velocity" : [ 264.26877910000002, 131.82712609999999, 52.760034359999999 ]
            }
         ]
      }
   ],
   "terminator" : 0
}
