{
   "data" : [
      {
         "radarID" : 13023,
         "tracks" : [
            {
               "detectedID" : 1002,
               "detectedTime" : 681.95000000000005,
               "entityID" : 13023,
               "height" : 5006.0205319999995,
               "lla" : [ 122.29138210000001, -28.272472390000001, 1188.8636650000001 ],
               "radarID" : 13023,
               "targetType" : 3,
               "trueID" : 793,
               "velocity" : [ 250.51589079999999, 60.30289578, 153.64032409999999 ]
            }
         ]
      },
      {
         "radarID" : 13030,
         "tracks" : [
            {
               "detectedID" : 1002,
               "detectedTime" : 681.95000000000005,
               "entityID" : 13030,
               "height" : 524.86532609999995,
               "lla" : [ 122.29311629999999, -28.273729070000002, -3245.747449 ],
               "radarID" : 13030,
               "targetType" : 3,
               "trueID" : 793,
               "velocity" : [ 250.51589079999999, 60.30289578, 153.64032409999999 ]
            }
         ]
      },
      {
         "radarID" : 13037,
         "tracks" : [
            {
               "detectedID" : 1002,
               "detectedTime" : 681.95000000000005,
               "entityID" : 13037,
               "height" : 506.22593549999999,
               "lla" : [ 122.2931427, -28.273746930000001, -3262.7664789999999 ],
               "radarID" : 13037,
               "targetType" : 3,
               "trueID" : 793,
               "velocity" : [ 250.51589079999999, 60.30289578, 153.64032409999999 ]
            }
         ]
      }
   ],
   "terminator" : 0
}
