{
   "data" : [
      {
         "radarID" : 13107,
         "tracks" : [
            {
               "detectedID" : 1006,
               "detectedTime" : 682.39999999999998,
               "entityID" : 13107,
               "height" : 5363.8366329999999,
               "lla" : [ 122.61232889999999, -28.484881340000001, -51540.226790000001 ],
               "radarID" : 13107,
               "targetType" : 3,
               "trueID" : 811,
               "velocity" : [ 264.9840423, 111.72704589999999, 85.443107040000001 ]
            }
         ]
      }
   ],
   "terminator" : 0
}
