{
   "data" : [
      {
         "radarID" : 13093,
         "tracks" : [
            {
               "detectedID" : 1005,
               "detectedTime" : 682.54999999999995,
               "entityID" : 13093,
               "height" : 3847.6454680000002,
               "lla" : [ 122.3267273, -28.297163050000002, -52587.115169999997 ],
               "radarID" : 13093,
               "targetType" : 3,
               "trueID" : 805,
               "velocity" : [ 264.27697990000001, 131.8141282, 52.751430980000002 ]
            }
         ]
      }
   ],
   "terminator" : 0
}
