{
   "data" : [
      {
         "radarID" : 12931,
         "tracks" : [
            {
               "detectedID" : 1002,
               "detectedTime" : 684.89999999999998,
               "entityID" : 12931,
               "height" : 5014.9587940000001,
               "lla" : [ 122.28402920000001, -28.267632379999998, 631.58649679999996 ],
               "radarID" : 12931,
               "targetType" : 3,
               "trueID" : 793,
               "velocity" : [ 250.5354653, 60.2719132, 153.6205621 ]
            }
         ]
      },
      {
         "radarID" : 12938,
         "tracks" : [
            {
               "detectedID" : 1002,
               "detectedTime" : 684.89999999999998,
               "entityID" : 12938,
               "height" : 5010.5233909999997,
               "lla" : [ 122.284058, -28.267651959999998, 609.41215150000005 ],
               "radarID" : 12938,
               "targetType" : 3,
               "trueID" : 793,
               "velocity" : [ 250.5354653, 60.2719132, 153.6205621 ]
            }
         ]
      },
      {
         "radarID" : 12974,
         "tracks" : [
            {
               "detectedID" : 1002,
               "detectedTime" : 684.89999999999998,
               "entityID" : 12974,
               "height" : 5003.0376299999998,
               "lla" : [ 122.2841147, -28.26768972, 596.85008849999997 ],
               "radarID" : 12974,
               "targetType" : 3,
               "trueID" : 793,
               "velocity" : [ 250.5354653, 60.2719132, 153.6205621 ]
            }
         ]
      }
   ],
   "terminator" : 0
}
