{
   "data" : [
      {
         "radarID" : 12931,
         "tracks" : [
            {
               "detectedID" : 1001,
               "detectedTime" : 685.0,
               "entityID" : 12931,
               "height" : 5678.352723,
               "lla" : [ 122.1783744, -28.199619420000001, -71127.977169999998 ],
               "radarID" : 12931,
               "targetType" : 3,
               "trueID" : 817,
               "velocity" : [ 265.64831279999999, 106.34144240000001, 90.124755230000005 ]
            },
            {
               "detectedID" : 1004,
               "detectedTime" : 685.0,
               "entityID" : 12931,
               "height" : 5007.148956,
               "lla" : [ 122.118776, -28.158609899999998, -10918.26583 ],
               "radarID" : 12931,
               "targetType" : 3,
               "trueID" : 799,
               "velocity" : [ 258.92369259999998, 150.30666579999999, 19.142299990000001 ]
            }
         ]
      },
      {
         "radarID" : 12938,
         "tracks" : [
            {
               "detectedID" : 1004,
               "detectedTime" : 685.0,
               "entityID" : 12938,
               "height" : 5010.6943510000001,
               "lla" : [ 122.11873370000001, -28.15858141, -10902.59892 ],
               "radarID" : 12938,
               "targetType" : 3,
               "trueID" : 799,
               "velocity" : [ 258.92369259999998, 150.30666579999999, 19.142299990000001 ]
            }
         ]
      },
      {
         "radarID" : 12974,
         "tracks" : [
            {
               "detectedID" : 1004,
               "detectedTime" : 685.0,
               "entityID" : 12974,
               "height" : 5009.502512,
               "lla" : [ 122.11874589999999, -28.158589679999999, -10908.94975 ],
               "radarID" : 12974,
               "targetType" : 3,
               "trueID" : 799,
               "velocity" : [ 258.92369259999998, 150.30666579999999, 19.142299990000001 ]
            }
         ]
      }
   ],
   "terminator" : 0
}
