{
   "data" : [
      {
         "radarID" : 13135,
         "tracks" : [
            {
               "detectedID" : 1004,
               "detectedTime" : 691.75,
               "entityID" : 13135,
               "height" : 1976.129895,
               "lla" : [ 122.0991416, -28.145691679999999, -14795.918460000001 ],
               "radarID" : 13135,
               "targetType" : 3,
               "trueID" : 799,
               "velocity" : [ 258.96814879999999, 150.2358194, 19.097027799999999 ]
            }
         ]
      },
      {
         "radarID" : 13142,
         "tracks" : [
            {
               "detectedID" : 1004,
               "detectedTime" : 691.75,
               "entityID" : 13142,
               "height" : 5002.915763,
               "lla" : [ 122.0981675, -28.144969960000001, -11795.698039999999 ],
               "radarID" : 13142,
               "targetType" : 3,
               "trueID" : 799,
               "velocity" : [ 258.96814879999999, 150.2358194, 19.097027799999999 ]
            }
         ]
      }
   ],
   "terminator" : 0
}
