{
   "data" : [
      {
         "radarID" : 13030,
         "tracks" : [
            {
               "detectedID" : 1002,
               "detectedTime" : 691.89999999999998,
               "entityID" : 13030,
               "height" : 503.68711839999997,
               "lla" : [ 122.2683739, -28.25744122, -5175.5375389999999 ],
               "radarID" : 13030,
               "targetType" : 3,
               "trueID" : 793,
               "velocity" : [ 250.58189390000001, 60.198390699999997, 153.57365730000001 ]
            }
         ]
      },
      {
         "radarID" : 13037,
         "tracks" : [
            {
               "detectedID" : 1002,
               "detectedTime" : 691.89999999999998,
               "entityID" : 13037,
               "height" : 485.14288579999999,
               "lla" : [ 122.2684106, -28.2574659, -5192.2240730000003 ],
               "radarID" : 13037,
               "targetType" : 3,
               "trueID" : 793,
               "velocity" : [ 250.58189390000001, 60.198390699999997, 153.57365730000001 ]
            }
         ]
      },
      {
         "radarID" : 13135,
         "tracks" : [
            {
               "detectedID" : 1002,
               "detectedTime" : 691.89999999999998,
               "entityID" : 13135,
               "height" : 2285.4778959999999,
               "lla" : [ 122.2674197, -28.256766649999999, -3419.1610260000002 ],
               "radarID" : 13135,
               "targetType" : 3,
               "trueID" : 793,
               "velocity" : [ 250.58189390000001, 60.198390699999997, 153.57365730000001 ]
            }
         ]
      },
      {
         "radarID" : 13142,
         "tracks" : [
            {
               "detectedID" : 1002,
               "detectedTime" : 691.89999999999998,
               "entityID" : 13142,
               "height" : 5006.5520610000003,
               "lla" : [ 122.26667879999999, -28.256209080000001, -716.45454580000001 ],
               "radarID" : 13142,
               "targetType" : 3,
               "trueID" : 793,
               "velocity" : [ 250.58189390000001, 60.198390699999997, 153.57365730000001 ]
            }
         ]
      }
   ],
   "terminator" : 0
}
