{
   "data" : [
      {
         "radarID" : 13072,
         "tracks" : [
            {
               "detectedID" : 1006,
               "detectedTime" : 692.20000000000005,
               "entityID" : 13072,
               "height" : 5888.8032149999999,
               "lla" : [ 122.5837193, -28.466160179999999, -52669.613340000004 ],
               "radarID" : 13072,
               "targetType" : 3,
               "trueID" : 811,
               "velocity" : [ 265.04867250000001, 111.62560329999999, 85.375206539999994 ]
            }
         ]
      }
   ],
   "terminator" : 0
}
