{
   "data" : [
      {
         "radarID" : 13093,
         "tracks" : [
            {
               "detectedID" : 1005,
               "detectedTime" : 692.54999999999995,
               "entityID" : 13093,
               "height" : 3746.0168960000001,
               "lla" : [ 122.2967481, -28.277423590000001, -54186.114439999998 ],
               "radarID" : 13093,
               "targetType" : 3,
               "trueID" : 805,
               "velocity" : [ 264.34255400000001, 131.7101289, 52.682597289999997 ]
            }
         ]
      }
   ],
   "terminator" : 0
}
