{
   "data" : [
      {
         "radarID" : 12995,
         "tracks" : [
            {
               "detectedID" : 1001,
               "detectedTime" : 693.64999999999998,
               "entityID" : 12995,
               "height" : 5607.9582989999999,
               "lla" : [ 122.1532969, -28.183056189999999, -72674.222380000007 ],
               "radarID" : 12995,
               "targetType" : 3,
               "trueID" : 817,
               "velocity" : [ 265.70465330000002, 106.25151049999999, 90.064719859999997 ]
            }
         ]
      },
      {
         "radarID" : 13072,
         "tracks" : [
            {
               "detectedID" : 1004,
               "detectedTime" : 693.64999999999998,
               "entityID" : 13072,
               "height" : 5001.5074919999997,
               "lla" : [ 122.0923023, -28.141086990000002, -12051.88092 ],
               "radarID" : 13072,
               "targetType" : 3,
               "trueID" : 799,
               "velocity" : [ 258.98065769999999, 150.2158747, 19.084284159999999 ]
            }
         ]
      }
   ],
   "terminator" : 0
}
