{
   "data" : [
      {
         "radarID" : 12995,
         "tracks" : [
            {
               "detectedID" : 1002,
               "detectedTime" : 694.25,
               "entityID" : 12995,
               "height" : 5369.4908390000001,
               "lla" : [ 122.26075729999999, -28.252300210000001, -813.76761109999995 ],
               "radarID" : 12995,
               "targetType" : 3,
               "trueID" : 793,
               "velocity" : [ 250.5974745, 60.173706729999999, 153.55790690000001 ]
            }
         ]
      },
      {
         "radarID" : 13002,
         "tracks" : [
            {
               "detectedID" : 1002,
               "detectedTime" : 694.25,
               "entityID" : 13002,
               "height" : 3509.8582689999998,
               "lla" : [ 122.2610638, -28.25254859, -2633.3450830000002 ],
               "radarID" : 13002,
               "targetType" : 3,
               "trueID" : 793,
               "velocity" : [ 250.5974745, 60.173706729999999, 153.55790690000001 ]
            }
         ]
      },
      {
         "radarID" : 13009,
         "tracks" : [
            {
               "detectedID" : 1002,
               "detectedTime" : 694.25,
               "entityID" : 13009,
               "height" : 2657.859704,
               "lla" : [ 122.2611598, -28.252632760000001, -3455.2232330000002 ],
               "radarID" : 13009,
               "targetType" : 3,
               "trueID" : 793,
               "velocity" : [ 250.5974745, 60.173706729999999, 153.55790690000001 ]
            }
         ]
      },
      {
         "radarID" : 13016,
         "tracks" : [
            {
               "detectedID" : 1002,
               "detectedTime" : 694.25,
               "entityID" : 13016,
               "height" : 2603.6086439999999,
               "lla" : [ 122.2611522, -28.25262923, -3514.701783 ],
               "radarID" : 13016,
               "targetType" : 3,
               "trueID" : 793,
               "velocity" : [ 250.5974745, 60.173706729999999, 153.55790690000001 ]
            }
         ]
      }
   ],
   "terminator" : 0
}
