{
   "data" : [
      {
         "radarID" : 12988,
         "tracks" : [
            {
               "detectedID" : 1002,
               "detectedTime" : 694.54999999999995,
               "entityID" : 12988,
               "height" : 5006.803919,
               "lla" : [ 122.2600336, -28.251832759999999, -1235.5529369999999 ],
               "radarID" : 12988,
               "targetType" : 3,
               "trueID" : 793,
               "velocity" : [ 250.5994633, 60.170555530000001, 153.55589610000001 ]
            }
         ]
      }
   ],
   "terminator" : 0
}
