{
   "data" : [
      {
         "radarID" : 12981,
         "tracks" : [
            {
               "detectedID" : 1004,
               "detectedTime" : 694.64999999999998,
               "entityID" : 12981,
               "height" : 1959.9040930000001,
               "lla" : [ 122.0895149, -28.139316539999999, -15145.48416 ],
               "radarID" : 12981,
               "targetType" : 3,
               "trueID" : 799,
               "velocity" : [ 258.98724049999998, 150.205377, 19.077576919999998 ]
            }
         ]
      }
   ],
   "terminator" : 0
}
