{
   "data" : [
      {
         "radarID" : 13058,
         "tracks" : [
            {
               "detectedID" : 1001,
               "detectedTime" : 700.85000000000002,
               "entityID" : 13058,
               "height" : 5670.9162040000001,
               "lla" : [ 122.1324159, -28.169254039999998, -73839.016969999997 ],
               "radarID" : 13058,
               "targetType" : 3,
               "trueID" : 817,
               "velocity" : [ 265.75151579999999, 106.1766405, 90.014736810000002 ]
            }
         ]
      }
   ],
   "terminator" : 0
}
