{
   "data" : [
      {
         "radarID" : 13030,
         "tracks" : [
            {
               "detectedID" : 1002,
               "detectedTime" : 701.85000000000002,
               "entityID" : 13030,
               "height" : 483.91652640000001,
               "lla" : [ 122.2436278, -28.241141450000001, -7103.9607180000003 ],
               "radarID" : 13030,
               "targetType" : 3,
               "trueID" : 793,
               "velocity" : [ 250.647842, 60.093872810000001, 153.50695669999999 ]
            }
         ]
      },
      {
         "radarID" : 13037,
         "tracks" : [
            {
               "detectedID" : 1002,
               "detectedTime" : 701.85000000000002,
               "entityID" : 13037,
               "height" : 465.45961130000001,
               "lla" : [ 122.2436687, -28.241168909999999, -7120.5225170000003 ],
               "radarID" : 13037,
               "targetType" : 3,
               "trueID" : 793,
               "velocity" : [ 250.647842, 60.093872810000001, 153.50695669999999 ]
            }
         ]
      },
      {
         "radarID" : 13135,
         "tracks" : [
            {
               "detectedID" : 1002,
               "detectedTime" : 701.85000000000002,
               "entityID" : 13135,
               "height" : 2241.9690580000001,
               "lla" : [ 122.2428491, -28.24058286, -5362.5810659999997 ],
               "radarID" : 13135,
               "targetType" : 3,
               "trueID" : 793,
               "velocity" : [ 250.647842, 60.093872810000001, 153.50695669999999 ]
            }
         ]
      },
      {
         "radarID" : 13142,
         "tracks" : [
            {
               "detectedID" : 1002,
               "detectedTime" : 701.85000000000002,
               "entityID" : 13142,
               "height" : 5004.0411750000003,
               "lla" : [ 122.2415632, -28.239664189999999, -2635.9377089999998 ],
               "radarID" : 13142,
               "targetType" : 3,
               "trueID" : 793,
               "velocity" : [ 250.647842, 60.093872810000001, 153.50695669999999 ]
            }
         ]
      }
   ],
   "terminator" : 0
}
