{
   "data" : [
      {
         "radarID" : 13030,
         "tracks" : [
            {
               "detectedID" : 1001,
               "detectedTime" : 131.80000000000001,
               "entityID" : 13030,
               "height" : 4559.0561939999998,
               "lla" : [ 123.7744538, -29.233918719999998, 22832.607360000002 ],
               "radarID" : 13030,
               "targetType" : 3,
               "trueID" : 817,
               "velocity" : [ 261.95435459999999, 112.0560479, 93.932732439999995 ]
            }
         ]
      },
      {
         "radarID" : 13044,
         "tracks" : [
            {
               "detectedID" : 1001,
               "detectedTime" : 131.80000000000001,
               "entityID" : 13044,
               "height" : 4606.672939,
               "lla" : [ 123.7746643, -29.23405138, 22889.655790000001 ],
               "radarID" : 13044,
               "targetType" : 3,
               "trueID" : 817,
               "velocity" : [ 261.95435459999999, 112.0560479, 93.932732439999995 ]
            }
         ]
      }
   ],
   "terminator" : 0
}
