{
   "data" : [
      {
         "radarID" : 13107,
         "tracks" : [
            {
               "detectedID" : 1005,
               "detectedTime" : 702.5,
               "entityID" : 13107,
               "height" : 5221.337794,
               "lla" : [ 122.2660096, -28.25712966, -54261.006560000002 ],
               "radarID" : 13107,
               "targetType" : 3,
               "trueID" : 805,
               "velocity" : [ 264.40774240000002, 131.6066208, 52.614096160000003 ]
            }
         ]
      }
   ],
   "terminator" : 0
}
