{
   "data" : [
      {
         "radarID" : 13051,
         "tracks" : [
            {
               "detectedID" : 1004,
               "detectedTime" : 702.75,
               "entityID" : 13051,
               "height" : 305.69303819999999,
               "lla" : [ 122.0668194, -28.124327449999999, -17805.31494 ],
               "radarID" : 13051,
               "targetType" : 3,
               "trueID" : 799,
               "velocity" : [ 259.04054029999998, 150.1203337, 19.02324673 ]
            }
         ]
      },
      {
         "radarID" : 13058,
         "tracks" : [
            {
               "detectedID" : 1004,
               "detectedTime" : 702.75,
               "entityID" : 13058,
               "height" : 5001.0894680000001,
               "lla" : [ 122.0645839, -28.122728599999999, -13239.5677 ],
               "radarID" : 13058,
               "targetType" : 3,
               "trueID" : 799,
               "velocity" : [ 259.04054029999998, 150.1203337, 19.02324673 ]
            }
         ]
      }
   ],
   "terminator" : 0
}
