{
   "data" : [
      {
         "radarID" : 12988,
         "tracks" : [
            {
               "detectedID" : 1006,
               "detectedTime" : 703.35000000000002,
               "entityID" : 12988,
               "height" : 5881.9173849999997,
               "lla" : [ 122.5511207, -28.44482893, -54558.28342 ],
               "radarID" : 12988,
               "targetType" : 3,
               "trueID" : 811,
               "velocity" : [ 265.12213750000001, 111.5101578, 85.297930280000003 ]
            }
         ]
      },
      {
         "radarID" : 13002,
         "tracks" : [
            {
               "detectedID" : 1006,
               "detectedTime" : 703.35000000000002,
               "entityID" : 13002,
               "height" : 1481.3460990000001,
               "lla" : [ 122.5525871, -28.445900529999999, -58803.954660000003 ],
               "radarID" : 13002,
               "targetType" : 3,
               "trueID" : 811,
               "velocity" : [ 265.12213750000001, 111.5101578, 85.297930280000003 ]
            }
         ]
      },
      {
         "radarID" : 13009,
         "tracks" : [
            {
               "detectedID" : 1001,
               "detectedTime" : 703.35000000000002,
               "entityID" : 13009,
               "height" : 470.05682469999999,
               "lla" : [ 122.1272336, -28.165959409999999, -79240.777350000004 ],
               "radarID" : 13009,
               "targetType" : 3,
               "trueID" : 817,
               "velocity" : [ 265.76778050000001, 106.1506411, 89.997379159999994 ]
            }
         ]
      },
      {
         "radarID" : 13016,
         "tracks" : [
            {
               "detectedID" : 1001,
               "detectedTime" : 703.35000000000002,
               "entityID" : 13016,
               "height" : 443.15741200000002,
               "lla" : [ 122.1272937, -28.16599982, -79262.671199999997 ],
               "radarID" : 13016,
               "targetType" : 3,
               "trueID" : 817,
               "velocity" : [ 265.76778050000001, 106.1506411, 89.997379159999994 ]
            }
         ]
      }
   ],
   "terminator" : 0
}
