{
   "data" : [
      {
         "radarID" : 13135,
         "tracks" : [
            {
               "detectedID" : 1003,
               "detectedTime" : 23.0,
               "entityID" : 13135,
               "height" : 3076.4019859999999,
               "lla" : [ 122.5240944, -28.423806899999999, 75538.714810000005 ],
               "radarID" : 13135,
               "targetType" : 3,
               "trueID" : 781,
               "velocity" : [ -11.80326159, -178.34532379999999, 240.94320579999999 ]
            }
         ]
      }
   ],
   "terminator" : 0
}
