{
   "data" : [
      {
         "radarID" : 13023,
         "tracks" : [
            {
               "detectedID" : 1001,
               "detectedTime" : 711.0,
               "entityID" : 13023,
               "height" : 5668.0821509999996,
               "lla" : [ 122.10272809999999, -28.149621140000001, -75572.973379999996 ],
               "radarID" : 13023,
               "targetType" : 3,
               "trueID" : 817,
               "velocity" : [ 265.81752740000002, 106.0710741, 89.944257010000001 ]
            }
         ]
      },
      {
         "radarID" : 13065,
         "tracks" : [
            {
               "detectedID" : 1001,
               "detectedTime" : 711.0,
               "entityID" : 13065,
               "height" : 5665.0730880000001,
               "lla" : [ 122.1029525, -28.149769890000002, -75572.14228 ],
               "radarID" : 13065,
               "targetType" : 3,
               "trueID" : 817,
               "velocity" : [ 265.81752740000002, 106.0710741, 89.944257010000001 ]
            }
         ]
      },
      {
         "radarID" : 13135,
         "tracks" : [
            {
               "detectedID" : 1001,
               "detectedTime" : 711.0,
               "entityID" : 13135,
               "height" : 4341.4324690000003,
               "lla" : [ 122.1033381, -28.150059649999999, -76893.32806 ],
               "radarID" : 13135,
               "targetType" : 3,
               "trueID" : 817,
               "velocity" : [ 265.81752740000002, 106.0710741, 89.944257010000001 ]
            }
         ]
      },
      {
         "radarID" : 13142,
         "tracks" : [
            {
               "detectedID" : 1001,
               "detectedTime" : 711.0,
               "entityID" : 13142,
               "height" : 5673.0959350000003,
               "lla" : [ 122.1031797, -28.149920560000002, -75571.608540000001 ],
               "radarID" : 13142,
               "targetType" : 3,
               "trueID" : 817,
               "velocity" : [ 265.81752740000002, 106.0710741, 89.944257010000001 ]
            }
         ]
      }
   ],
   "terminator" : 0
}
