{
   "data" : [
      {
         "radarID" : 13037,
         "tracks" : [
            {
               "detectedID" : 1004,
               "detectedTime" : 711.5,
               "entityID" : 13037,
               "height" : 310.43796049999997,
               "lla" : [ 122.0397158, -28.106367930000001, -19054.344710000001 ],
               "radarID" : 13037,
               "targetType" : 3,
               "trueID" : 799,
               "velocity" : [ 259.09807499999999, 150.02844139999999, 18.964553590000001 ]
            }
         ]
      },
      {
         "radarID" : 13079,
         "tracks" : [
            {
               "detectedID" : 1005,
               "detectedTime" : 711.5,
               "entityID" : 13079,
               "height" : 5544.5909890000003,
               "lla" : [ 122.23882, -28.23919145, -55298.989540000002 ],
               "radarID" : 13079,
               "targetType" : 3,
               "trueID" : 805,
               "velocity" : [ 264.466657, 131.51297070000001, 52.552125369999999 ]
            },
            {
               "detectedID" : 1006,
               "detectedTime" : 711.5,
               "entityID" : 13079,
               "height" : 5879.5882009999996,
               "lla" : [ 122.52732, -28.429244239999999, -55936.259550000002 ],
               "radarID" : 13079,
               "targetType" : 3,
               "trueID" : 811,
               "velocity" : [ 265.17579009999997, 111.4257547, 85.241430949999994 ]
            }
         ]
      },
      {
         "radarID" : 13086,
         "tracks" : [
            {
               "detectedID" : 1005,
               "detectedTime" : 711.5,
               "entityID" : 13086,
               "height" : 5544.2767640000002,
               "lla" : [ 122.2388083, -28.23918372, -55299.46658 ],
               "radarID" : 13086,
               "targetType" : 3,
               "trueID" : 805,
               "velocity" : [ 264.466657, 131.51297070000001, 52.552125369999999 ]
            }
         ]
      }
   ],
   "terminator" : 0
}
