{
   "data" : [
      {
         "radarID" : 13135,
         "tracks" : [
            {
               "detectedID" : 1002,
               "detectedTime" : 132.80000000000001,
               "entityID" : 13135,
               "height" : 2853.9409009999999,
               "lla" : [ 122.5276056, -28.426449439999999, 61918.806709999997 ],
               "radarID" : 13135,
               "targetType" : 3,
               "trueID" : 793,
               "velocity" : [ -144.72044679999999, -197.26865219999999, 173.6118405 ]
            }
         ]
      }
   ],
   "terminator" : 0
}
