{
   "data" : [
      {
         "radarID" : 13051,
         "tracks" : [
            {
               "detectedID" : 1004,
               "detectedTime" : 712.75,
               "entityID" : 13051,
               "height" : 277.30705010000003,
               "lla" : [ 122.0363888, -28.104160839999999, -19139.118729999998 ],
               "radarID" : 13051,
               "targetType" : 3,
               "trueID" : 799,
               "velocity" : [ 259.10629069999999, 150.0153119, 18.956168590000001 ]
            }
         ]
      },
      {
         "radarID" : 13058,
         "tracks" : [
            {
               "detectedID" : 1004,
               "detectedTime" : 712.75,
               "entityID" : 13058,
               "height" : 5001.0220310000004,
               "lla" : [ 122.0340625, -28.102500110000001, -14551.198189999999 ],
               "radarID" : 13058,
               "targetType" : 3,
               "trueID" : 799,
               "velocity" : [ 259.10629069999999, 150.0153119, 18.956168590000001 ]
            }
         ]
      }
   ],
   "terminator" : 0
}
