{
   "data" : [
      {
         "radarID" : 12995,
         "tracks" : [
            {
               "detectedID" : 1006,
               "detectedTime" : 713.39999999999998,
               "entityID" : 12995,
               "height" : 5855.9710189999996,
               "lla" : [ 122.52178739999999, -28.425620859999999, -56279.360789999999 ],
               "radarID" : 12995,
               "targetType" : 3,
               "trueID" : 811,
               "velocity" : [ 265.18829249999999, 111.4060755, 85.22825752 ]
            }
         ]
      }
   ],
   "terminator" : 0
}
