{
   "data" : [
      {
         "radarID" : 13065,
         "tracks" : [
            {
               "detectedID" : 1005,
               "detectedTime" : 721.35000000000002,
               "entityID" : 13065,
               "height" : 5540.0819039999997,
               "lla" : [ 122.20903680000001, -28.219538109999998, -56791.021549999998 ],
               "radarID" : 13065,
               "targetType" : 3,
               "trueID" : 805,
               "velocity" : [ 264.53108150000003, 131.410449, 52.484290950000002 ]
            },
            {
               "detectedID" : 1006,
               "detectedTime" : 721.35000000000002,
               "entityID" : 13065,
               "height" : 5876.1765569999998,
               "lla" : [ 122.4986547, -28.410462649999999, -57598.891810000001 ],
               "radarID" : 13065,
               "targetType" : 3,
               "trueID" : 811,
               "velocity" : [ 265.24058209999998, 111.32372429999999, 85.173129720000006 ]
            }
         ]
      }
   ],
   "terminator" : 0
}
