{
   "data" : [
      {
         "radarID" : 13051,
         "tracks" : [
            {
               "detectedID" : 1004,
               "detectedTime" : 722.75,
               "entityID" : 13051,
               "height" : 250.33106129999999,
               "lla" : [ 122.0059668, -28.083985569999999, -20470.104510000001 ],
               "radarID" : 13051,
               "targetType" : 3,
               "trueID" : 799,
               "velocity" : [ 259.17198400000001, 149.910257, 18.889086219999999 ]
            },
            {
               "detectedID" : 1002,
               "detectedTime" : 722.75,
               "entityID" : 13051,
               "height" : 441.7446554,
               "lla" : [ 122.191801, -28.206971849999999, -11081.57244 ],
               "radarID" : 13051,
               "targetType" : 3,
               "trueID" : 793,
               "velocity" : [ 250.78618689999999, 59.874291110000001, 153.36674249999999 ]
            }
         ]
      },
      {
         "radarID" : 13058,
         "tracks" : [
            {
               "detectedID" : 1004,
               "detectedTime" : 722.75,
               "entityID" : 13058,
               "height" : 5001.2197740000001,
               "lla" : [ 122.00355810000001, -28.082268410000001, -15860.844279999999 ],
               "radarID" : 13058,
               "targetType" : 3,
               "trueID" : 799,
               "velocity" : [ 259.17198400000001, 149.910257, 18.889086219999999 ]
            },
            {
               "detectedID" : 1002,
               "detectedTime" : 722.75,
               "entityID" : 13058,
               "height" : 5004.4821350000002,
               "lla" : [ 122.1898781, -28.205587080000001, -6629.3490940000002 ],
               "radarID" : 13058,
               "targetType" : 3,
               "trueID" : 793,
               "velocity" : [ 250.78618689999999, 59.874291110000001, 153.36674249999999 ]
            }
         ]
      }
   ],
   "terminator" : 0
}
