{
   "data" : [
      {
         "radarID" : 12995,
         "tracks" : [
            {
               "detectedID" : 1005,
               "detectedTime" : 723.79999999999995,
               "entityID" : 12995,
               "height" : 5545.1517979999999,
               "lla" : [ 122.2016507, -28.214661920000001, -57157.130109999998 ],
               "radarID" : 12995,
               "targetType" : 3,
               "trueID" : 805,
               "velocity" : [ 264.54709709999997, 131.3849443, 52.467416669999999 ]
            }
         ]
      },
      {
         "radarID" : 13002,
         "tracks" : [
            {
               "detectedID" : 1005,
               "detectedTime" : 723.79999999999995,
               "entityID" : 13002,
               "height" : 1213.4200330000001,
               "lla" : [ 122.2027574, -28.215501150000001, -61328.256759999997 ],
               "radarID" : 13002,
               "targetType" : 3,
               "trueID" : 805,
               "velocity" : [ 264.54709709999997, 131.3849443, 52.467416669999999 ]
            }
         ]
      }
   ],
   "terminator" : 0
}
