{
   "data" : [
      {
         "radarID" : 12981,
         "tracks" : [
            {
               "detectedID" : 1005,
               "detectedTime" : 724.0,
               "entityID" : 12981,
               "height" : 457.86377119999997,
               "lla" : [ 122.2023708, -28.215264170000001, -62058.059090000002 ],
               "radarID" : 12981,
               "targetType" : 3,
               "trueID" : 805,
               "velocity" : [ 264.54840439999998, 131.38286220000001, 52.466039139999999 ]
            }
         ]
      }
   ],
   "terminator" : 0
}
