{
   "data" : [
      {
         "radarID" : 13030,
         "tracks" : [
            {
               "detectedID" : 1003,
               "detectedTime" : 730.14999999999998,
               "entityID" : 13030,
               "height" : 236.6240344,
               "lla" : [ 121.57605890000001, -27.797516869999999, -46073.224450000002 ],
               "radarID" : 13030,
               "targetType" : 3,
               "trueID" : 781,
               "velocity" : [ 245.3076044, 44.028724750000002, 166.98997159999999 ]
            }
         ]
      },
      {
         "radarID" : 13037,
         "tracks" : [
            {
               "detectedID" : 1003,
               "detectedTime" : 730.14999999999998,
               "entityID" : 13037,
               "height" : 224.9381727,
               "lla" : [ 121.57605839999999, -27.79751679, -46085.170510000004 ],
               "radarID" : 13037,
               "targetType" : 3,
               "trueID" : 781,
               "velocity" : [ 245.3076044, 44.028724750000002, 166.98997159999999 ]
            }
         ]
      }
   ],
   "terminator" : 0
}
