{
   "data" : [
      {
         "radarID" : 13030,
         "tracks" : [
            {
               "detectedID" : 1006,
               "detectedTime" : 730.85000000000002,
               "entityID" : 13030,
               "height" : 2515.146718,
               "lla" : [ 122.47141809999999, -28.39269255, -62556.535559999997 ],
               "radarID" : 13030,
               "targetType" : 3,
               "trueID" : 811,
               "velocity" : [ 265.30301800000001, 111.2252969, 85.107238069999994 ]
            }
         ]
      },
      {
         "radarID" : 13037,
         "tracks" : [
            {
               "detectedID" : 1006,
               "detectedTime" : 730.85000000000002,
               "entityID" : 13037,
               "height" : 2469.443698,
               "lla" : [ 122.4715942, -28.392809440000001, -62600.998420000004 ],
               "radarID" : 13037,
               "targetType" : 3,
               "trueID" : 811,
               "velocity" : [ 265.30301800000001, 111.2252969, 85.107238069999994 ]
            }
         ]
      },
      {
         "radarID" : 13044,
         "tracks" : [
            {
               "detectedID" : 1006,
               "detectedTime" : 730.85000000000002,
               "entityID" : 13044,
               "height" : 2554.3818099999999,
               "lla" : [ 122.4715506, -28.39277865, -62517.867460000001 ],
               "radarID" : 13044,
               "targetType" : 3,
               "trueID" : 811,
               "velocity" : [ 265.30301800000001, 111.2252969, 85.107238069999994 ]
            }
         ]
      }
   ],
   "terminator" : 0
}
