{
   "data" : [
      {
         "radarID" : 13023,
         "tracks" : [
            {
               "detectedID" : 1005,
               "detectedTime" : 731.14999999999998,
               "entityID" : 13023,
               "height" : 5540.9978629999996,
               "lla" : [ 122.1794611, -28.200008100000002, -58273.585030000002 ],
               "radarID" : 13023,
               "targetType" : 3,
               "trueID" : 805,
               "velocity" : [ 264.59512289999998, 131.3084198, 52.416789629999997 ]
            }
         ]
      },
      {
         "radarID" : 13051,
         "tracks" : [
            {
               "detectedID" : 1005,
               "detectedTime" : 731.14999999999998,
               "entityID" : 13051,
               "height" : 922.49147549999998,
               "lla" : [ 122.180671, -28.20092665, -62860.50417 ],
               "radarID" : 13051,
               "targetType" : 3,
               "trueID" : 805,
               "velocity" : [ 264.59512289999998, 131.3084198, 52.416789629999997 ]
            }
         ]
      },
      {
         "radarID" : 13135,
         "tracks" : [
            {
               "detectedID" : 1005,
               "detectedTime" : 731.14999999999998,
               "entityID" : 13135,
               "height" : 3805.0248510000001,
               "lla" : [ 122.1797887, -28.200269240000001, -60001.005839999998 ],
               "radarID" : 13135,
               "targetType" : 3,
               "trueID" : 805,
               "velocity" : [ 264.59512289999998, 131.3084198, 52.416789629999997 ]
            }
         ]
      },
      {
         "radarID" : 13142,
         "tracks" : [
            {
               "detectedID" : 1005,
               "detectedTime" : 731.14999999999998,
               "entityID" : 13142,
               "height" : 5540.8864659999999,
               "lla" : [ 122.1793764, -28.199952069999998, -58274.459629999998 ],
               "radarID" : 13142,
               "targetType" : 3,
               "trueID" : 805,
               "velocity" : [ 264.59512289999998, 131.3084198, 52.416789629999997 ]
            }
         ]
      }
   ],
   "terminator" : 0
}
