{
   "data" : [
      {
         "radarID" : 13065,
         "tracks" : [
            {
               "detectedID" : 1003,
               "detectedTime" : 733.54999999999995,
               "entityID" : 13065,
               "height" : 973.72779730000002,
               "lla" : [ 121.56798019999999, -27.792092149999998, -45999.382599999997 ],
               "radarID" : 13065,
               "targetType" : 3,
               "trueID" : 781,
               "velocity" : [ 245.32969069999999, 43.992787239999998, 166.96699530000001 ]
            }
         ]
      }
   ],
   "terminator" : 0
}
