{
   "data" : [
      {
         "radarID" : 12988,
         "tracks" : [
            {
               "detectedID" : 1002,
               "detectedTime" : 734.64999999999998,
               "entityID" : 12988,
               "height" : 5008.0486110000002,
               "lla" : [ 122.16024640000001, -28.186031409999998, -8912.3061109999999 ],
               "radarID" : 12988,
               "targetType" : 3,
               "trueID" : 793,
               "velocity" : [ 250.86484909999999, 59.749241009999999, 153.2868412 ]
            }
         ]
      }
   ],
   "terminator" : 0
}
