{
   "data" : [
      {
         "radarID" : 12974,
         "tracks" : [
            {
               "detectedID" : 1005,
               "detectedTime" : 734.95000000000005,
               "entityID" : 12974,
               "height" : 5537.1907170000004,
               "lla" : [ 122.16796600000001, -28.19241371, -58847.071250000001 ],
               "radarID" : 12974,
               "targetType" : 3,
               "trueID" : 805,
               "velocity" : [ 264.61994010000001, 131.26885010000001, 52.390612640000001 ]
            }
         ]
      }
   ],
   "terminator" : 0
}
