{
   "data" : [
      {
         "radarID" : 13037,
         "tracks" : [
            {
               "detectedID" : 1006,
               "detectedTime" : 740.79999999999995,
               "entityID" : 13037,
               "height" : 2451.8552279999999,
               "lla" : [ 122.44249929999999, -28.373721410000002, -64295.283739999999 ],
               "radarID" : 13037,
               "targetType" : 3,
               "trueID" : 811,
               "velocity" : [ 265.3683547, 111.12218350000001, 85.038206959999997 ]
            }
         ]
      }
   ],
   "terminator" : 0
}
