{
   "data" : [
      {
         "radarID" : 13135,
         "tracks" : [
            {
               "detectedID" : 1002,
               "detectedTime" : 142.80000000000001,
               "entityID" : 13135,
               "height" : 2907.5474399999998,
               "lla" : [ 122.55064609999999, -28.44157096, 61867.868040000001 ],
               "radarID" : 13135,
               "targetType" : 3,
               "trueID" : 793,
               "velocity" : [ -144.65334200000001, -197.3747625, 173.54715150000001 ]
            }
         ]
      },
      {
         "radarID" : 13142,
         "tracks" : [
            {
               "detectedID" : 1002,
               "detectedTime" : 142.80000000000001,
               "entityID" : 13142,
               "height" : 4690.5123370000001,
               "lla" : [ 122.54997229999999, -28.441085139999998, 63629.592940000002 ],
               "radarID" : 13142,
               "targetType" : 3,
               "trueID" : 793,
               "velocity" : [ -144.65334200000001, -197.3747625, 173.54715150000001 ]
            }
         ]
      }
   ],
   "terminator" : 0
}
