{
   "data" : [
      {
         "radarID" : 12981,
         "tracks" : [
            {
               "detectedID" : 1006,
               "detectedTime" : 743.29999999999995,
               "entityID" : 12981,
               "height" : 453.99196360000002,
               "lla" : [ 122.4367507, -28.369996489999998, -66489.560719999994 ],
               "radarID" : 12981,
               "targetType" : 3,
               "trueID" : 811,
               "velocity" : [ 265.38476179999998, 111.0962719, 85.020859520000002 ]
            }
         ]
      }
   ],
   "terminator" : 0
}
