{
   "data" : [
      {
         "radarID" : 12910,
         "tracks" : [
            {
               "detectedID" : 1006,
               "detectedTime" : 744.25,
               "entityID" : 12910,
               "height" : 3826.672098,
               "lla" : [ 122.4320381, -28.366817099999999, -63435.193180000002 ],
               "radarID" : 12910,
               "targetType" : 3,
               "trueID" : 811,
               "velocity" : [ 265.3909956, 111.08642500000001, 85.014267189999998 ]
            }
         ]
      },
      {
         "radarID" : 12988,
         "tracks" : [
            {
               "detectedID" : 1005,
               "detectedTime" : 744.25,
               "entityID" : 12988,
               "height" : 5531.7112280000001,
               "lla" : [ 122.1398749, -28.173846480000002, -60254.255100000002 ],
               "radarID" : 12988,
               "targetType" : 3,
               "trueID" : 805,
               "velocity" : [ 264.68064149999998, 131.17199059999999, 52.326540809999997 ]
            }
         ]
      }
   ],
   "terminator" : 0
}
