{
   "data" : [
      {
         "radarID" : 12910,
         "tracks" : [
            {
               "detectedID" : 1001,
               "detectedTime" : 744.54999999999995,
               "entityID" : 12910,
               "height" : 3187.29673,
               "lla" : [ 122.0058793, -28.085541769999999, -83669.090830000001 ],
               "radarID" : 12910,
               "targetType" : 3,
               "trueID" : 817,
               "velocity" : [ 266.03529279999998, 105.7219625, 89.711145549999998 ]
            }
         ]
      },
      {
         "radarID" : 12931,
         "tracks" : [
            {
               "detectedID" : 1006,
               "detectedTime" : 744.54999999999995,
               "entityID" : 12931,
               "height" : 5864.605184,
               "lla" : [ 122.43083249999999, -28.365974349999998, -61515.154889999998 ],
               "radarID" : 12931,
               "targetType" : 3,
               "trueID" : 811,
               "velocity" : [ 265.39296400000001, 111.0833155, 85.012185360000004 ]
            }
         ]
      },
      {
         "radarID" : 12938,
         "tracks" : [
            {
               "detectedID" : 1006,
               "detectedTime" : 744.54999999999995,
               "entityID" : 12938,
               "height" : 5863.8108220000004,
               "lla" : [ 122.4308164, -28.365963870000002, -61520.895299999996 ],
               "radarID" : 12938,
               "targetType" : 3,
               "trueID" : 811,
               "velocity" : [ 265.39296400000001, 111.0833155, 85.012185360000004 ]
            }
         ]
      },
      {
         "radarID" : 12974,
         "tracks" : [
            {
               "detectedID" : 1006,
               "detectedTime" : 744.54999999999995,
               "entityID" : 12974,
               "height" : 5864.30519,
               "lla" : [ 122.4308253, -28.365969660000001, -61517.727169999998 ],
               "radarID" : 12974,
               "targetType" : 3,
               "trueID" : 811,
               "velocity" : [ 265.39296400000001, 111.0833155, 85.012185360000004 ]
            }
         ]
      }
   ],
   "terminator" : 0
}
