{
   "data" : [
      {
         "radarID" : 12988,
         "tracks" : [
            {
               "detectedID" : 1002,
               "detectedTime" : 744.64999999999998,
               "entityID" : 12988,
               "height" : 5009.7588139999998,
               "lla" : [ 122.1353459, -28.169587360000001, -10821.008620000001 ],
               "radarID" : 12988,
               "targetType" : 3,
               "trueID" : 793,
               "velocity" : [ 250.93089079999999, 59.644142819999999, 153.21966019999999 ]
            }
         ]
      }
   ],
   "terminator" : 0
}
