{
   "data" : [
      {
         "radarID" : 13030,
         "tracks" : [
            {
               "detectedID" : 1004,
               "detectedTime" : 751.25,
               "entityID" : 13030,
               "height" : 245.93503279999999,
               "lla" : [ 121.9183657, -28.025811040000001, -24343.64733 ],
               "radarID" : 13030,
               "targetType" : 3,
               "trueID" : 799,
               "velocity" : [ 259.35889609999998, 149.61066930000001, 18.697878419999999 ]
            }
         ]
      },
      {
         "radarID" : 13037,
         "tracks" : [
            {
               "detectedID" : 1004,
               "detectedTime" : 751.25,
               "entityID" : 13037,
               "height" : 231.5061297,
               "lla" : [ 121.9184102, -28.02584105, -24358.05012 ],
               "radarID" : 13037,
               "targetType" : 3,
               "trueID" : 799,
               "velocity" : [ 259.35889609999998, 149.61066930000001, 18.697878419999999 ]
            }
         ]
      },
      {
         "radarID" : 13044,
         "tracks" : [
            {
               "detectedID" : 1004,
               "detectedTime" : 751.25,
               "entityID" : 13044,
               "height" : 258.14802179999998,
               "lla" : [ 121.9183137, -28.025776109999999, -24331.524369999999 ],
               "radarID" : 13044,
               "targetType" : 3,
               "trueID" : 799,
               "velocity" : [ 259.35889609999998, 149.61066930000001, 18.697878419999999 ]
            }
         ]
      },
      {
         "radarID" : 13065,
         "tracks" : [
            {
               "detectedID" : 1005,
               "detectedTime" : 751.25,
               "entityID" : 13065,
               "height" : 5529.4856920000002,
               "lla" : [ 122.1187348, -28.159865589999999, -61312.835249999996 ],
               "radarID" : 13065,
               "targetType" : 3,
               "trueID" : 805,
               "velocity" : [ 264.72629749999999, 131.0990692, 52.278308070000001 ]
            }
         ]
      }
   ],
   "terminator" : 0
}
