{
   "data" : [
      {
         "radarID" : 13086,
         "tracks" : [
            {
               "detectedID" : 1002,
               "detectedTime" : 752.85000000000002,
               "entityID" : 13086,
               "height" : 5005.4560330000004,
               "lla" : [ 122.1149707, -28.156124930000001, -12392.56148 ],
               "radarID" : 13086,
               "targetType" : 3,
               "trueID" : 793,
               "velocity" : [ 250.9850036, 59.557952749999998, 153.16454630000001 ]
            }
         ]
      }
   ],
   "terminator" : 0
}
