{
   "data" : [
      {
         "radarID" : 13093,
         "tracks" : [
            {
               "detectedID" : 1004,
               "detectedTime" : 753.25,
               "entityID" : 13093,
               "height" : 3340.4609909999999,
               "lla" : [ 121.9109328, -28.020788830000001, -21478.826260000002 ],
               "radarID" : 13093,
               "targetType" : 3,
               "trueID" : 799,
               "velocity" : [ 259.37199529999998, 149.58963550000001, 18.684459050000001 ]
            }
         ]
      },
      {
         "radarID" : 13107,
         "tracks" : [
            {
               "detectedID" : 1004,
               "detectedTime" : 753.25,
               "entityID" : 13107,
               "height" : 4277.7410739999996,
               "lla" : [ 121.9104952, -28.020474579999998, -20577.67899 ],
               "radarID" : 13107,
               "targetType" : 3,
               "trueID" : 799,
               "velocity" : [ 259.37199529999998, 149.58963550000001, 18.684459050000001 ]
            }
         ]
      }
   ],
   "terminator" : 0
}
