{
   "data" : [
      {
         "radarID" : 12988,
         "tracks" : [
            {
               "detectedID" : 1006,
               "detectedTime" : 753.39999999999998,
               "entityID" : 12988,
               "height" : 5859.0623850000002,
               "lla" : [ 122.4049808, -28.348998139999999, -63011.405100000004 ],
               "radarID" : 12988,
               "targetType" : 3,
               "trueID" : 811,
               "velocity" : [ 265.45100939999998, 110.9915732, 84.950763879999997 ]
            }
         ]
      },
      {
         "radarID" : 13002,
         "tracks" : [
            {
               "detectedID" : 1006,
               "detectedTime" : 753.39999999999998,
               "entityID" : 13002,
               "height" : 1183.511833,
               "lla" : [ 122.40652420000001, -28.350130499999999, -67515.085659999997 ],
               "radarID" : 13002,
               "targetType" : 3,
               "trueID" : 811,
               "velocity" : [ 265.45100939999998, 110.9915732, 84.950763879999997 ]
            }
         ]
      }
   ],
   "terminator" : 0
}
