{
   "data" : [
      {
         "radarID" : 12995,
         "tracks" : [
            {
               "detectedID" : 1005,
               "detectedTime" : 753.89999999999998,
               "entityID" : 12995,
               "height" : 5573.3096089999999,
               "lla" : [ 122.1107142, -28.154558189999999, -61669.919070000004 ],
               "radarID" : 12995,
               "targetType" : 3,
               "trueID" : 805,
               "velocity" : [ 264.74357400000002, 131.0714595, 52.260047049999997 ]
            }
         ]
      }
   ],
   "terminator" : 0
}
