{
   "data" : [
      {
         "radarID" : 12938,
         "tracks" : [
            {
               "detectedID" : 1001,
               "detectedTime" : 755.29999999999995,
               "entityID" : 12938,
               "height" : 5643.829178,
               "lla" : [ 121.97443389999999, -28.064623210000001, -83131.492029999994 ],
               "radarID" : 12938,
               "targetType" : 3,
               "trueID" : 817,
               "velocity" : [ 266.10492870000002, 105.6100459, 89.636405179999997 ]
            }
         ]
      },
      {
         "radarID" : 12974,
         "tracks" : [
            {
               "detectedID" : 1001,
               "detectedTime" : 755.29999999999995,
               "entityID" : 12974,
               "height" : 5644.3112380000002,
               "lla" : [ 121.9744232, -28.064616019999999, -83129.429260000004 ],
               "radarID" : 12974,
               "targetType" : 3,
               "trueID" : 817,
               "velocity" : [ 266.10492870000002, 105.6100459, 89.636405179999997 ]
            }
         ]
      }
   ],
   "terminator" : 0
}
