{
   "data" : [
      {
         "radarID" : 13030,
         "tracks" : [
            {
               "detectedID" : 1001,
               "detectedTime" : 760.39999999999998,
               "entityID" : 13030,
               "height" : 2182.4420420000001,
               "lla" : [ 121.9599516, -28.05510207, -87462.286630000002 ],
               "radarID" : 13030,
               "targetType" : 3,
               "trueID" : 817,
               "velocity" : [ 266.13794150000001, 105.5569412, 89.600938909999996 ]
            }
         ]
      },
      {
         "radarID" : 13037,
         "tracks" : [
            {
               "detectedID" : 1001,
               "detectedTime" : 760.39999999999998,
               "entityID" : 13037,
               "height" : 2143.3678839999998,
               "lla" : [ 121.95996239999999, -28.055110259999999, -87502.352369999993 ],
               "radarID" : 13037,
               "targetType" : 3,
               "trueID" : 817,
               "velocity" : [ 266.13794150000001, 105.5569412, 89.600938909999996 ]
            }
         ]
      },
      {
         "radarID" : 13044,
         "tracks" : [
            {
               "detectedID" : 1001,
               "detectedTime" : 760.39999999999998,
               "entityID" : 13044,
               "height" : 2215.7526819999998,
               "lla" : [ 121.9599503, -28.05510035, -87428.765180000002 ],
               "radarID" : 13044,
               "targetType" : 3,
               "trueID" : 817,
               "velocity" : [ 266.13794150000001, 105.5569412, 89.600938909999996 ]
            }
         ]
      }
   ],
   "terminator" : 0
}
