{
   "data" : [
      {
         "radarID" : 12931,
         "tracks" : [
            {
               "detectedID" : 1006,
               "detectedTime" : 143.5,
               "entityID" : 12931,
               "height" : 6139.6570769999998,
               "lla" : [ 124.17706010000001, -29.488760389999999, 40915.857539999997 ],
               "radarID" : 12931,
               "targetType" : 3,
               "trueID" : 811,
               "velocity" : [ 261.3439004, 117.2685298, 89.148514660000004 ]
            }
         ]
      },
      {
         "radarID" : 12938,
         "tracks" : [
            {
               "detectedID" : 1006,
               "detectedTime" : 143.5,
               "entityID" : 12938,
               "height" : 6140.9136859999999,
               "lla" : [ 124.177089, -29.488778490000001, 40921.029009999998 ],
               "radarID" : 12938,
               "targetType" : 3,
               "trueID" : 811,
               "velocity" : [ 261.3439004, 117.2685298, 89.148514660000004 ]
            }
         ]
      }
   ],
   "terminator" : 0
}
