{
   "data" : [
      {
         "radarID" : 13072,
         "tracks" : [
            {
               "detectedID" : 1006,
               "detectedTime" : 762.10000000000002,
               "entityID" : 13072,
               "height" : 5855.6839749999999,
               "lla" : [ 122.3795587, -28.332293870000001, -64480.18881 ],
               "radarID" : 13072,
               "targetType" : 3,
               "trueID" : 811,
               "velocity" : [ 265.50802620000002, 110.9013673, 84.890369050000004 ]
            }
         ]
      }
   ],
   "terminator" : 0
}
