{
   "data" : [
      {
         "radarID" : 12910,
         "tracks" : [
            {
               "detectedID" : 1001,
               "detectedTime" : 764.60000000000002,
               "entityID" : 12910,
               "height" : 3080.3664490000001,
               "lla" : [ 121.9476437, -28.046905809999998, -87186.886570000002 ],
               "radarID" : 12910,
               "targetType" : 3,
               "trueID" : 817,
               "velocity" : [ 266.16511700000001, 105.51320339999999, 89.571727519999996 ]
            }
         ]
      },
      {
         "radarID" : 12974,
         "tracks" : [
            {
               "detectedID" : 1006,
               "detectedTime" : 764.60000000000002,
               "entityID" : 12974,
               "height" : 5855.0586700000003,
               "lla" : [ 122.3722496, -28.32748939, -64901.417999999998 ],
               "radarID" : 12974,
               "targetType" : 3,
               "trueID" : 811,
               "velocity" : [ 265.52440209999997, 110.87544269999999, 84.873011579999996 ]
            }
         ]
      }
   ],
   "terminator" : 0
}
