{
   "data" : [
      {
         "radarID" : 13030,
         "tracks" : [
            {
               "detectedID" : 1003,
               "detectedTime" : 769.89999999999998,
               "entityID" : 13030,
               "height" : 302.97423939999999,
               "lla" : [ 121.481712, -27.734317690000001, -53753.90004 ],
               "radarID" : 13030,
               "targetType" : 3,
               "trueID" : 781,
               "velocity" : [ 245.5654255, 43.608505610000002, 166.72108460000001 ]
            }
         ]
      },
      {
         "radarID" : 13037,
         "tracks" : [
            {
               "detectedID" : 1003,
               "detectedTime" : 769.89999999999998,
               "entityID" : 13037,
               "height" : 291.41448709999997,
               "lla" : [ 121.48171480000001, -27.734319859999999, -53766.225720000002 ],
               "radarID" : 13037,
               "targetType" : 3,
               "trueID" : 781,
               "velocity" : [ 245.5654255, 43.608505610000002, 166.72108460000001 ]
            }
         ]
      }
   ],
   "terminator" : 0
}
