{
   "data" : [
      {
         "radarID" : 13044,
         "tracks" : [
            {
               "detectedID" : 1001,
               "detectedTime" : 770.39999999999998,
               "entityID" : 13044,
               "height" : 2222.8117940000002,
               "lla" : [ 121.93090960000001, -28.035817829999999, -89122.245240000004 ],
               "radarID" : 13044,
               "targetType" : 3,
               "trueID" : 817,
               "velocity" : [ 266.20262810000003, 105.4527969, 89.531382210000004 ]
            }
         ]
      },
      {
         "radarID" : 13058,
         "tracks" : [
            {
               "detectedID" : 1003,
               "detectedTime" : 770.39999999999998,
               "entityID" : 13058,
               "height" : 974.67162080000003,
               "lla" : [ 121.4805279, -27.73350658, -53179.694000000003 ],
               "radarID" : 13058,
               "targetType" : 3,
               "trueID" : 781,
               "velocity" : [ 245.56866299999999, 43.603218900000002, 166.71769860000001 ]
            }
         ]
      }
   ],
   "terminator" : 0
}
