{
   "data" : [
      {
         "radarID" : 13051,
         "tracks" : [
            {
               "detectedID" : 1003,
               "detectedTime" : 770.45000000000005,
               "entityID" : 13051,
               "height" : 15.338614420000001,
               "lla" : [ 121.4805138, -27.733521769999999, -54153.49353 ],
               "radarID" : 13051,
               "targetType" : 3,
               "trueID" : 781,
               "velocity" : [ 245.5689868, 43.60269023, 166.71736000000001 ]
            }
         ]
      }
   ],
   "terminator" : 0
}
