{
   "data" : [
      {
         "radarID" : 13079,
         "tracks" : [
            {
               "detectedID" : 1001,
               "detectedTime" : 770.89999999999998,
               "entityID" : 13079,
               "height" : 5637.5761540000003,
               "lla" : [ 121.9291461, -28.034557800000002, -85789.221399999995 ],
               "radarID" : 13079,
               "targetType" : 3,
               "trueID" : 817,
               "velocity" : [ 266.2058609, 105.4475891, 89.527903850000001 ]
            }
         ]
      },
      {
         "radarID" : 13135,
         "tracks" : [
            {
               "detectedID" : 1001,
               "detectedTime" : 770.89999999999998,
               "entityID" : 13135,
               "height" : 4167.4822279999998,
               "lla" : [ 121.9293093, -28.03470433, -87256.451889999997 ],
               "radarID" : 13135,
               "targetType" : 3,
               "trueID" : 817,
               "velocity" : [ 266.2058609, 105.4475891, 89.527903850000001 ]
            }
         ]
      }
   ],
   "terminator" : 0
}
