{
   "data" : [
      {
         "radarID" : 13065,
         "tracks" : [
            {
               "detectedID" : 1006,
               "detectedTime" : 771.20000000000005,
               "entityID" : 13065,
               "height" : 5852.1141699999998,
               "lla" : [ 122.3529498, -28.314799050000001, -66015.689010000002 ],
               "radarID" : 13065,
               "targetType" : 3,
               "trueID" : 811,
               "velocity" : [ 265.56761690000002, 110.8069943, 84.827182199999996 ]
            }
         ]
      }
   ],
   "terminator" : 0
}
