{
   "data" : [
      {
         "radarID" : 13135,
         "tracks" : [
            {
               "detectedID" : 1004,
               "detectedTime" : 771.60000000000002,
               "entityID" : 13135,
               "height" : 1502.740509,
               "lla" : [ 121.8555011, -27.983954990000001, -25723.811870000001 ],
               "radarID" : 13135,
               "targetType" : 3,
               "trueID" : 799,
               "velocity" : [ 259.4920735, 149.3965891, 18.5613286 ]
            }
         ]
      },
      {
         "radarID" : 13142,
         "tracks" : [
            {
               "detectedID" : 1004,
               "detectedTime" : 771.60000000000002,
               "entityID" : 13142,
               "height" : 5003.7768809999998,
               "lla" : [ 121.854626, -27.983283650000001, -22248.46715 ],
               "radarID" : 13142,
               "targetType" : 3,
               "trueID" : 799,
               "velocity" : [ 259.4920735, 149.3965891, 18.5613286 ]
            }
         ]
      }
   ],
   "terminator" : 0
}
