{
   "data" : [
      {
         "radarID" : 13023,
         "tracks" : [
            {
               "detectedID" : 1004,
               "detectedTime" : 771.64999999999998,
               "entityID" : 13023,
               "height" : 5004.4298070000004,
               "lla" : [ 121.8546056, -27.983270099999999, -22251.354319999999 ],
               "radarID" : 13023,
               "targetType" : 3,
               "trueID" : 799,
               "velocity" : [ 259.49240049999997, 149.396063, 18.560993069999999 ]
            }
         ]
      }
   ],
   "terminator" : 0
}
