{
   "data" : [
      {
         "radarID" : 13065,
         "tracks" : [
            {
               "detectedID" : 1001,
               "detectedTime" : 152.25,
               "entityID" : 13065,
               "height" : 5933.5417660000003,
               "lla" : [ 123.7153215, -29.196266749999999, 20663.27262 ],
               "radarID" : 13065,
               "targetType" : 3,
               "trueID" : 817,
               "velocity" : [ 262.09407579999998, 111.84611270000001, 93.793083449999997 ]
            }
         ]
      }
   ],
   "terminator" : 0
}
