{
   "data" : [
      {
         "radarID" : 13002,
         "tracks" : [
            {
               "detectedID" : 1001,
               "detectedTime" : 773.75,
               "entityID" : 13002,
               "height" : 523.38974470000005,
               "lla" : [ 121.92246280000001, -28.03024649, -91151.114170000001 ],
               "radarID" : 13002,
               "targetType" : 3,
               "trueID" : 817,
               "velocity" : [ 266.22428500000001, 105.4179034, 89.508076270000004 ]
            }
         ]
      }
   ],
   "terminator" : 0
}
