{
   "data" : [
      {
         "radarID" : 12903,
         "tracks" : [
            {
               "detectedID" : 1006,
               "detectedTime" : 774.25,
               "entityID" : 12903,
               "height" : 5859.1607039999999,
               "lla" : [ 122.3440695, -28.308957849999999, -66521.416370000006 ],
               "radarID" : 12903,
               "targetType" : 3,
               "trueID" : 811,
               "velocity" : [ 265.58757880000002, 110.77535930000001, 84.806000699999998 ]
            }
         ]
      },
      {
         "radarID" : 12917,
         "tracks" : [
            {
               "detectedID" : 1006,
               "detectedTime" : 774.25,
               "entityID" : 12917,
               "height" : 3395.4380369999999,
               "lla" : [ 122.34448070000001, -28.309289969999998, -68885.414900000003 ],
               "radarID" : 12917,
               "targetType" : 3,
               "trueID" : 811,
               "velocity" : [ 265.58757880000002, 110.77535930000001, 84.806000699999998 ]
            }
         ]
      }
   ],
   "terminator" : 0
}
