{
   "data" : [
      {
         "radarID" : 13065,
         "tracks" : [
            {
               "detectedID" : 1005,
               "detectedTime" : 152.30000000000001,
               "entityID" : 13065,
               "height" : 5750.8126849999999,
               "lla" : [ 123.9226111, -29.327963860000001, 30468.748 ],
               "radarID" : 13065,
               "targetType" : 3,
               "trueID" : 805,
               "velocity" : [ 260.7167417, 137.28658150000001, 56.384174440000002 ]
            },
            {
               "detectedID" : 1006,
               "detectedTime" : 152.30000000000001,
               "entityID" : 13065,
               "height" : 6135.7852110000003,
               "lla" : [ 124.1516824, -29.47277948, 39418.395259999998 ],
               "radarID" : 13065,
               "targetType" : 3,
               "trueID" : 811,
               "velocity" : [ 261.404695, 117.1786302, 89.088461859999995 ]
            }
         ]
      }
   ],
   "terminator" : 0
}
