{
   "data" : [
      {
         "radarID" : 12938,
         "tracks" : [
            {
               "detectedID" : 1004,
               "detectedTime" : 775.20000000000005,
               "entityID" : 12938,
               "height" : 5008.5275750000001,
               "lla" : [ 121.8434594, -27.97584809, -22725.373350000002 ],
               "radarID" : 12938,
               "targetType" : 3,
               "trueID" : 799,
               "velocity" : [ 259.51560849999998, 149.35870320000001, 18.537170580000002 ]
            }
         ]
      },
      {
         "radarID" : 12974,
         "tracks" : [
            {
               "detectedID" : 1004,
               "detectedTime" : 775.20000000000005,
               "entityID" : 12974,
               "height" : 5006.63958,
               "lla" : [ 121.8434814, -27.975862840000001, -22728.46285 ],
               "radarID" : 12974,
               "targetType" : 3,
               "trueID" : 799,
               "velocity" : [ 259.51560849999998, 149.35870320000001, 18.537170580000002 ]
            }
         ]
      }
   ],
   "terminator" : 0
}
