{
   "data" : [
      {
         "radarID" : 13030,
         "tracks" : [
            {
               "detectedID" : 1003,
               "detectedTime" : 779.85000000000002,
               "entityID" : 13030,
               "height" : 323.07909110000003,
               "lla" : [ 121.45807739999999, -27.71846408, -55673.072319999999 ],
               "radarID" : 13030,
               "targetType" : 3,
               "trueID" : 781,
               "velocity" : [ 245.6298271, 43.503295729999998, 166.6536868 ]
            }
         ]
      }
   ],
   "terminator" : 0
}
