{
   "data" : [
      {
         "radarID" : 13030,
         "tracks" : [
            {
               "detectedID" : 1001,
               "detectedTime" : 780.35000000000002,
               "entityID" : 13030,
               "height" : 2198.0476570000001,
               "lla" : [ 121.9019404, -28.01657041, -90835.561329999997 ],
               "radarID" : 13030,
               "targetType" : 3,
               "trueID" : 817,
               "velocity" : [ 266.26693299999999, 105.3491504, 89.462153569999998 ]
            }
         ]
      },
      {
         "radarID" : 13037,
         "tracks" : [
            {
               "detectedID" : 1001,
               "detectedTime" : 780.35000000000002,
               "entityID" : 13037,
               "height" : 2159.6909660000001,
               "lla" : [ 121.901978, -28.01659652, -90876.548519999997 ],
               "radarID" : 13037,
               "targetType" : 3,
               "trueID" : 817,
               "velocity" : [ 266.26693299999999, 105.3491504, 89.462153569999998 ]
            }
         ]
      },
      {
         "radarID" : 13044,
         "tracks" : [
            {
               "detectedID" : 1001,
               "detectedTime" : 780.35000000000002,
               "entityID" : 13044,
               "height" : 2230.9739,
               "lla" : [ 121.9019502, -28.016576069999999, -90802.914080000002 ],
               "radarID" : 13044,
               "targetType" : 3,
               "trueID" : 817,
               "velocity" : [ 266.26693299999999, 105.3491504, 89.462153569999998 ]
            }
         ]
      }
   ],
   "terminator" : 0
}
