{
   "data" : [
      {
         "radarID" : 13023,
         "tracks" : [
            {
               "detectedID" : 1006,
               "detectedTime" : 781.10000000000002,
               "entityID" : 13023,
               "height" : 5850.5769970000001,
               "lla" : [ 122.3237689, -28.295600289999999, -67687.593489999999 ],
               "radarID" : 13023,
               "targetType" : 3,
               "trueID" : 811,
               "velocity" : [ 265.63239129999999, 110.704302, 84.758422749999994 ]
            }
         ]
      },
      {
         "radarID" : 13065,
         "tracks" : [
            {
               "detectedID" : 1005,
               "detectedTime" : 781.10000000000002,
               "entityID" : 13065,
               "height" : 5518.8181510000004,
               "lla" : [ 122.0285446, -28.100140679999999, -65820.869210000004 ],
               "radarID" : 13065,
               "targetType" : 3,
               "trueID" : 805,
               "velocity" : [ 264.92066599999998, 130.78795270000001, 52.072566080000001 ]
            }
         ]
      },
      {
         "radarID" : 13142,
         "tracks" : [
            {
               "detectedID" : 1006,
               "detectedTime" : 781.10000000000002,
               "entityID" : 13142,
               "height" : 5858.3436959999999,
               "lla" : [ 122.3245302, -28.296102269999999, -67679.936610000004 ],
               "radarID" : 13142,
               "targetType" : 3,
               "trueID" : 811,
               "velocity" : [ 265.63239129999999, 110.704302, 84.758422749999994 ]
            }
         ]
      }
   ],
   "terminator" : 0
}
