{
   "data" : [
      {
         "radarID" : 13072,
         "tracks" : [
            {
               "detectedID" : 1001,
               "detectedTime" : 781.75,
               "entityID" : 13072,
               "height" : 5630.5877559999999,
               "lla" : [ 121.8976258, -28.013613540000001, -87637.78138 ],
               "radarID" : 13072,
               "targetType" : 3,
               "trueID" : 817,
               "velocity" : [ 266.2759762, 105.33456510000001, 89.452411280000007 ]
            }
         ]
      }
   ],
   "terminator" : 0
}
