{
   "data" : [
      {
         "radarID" : 12995,
         "tracks" : [
            {
               "detectedID" : 1005,
               "detectedTime" : 783.95000000000005,
               "entityID" : 12995,
               "height" : 5514.9719349999996,
               "lla" : [ 122.0199016, -28.094410610000001, -66254.302349999998 ],
               "radarID" : 12995,
               "targetType" : 3,
               "trueID" : 805,
               "velocity" : [ 264.9391966, 130.7582347, 52.052916969999998 ]
            }
         ]
      },
      {
         "radarID" : 13002,
         "tracks" : [
            {
               "detectedID" : 1005,
               "detectedTime" : 783.95000000000005,
               "entityID" : 13002,
               "height" : 955.98309189999998,
               "lla" : [ 122.02096349999999, -28.095228590000001, -70636.232130000004 ],
               "radarID" : 13002,
               "targetType" : 3,
               "trueID" : 805,
               "velocity" : [ 264.9391966, 130.7582347, 52.052916969999998 ]
            }
         ]
      }
   ],
   "terminator" : 0
}
