{
   "data" : [
      {
         "radarID" : 12910,
         "tracks" : [
            {
               "detectedID" : 1006,
               "detectedTime" : 784.35000000000002,
               "entityID" : 12910,
               "height" : 3549.1611419999999,
               "lla" : [ 122.3148539, -28.28979047, -70452.337450000006 ],
               "radarID" : 12910,
               "targetType" : 3,
               "trueID" : 811,
               "velocity" : [ 265.65364310000001, 110.6705846, 84.735846190000004 ]
            }
         ]
      },
      {
         "radarID" : 12981,
         "tracks" : [
            {
               "detectedID" : 1001,
               "detectedTime" : 784.35000000000002,
               "entityID" : 12981,
               "height" : 80.846681739999994,
               "lla" : [ 121.892162, -28.010116579999998, -93195.443629999994 ],
               "radarID" : 12981,
               "targetType" : 3,
               "trueID" : 817,
               "velocity" : [ 266.29276779999998, 105.3074769, 89.434317419999999 ]
            },
            {
               "detectedID" : 1005,
               "detectedTime" : 784.35000000000002,
               "entityID" : 12981,
               "height" : 329.12152789999999,
               "lla" : [ 122.0197321, -28.094426500000001, -71258.834029999998 ],
               "radarID" : 12981,
               "targetType" : 3,
               "trueID" : 805,
               "velocity" : [ 264.94179700000001, 130.75406359999999, 52.050159129999997 ]
            }
         ]
      }
   ],
   "terminator" : 0
}
