{
   "data" : [
      {
         "radarID" : 12910,
         "tracks" : [
            {
               "detectedID" : 1001,
               "detectedTime" : 784.64999999999998,
               "entityID" : 12910,
               "height" : 2980.5190980000002,
               "lla" : [ 121.8894475, -28.008242549999999, -90667.587090000001 ],
               "radarID" : 12910,
               "targetType" : 3,
               "trueID" : 817,
               "velocity" : [ 266.29470500000002, 105.30435129999999, 89.432229579999998 ]
            }
         ]
      },
      {
         "radarID" : 12988,
         "tracks" : [
            {
               "detectedID" : 1001,
               "detectedTime" : 784.64999999999998,
               "entityID" : 12988,
               "height" : 5628.6738580000001,
               "lla" : [ 121.8892026, -28.008013940000001, -88131.8318 ],
               "radarID" : 12988,
               "targetType" : 3,
               "trueID" : 817,
               "velocity" : [ 266.29470500000002, 105.30435129999999, 89.432229579999998 ]
            }
         ]
      },
      {
         "radarID" : 13016,
         "tracks" : [
            {
               "detectedID" : 1004,
               "detectedTime" : 784.64999999999998,
               "entityID" : 13016,
               "height" : 1978.223915,
               "lla" : [ 121.8148279, -27.956848900000001, -26903.531719999999 ],
               "radarID" : 13016,
               "targetType" : 3,
               "trueID" : 799,
               "velocity" : [ 259.57735259999998, 149.2592325, 18.473753219999999 ]
            }
         ]
      }
   ],
   "terminator" : 0
}
