{
   "data" : [
      {
         "radarID" : 12981,
         "tracks" : [
            {
               "detectedID" : 1004,
               "detectedTime" : 784.89999999999998,
               "entityID" : 12981,
               "height" : 1835.460106,
               "lla" : [ 121.8138718, -27.95621517, -27079.799319999998 ],
               "radarID" : 12981,
               "targetType" : 3,
               "trueID" : 799,
               "velocity" : [ 259.5789853, 149.25660060000001, 18.472075459999999 ]
            }
         ]
      }
   ],
   "terminator" : 0
}
