{
   "data" : [
      {
         "radarID" : 13037,
         "tracks" : [
            {
               "detectedID" : 1003,
               "detectedTime" : 153.30000000000001,
               "entityID" : 13037,
               "height" : 1321.3663180000001,
               "lla" : [ 122.6630072, -28.515231119999999, 60230.294500000004 ],
               "radarID" : 13037,
               "targetType" : 3,
               "trueID" : 781,
               "velocity" : [ -10.914306160000001, -179.66288990000001, 240.00442469999999 ]
            }
         ]
      }
   ],
   "terminator" : 0
}
