{
   "data" : [
      {
         "radarID" : 12931,
         "tracks" : [
            {
               "detectedID" : 1002,
               "detectedTime" : 785.10000000000002,
               "entityID" : 12931,
               "height" : 5013.1589029999996,
               "lla" : [ 122.0344968, -28.102889990000001, -18568.450239999998 ],
               "radarID" : 12931,
               "targetType" : 3,
               "trueID" : 793,
               "velocity" : [ 251.1974621, 59.218890139999999, 152.9475664 ]
            }
         ]
      },
      {
         "radarID" : 12938,
         "tracks" : [
            {
               "detectedID" : 1002,
               "detectedTime" : 785.10000000000002,
               "entityID" : 12938,
               "height" : 5011.4989240000004,
               "lla" : [ 122.03452710000001, -28.102910359999999, -18576.403139999999 ],
               "radarID" : 12938,
               "targetType" : 3,
               "trueID" : 793,
               "velocity" : [ 251.1974621, 59.218890139999999, 152.9475664 ]
            }
         ]
      },
      {
         "radarID" : 12974,
         "tracks" : [
            {
               "detectedID" : 1002,
               "detectedTime" : 785.10000000000002,
               "entityID" : 12974,
               "height" : 5012.0442830000002,
               "lla" : [ 122.0345198, -28.10290547, -18574.433140000001 ],
               "radarID" : 12974,
               "targetType" : 3,
               "trueID" : 793,
               "velocity" : [ 251.1974621, 59.218890139999999, 152.9475664 ]
            }
         ]
      }
   ],
   "terminator" : 0
}
