{
   "data" : [
      {
         "radarID" : 13023,
         "tracks" : [
            {
               "detectedID" : 1003,
               "detectedTime" : 791.0,
               "entityID" : 13023,
               "height" : 976.94986270000004,
               "lla" : [ 121.43162510000001, -27.700694219999999, -57194.596429999998 ],
               "radarID" : 13023,
               "targetType" : 3,
               "trueID" : 781,
               "velocity" : [ 245.7019315, 43.385386359999998, 166.57811709999999 ]
            }
         ]
      },
      {
         "radarID" : 13051,
         "tracks" : [
            {
               "detectedID" : 1006,
               "detectedTime" : 791.0,
               "entityID" : 13051,
               "height" : 1485.9934989999999,
               "lla" : [ 122.2961167, -28.277509120000001, -73686.253490000003 ],
               "radarID" : 13051,
               "targetType" : 3,
               "trueID" : 811,
               "velocity" : [ 265.69710809999998, 110.6015858, 84.689644869999995 ]
            }
         ]
      },
      {
         "radarID" : 13058,
         "tracks" : [
            {
               "detectedID" : 1006,
               "detectedTime" : 791.0,
               "entityID" : 13058,
               "height" : 5843.3449449999998,
               "lla" : [ 122.29506910000001, -28.276705750000001, -69354.219330000007 ],
               "radarID" : 13058,
               "targetType" : 3,
               "trueID" : 811,
               "velocity" : [ 265.69710809999998, 110.6015858, 84.689644869999995 ]
            }
         ]
      }
   ],
   "terminator" : 0
}
