{
   "data" : [
      {
         "radarID" : 13072,
         "tracks" : [
            {
               "detectedID" : 1006,
               "detectedTime" : 792.0,
               "entityID" : 13072,
               "height" : 5842.0227459999996,
               "lla" : [ 122.29218, -28.274802990000001, -69522.00361 ],
               "radarID" : 13072,
               "targetType" : 3,
               "trueID" : 811,
               "velocity" : [ 265.703642, 110.5912091, 84.682696590000006 ]
            }
         ]
      }
   ],
   "terminator" : 0
}
