{
   "data" : [
      {
         "radarID" : 13051,
         "tracks" : [
            {
               "detectedID" : 1004,
               "detectedTime" : 792.89999999999998,
               "entityID" : 13051,
               "height" : 100.7425501,
               "lla" : [ 121.79300499999999, -27.942349759999999, -29712.489969999999 ],
               "radarID" : 13051,
               "targetType" : 3,
               "trueID" : 799,
               "velocity" : [ 259.63121430000001, 149.17236890000001, 18.41838585 ]
            }
         ]
      }
   ],
   "terminator" : 0
}
