{
   "data" : [
      {
         "radarID" : 12995,
         "tracks" : [
            {
               "detectedID" : 1005,
               "detectedTime" : 794.0,
               "entityID" : 12995,
               "height" : 5483.8134810000001,
               "lla" : [ 121.98952370000001, -28.074262189999999, -67797.582450000002 ],
               "radarID" : 12995,
               "targetType" : 3,
               "trueID" : 805,
               "velocity" : [ 265.00450330000001, 130.65342100000001, 51.983620520000002 ]
            }
         ]
      },
      {
         "radarID" : 13002,
         "tracks" : [
            {
               "detectedID" : 1005,
               "detectedTime" : 794.0,
               "entityID" : 13002,
               "height" : 917.96058319999997,
               "lla" : [ 121.9905736, -28.075072800000001, -72183.135670000003 ],
               "radarID" : 13002,
               "targetType" : 3,
               "trueID" : 805,
               "velocity" : [ 265.00450330000001, 130.65342100000001, 51.983620520000002 ]
            }
         ]
      }
   ],
   "terminator" : 0
}
