{
   "data" : [
      {
         "radarID" : 12981,
         "tracks" : [
            {
               "detectedID" : 1002,
               "detectedTime" : 794.70000000000005,
               "entityID" : 12981,
               "height" : 1700.6710370000001,
               "lla" : [ 122.0107709, -28.08725793, -23636.027989999999 ],
               "radarID" : 12981,
               "targetType" : 3,
               "trueID" : 793,
               "velocity" : [ 251.26059380000001, 59.11793428, 152.88290900000001 ]
            }
         ]
      }
   ],
   "terminator" : 0
}
