{
   "data" : [
      {
         "radarID" : 12931,
         "tracks" : [
            {
               "detectedID" : 1006,
               "detectedTime" : 794.79999999999995,
               "entityID" : 12931,
               "height" : 5841.2311890000001,
               "lla" : [ 122.2839833, -28.269403839999999, -69992.457250000007 ],
               "radarID" : 12931,
               "targetType" : 3,
               "trueID" : 811,
               "velocity" : [ 265.72193370000002, 110.5621531, 84.663240389999999 ]
            }
         ]
      },
      {
         "radarID" : 12988,
         "tracks" : [
            {
               "detectedID" : 1001,
               "detectedTime" : 794.79999999999995,
               "entityID" : 12988,
               "height" : 5623.8159489999998,
               "lla" : [ 121.85971859999999, -27.98840491, -89860.178899999999 ],
               "radarID" : 12988,
               "targetType" : 3,
               "trueID" : 817,
               "velocity" : [ 266.36021670000002, 105.1985877, 89.361580500000002 ]
            },
            {
               "detectedID" : 1002,
               "detectedTime" : 794.79999999999995,
               "entityID" : 12988,
               "height" : 5008.1408659999997,
               "lla" : [ 122.0103301, -28.086883969999999, -20432.981619999999 ],
               "radarID" : 12988,
               "targetType" : 3,
               "trueID" : 793,
               "velocity" : [ 251.26125110000001, 59.116882599999997, 152.88223529999999 ]
            }
         ]
      }
   ],
   "terminator" : 0
}
