{
   "data" : [
      {
         "radarID" : 12988,
         "tracks" : [
            {
               "detectedID" : 1004,
               "detectedTime" : 795.0,
               "entityID" : 12988,
               "height" : 5004.7329460000001,
               "lla" : [ 121.7830091, -27.935562279999999, -25309.153149999998 ],
               "radarID" : 12988,
               "targetType" : 3,
               "trueID" : 799,
               "velocity" : [ 259.64491829999997, 149.15025460000001, 18.40429189 ]
            }
         ]
      }
   ],
   "terminator" : 0
}
