{
   "data" : [
      {
         "radarID" : 13065,
         "tracks" : [
            {
               "detectedID" : 1002,
               "detectedTime" : 153.84999999999999,
               "entityID" : 13065,
               "height" : 4709.11312,
               "lla" : [ 122.57556200000001, -28.457871239999999, 63540.601790000001 ],
               "radarID" : 13065,
               "targetType" : 3,
               "trueID" : 793,
               "velocity" : [ -144.57915410000001, -197.4919635, 173.4756252 ]
            }
         ]
      }
   ],
   "terminator" : 0
}
