{
   "data" : [
      {
         "radarID" : 13058,
         "tracks" : [
            {
               "detectedID" : 1004,
               "detectedTime" : 802.85000000000002,
               "entityID" : 13058,
               "height" : 5000.8394239999998,
               "lla" : [ 121.7590411, -27.919573530000001, -26331.299640000001 ],
               "radarID" : 13058,
               "targetType" : 3,
               "trueID" : 799,
               "velocity" : [ 259.69612289999998, 149.06757630000001, 18.351605729999999 ]
            }
         ]
      }
   ],
   "terminator" : 0
}
