{
   "data" : [
      {
         "radarID" : 13065,
         "tracks" : [
            {
               "detectedID" : 1002,
               "detectedTime" : 802.95000000000005,
               "entityID" : 13065,
               "height" : 5004.0493269999997,
               "lla" : [ 121.9899908, -28.07340572, -21995.54276 ],
               "radarID" : 13065,
               "targetType" : 3,
               "trueID" : 793,
               "velocity" : [ 251.3148066, 59.031165989999998, 152.82731899999999 ]
            }
         ]
      }
   ],
   "terminator" : 0
}
