{
   "data" : [
      {
         "radarID" : 12995,
         "tracks" : [
            {
               "detectedID" : 1005,
               "detectedTime" : 804.04999999999995,
               "entityID" : 12995,
               "height" : 5476.5952230000003,
               "lla" : [ 121.95914209999999, -28.054096449999999, -69316.346749999997 ],
               "radarID" : 12995,
               "targetType" : 3,
               "trueID" : 805,
               "velocity" : [ 265.069751, 130.54857820000001, 51.914312410000001 ]
            }
         ]
      }
   ],
   "terminator" : 0
}
