{
   "data" : [
      {
         "radarID" : 12938,
         "tracks" : [
            {
               "detectedID" : 1005,
               "detectedTime" : 805.25,
               "entityID" : 12938,
               "height" : 5510.8520369999997,
               "lla" : [ 121.95551709999999, -28.051688559999999, -69463.897010000001 ],
               "radarID" : 12938,
               "targetType" : 3,
               "trueID" : 805,
               "velocity" : [ 265.07753780000002, 130.53605769999999, 51.906036039999996 ]
            }
         ]
      },
      {
         "radarID" : 12974,
         "tracks" : [
            {
               "detectedID" : 1005,
               "detectedTime" : 805.25,
               "entityID" : 12974,
               "height" : 5510.7887039999996,
               "lla" : [ 121.9555165, -28.05168815, -69463.67211 ],
               "radarID" : 12974,
               "targetType" : 3,
               "trueID" : 805,
               "velocity" : [ 265.07753780000002, 130.53605769999999, 51.906036039999996 ]
            }
         ]
      }
   ],
   "terminator" : 0
}
