{
   "data" : [
      {
         "radarID" : 13065,
         "tracks" : [
            {
               "detectedID" : 1006,
               "detectedTime" : 162.30000000000001,
               "entityID" : 13065,
               "height" : 6136.3028139999997,
               "lla" : [ 124.1230961, -29.454766599999999, 37718.973960000003 ],
               "radarID" : 13065,
               "targetType" : 3,
               "trueID" : 811,
               "velocity" : [ 261.47372560000002, 117.0764475, 89.020201459999996 ]
            }
         ]
      }
   ],
   "terminator" : 0
}
