{
   "data" : [
      {
         "radarID" : 13044,
         "tracks" : [
            {
               "detectedID" : 1003,
               "detectedTime" : 809.75,
               "entityID" : 13044,
               "height" : 402.14827259999998,
               "lla" : [ 121.3870134, -27.670743009999999, -61419.693120000004 ],
               "radarID" : 13044,
               "targetType" : 3,
               "trueID" : 781,
               "velocity" : [ 245.82303049999999, 43.18708247, 166.45093439999999 ]
            }
         ]
      }
   ],
   "terminator" : 0
}
