{
   "data" : [
      {
         "radarID" : 13128,
         "tracks" : [
            {
               "detectedID" : 1004,
               "detectedTime" : 811.25,
               "entityID" : 13128,
               "height" : 4355.5994289999999,
               "lla" : [ 121.7336732, -27.90265788, -28071.18489 ],
               "radarID" : 13128,
               "targetType" : 3,
               "trueID" : 799,
               "velocity" : [ 259.75087600000001, 148.97908290000001, 18.295225380000002 ]
            }
         ]
      }
   ],
   "terminator" : 0
}
