{
   "data" : [
      {
         "radarID" : 13023,
         "tracks" : [
            {
               "detectedID" : 1004,
               "detectedTime" : 162.90000000000001,
               "entityID" : 13023,
               "height" : 4858.9880110000004,
               "lla" : [ 122.7341551, -28.561376190000001, 75126.97451 ],
               "radarID" : 13023,
               "targetType" : 3,
               "trueID" : 799,
               "velocity" : [ 114.7957595, -87.574057159999995, 262.969044 ]
            }
         ]
      }
   ],
   "terminator" : 0
}
