{
   "data" : [
      {
         "radarID" : 13002,
         "tracks" : [
            {
               "detectedID" : 1002,
               "detectedTime" : 814.45000000000005,
               "entityID" : 13002,
               "height" : 2571.0726500000001,
               "lla" : [ 121.9616015, -28.054642789999999, -26568.11017 ],
               "radarID" : 13002,
               "targetType" : 3,
               "trueID" : 793,
               "velocity" : [ 251.39031259999999, 58.91020185, 152.74979160000001 ]
            }
         ]
      },
      {
         "radarID" : 13009,
         "tracks" : [
            {
               "detectedID" : 1002,
               "detectedTime" : 814.45000000000005,
               "entityID" : 13009,
               "height" : 1850.1541030000001,
               "lla" : [ 121.9616549, -28.054696029999999, -27266.620350000001 ],
               "radarID" : 13009,
               "targetType" : 3,
               "trueID" : 793,
               "velocity" : [ 251.39031259999999, 58.91020185, 152.74979160000001 ]
            }
         ]
      },
      {
         "radarID" : 13016,
         "tracks" : [
            {
               "detectedID" : 1002,
               "detectedTime" : 814.45000000000005,
               "entityID" : 13016,
               "height" : 1808.7923989999999,
               "lla" : [ 121.9616479, -28.054692459999998, -27310.245780000001 ],
               "radarID" : 13016,
               "targetType" : 3,
               "trueID" : 793,
               "velocity" : [ 251.39031259999999, 58.91020185, 152.74979160000001 ]
            }
         ]
      }
   ],
   "terminator" : 0
}
