{
   "data" : [
      {
         "radarID" : 13037,
         "tracks" : [
            {
               "detectedID" : 1001,
               "detectedTime" : 820.20000000000005,
               "entityID" : 13037,
               "height" : 2209.2359980000001,
               "lla" : [ 121.786148, -27.939504459999998, -97592.60196 ],
               "radarID" : 13037,
               "targetType" : 3,
               "trueID" : 817,
               "velocity" : [ 266.52389190000002, 104.9338142, 89.184694289999996 ]
            }
         ]
      }
   ],
   "terminator" : 0
}
