{
   "data" : [
      {
         "radarID" : 13030,
         "tracks" : [
            {
               "detectedID" : 1005,
               "detectedTime" : 820.39999999999998,
               "entityID" : 13030,
               "height" : 1551.522557,
               "lla" : [ 121.91012480000001, -28.021632319999998, -75706.876950000005 ],
               "radarID" : 13030,
               "targetType" : 3,
               "trueID" : 805,
               "velocity" : [ 265.17577390000002, 130.37795109999999, 51.801532530000003 ]
            }
         ]
      },
      {
         "radarID" : 13037,
         "tracks" : [
            {
               "detectedID" : 1005,
               "detectedTime" : 820.39999999999998,
               "entityID" : 13037,
               "height" : 1518.3110489999999,
               "lla" : [ 121.9101256, -28.021633649999998, -75740.417719999998 ],
               "radarID" : 13037,
               "targetType" : 3,
               "trueID" : 805,
               "velocity" : [ 265.17577390000002, 130.37795109999999, 51.801532530000003 ]
            }
         ]
      },
      {
         "radarID" : 13051,
         "tracks" : [
            {
               "detectedID" : 1001,
               "detectedTime" : 820.39999999999998,
               "entityID" : 13051,
               "height" : 1186.2551109999999,
               "lla" : [ 121.78580030000001, -27.939299290000001, -98638.978449999995 ],
               "radarID" : 13051,
               "targetType" : 3,
               "trueID" : 817,
               "velocity" : [ 266.5251791, 104.9317288, 89.183300979999999 ]
            }
         ]
      },
      {
         "radarID" : 13058,
         "tracks" : [
            {
               "detectedID" : 1001,
               "detectedTime" : 820.39999999999998,
               "entityID" : 13058,
               "height" : 5613.2503930000003,
               "lla" : [ 121.7853099, -27.93885753, -94215.628530000002 ],
               "radarID" : 13058,
               "targetType" : 3,
               "trueID" : 817,
               "velocity" : [ 266.5251791, 104.9317288, 89.183300979999999 ]
            }
         ]
      }
   ],
   "terminator" : 0
}
