{
   "data" : [
      {
         "radarID" : 13079,
         "tracks" : [
            {
               "detectedID" : 1005,
               "detectedTime" : 821.10000000000002,
               "entityID" : 13079,
               "height" : 5503.5453459999999,
               "lla" : [ 121.9075765, -28.01983598, -71851.501550000001 ],
               "radarID" : 13079,
               "targetType" : 3,
               "trueID" : 805,
               "velocity" : [ 265.18030970000001, 130.37064430000001, 51.796703350000001 ]
            }
         ]
      },
      {
         "radarID" : 13086,
         "tracks" : [
            {
               "detectedID" : 1005,
               "detectedTime" : 821.10000000000002,
               "entityID" : 13086,
               "height" : 5504.6436350000004,
               "lla" : [ 121.90761980000001, -28.019864810000001, -71850.946460000006 ],
               "radarID" : 13086,
               "targetType" : 3,
               "trueID" : 805,
               "velocity" : [ 265.18030970000001, 130.37064430000001, 51.796703350000001 ]
            }
         ]
      }
   ],
   "terminator" : 0
}
