{
   "data" : [
      {
         "radarID" : 13093,
         "tracks" : [
            {
               "detectedID" : 1006,
               "detectedTime" : 822.29999999999995,
               "entityID" : 13093,
               "height" : 3473.8909509999999,
               "lla" : [ 122.2045516, -28.217089479999999, -76915.565180000005 ],
               "radarID" : 13093,
               "targetType" : 3,
               "trueID" : 811,
               "velocity" : [ 265.90133959999997, 110.2766803, 84.472074539999994 ]
            }
         ]
      }
   ],
   "terminator" : 0
}
