{
   "data" : [
      {
         "radarID" : 12988,
         "tracks" : [
            {
               "detectedID" : 1002,
               "detectedTime" : 824.85000000000002,
               "entityID" : 12988,
               "height" : 5007.968022,
               "lla" : [ 121.9353321, -28.037153119999999, -26188.691849999999 ],
               "radarID" : 12988,
               "targetType" : 3,
               "trueID" : 793,
               "velocity" : [ 251.45853299999999, 58.80079379, 152.67964119999999 ]
            }
         ]
      }
   ],
   "terminator" : 0
}
