{
   "data" : [
      {
         "radarID" : 13037,
         "tracks" : [
            {
               "detectedID" : 1004,
               "detectedTime" : 830.54999999999995,
               "entityID" : 13037,
               "height" : 140.57522080000001,
               "lla" : [ 121.67563199999999, -27.86398908, -34878.22681 ],
               "radarID" : 13037,
               "targetType" : 3,
               "trueID" : 799,
               "velocity" : [ 259.8765247, 148.7756708, 18.165673909999999 ]
            }
         ]
      }
   ],
   "terminator" : 0
}
