{
   "data" : [
      {
         "radarID" : 13072,
         "tracks" : [
            {
               "detectedID" : 1006,
               "detectedTime" : 831.89999999999998,
               "entityID" : 13072,
               "height" : 5823.1553169999997,
               "lla" : [ 122.1754669, -28.197826840000001, -76243.497719999999 ],
               "radarID" : 13072,
               "targetType" : 3,
               "trueID" : 811,
               "velocity" : [ 265.963864, 110.17698129999999, 84.405306890000006 ]
            }
         ]
      }
   ],
   "terminator" : 0
}
