{
   "data" : [
      {
         "radarID" : 13093,
         "tracks" : [
            {
               "detectedID" : 1005,
               "detectedTime" : 832.45000000000005,
               "entityID" : 13093,
               "height" : 2463.1637959999998,
               "lla" : [ 121.87444960000001, -27.997882310000001, -76507.763349999994 ],
               "radarID" : 13093,
               "targetType" : 3,
               "trueID" : 805,
               "velocity" : [ 265.2538131, 130.25214930000001, 51.718393720000002 ]
            }
         ]
      },
      {
         "radarID" : 13107,
         "tracks" : [
            {
               "detectedID" : 1005,
               "detectedTime" : 832.45000000000005,
               "entityID" : 13107,
               "height" : 5769.445487,
               "lla" : [ 121.8732588, -27.997006030000001, -73294.411919999999 ],
               "radarID" : 13107,
               "targetType" : 3,
               "trueID" : 805,
               "velocity" : [ 265.2538131, 130.25214930000001, 51.718393720000002 ]
            }
         ]
      }
   ],
   "terminator" : 0
}
