{
   "data" : [
      {
         "radarID" : 13016,
         "tracks" : [
            {
               "detectedID" : 1006,
               "detectedTime" : 833.14999999999998,
               "entityID" : 13016,
               "height" : 447.52157449999999,
               "lla" : [ 122.1741773, -28.197111530000001, -81598.881599999993 ],
               "radarID" : 13016,
               "targetType" : 3,
               "trueID" : 811,
               "velocity" : [ 265.97200120000002, 110.16399800000001, 84.396611919999998 ]
            }
         ]
      },
      {
         "radarID" : 13093,
         "tracks" : [
            {
               "detectedID" : 1002,
               "detectedTime" : 833.14999999999998,
               "entityID" : 13093,
               "height" : 3135.1234930000001,
               "lla" : [ 121.9151743, -28.02381901, -29605.356090000001 ],
               "radarID" : 13093,
               "targetType" : 3,
               "trueID" : 793,
               "velocity" : [ 251.51293480000001, 58.71346793, 152.62362959999999 ]
            }
         ]
      }
   ],
   "terminator" : 0
}
