{
   "data" : [
      {
         "radarID" : 12995,
         "tracks" : [
            {
               "detectedID" : 1005,
               "detectedTime" : 834.10000000000002,
               "entityID" : 12995,
               "height" : 5523.0198090000004,
               "lla" : [ 121.86827959999999, -27.99369931, -73785.501220000006 ],
               "radarID" : 12995,
               "targetType" : 3,
               "trueID" : 805,
               "velocity" : [ 265.26449229999997, 130.23492010000001, 51.707008270000003 ]
            }
         ]
      },
      {
         "radarID" : 13002,
         "tracks" : [
            {
               "detectedID" : 1005,
               "detectedTime" : 834.10000000000002,
               "entityID" : 13002,
               "height" : 780.39692539999999,
               "lla" : [ 121.8692592, -27.994469250000002, -78335.018039999995 ],
               "radarID" : 13002,
               "targetType" : 3,
               "trueID" : 805,
               "velocity" : [ 265.26449229999997, 130.23492010000001, 51.707008270000003 ]
            }
         ]
      }
   ],
   "terminator" : 0
}
