{
   "data" : [
      {
         "radarID" : 12910,
         "tracks" : [
            {
               "detectedID" : 1006,
               "detectedTime" : 834.39999999999998,
               "entityID" : 12910,
               "height" : 3234.8012450000001,
               "lla" : [ 122.16848330000001, -28.193279220000001, -79161.827990000005 ],
               "radarID" : 12910,
               "targetType" : 3,
               "trueID" : 811,
               "velocity" : [ 265.98013750000001, 110.1510143, 84.387916649999994 ]
            }
         ]
      }
   ],
   "terminator" : 0
}
