{
   "data" : [
      {
         "radarID" : 13051,
         "tracks" : [
            {
               "detectedID" : 1005,
               "detectedTime" : 840.64999999999998,
               "entityID" : 13051,
               "height" : 725.11903870000003,
               "lla" : [ 121.849288, -27.981183619999999, -79562.977169999998 ],
               "radarID" : 13051,
               "targetType" : 3,
               "trueID" : 805,
               "velocity" : [ 265.30686989999998, 130.16651759999999, 51.661808389999997 ]
            }
         ]
      },
      {
         "radarID" : 13058,
         "tracks" : [
            {
               "detectedID" : 1005,
               "detectedTime" : 840.64999999999998,
               "entityID" : 13058,
               "height" : 5497.0794059999998,
               "lla" : [ 121.8484697, -27.980515369999999, -74794.170610000001 ],
               "radarID" : 13058,
               "targetType" : 3,
               "trueID" : 805,
               "velocity" : [ 265.30686989999998, 130.16651759999999, 51.661808389999997 ]
            }
         ]
      }
   ],
   "terminator" : 0
}
