{
   "data" : [
      {
         "radarID" : 13009,
         "tracks" : [
            {
               "detectedID" : 1006,
               "detectedTime" : 843.20000000000005,
               "entityID" : 13009,
               "height" : 438.7676027,
               "lla" : [ 122.14480589999999, -28.177706270000002, -83289.168290000001 ],
               "radarID" : 13009,
               "targetType" : 3,
               "trueID" : 811,
               "velocity" : [ 266.03739109999998, 110.0595986, 84.326693689999999 ]
            }
         ]
      },
      {
         "radarID" : 13016,
         "tracks" : [
            {
               "detectedID" : 1006,
               "detectedTime" : 843.20000000000005,
               "entityID" : 13016,
               "height" : 412.8471207,
               "lla" : [ 122.1448319, -28.17772415, -83313.833979999996 ],
               "radarID" : 13016,
               "targetType" : 3,
               "trueID" : 811,
               "velocity" : [ 266.03739109999998, 110.0595986, 84.326693689999999 ]
            }
         ]
      }
   ],
   "terminator" : 0
}
