{
   "data" : [
      {
         "radarID" : 13093,
         "tracks" : [
            {
               "detectedID" : 1004,
               "detectedTime" : 843.35000000000002,
               "entityID" : 13093,
               "height" : 2605.0181280000002,
               "lla" : [ 121.636223, -27.83756297, -33922.646260000001 ],
               "radarID" : 13093,
               "targetType" : 3,
               "trueID" : 799,
               "velocity" : [ 259.9597387, 148.64069789999999, 18.079745419999998 ]
            }
         ]
      }
   ],
   "terminator" : 0
}
