{
   "data" : [
      {
         "radarID" : 12995,
         "tracks" : [
            {
               "detectedID" : 1005,
               "detectedTime" : 844.14999999999998,
               "entityID" : 12995,
               "height" : 5447.8326630000001,
               "lla" : [ 121.83788610000001, -27.973470169999999, -75368.702529999995 ],
               "radarID" : 12995,
               "targetType" : 3,
               "trueID" : 805,
               "velocity" : [ 265.32950419999997, 130.1299617, 51.637653759999999 ]
            }
         ]
      },
      {
         "radarID" : 13002,
         "tracks" : [
            {
               "detectedID" : 1005,
               "detectedTime" : 844.14999999999998,
               "entityID" : 13002,
               "height" : 749.46960130000002,
               "lla" : [ 121.83884020000001, -27.97422237, -79871.642739999996 ],
               "radarID" : 13002,
               "targetType" : 3,
               "trueID" : 805,
               "velocity" : [ 265.32950419999997, 130.1299617, 51.637653759999999 ]
            }
         ]
      }
   ],
   "terminator" : 0
}
