{
   "data" : [
      {
         "radarID" : 12903,
         "tracks" : [
            {
               "detectedID" : 1005,
               "detectedTime" : 844.64999999999998,
               "entityID" : 12903,
               "height" : 5507.110025,
               "lla" : [ 121.836367, -27.97245706, -75384.02781 ],
               "radarID" : 12903,
               "targetType" : 3,
               "trueID" : 805,
               "velocity" : [ 265.33273709999997, 130.1247391, 51.634202989999999 ]
            }
         ]
      },
      {
         "radarID" : 12917,
         "tracks" : [
            {
               "detectedID" : 1005,
               "detectedTime" : 844.64999999999998,
               "entityID" : 12917,
               "height" : 3511.1456250000001,
               "lla" : [ 121.8364941, -27.972591220000002, -77305.649390000006 ],
               "radarID" : 12917,
               "targetType" : 3,
               "trueID" : 805,
               "velocity" : [ 265.33273709999997, 130.1247391, 51.634202989999999 ]
            }
         ]
      }
   ],
   "terminator" : 0
}
