{
   "data" : [
      {
         "radarID" : 12931,
         "tracks" : [
            {
               "detectedID" : 1005,
               "detectedTime" : 845.45000000000005,
               "entityID" : 12931,
               "height" : 5496.5603250000004,
               "lla" : [ 121.8339398, -27.97084104, -75514.655549999996 ],
               "radarID" : 12931,
               "targetType" : 3,
               "trueID" : 805,
               "velocity" : [ 265.3379094, 130.1163828, 51.62868168 ]
            }
         ]
      },
      {
         "radarID" : 12938,
         "tracks" : [
            {
               "detectedID" : 1005,
               "detectedTime" : 845.45000000000005,
               "entityID" : 12938,
               "height" : 5496.04385,
               "lla" : [ 121.8339605, -27.97085491, -75517.286380000005 ],
               "radarID" : 12938,
               "targetType" : 3,
               "trueID" : 805,
               "velocity" : [ 265.3379094, 130.1163828, 51.62868168 ]
            }
         ]
      },
      {
         "radarID" : 12974,
         "tracks" : [
            {
               "detectedID" : 1005,
               "detectedTime" : 845.45000000000005,
               "entityID" : 12974,
               "height" : 5495.4007840000004,
               "lla" : [ 121.8339715, -27.9708623, -75518.623900000006 ],
               "radarID" : 12974,
               "targetType" : 3,
               "trueID" : 805,
               "velocity" : [ 265.3379094, 130.1163828, 51.62868168 ]
            }
         ]
      }
   ],
   "terminator" : 0
}
