{
   "data" : [
      {
         "radarID" : 12988,
         "tracks" : [
            {
               "detectedID" : 1001,
               "detectedTime" : 845.70000000000005,
               "entityID" : 12988,
               "height" : 5599.4523680000002,
               "lla" : [ 121.7117796, -27.88981068, -98518.374540000004 ],
               "radarID" : 12988,
               "targetType" : 3,
               "trueID" : 817,
               "velocity" : [ 266.6878294, 104.6678489, 89.006983239999997 ]
            }
         ]
      }
   ],
   "terminator" : 0
}
