{
   "data" : [
      {
         "radarID" : 13030,
         "tracks" : [
            {
               "detectedID" : 1002,
               "detectedTime" : 850.85000000000002,
               "entityID" : 13030,
               "height" : 355.18205769999997,
               "lla" : [ 121.8715298, -27.994897940000001, -35838.215600000003 ],
               "radarID" : 13030,
               "targetType" : 3,
               "trueID" : 793,
               "velocity" : [ 251.62881999999999, 58.5272139, 152.50410539999999 ]
            }
         ]
      },
      {
         "radarID" : 13037,
         "tracks" : [
            {
               "detectedID" : 1002,
               "detectedTime" : 850.85000000000002,
               "entityID" : 13037,
               "height" : 337.98118940000001,
               "lla" : [ 121.87154459999999, -27.994908280000001, -35856.939279999999 ],
               "radarID" : 13037,
               "targetType" : 3,
               "trueID" : 793,
               "velocity" : [ 251.62881999999999, 58.5272139, 152.50410539999999 ]
            }
         ]
      },
      {
         "radarID" : 13044,
         "tracks" : [
            {
               "detectedID" : 1002,
               "detectedTime" : 850.85000000000002,
               "entityID" : 13044,
               "height" : 369.84618660000001,
               "lla" : [ 121.8715229, -27.9948929, -35822.673640000001 ],
               "radarID" : 13044,
               "targetType" : 3,
               "trueID" : 793,
               "velocity" : [ 251.62881999999999, 58.5272139, 152.50410539999999 ]
            }
         ]
      }
   ],
   "terminator" : 0
}
