{
   "data" : [
      {
         "radarID" : 13023,
         "tracks" : [
            {
               "detectedID" : 1004,
               "detectedTime" : 851.45000000000005,
               "entityID" : 13023,
               "height" : 5002.1529399999999,
               "lla" : [ 121.6106968, -27.820416959999999, -32657.782640000001 ],
               "radarID" : 13023,
               "targetType" : 3,
               "trueID" : 799,
               "velocity" : [ 260.01234899999997, 148.5552577, 18.02536538 ]
            }
         ]
      },
      {
         "radarID" : 13135,
         "tracks" : [
            {
               "detectedID" : 1004,
               "detectedTime" : 851.45000000000005,
               "entityID" : 13135,
               "height" : 1119.2120259999999,
               "lla" : [ 121.6117524, -27.821222280000001, -36513.775350000004 ],
               "radarID" : 13135,
               "targetType" : 3,
               "trueID" : 799,
               "velocity" : [ 260.01234899999997, 148.5552577, 18.02536538 ]
            },
            {
               "detectedID" : 1002,
               "detectedTime" : 851.45000000000005,
               "entityID" : 13135,
               "height" : 1749.706852,
               "lla" : [ 121.8697648, -27.993687869999999, -34518.913280000001 ],
               "radarID" : 13135,
               "targetType" : 3,
               "trueID" : 793,
               "velocity" : [ 251.63274530000001, 58.52089952, 152.50005189999999 ]
            }
         ]
      },
      {
         "radarID" : 13142,
         "tracks" : [
            {
               "detectedID" : 1002,
               "detectedTime" : 851.45000000000005,
               "entityID" : 13142,
               "height" : 5006.964868,
               "lla" : [ 121.86902980000001, -27.993115889999999, -31282.915280000001 ],
               "radarID" : 13142,
               "targetType" : 3,
               "trueID" : 793,
               "velocity" : [ 251.63274530000001, 58.52089952, 152.50005189999999 ]
            }
         ]
      }
   ],
   "terminator" : 0
}
