{
   "data" : [
      {
         "radarID" : 13093,
         "tracks" : [
            {
               "detectedID" : 1006,
               "detectedTime" : 852.25,
               "entityID" : 13093,
               "height" : 3211.834985,
               "lla" : [ 122.1169913, -28.159247740000001, -82197.545580000005 ],
               "radarID" : 13093,
               "targetType" : 3,
               "trueID" : 811,
               "velocity" : [ 266.09622380000002, 109.9655664, 84.26371632 ]
            }
         ]
      },
      {
         "radarID" : 13107,
         "tracks" : [
            {
               "detectedID" : 1006,
               "detectedTime" : 852.25,
               "entityID" : 13107,
               "height" : 5606.3233890000001,
               "lla" : [ 122.1159567, -28.158501940000001, -79873.522870000001 ],
               "radarID" : 13107,
               "targetType" : 3,
               "trueID" : 811,
               "velocity" : [ 266.09622380000002, 109.9655664, 84.26371632 ]
            }
         ]
      }
   ],
   "terminator" : 0
}
