{
   "data" : [
      {
         "radarID" : 13114,
         "tracks" : [
            {
               "detectedID" : 1005,
               "detectedTime" : 852.39999999999998,
               "entityID" : 13114,
               "height" : 2522.5902890000002,
               "lla" : [ 121.8139918, -27.957629560000001, -79451.690619999994 ],
               "radarID" : 13114,
               "targetType" : 3,
               "trueID" : 805,
               "velocity" : [ 265.3828279, 130.04378009999999, 51.580712290000001 ]
            }
         ]
      }
   ],
   "terminator" : 0
}
