{
   "data" : [
      {
         "radarID" : 12988,
         "tracks" : [
            {
               "detectedID" : 1006,
               "detectedTime" : 853.75,
               "entityID" : 12988,
               "height" : 5812.5639469999996,
               "lla" : [ 122.1115489, -28.155581229999999, -79919.320980000004 ],
               "radarID" : 12988,
               "targetType" : 3,
               "trueID" : 811,
               "velocity" : [ 266.10597039999999, 109.94997909999999, 84.25327661 ]
            }
         ]
      }
   ],
   "terminator" : 0
}
