{
   "data" : [
      {
         "radarID" : 12931,
         "tracks" : [
            {
               "detectedID" : 1005,
               "detectedTime" : 173.65000000000001,
               "entityID" : 12931,
               "height" : 5744.253017,
               "lla" : [ 123.85847560000001, -29.28729461, 27150.976360000001 ],
               "radarID" : 12931,
               "targetType" : 3,
               "trueID" : 805,
               "velocity" : [ 260.86323190000002, 137.06785690000001, 56.238570729999999 ]
            }
         ]
      },
      {
         "radarID" : 12938,
         "tracks" : [
            {
               "detectedID" : 1005,
               "detectedTime" : 173.65000000000001,
               "entityID" : 12938,
               "height" : 5747.1327149999997,
               "lla" : [ 123.858608, -29.287378360000002, 27167.604729999999 ],
               "radarID" : 12938,
               "targetType" : 3,
               "trueID" : 805,
               "velocity" : [ 260.86323190000002, 137.06785690000001, 56.238570729999999 ]
            }
         ]
      }
   ],
   "terminator" : 0
}
