{
   "data" : [
      {
         "radarID" : 12981,
         "tracks" : [
            {
               "detectedID" : 1005,
               "detectedTime" : 854.85000000000002,
               "entityID" : 12981,
               "height" : 243.7588557,
               "lla" : [ 121.8057558, -27.952195060000001, -81930.067020000002 ],
               "radarID" : 12981,
               "targetType" : 3,
               "trueID" : 805,
               "velocity" : [ 265.39865579999997, 130.01818309999999, 51.563800899999997 ]
            },
            {
               "detectedID" : 1002,
               "detectedTime" : 854.85000000000002,
               "entityID" : 12981,
               "height" : 1431.7810669999999,
               "lla" : [ 121.86048529999999, -27.98752387, -35416.102989999999 ],
               "radarID" : 12981,
               "targetType" : 3,
               "trueID" : 793,
               "velocity" : [ 251.65498460000001, 58.48511714, 152.4770796 ]
            }
         ]
      },
      {
         "radarID" : 13016,
         "tracks" : [
            {
               "detectedID" : 1004,
               "detectedTime" : 854.85000000000002,
               "entityID" : 13016,
               "height" : 1867.2517620000001,
               "lla" : [ 121.6003443, -27.813561369999999, -36149.46731 ],
               "radarID" : 13016,
               "targetType" : 3,
               "trueID" : 799,
               "velocity" : [ 260.03442109999997, 148.5193874, 18.002538399999999 ]
            }
         ]
      }
   ],
   "terminator" : 0
}
