{
   "data" : [
      {
         "radarID" : 12931,
         "tracks" : [
            {
               "detectedID" : 1002,
               "detectedTime" : 855.25,
               "entityID" : 12931,
               "height" : 5009.1725260000003,
               "lla" : [ 121.8594275, -27.986732490000001, -32018.700239999998 ],
               "radarID" : 12931,
               "targetType" : 3,
               "trueID" : 793,
               "velocity" : [ 251.65760059999999, 58.480907350000003, 152.47437669999999 ]
            }
         ]
      },
      {
         "radarID" : 12938,
         "tracks" : [
            {
               "detectedID" : 1002,
               "detectedTime" : 855.25,
               "entityID" : 12938,
               "height" : 5008.3072270000002,
               "lla" : [ 121.85944569999999, -27.986744770000001, -32023.874769999999 ],
               "radarID" : 12938,
               "targetType" : 3,
               "trueID" : 793,
               "velocity" : [ 251.65760059999999, 58.480907350000003, 152.47437669999999 ]
            }
         ]
      },
      {
         "radarID" : 12974,
         "tracks" : [
            {
               "detectedID" : 1002,
               "detectedTime" : 855.25,
               "entityID" : 12974,
               "height" : 5005.542821,
               "lla" : [ 121.8594683, -27.98675983, -32025.384580000002 ],
               "radarID" : 12974,
               "targetType" : 3,
               "trueID" : 793,
               "velocity" : [ 251.65760059999999, 58.480907350000003, 152.47437669999999 ]
            }
         ]
      }
   ],
   "terminator" : 0
}
