{
   "data" : [
      {
         "radarID" : 12938,
         "tracks" : [
            {
               "detectedID" : 1001,
               "detectedTime" : 173.75,
               "entityID" : 12938,
               "height" : 5925.2025199999998,
               "lla" : [ 123.6535875, -29.156938400000001, 16928.442500000001 ],
               "radarID" : 12938,
               "targetType" : 3,
               "trueID" : 817,
               "velocity" : [ 262.24070990000001, 111.6252877, 93.646170369999993 ]
            }
         ]
      }
   ],
   "terminator" : 0
}
