{
   "data" : [
      {
         "radarID" : 13030,
         "tracks" : [
            {
               "detectedID" : 1005,
               "detectedTime" : 181.84999999999999,
               "entityID" : 13030,
               "height" : 4777.69758,
               "lla" : [ 123.8339785, -29.27176875, 24913.441620000001 ],
               "radarID" : 13030,
               "targetType" : 3,
               "trueID" : 805,
               "velocity" : [ 260.91942540000002, 136.98381359999999, 56.182632849999997 ]
            },
            {
               "detectedID" : 1006,
               "detectedTime" : 181.84999999999999,
               "entityID" : 13030,
               "height" : 5661.6186699999998,
               "lla" : [ 124.0663593, -29.418990180000002, 33876.351060000001 ],
               "radarID" : 13030,
               "targetType" : 3,
               "trueID" : 811,
               "velocity" : [ 261.60851350000002, 116.876606, 88.886695340000003 ]
            }
         ]
      },
      {
         "radarID" : 13037,
         "tracks" : [
            {
               "detectedID" : 1005,
               "detectedTime" : 181.84999999999999,
               "entityID" : 13037,
               "height" : 4720.4700999999995,
               "lla" : [ 123.834399, -29.27203725, 24877.18864 ],
               "radarID" : 13037,
               "targetType" : 3,
               "trueID" : 805,
               "velocity" : [ 260.91942540000002, 136.98381359999999, 56.182632849999997 ]
            },
            {
               "detectedID" : 1006,
               "detectedTime" : 181.84999999999999,
               "entityID" : 13037,
               "height" : 5599.9382619999997,
               "lla" : [ 124.06676229999999, -29.419246189999999, 33837.735110000001 ],
               "radarID" : 13037,
               "targetType" : 3,
               "trueID" : 811,
               "velocity" : [ 261.60851350000002, 116.876606, 88.886695340000003 ]
            }
         ]
      }
   ],
   "terminator" : 0
}
