{
   "data" : [
      {
         "radarID" : 12981,
         "tracks" : [
            {
               "detectedID" : 1006,
               "detectedTime" : 863.60000000000002,
               "entityID" : 12981,
               "height" : 135.8303847,
               "lla" : [ 122.0860435, -28.138848060000001, -86876.406749999995 ],
               "radarID" : 12981,
               "targetType" : 3,
               "trueID" : 811,
               "velocity" : [ 266.16994030000001, 109.8476086, 84.184712020000006 ]
            }
         ]
      },
      {
         "radarID" : 12995,
         "tracks" : [
            {
               "detectedID" : 1006,
               "detectedTime" : 863.60000000000002,
               "entityID" : 12995,
               "height" : 5795.1410130000004,
               "lla" : [ 122.0827243, -28.13650973, -81588.848159999994 ],
               "radarID" : 12995,
               "targetType" : 3,
               "trueID" : 811,
               "velocity" : [ 266.16994030000001, 109.8476086, 84.184712020000006 ]
            }
         ]
      }
   ],
   "terminator" : 0
}
