{
   "data" : [
      {
         "radarID" : 12988,
         "tracks" : [
            {
               "detectedID" : 1006,
               "detectedTime" : 863.79999999999995,
               "entityID" : 12988,
               "height" : 5808.039597,
               "lla" : [ 122.08213859999999, -28.136121670000001, -81608.717390000005 ],
               "radarID" : 12988,
               "targetType" : 3,
               "trueID" : 811,
               "velocity" : [ 266.17123859999998, 109.84552979999999, 84.183319659999995 ]
            }
         ]
      }
   ],
   "terminator" : 0
}
