{
   "data" : [
      {
         "radarID" : 12938,
         "tracks" : [
            {
               "detectedID" : 1004,
               "detectedTime" : 865.39999999999998,
               "entityID" : 12938,
               "height" : 5010.1652260000001,
               "lla" : [ 121.56802279999999, -27.791829289999999, -34466.486239999998 ],
               "radarID" : 12938,
               "targetType" : 3,
               "trueID" : 799,
               "velocity" : [ 260.1028675, 148.4080601, 17.931704669999998 ]
            }
         ]
      },
      {
         "radarID" : 12974,
         "tracks" : [
            {
               "detectedID" : 1004,
               "detectedTime" : 865.39999999999998,
               "entityID" : 12974,
               "height" : 5007.8467140000002,
               "lla" : [ 121.5680782, -27.791866630000001, -34473.075570000001 ],
               "radarID" : 12974,
               "targetType" : 3,
               "trueID" : 799,
               "velocity" : [ 260.1028675, 148.4080601, 17.931704669999998 ]
            }
         ]
      }
   ],
   "terminator" : 0
}
