{
   "data" : [
      {
         "radarID" : 12938,
         "tracks" : [
            {
               "detectedID" : 1005,
               "detectedTime" : 865.5,
               "entityID" : 12938,
               "height" : 5488.8382369999999,
               "lla" : [ 121.77330790000001, -27.930435880000001, -78531.089940000005 ],
               "radarID" : 12938,
               "targetType" : 3,
               "trueID" : 805,
               "velocity" : [ 265.4674177, 129.9068943, 51.490280120000001 ]
            }
         ]
      },
      {
         "radarID" : 12974,
         "tracks" : [
            {
               "detectedID" : 1005,
               "detectedTime" : 865.5,
               "entityID" : 12974,
               "height" : 5489.435673,
               "lla" : [ 121.7732913, -27.9304247, -78529.279120000007 ],
               "radarID" : 12974,
               "targetType" : 3,
               "trueID" : 805,
               "velocity" : [ 265.4674177, 129.9068943, 51.490280120000001 ]
            }
         ]
      }
   ],
   "terminator" : 0
}
