{
   "data" : [
      {
         "radarID" : 12981,
         "tracks" : [
            {
               "detectedID" : 1001,
               "detectedTime" : 865.70000000000005,
               "entityID" : 12981,
               "height" : 44.446162530000002,
               "lla" : [ 121.65045809999999, -27.848973409999999, -107143.71739999999 ],
               "radarID" : 12981,
               "targetType" : 3,
               "trueID" : 817,
               "velocity" : [ 266.81613979999997, 104.4591442, 88.867512140000002 ]
            }
         ]
      }
   ],
   "terminator" : 0
}
