{
   "data" : [
      {
         "radarID" : 12931,
         "tracks" : [
            {
               "detectedID" : 1001,
               "detectedTime" : 865.95000000000005,
               "entityID" : 12931,
               "height" : 5590.6590960000003,
               "lla" : [ 121.6528969, -27.85047359, -101959.1778 ],
               "radarID" : 12931,
               "targetType" : 3,
               "trueID" : 817,
               "velocity" : [ 266.8177422, 104.4565348, 88.865768250000002 ]
            }
         ]
      },
      {
         "radarID" : 12938,
         "tracks" : [
            {
               "detectedID" : 1001,
               "detectedTime" : 865.95000000000005,
               "entityID" : 12938,
               "height" : 5590.98405,
               "lla" : [ 121.6528807, -27.850462719999999, -101958.4215 ],
               "radarID" : 12938,
               "targetType" : 3,
               "trueID" : 817,
               "velocity" : [ 266.8177422, 104.4565348, 88.865768250000002 ]
            }
         ]
      }
   ],
   "terminator" : 0
}
