{
   "data" : [
      {
         "radarID" : 13065,
         "tracks" : [
            {
               "detectedID" : 1001,
               "detectedTime" : 870.29999999999995,
               "entityID" : 13065,
               "height" : 5589.8939799999998,
               "lla" : [ 121.6402355, -27.842007989999999, -102697.8879 ],
               "radarID" : 13065,
               "targetType" : 3,
               "trueID" : 817,
               "velocity" : [ 266.84561789999998, 104.4111291, 88.835422629999997 ]
            }
         ]
      }
   ],
   "terminator" : 0
}
