{
   "data" : [
      {
         "radarID" : 13086,
         "tracks" : [
            {
               "detectedID" : 1006,
               "detectedTime" : 870.95000000000005,
               "entityID" : 13086,
               "height" : 5807.3391510000001,
               "lla" : [ 122.0612217, -28.122273679999999, -82810.33425 ],
               "radarID" : 13086,
               "targetType" : 3,
               "trueID" : 811,
               "velocity" : [ 266.21763709999999, 109.77120530000001, 84.133537810000007 ]
            }
         ]
      },
      {
         "radarID" : 13135,
         "tracks" : [
            {
               "detectedID" : 1006,
               "detectedTime" : 870.95000000000005,
               "entityID" : 13135,
               "height" : 4561.1792109999997,
               "lla" : [ 122.061379, -28.122410240000001, -84055.384309999994 ],
               "radarID" : 13135,
               "targetType" : 3,
               "trueID" : 811,
               "velocity" : [ 266.21763709999999, 109.77120530000001, 84.133537810000007 ]
            }
         ]
      },
      {
         "radarID" : 13142,
         "tracks" : [
            {
               "detectedID" : 1006,
               "detectedTime" : 870.95000000000005,
               "entityID" : 13142,
               "height" : 5813.3127960000002,
               "lla" : [ 122.06127189999999, -28.122307039999999, -82810.427110000004 ],
               "radarID" : 13142,
               "targetType" : 3,
               "trueID" : 811,
               "velocity" : [ 266.21763709999999, 109.77120530000001, 84.133537810000007 ]
            }
         ]
      }
   ],
   "terminator" : 0
}
