{
   "data" : [
      {
         "radarID" : 13023,
         "tracks" : [
            {
               "detectedID" : 1004,
               "detectedTime" : 182.90000000000001,
               "entityID" : 13023,
               "height" : 4873.4290540000002,
               "lla" : [ 122.7251258, -28.55556215, 71710.306760000007 ],
               "radarID" : 13023,
               "targetType" : 3,
               "trueID" : 799,
               "velocity" : [ 114.9318674, -87.785724759999994, 262.83898570000002 ]
            }
         ]
      }
   ],
   "terminator" : 0
}
