{
   "data" : [
      {
         "radarID" : 13114,
         "tracks" : [
            {
               "detectedID" : 1001,
               "detectedTime" : 872.04999999999995,
               "entityID" : 13114,
               "height" : 2196.8889429999999,
               "lla" : [ 121.636324, -27.83947925, -106295.4618 ],
               "radarID" : 13114,
               "targetType" : 3,
               "trueID" : 817,
               "velocity" : [ 266.85682910000003, 104.39286130000001, 88.823213559999999 ]
            }
         ]
      }
   ],
   "terminator" : 0
}
