{
   "data" : [
      {
         "radarID" : 13114,
         "tracks" : [
            {
               "detectedID" : 1004,
               "detectedTime" : 873.29999999999995,
               "entityID" : 13114,
               "height" : 2454.1595510000002,
               "lla" : [ 121.54471719999999, -27.776268229999999, -37972.047809999996 ],
               "radarID" : 13114,
               "targetType" : 3,
               "trueID" : 799,
               "velocity" : [ 260.15407929999998, 148.32467260000001, 17.878660369999999 ]
            }
         ]
      }
   ],
   "terminator" : 0
}
