{
   "data" : [
      {
         "radarID" : 12981,
         "tracks" : [
            {
               "detectedID" : 1006,
               "detectedTime" : 873.64999999999998,
               "entityID" : 12981,
               "height" : 118.49071929999999,
               "lla" : [ 122.056747, -28.119452160000002, -88556.432220000002 ],
               "radarID" : 12981,
               "targetType" : 3,
               "trueID" : 811,
               "velocity" : [ 266.23515040000001, 109.74313549999999, 84.114736590000007 ]
            }
         ]
      },
      {
         "radarID" : 13072,
         "tracks" : [
            {
               "detectedID" : 1002,
               "detectedTime" : 873.64999999999998,
               "entityID" : 13072,
               "height" : 5004.39174,
               "lla" : [ 121.81338340000001, -27.956103169999999, -35539.224560000002 ],
               "radarID" : 13072,
               "targetType" : 3,
               "trueID" : 793,
               "velocity" : [ 251.7778385, 58.287235440000003, 152.349986 ]
            }
         ]
      }
   ],
   "terminator" : 0
}
