{
   "data" : [
      {
         "radarID" : 12910,
         "tracks" : [
            {
               "detectedID" : 1006,
               "detectedTime" : 874.5,
               "entityID" : 12910,
               "height" : 3008.994291,
               "lla" : [ 122.0511465, -28.115670779999999, -86091.672019999998 ],
               "radarID" : 12910,
               "targetType" : 3,
               "trueID" : 811,
               "velocity" : [ 266.24066299999998, 109.73429830000001, 84.108817400000007 ]
            }
         ]
      },
      {
         "radarID" : 12995,
         "tracks" : [
            {
               "detectedID" : 1002,
               "detectedTime" : 874.5,
               "entityID" : 12995,
               "height" : 5213.9253609999996,
               "lla" : [ 121.8112588, -27.95468387, -35497.349249999999 ],
               "radarID" : 12995,
               "targetType" : 3,
               "trueID" : 793,
               "velocity" : [ 251.78338840000001, 58.27828762, 152.3442369 ]
            }
         ]
      },
      {
         "radarID" : 13072,
         "tracks" : [
            {
               "detectedID" : 1003,
               "detectedTime" : 874.5,
               "entityID" : 13072,
               "height" : 977.66875049999999,
               "lla" : [ 121.2329089, -27.56697874, -73468.930840000001 ],
               "radarID" : 13072,
               "targetType" : 3,
               "trueID" : 781,
               "velocity" : [ 246.23974989999999, 42.502026139999998, 166.01073260000001 ]
            }
         ]
      }
   ],
   "terminator" : 0
}
