{
   "data" : [
      {
         "radarID" : 12931,
         "tracks" : [
            {
               "detectedID" : 1001,
               "detectedTime" : 876.0,
               "entityID" : 12931,
               "height" : 5585.908786,
               "lla" : [ 121.6236562, -27.830919099999999, -103665.4678 ],
               "radarID" : 12931,
               "targetType" : 3,
               "trueID" : 817,
               "velocity" : [ 266.88212779999998, 104.3516255, 88.795653740000006 ]
            }
         ]
      },
      {
         "radarID" : 12938,
         "tracks" : [
            {
               "detectedID" : 1001,
               "detectedTime" : 876.0,
               "entityID" : 12938,
               "height" : 5585.2315950000002,
               "lla" : [ 121.6237, -27.830948500000002, -103667.5208 ],
               "radarID" : 12938,
               "targetType" : 3,
               "trueID" : 817,
               "velocity" : [ 266.88212779999998, 104.3516255, 88.795653740000006 ]
            }
         ]
      },
      {
         "radarID" : 12974,
         "tracks" : [
            {
               "detectedID" : 1001,
               "detectedTime" : 876.0,
               "entityID" : 12974,
               "height" : 5586.3193700000002,
               "lla" : [ 121.6236376, -27.830906599999999, -103664.65119999999 ],
               "radarID" : 12974,
               "targetType" : 3,
               "trueID" : 817,
               "velocity" : [ 266.88212779999998, 104.3516255, 88.795653740000006 ]
            }
         ]
      }
   ],
   "terminator" : 0
}
