{
   "data" : [
      {
         "radarID" : 13037,
         "tracks" : [
            {
               "detectedID" : 1004,
               "detectedTime" : 880.0,
               "entityID" : 13037,
               "height" : 128.75580350000001,
               "lla" : [ 121.523509, -27.76210566, -41373.731829999997 ],
               "radarID" : 13037,
               "targetType" : 3,
               "trueID" : 799,
               "velocity" : [ 260.1974841, 148.25393560000001, 17.83367148 ]
            }
         ]
      }
   ],
   "terminator" : 0
}
