{
   "data" : [
      {
         "radarID" : 13058,
         "tracks" : [
            {
               "detectedID" : 1002,
               "detectedTime" : 881.85000000000002,
               "entityID" : 13058,
               "height" : 5003.7086879999997,
               "lla" : [ 121.792889, -27.942459459999998, -37107.928509999998 ],
               "radarID" : 13058,
               "targetType" : 3,
               "trueID" : 793,
               "velocity" : [ 251.83136200000001, 58.200911470000001, 152.29451409999999 ]
            }
         ]
      }
   ],
   "terminator" : 0
}
