{
   "data" : [
      {
         "radarID" : 13058,
         "tracks" : [
            {
               "detectedID" : 1004,
               "detectedTime" : 183.69999999999999,
               "entityID" : 13058,
               "height" : 4869.2586959999999,
               "lla" : [ 122.7240046, -28.55483435, 71517.907869999995 ],
               "radarID" : 13058,
               "targetType" : 3,
               "trueID" : 799,
               "velocity" : [ 114.9373095, -87.794189810000006, 262.83377849999999 ]
            }
         ]
      }
   ],
   "terminator" : 0
}
