{
   "data" : [
      {
         "radarID" : 13002,
         "tracks" : [
            {
               "detectedID" : 1006,
               "detectedTime" : 883.54999999999995,
               "entityID" : 13002,
               "height" : 574.42118430000005,
               "lla" : [ 122.0261589, -28.09917686, -89917.674289999995 ],
               "radarID" : 13002,
               "targetType" : 3,
               "trueID" : 811,
               "velocity" : [ 266.29932910000002, 109.6401978, 84.045787129999994 ]
            }
         ]
      }
   ],
   "terminator" : 0
}
