{
   "data" : [
      {
         "radarID" : 12995,
         "tracks" : [
            {
               "detectedID" : 1001,
               "detectedTime" : 884.20000000000005,
               "entityID" : 12995,
               "height" : 5583.4661370000003,
               "lla" : [ 121.5997887, -27.81494799, -105055.152 ],
               "radarID" : 12995,
               "targetType" : 3,
               "trueID" : 817,
               "velocity" : [ 266.93461719999999, 104.2660107, 88.738431140000003 ]
            }
         ]
      },
      {
         "radarID" : 13002,
         "tracks" : [
            {
               "detectedID" : 1001,
               "detectedTime" : 884.20000000000005,
               "entityID" : 13002,
               "height" : 230.21725309999999,
               "lla" : [ 121.6012831, -27.81608069, -110096.2153 ],
               "radarID" : 13002,
               "targetType" : 3,
               "trueID" : 817,
               "velocity" : [ 266.93461719999999, 104.2660107, 88.738431140000003 ]
            }
         ]
      }
   ],
   "terminator" : 0
}
