{
   "data" : [
      {
         "radarID" : 12924,
         "tracks" : [
            {
               "detectedID" : 1006,
               "detectedTime" : 884.35000000000002,
               "entityID" : 12924,
               "height" : 5693.8269229999996,
               "lla" : [ 122.0220041, -28.096294409999999, -85177.758379999999 ],
               "radarID" : 12924,
               "targetType" : 3,
               "trueID" : 811,
               "velocity" : [ 266.3045128, 109.63187859999999, 84.040214660000004 ]
            }
         ]
      },
      {
         "radarID" : 13016,
         "tracks" : [
            {
               "detectedID" : 1005,
               "detectedTime" : 884.35000000000002,
               "entityID" : 13016,
               "height" : 292.32262480000003,
               "lla" : [ 121.71737640000001, -27.89324036, -86290.919309999997 ],
               "radarID" : 13016,
               "targetType" : 3,
               "trueID" : 805,
               "velocity" : [ 265.58896019999997, 129.7098388, 51.360120000000002 ]
            }
         ]
      }
   ],
   "terminator" : 0
}
