{
   "data" : [
      {
         "radarID" : 12903,
         "tracks" : [
            {
               "detectedID" : 1001,
               "detectedTime" : 884.79999999999995,
               "entityID" : 12903,
               "height" : 5589.2647239999997,
               "lla" : [ 121.598033, -27.813772620000002, -105150.4973 ],
               "radarID" : 12903,
               "targetType" : 3,
               "trueID" : 817,
               "velocity" : [ 266.93845629999998, 104.2597456, 88.734243599999999 ]
            }
         ]
      },
      {
         "radarID" : 12910,
         "tracks" : [
            {
               "detectedID" : 1005,
               "detectedTime" : 884.79999999999995,
               "entityID" : 12910,
               "height" : 3671.9901319999999,
               "lla" : [ 121.71499180000001, -27.891565190000001, -83186.888779999994 ],
               "radarID" : 12910,
               "targetType" : 3,
               "trueID" : 805,
               "velocity" : [ 265.59185919999999, 129.70513339999999, 51.357012230000002 ]
            }
         ]
      },
      {
         "radarID" : 12917,
         "tracks" : [
            {
               "detectedID" : 1001,
               "detectedTime" : 884.79999999999995,
               "entityID" : 12917,
               "height" : 2299.9609740000001,
               "lla" : [ 121.5981592, -27.813938799999999, -108307.6012 ],
               "radarID" : 12917,
               "targetType" : 3,
               "trueID" : 817,
               "velocity" : [ 266.93845629999998, 104.2597456, 88.734243599999999 ]
            }
         ]
      },
      {
         "radarID" : 12995,
         "tracks" : [
            {
               "detectedID" : 1004,
               "detectedTime" : 884.79999999999995,
               "entityID" : 12995,
               "height" : 5224.8495739999998,
               "lla" : [ 121.50880069999999, -27.752103940000001, -36774.126559999997 ],
               "radarID" : 12995,
               "targetType" : 3,
               "trueID" : 799,
               "velocity" : [ 260.22856419999999, 148.20324930000001, 17.80143953 ]
            }
         ]
      }
   ],
   "terminator" : 0
}
