{
   "data" : [
      {
         "radarID" : 13079,
         "tracks" : [
            {
               "detectedID" : 1003,
               "detectedTime" : 889.5,
               "entityID" : 13079,
               "height" : 977.82479450000005,
               "lla" : [ 121.1971597, -27.5428581, -76392.787249999994 ],
               "radarID" : 13079,
               "targetType" : 3,
               "trueID" : 781,
               "velocity" : [ 246.3359604, 42.343271659999999, 165.90853490000001 ]
            }
         ]
      }
   ],
   "terminator" : 0
}
