{
   "data" : [
      {
         "radarID" : 13114,
         "tracks" : [
            {
               "detectedID" : 1006,
               "detectedTime" : 892.14999999999998,
               "entityID" : 13114,
               "height" : 3163.6490319999998,
               "lla" : [ 122.00016789999999, -28.081881970000001, -88934.555359999998 ],
               "radarID" : 13114,
               "targetType" : 3,
               "trueID" : 811,
               "velocity" : [ 266.35503349999999, 109.5507581, 83.985876809999993 ]
            }
         ]
      }
   ],
   "terminator" : 0
}
