{
   "data" : [
      {
         "radarID" : 13065,
         "tracks" : [
            {
               "detectedID" : 1001,
               "detectedTime" : 192.19999999999999,
               "entityID" : 13065,
               "height" : 5914.1281589999999,
               "lla" : [ 123.6005866, -29.123126599999999, 13730.055539999999 ],
               "radarID" : 13065,
               "targetType" : 3,
               "trueID" : 817,
               "velocity" : [ 262.36632889999998, 111.4356988, 93.52002186 ]
            }
         ]
      }
   ],
   "terminator" : 0
}
