{
   "data" : [
      {
         "radarID" : 13093,
         "tracks" : [
            {
               "detectedID" : 1002,
               "detectedTime" : 893.10000000000002,
               "entityID" : 13093,
               "height" : 2606.27342,
               "lla" : [ 121.7655539, -27.92431212, -41591.500670000001 ],
               "radarID" : 13093,
               "targetType" : 3,
               "trueID" : 793,
               "velocity" : [ 251.90473249999999, 58.08246552, 152.21837260000001 ]
            }
         ]
      },
      {
         "radarID" : 13107,
         "tracks" : [
            {
               "detectedID" : 1002,
               "detectedTime" : 893.10000000000002,
               "entityID" : 13107,
               "height" : 5244.26109,
               "lla" : [ 121.7647403, -27.923703400000001, -39025.955909999997 ],
               "radarID" : 13107,
               "targetType" : 3,
               "trueID" : 793,
               "velocity" : [ 251.90473249999999, 58.08246552, 152.21837260000001 ]
            }
         ]
      }
   ],
   "terminator" : 0
}
