{
   "data" : [
      {
         "radarID" : 13072,
         "tracks" : [
            {
               "detectedID" : 1003,
               "detectedTime" : 904.70000000000005,
               "entityID" : 13072,
               "height" : 978.32721800000002,
               "lla" : [ 121.1609153, -27.51838309, -79356.100709999999 ],
               "radarID" : 13072,
               "targetType" : 3,
               "trueID" : 781,
               "velocity" : [ 246.43332820000001, 42.182379820000001, 165.80489009999999 ]
            }
         ]
      }
   ],
   "terminator" : 0
}
