{
   "data" : [
      {
         "radarID" : 12910,
         "tracks" : [
            {
               "detectedID" : 1001,
               "detectedTime" : 904.89999999999998,
               "entityID" : 12910,
               "height" : 2493.432554,
               "lla" : [ 121.5395917, -27.774704020000001, -111527.2291 ],
               "radarID" : 12910,
               "targetType" : 3,
               "trueID" : 817,
               "velocity" : [ 267.06694449999998, 104.04981720000001, 88.593920060000002 ]
            }
         ]
      },
      {
         "radarID" : 13002,
         "tracks" : [
            {
               "detectedID" : 1004,
               "detectedTime" : 904.89999999999998,
               "entityID" : 13002,
               "height" : 2530.9367630000002,
               "lla" : [ 121.44747409999999, -27.71098112, -42000.674209999997 ],
               "radarID" : 13002,
               "targetType" : 3,
               "trueID" : 799,
               "velocity" : [ 260.35856869999998, 147.99091859999999, 17.666458280000001 ]
            }
         ]
      }
   ],
   "terminator" : 0
}
