{
   "data" : [
      {
         "radarID" : 13058,
         "tracks" : [
            {
               "detectedID" : 1003,
               "detectedTime" : 909.0,
               "entityID" : 13058,
               "height" : 978.57171519999997,
               "lla" : [ 121.1506593, -27.511453759999998, -80193.98083 ],
               "radarID" : 13058,
               "targetType" : 3,
               "trueID" : 781,
               "velocity" : [ 246.46085009999999, 42.136860609999999, 165.77555409999999 ]
            }
         ]
      }
   ],
   "terminator" : 0
}
