{
   "data" : [
      {
         "radarID" : 13051,
         "tracks" : [
            {
               "detectedID" : 1005,
               "detectedTime" : 910.29999999999995,
               "entityID" : 13051,
               "height" : 687.55158129999995,
               "lla" : [ 121.6381597, -27.840291019999999, -90052.720740000004 ],
               "radarID" : 13051,
               "targetType" : 3,
               "trueID" : 805,
               "velocity" : [ 265.75594189999998, 129.43839500000001, 51.180867720000002 ]
            }
         ]
      },
      {
         "radarID" : 13058,
         "tracks" : [
            {
               "detectedID" : 1005,
               "detectedTime" : 910.29999999999995,
               "entityID" : 13058,
               "height" : 5471.8004289999999,
               "lla" : [ 121.637748, -27.83989188, -85255.472179999997 ],
               "radarID" : 13058,
               "targetType" : 3,
               "trueID" : 805,
               "velocity" : [ 265.75594189999998, 129.43839500000001, 51.180867720000002 ]
            }
         ]
      },
      {
         "radarID" : 13079,
         "tracks" : [
            {
               "detectedID" : 1001,
               "detectedTime" : 910.29999999999995,
               "entityID" : 13079,
               "height" : 5570.9800839999998,
               "lla" : [ 121.52382369999999, -27.764056700000001, -109484.6936 ],
               "radarID" : 13079,
               "targetType" : 3,
               "trueID" : 817,
               "velocity" : [ 267.1014232, 103.9934028, 88.556207659999998 ]
            }
         ]
      },
      {
         "radarID" : 13086,
         "tracks" : [
            {
               "detectedID" : 1001,
               "detectedTime" : 910.29999999999995,
               "entityID" : 13086,
               "height" : 5569.8997570000001,
               "lla" : [ 121.5238037, -27.764043220000001, -109483.50719999999 ],
               "radarID" : 13086,
               "targetType" : 3,
               "trueID" : 817,
               "velocity" : [ 267.1014232, 103.9934028, 88.556207659999998 ]
            }
         ]
      }
   ],
   "terminator" : 0
}
