{
   "data" : [
      {
         "radarID" : 13023,
         "tracks" : [
            {
               "detectedID" : 1002,
               "detectedTime" : 911.29999999999995,
               "entityID" : 13023,
               "height" : 5006.5992370000004,
               "lla" : [ 121.71933610000001, -27.893439669999999, -42746.230889999999 ],
               "radarID" : 13023,
               "targetType" : 3,
               "trueID" : 793,
               "velocity" : [ 252.02328009999999, 57.890812889999999, 152.09510209999999 ]
            }
         ]
      }
   ],
   "terminator" : 0
}
