{
   "data" : [
      {
         "radarID" : 13107,
         "tracks" : [
            {
               "detectedID" : 1005,
               "detectedTime" : 912.39999999999998,
               "entityID" : 13107,
               "height" : 5274.9511810000004,
               "lla" : [ 121.6313883, -27.835642, -85764.030209999997 ],
               "radarID" : 13107,
               "targetType" : 3,
               "trueID" : 805,
               "velocity" : [ 265.7694376, 129.41642010000001, 51.1663584 ]
            }
         ]
      }
   ],
   "terminator" : 0
}
