{
   "data" : [
      {
         "radarID" : 13093,
         "tracks" : [
            {
               "detectedID" : 1002,
               "detectedTime" : 913.10000000000002,
               "entityID" : 13093,
               "height" : 2440.9749619999998,
               "lla" : [ 121.7155389, -27.890971270000001, -45581.976439999999 ],
               "radarID" : 13093,
               "targetType" : 3,
               "trueID" : 793,
               "velocity" : [ 252.03499450000001, 57.87185599, 152.08290450000001 ]
            }
         ]
      },
      {
         "radarID" : 13107,
         "tracks" : [
            {
               "detectedID" : 1002,
               "detectedTime" : 913.10000000000002,
               "entityID" : 13107,
               "height" : 4815.1482489999999,
               "lla" : [ 121.7147035, -27.890353999999999, -43281.94657 ],
               "radarID" : 13107,
               "targetType" : 3,
               "trueID" : 793,
               "velocity" : [ 252.03499450000001, 57.87185599, 152.08290450000001 ]
            }
         ]
      }
   ],
   "terminator" : 0
}
