{
   "data" : [
      {
         "radarID" : 13107,
         "tracks" : [
            {
               "detectedID" : 1004,
               "detectedTime" : 913.39999999999998,
               "entityID" : 13107,
               "height" : 4961.819743,
               "lla" : [ 121.4214765, -27.693442950000001, -40736.916089999999 ],
               "radarID" : 13107,
               "targetType" : 3,
               "trueID" : 799,
               "velocity" : [ 260.41347589999998, 147.90108720000001, 17.609371849999999 ]
            }
         ]
      }
   ],
   "terminator" : 0
}
