{
   "data" : [
      {
         "radarID" : 13093,
         "tracks" : [
            {
               "detectedID" : 1004,
               "detectedTime" : 913.45000000000005,
               "entityID" : 13093,
               "height" : 2110.8621819999998,
               "lla" : [ 121.4221568, -27.693971040000001, -43505.430939999998 ],
               "radarID" : 13093,
               "targetType" : 3,
               "trueID" : 799,
               "velocity" : [ 260.41379869999997, 147.9005587, 17.609036029999999 ]
            }
         ]
      }
   ],
   "terminator" : 0
}
