{
   "data" : [
      {
         "radarID" : 12903,
         "tracks" : [
            {
               "detectedID" : 1006,
               "detectedTime" : 914.5,
               "entityID" : 12903,
               "height" : 5787.6670009999998,
               "lla" : [ 121.9336643, -28.03767775, -90135.228459999998 ],
               "radarID" : 12903,
               "targetType" : 3,
               "trueID" : 811,
               "velocity" : [ 266.49959680000001, 109.3182358, 83.830115210000002 ]
            }
         ]
      },
      {
         "radarID" : 12917,
         "tracks" : [
            {
               "detectedID" : 1006,
               "detectedTime" : 914.5,
               "entityID" : 12917,
               "height" : 2568.7326859999998,
               "lla" : [ 121.9340239, -28.03799673, -93214.67899 ],
               "radarID" : 12917,
               "targetType" : 3,
               "trueID" : 811,
               "velocity" : [ 266.49959680000001, 109.3182358, 83.830115210000002 ]
            }
         ]
      },
      {
         "radarID" : 13009,
         "tracks" : [
            {
               "detectedID" : 1001,
               "detectedTime" : 914.5,
               "entityID" : 13009,
               "height" : 34.039642790000002,
               "lla" : [ 121.51399619999999, -27.757597189999998, -115119.0477 ],
               "radarID" : 13009,
               "targetType" : 3,
               "trueID" : 817,
               "velocity" : [ 267.12822799999998, 103.9495204, 88.526871830000005 ]
            },
            {
               "detectedID" : 1005,
               "detectedTime" : 914.5,
               "entityID" : 13009,
               "height" : 264.6633319,
               "lla" : [ 121.62588890000001, -27.83208531, -90825.658349999998 ],
               "radarID" : 13009,
               "targetType" : 3,
               "trueID" : 805,
               "velocity" : [ 265.78293079999997, 129.3944438, 51.151848579999999 ]
            }
         ]
      }
   ],
   "terminator" : 0
}
