{
   "data" : [
      {
         "radarID" : 12903,
         "tracks" : [
            {
               "detectedID" : 1005,
               "detectedTime" : 914.79999999999995,
               "entityID" : 12903,
               "height" : 5481.7169860000004,
               "lla" : [ 121.624104, -27.830762490000001, -85916.531870000006 ],
               "radarID" : 12903,
               "targetType" : 3,
               "trueID" : 805,
               "velocity" : [ 265.78485810000001, 129.3913043, 51.14977571 ]
            }
         ]
      },
      {
         "radarID" : 12917,
         "tracks" : [
            {
               "detectedID" : 1005,
               "detectedTime" : 914.79999999999995,
               "entityID" : 12917,
               "height" : 3274.932597,
               "lla" : [ 121.6242223, -27.830896559999999, -88049.197610000003 ],
               "radarID" : 12917,
               "targetType" : 3,
               "trueID" : 805,
               "velocity" : [ 265.78485810000001, 129.3913043, 51.14977571 ]
            }
         ]
      },
      {
         "radarID" : 13072,
         "tracks" : [
            {
               "detectedID" : 1003,
               "detectedTime" : 914.79999999999995,
               "entityID" : 13072,
               "height" : 978.71360860000004,
               "lla" : [ 121.13682420000001, -27.502103600000002, -81323.425919999994 ],
               "radarID" : 13072,
               "targetType" : 3,
               "trueID" : 781,
               "velocity" : [ 246.49795660000001, 42.075459989999999, 165.7359739 ]
            }
         ]
      }
   ],
   "terminator" : 0
}
