{
   "data" : [
      {
         "radarID" : 12931,
         "tracks" : [
            {
               "detectedID" : 1006,
               "detectedTime" : 915.5,
               "entityID" : 12931,
               "height" : 5785.5184060000001,
               "lla" : [ 121.9307392, -28.035734569999999, -90291.019579999993 ],
               "radarID" : 12931,
               "targetType" : 3,
               "trueID" : 811,
               "velocity" : [ 266.50605810000002, 109.30782929999999, 83.82314384 ]
            }
         ]
      }
   ],
   "terminator" : 0
}
