{
   "data" : [
      {
         "radarID" : 13093,
         "tracks" : [
            {
               "detectedID" : 1002,
               "detectedTime" : 923.10000000000002,
               "entityID" : 13093,
               "height" : 2360.6152189999998,
               "lla" : [ 121.69056999999999, -27.874311949999999, -47570.384339999997 ],
               "radarID" : 13093,
               "targetType" : 3,
               "trueID" : 793,
               "velocity" : [ 252.10004169999999, 57.766532570000003, 152.0151199 ]
            }
         ]
      }
   ],
   "terminator" : 0
}
