{
   "data" : [
      {
         "radarID" : 13009,
         "tracks" : [
            {
               "detectedID" : 1006,
               "detectedTime" : 923.29999999999995,
               "entityID" : 13009,
               "height" : 205.1458044,
               "lla" : [ 121.9110544, -28.02279699, -96864.967550000001 ],
               "radarID" : 13009,
               "targetType" : 3,
               "trueID" : 811,
               "velocity" : [ 266.5564359, 109.22665050000001, 83.768760749999998 ]
            }
         ]
      },
      {
         "radarID" : 13016,
         "tracks" : [
            {
               "detectedID" : 1006,
               "detectedTime" : 923.29999999999995,
               "entityID" : 13016,
               "height" : 187.57282319999999,
               "lla" : [ 121.9111841, -28.022883570000001, -96873.703450000001 ],
               "radarID" : 13016,
               "targetType" : 3,
               "trueID" : 811,
               "velocity" : [ 266.5564359, 109.22665050000001, 83.768760749999998 ]
            }
         ]
      }
   ],
   "terminator" : 0
}
