{
   "data" : [
      {
         "radarID" : 13002,
         "tracks" : [
            {
               "detectedID" : 1006,
               "detectedTime" : 923.64999999999998,
               "entityID" : 13002,
               "height" : 434.89940489999998,
               "lla" : [ 121.9088088, -28.021298229999999, -96743.964569999996 ],
               "radarID" : 13002,
               "targetType" : 3,
               "trueID" : 811,
               "velocity" : [ 266.55869560000002, 109.22300749999999, 83.766320219999997 ]
            }
         ]
      }
   ],
   "terminator" : 0
}
