{
   "data" : [
      {
         "radarID" : 13023,
         "tracks" : [
            {
               "detectedID" : 1004,
               "detectedTime" : 202.84999999999999,
               "entityID" : 13023,
               "height" : 4875.1280340000003,
               "lla" : [ 122.7144627, -28.548682110000001, 68174.491689999995 ],
               "radarID" : 13023,
               "targetType" : 3,
               "trueID" : 799,
               "velocity" : [ 115.0675324, -87.996783969999996, 262.70901959999998 ]
            }
         ]
      }
   ],
   "terminator" : 0
}
