{
   "data" : [
      {
         "radarID" : 13009,
         "tracks" : [
            {
               "detectedID" : 1005,
               "detectedTime" : 203.09999999999999,
               "entityID" : 13009,
               "height" : 4753.7304359999998,
               "lla" : [ 123.7704988, -29.23142889, 21639.784500000002 ],
               "radarID" : 13009,
               "targetType" : 3,
               "trueID" : 805,
               "velocity" : [ 261.06486860000001, 136.76592450000001, 56.037632870000003 ]
            }
         ]
      },
      {
         "radarID" : 13016,
         "tracks" : [
            {
               "detectedID" : 1005,
               "detectedTime" : 203.09999999999999,
               "entityID" : 13016,
               "height" : 4668.0636290000002,
               "lla" : [ 123.7705603, -29.231470170000001, 21559.247240000001 ],
               "radarID" : 13016,
               "targetType" : 3,
               "trueID" : 805,
               "velocity" : [ 261.06486860000001, 136.76592450000001, 56.037632870000003 ]
            }
         ]
      },
      {
         "radarID" : 13030,
         "tracks" : [
            {
               "detectedID" : 1003,
               "detectedTime" : 203.09999999999999,
               "entityID" : 13030,
               "height" : 1299.902294,
               "lla" : [ 122.7163276, -28.550229550000001, 54980.79178 ],
               "radarID" : 13030,
               "targetType" : 3,
               "trueID" : 781,
               "velocity" : [ -10.57517387, -180.16359499999999, 239.6439957 ]
            }
         ]
      },
      {
         "radarID" : 13037,
         "tracks" : [
            {
               "detectedID" : 1003,
               "detectedTime" : 203.09999999999999,
               "entityID" : 13037,
               "height" : 1288.9716020000001,
               "lla" : [ 122.7163498, -28.550244330000002, 54970.636480000001 ],
               "radarID" : 13037,
               "targetType" : 3,
               "trueID" : 781,
               "velocity" : [ -10.57517387, -180.16359499999999, 239.6439957 ]
            }
         ]
      }
   ],
   "terminator" : 0
}
