{
   "data" : [
      {
         "radarID" : 13030,
         "tracks" : [
            {
               "detectedID" : 1006,
               "detectedTime" : 930.29999999999995,
               "entityID" : 13030,
               "height" : 2423.8472449999999,
               "lla" : [ 121.88762060000001, -28.007166359999999, -96132.524399999995 ],
               "radarID" : 13030,
               "targetType" : 3,
               "trueID" : 811,
               "velocity" : [ 266.60161629999999, 109.1537853, 83.719945789999997 ]
            }
         ]
      },
      {
         "radarID" : 13037,
         "tracks" : [
            {
               "detectedID" : 1002,
               "detectedTime" : 930.29999999999995,
               "entityID" : 13037,
               "height" : 398.24302820000003,
               "lla" : [ 121.67206299999999, -27.862008429999999, -51037.645389999998 ],
               "radarID" : 13037,
               "targetType" : 3,
               "trueID" : 793,
               "velocity" : [ 252.14684120000001, 57.69069202, 151.9662941 ]
            },
            {
               "detectedID" : 1006,
               "detectedTime" : 930.29999999999995,
               "entityID" : 13037,
               "height" : 2383.9944180000002,
               "lla" : [ 121.8876746, -28.007203430000001, -96174.263760000002 ],
               "radarID" : 13037,
               "targetType" : 3,
               "trueID" : 811,
               "velocity" : [ 266.60161629999999, 109.1537853, 83.719945789999997 ]
            }
         ]
      },
      {
         "radarID" : 13044,
         "tracks" : [
            {
               "detectedID" : 1006,
               "detectedTime" : 930.29999999999995,
               "entityID" : 13044,
               "height" : 2458.5832789999999,
               "lla" : [ 121.8877358, -28.00724233, -96103.078160000005 ],
               "radarID" : 13044,
               "targetType" : 3,
               "trueID" : 811,
               "velocity" : [ 266.60161629999999, 109.1537853, 83.719945789999997 ]
            }
         ]
      }
   ],
   "terminator" : 0
}
