{
   "data" : [
      {
         "radarID" : 13079,
         "tracks" : [
            {
               "detectedID" : 1005,
               "detectedTime" : 930.54999999999995,
               "entityID" : 13079,
               "height" : 5463.7655699999996,
               "lla" : [ 121.57644740000001, -27.79885385, -88289.733399999997 ],
               "radarID" : 13079,
               "targetType" : 3,
               "trueID" : 805,
               "velocity" : [ 265.88597129999999, 129.2264414, 51.04093555 ]
            }
         ]
      },
      {
         "radarID" : 13086,
         "tracks" : [
            {
               "detectedID" : 1005,
               "detectedTime" : 930.54999999999995,
               "entityID" : 13086,
               "height" : 5464.7214709999998,
               "lla" : [ 121.57647129999999, -27.798869929999999, -88290.546830000007 ],
               "radarID" : 13086,
               "targetType" : 3,
               "trueID" : 805,
               "velocity" : [ 265.88597129999999, 129.2264414, 51.04093555 ]
            }
         ]
      },
      {
         "radarID" : 13135,
         "tracks" : [
            {
               "detectedID" : 1001,
               "detectedTime" : 930.54999999999995,
               "entityID" : 13135,
               "height" : 3952.3051489999998,
               "lla" : [ 121.4648943, -27.72455772, -114520.16740000001 ],
               "radarID" : 13135,
               "targetType" : 3,
               "trueID" : 817,
               "velocity" : [ 267.23056480000002, 103.7817896, 88.414735129999997 ]
            }
         ]
      },
      {
         "radarID" : 13142,
         "tracks" : [
            {
               "detectedID" : 1001,
               "detectedTime" : 930.54999999999995,
               "entityID" : 13142,
               "height" : 5571.1039840000003,
               "lla" : [ 121.4651715, -27.724703160000001, -112926.84510000001 ],
               "radarID" : 13142,
               "targetType" : 3,
               "trueID" : 817,
               "velocity" : [ 267.23056480000002, 103.7817896, 88.414735129999997 ]
            }
         ]
      }
   ],
   "terminator" : 0
}
