{
   "data" : [
      {
         "radarID" : 13065,
         "tracks" : [
            {
               "detectedID" : 1002,
               "detectedTime" : 932.10000000000002,
               "entityID" : 13065,
               "height" : 5003.6402600000001,
               "lla" : [ 121.6671237, -27.85859108, -46730.15107 ],
               "radarID" : 13065,
               "targetType" : 3,
               "trueID" : 793,
               "velocity" : [ 252.1585365, 57.671730879999998, 151.9540849 ]
            }
         ]
      },
      {
         "radarID" : 13079,
         "tracks" : [
            {
               "detectedID" : 1002,
               "detectedTime" : 932.10000000000002,
               "entityID" : 13079,
               "height" : 5003.5723840000001,
               "lla" : [ 121.667117, -27.85858661, -46730.479760000002 ],
               "radarID" : 13079,
               "targetType" : 3,
               "trueID" : 793,
               "velocity" : [ 252.1585365, 57.671730879999998, 151.9540849 ]
            }
         ]
      },
      {
         "radarID" : 13114,
         "tracks" : [
            {
               "detectedID" : 1006,
               "detectedTime" : 932.10000000000002,
               "entityID" : 13114,
               "height" : 2847.3927699999999,
               "lla" : [ 121.8833534, -28.004317189999998, -95922.415489999999 ],
               "radarID" : 13114,
               "targetType" : 3,
               "trueID" : 811,
               "velocity" : [ 266.61322949999999, 109.1350466, 83.707391900000005 ]
            }
         ]
      }
   ],
   "terminator" : 0
}
