{
   "data" : [
      {
         "radarID" : 12910,
         "tracks" : [
            {
               "detectedID" : 1005,
               "detectedTime" : 934.89999999999998,
               "entityID" : 12910,
               "height" : 3534.294586,
               "lla" : [ 121.56331470000001, -27.79010225, -90799.889110000004 ],
               "radarID" : 12910,
               "targetType" : 3,
               "trueID" : 805,
               "velocity" : [ 265.91387220000001, 129.1808954, 51.010869980000002 ]
            }
         ]
      }
   ],
   "terminator" : 0
}
