{
   "data" : [
      {
         "radarID" : 12931,
         "tracks" : [
            {
               "detectedID" : 1006,
               "detectedTime" : 203.55000000000001,
               "entityID" : 12931,
               "height" : 6112.3157330000004,
               "lla" : [ 124.0034383, -29.37923125, 30600.09705 ],
               "radarID" : 12931,
               "targetType" : 3,
               "trueID" : 811,
               "velocity" : [ 261.7578661, 116.6546723, 88.738418699999997 ]
            }
         ]
      },
      {
         "radarID" : 12938,
         "tracks" : [
            {
               "detectedID" : 1006,
               "detectedTime" : 203.55000000000001,
               "entityID" : 12938,
               "height" : 6113.3218939999997,
               "lla" : [ 124.0034615, -29.379245829999999, 30604.255649999999 ],
               "radarID" : 12938,
               "targetType" : 3,
               "trueID" : 811,
               "velocity" : [ 261.7578661, 116.6546723, 88.738418699999997 ]
            }
         ]
      }
   ],
   "terminator" : 0
}
