{
   "data" : [
      {
         "radarID" : 12931,
         "tracks" : [
            {
               "detectedID" : 1002,
               "detectedTime" : 935.45000000000005,
               "entityID" : 12931,
               "height" : 5010.126577,
               "lla" : [ 121.6587049, -27.852968000000001, -47369.103669999997 ],
               "radarID" : 12931,
               "targetType" : 3,
               "trueID" : 793,
               "velocity" : [ 252.18029799999999, 57.63644103, 151.93135939999999 ]
            }
         ]
      },
      {
         "radarID" : 12988,
         "tracks" : [
            {
               "detectedID" : 1004,
               "detectedTime" : 935.45000000000005,
               "entityID" : 12988,
               "height" : 5004.2504300000001,
               "lla" : [ 121.3541486, -27.648127800000001, -43550.682910000003 ],
               "radarID" : 12988,
               "targetType" : 3,
               "trueID" : 799,
               "velocity" : [ 260.5557182, 147.66794419999999, 17.461269640000001 ]
            }
         ]
      },
      {
         "radarID" : 13065,
         "tracks" : [
            {
               "detectedID" : 1004,
               "detectedTime" : 935.45000000000005,
               "entityID" : 13065,
               "height" : 5000.6906760000002,
               "lla" : [ 121.35413130000001, -27.648116099999999, -43548.76038 ],
               "radarID" : 13065,
               "targetType" : 3,
               "trueID" : 799,
               "velocity" : [ 260.5557182, 147.66794419999999, 17.461269640000001 ]
            }
         ]
      }
   ],
   "terminator" : 0
}
