{
   "data" : [
      {
         "radarID" : 12938,
         "tracks" : [
            {
               "detectedID" : 1001,
               "detectedTime" : 936.25,
               "entityID" : 12938,
               "height" : 5557.4341640000002,
               "lla" : [ 121.4482435, -27.71333417, -113882.38619999999 ],
               "radarID" : 12938,
               "targetType" : 3,
               "trueID" : 817,
               "velocity" : [ 267.2668721, 103.7222076, 88.374898720000004 ]
            }
         ]
      },
      {
         "radarID" : 12974,
         "tracks" : [
            {
               "detectedID" : 1001,
               "detectedTime" : 936.25,
               "entityID" : 12974,
               "height" : 5557.503944,
               "lla" : [ 121.448244, -27.713334469999999, -113882.3664 ],
               "radarID" : 12974,
               "targetType" : 3,
               "trueID" : 817,
               "velocity" : [ 267.2668721, 103.7222076, 88.374898720000004 ]
            }
         ]
      }
   ],
   "terminator" : 0
}
