{
   "data" : [
      {
         "radarID" : 13030,
         "tracks" : [
            {
               "detectedID" : 1006,
               "detectedTime" : 940.29999999999995,
               "entityID" : 13030,
               "height" : 2434.1234880000002,
               "lla" : [ 121.8583129, -27.98767247, -97795.63106 ],
               "radarID" : 13030,
               "targetType" : 3,
               "trueID" : 811,
               "velocity" : [ 266.66610969999999, 109.0496718, 83.650194350000007 ]
            }
         ]
      },
      {
         "radarID" : 13037,
         "tracks" : [
            {
               "detectedID" : 1006,
               "detectedTime" : 940.29999999999995,
               "entityID" : 13037,
               "height" : 2394.3508149999998,
               "lla" : [ 121.85829459999999, -27.987661299999999, -97836.186780000004 ],
               "radarID" : 13037,
               "targetType" : 3,
               "trueID" : 811,
               "velocity" : [ 266.66610969999999, 109.0496718, 83.650194350000007 ]
            }
         ]
      },
      {
         "radarID" : 13044,
         "tracks" : [
            {
               "detectedID" : 1002,
               "detectedTime" : 940.29999999999995,
               "entityID" : 13044,
               "height" : 442.82644349999998,
               "lla" : [ 121.64695810000001, -27.84523811, -52904.663480000003 ],
               "radarID" : 13044,
               "targetType" : 3,
               "trueID" : 793,
               "velocity" : [ 252.21179230000001, 57.585347280000001, 151.89845159999999 ]
            },
            {
               "detectedID" : 1006,
               "detectedTime" : 940.29999999999995,
               "entityID" : 13044,
               "height" : 2468.2679290000001,
               "lla" : [ 121.8583515, -27.987697359999999, -97763.222519999996 ],
               "radarID" : 13044,
               "targetType" : 3,
               "trueID" : 811,
               "velocity" : [ 266.66610969999999, 109.0496718, 83.650194350000007 ]
            }
         ]
      }
   ],
   "terminator" : 0
}
