{
   "data" : [
      {
         "radarID" : 12931,
         "tracks" : [
            {
               "detectedID" : 1005,
               "detectedTime" : 203.69999999999999,
               "entityID" : 12931,
               "height" : 5737.5333609999998,
               "lla" : [ 123.768433, -29.230089799999998, 22519.821899999999 ],
               "radarID" : 12931,
               "targetType" : 3,
               "trueID" : 805,
               "velocity" : [ 261.06897140000001, 136.75977030000001, 56.033537930000001 ]
            }
         ]
      },
      {
         "radarID" : 12938,
         "tracks" : [
            {
               "detectedID" : 1005,
               "detectedTime" : 203.69999999999999,
               "entityID" : 12938,
               "height" : 5731.966692,
               "lla" : [ 123.768171, -29.22992369, 22485.471460000001 ],
               "radarID" : 12938,
               "targetType" : 3,
               "trueID" : 805,
               "velocity" : [ 261.06897140000001, 136.75977030000001, 56.033537930000001 ]
            }
         ]
      }
   ],
   "terminator" : 0
}
