{
   "data" : [
      {
         "radarID" : 13009,
         "tracks" : [
            {
               "detectedID" : 1006,
               "detectedTime" : 943.29999999999995,
               "entityID" : 13009,
               "height" : 160.9218865,
               "lla" : [ 121.85274149999999, -27.984019799999999, -100224.0533 ],
               "radarID" : 13009,
               "targetType" : 3,
               "trueID" : 811,
               "velocity" : [ 266.6854462, 109.0184331, 83.6292653 ]
            }
         ]
      },
      {
         "radarID" : 13016,
         "tracks" : [
            {
               "detectedID" : 1006,
               "detectedTime" : 943.29999999999995,
               "entityID" : 13016,
               "height" : 145.4286007,
               "lla" : [ 121.8529126, -27.984134040000001, -100227.3199 ],
               "radarID" : 13016,
               "targetType" : 3,
               "trueID" : 811,
               "velocity" : [ 266.6854462, 109.0184331, 83.6292653 ]
            }
         ]
      }
   ],
   "terminator" : 0
}
