{
   "data" : [
      {
         "radarID" : 12903,
         "tracks" : [
            {
               "detectedID" : 1005,
               "detectedTime" : 944.85000000000002,
               "entityID" : 12903,
               "height" : 5465.0575200000003,
               "lla" : [ 121.53316460000001, -27.769842860000001, -90432.913490000006 ],
               "radarID" : 12903,
               "targetType" : 3,
               "trueID" : 805,
               "velocity" : [ 265.97764960000001, 129.07669519999999, 50.942091230000003 ]
            }
         ]
      },
      {
         "radarID" : 12917,
         "tracks" : [
            {
               "detectedID" : 1005,
               "detectedTime" : 944.85000000000002,
               "entityID" : 12917,
               "height" : 3194.4891440000001,
               "lla" : [ 121.5332995, -27.769989819999999, -92625.905570000003 ],
               "radarID" : 12917,
               "targetType" : 3,
               "trueID" : 805,
               "velocity" : [ 265.97764960000001, 129.07669519999999, 50.942091230000003 ]
            }
         ]
      },
      {
         "radarID" : 12988,
         "tracks" : [
            {
               "detectedID" : 1006,
               "detectedTime" : 944.85000000000002,
               "entityID" : 12988,
               "height" : 5770.8666020000001,
               "lla" : [ 121.8447395, -27.978553059999999, -95213.937330000001 ],
               "radarID" : 12988,
               "targetType" : 3,
               "trueID" : 811,
               "velocity" : [ 266.69543470000002, 109.00229229999999, 83.618451300000004 ]
            }
         ]
      }
   ],
   "terminator" : 0
}
