{
   "data" : [
      {
         "radarID" : 13030,
         "tracks" : [
            {
               "detectedID" : 1006,
               "detectedTime" : 211.84999999999999,
               "entityID" : 13030,
               "height" : 5380.10448,
               "lla" : [ 123.9796877, -29.364230880000001, 28458.996940000001 ],
               "radarID" : 13030,
               "targetType" : 3,
               "trueID" : 811,
               "velocity" : [ 261.81491979999998, 116.5697534, 88.681680069999999 ]
            }
         ]
      },
      {
         "radarID" : 13037,
         "tracks" : [
            {
               "detectedID" : 1006,
               "detectedTime" : 211.84999999999999,
               "entityID" : 13037,
               "height" : 5318.9044050000002,
               "lla" : [ 123.97995109999999, -29.364399160000001, 28410.366610000001 ],
               "radarID" : 13037,
               "targetType" : 3,
               "trueID" : 811,
               "velocity" : [ 261.81491979999998, 116.5697534, 88.681680069999999 ]
            }
         ]
      }
   ],
   "terminator" : 0
}
