{
   "data" : [
      {
         "radarID" : 13009,
         "tracks" : [
            {
               "detectedID" : 1004,
               "detectedTime" : 945.10000000000002,
               "entityID" : 13009,
               "height" : 1849.6585110000001,
               "lla" : [ 121.32459489999999, -27.628292269999999, -47869.705970000003 ],
               "radarID" : 13009,
               "targetType" : 3,
               "trueID" : 799,
               "velocity" : [ 260.61788159999998, 147.56586129999999, 17.396447940000002 ]
            }
         ]
      },
      {
         "radarID" : 13016,
         "tracks" : [
            {
               "detectedID" : 1004,
               "detectedTime" : 945.10000000000002,
               "entityID" : 13016,
               "height" : 1826.1808329999999,
               "lla" : [ 121.32453080000001, -27.628249440000001, -47888.70753 ],
               "radarID" : 13016,
               "targetType" : 3,
               "trueID" : 799,
               "velocity" : [ 260.61788159999998, 147.56586129999999, 17.396447940000002 ]
            }
         ]
      }
   ],
   "terminator" : 0
}
