{
   "data" : [
      {
         "radarID" : 13079,
         "tracks" : [
            {
               "detectedID" : 1003,
               "detectedTime" : 949.10000000000002,
               "entityID" : 13079,
               "height" : 979.4480499,
               "lla" : [ 121.0549444, -27.446706219999999, -88011.02347 ],
               "radarID" : 13079,
               "targetType" : 3,
               "trueID" : 781,
               "velocity" : [ 246.71702070000001, 41.712288149999999, 165.5016516 ]
            }
         ]
      },
      {
         "radarID" : 13086,
         "tracks" : [
            {
               "detectedID" : 1003,
               "detectedTime" : 949.10000000000002,
               "entityID" : 13086,
               "height" : 979.53363730000001,
               "lla" : [ 121.0549401, -27.44670331, -88011.53112 ],
               "radarID" : 13086,
               "targetType" : 3,
               "trueID" : 781,
               "velocity" : [ 246.71702070000001, 41.712288149999999, 165.5016516 ]
            }
         ]
      }
   ],
   "terminator" : 0
}
