{
   "data" : [
      {
         "radarID" : 13072,
         "tracks" : [
            {
               "detectedID" : 1006,
               "detectedTime" : 951.5,
               "entityID" : 13072,
               "height" : 5768.4689529999996,
               "lla" : [ 121.8252435, -27.965574109999999, -96328.519769999999 ],
               "radarID" : 13072,
               "targetType" : 3,
               "trueID" : 811,
               "velocity" : [ 266.73827240000003, 108.9330363, 83.572050700000005 ]
            }
         ]
      }
   ],
   "terminator" : 0
}
