{
   "data" : [
      {
         "radarID" : 13065,
         "tracks" : [
            {
               "detectedID" : 1002,
               "detectedTime" : 951.75,
               "entityID" : 13065,
               "height" : 5003.4267769999997,
               "lla" : [ 121.61788369999999, -27.825687760000001, -50492.69958 ],
               "radarID" : 13065,
               "targetType" : 3,
               "trueID" : 793,
               "velocity" : [ 252.28609280000001, 57.46471236, 151.82073059999999 ]
            }
         ]
      }
   ],
   "terminator" : 0
}
