{
   "data" : [
      {
         "radarID" : 13072,
         "tracks" : [
            {
               "detectedID" : 1003,
               "detectedTime" : 955.29999999999995,
               "entityID" : 13072,
               "height" : 979.53234550000002,
               "lla" : [ 121.0401325, -27.436673760000001, -89220.113450000004 ],
               "radarID" : 13072,
               "targetType" : 3,
               "trueID" : 781,
               "velocity" : [ 246.7565496, 41.646630790000003, 165.4592499 ]
            }
         ]
      }
   ],
   "terminator" : 0
}
