{
   "data" : [
      {
         "radarID" : 13135,
         "tracks" : [
            {
               "detectedID" : 1003,
               "detectedTime" : 13.050000000000001,
               "entityID" : 13135,
               "height" : 3076.1512819999998,
               "lla" : [ 122.5143284, -28.417372759999999, 76438.459860000003 ],
               "radarID" : 13135,
               "targetType" : 3,
               "trueID" : 781,
               "velocity" : [ -8.6767308449999998, -130.36393430000001, 176.2571135 ]
            }
         ]
      },
      {
         "radarID" : 13142,
         "tracks" : [
            {
               "detectedID" : 1003,
               "detectedTime" : 13.050000000000001,
               "entityID" : 13142,
               "height" : 4895.9323039999999,
               "lla" : [ 122.5141474, -28.417208630000001, 78271.329140000002 ],
               "radarID" : 13142,
               "targetType" : 3,
               "trueID" : 781,
               "velocity" : [ -8.6767308449999998, -130.36393430000001, 176.2571135 ]
            }
         ]
      }
   ],
   "terminator" : 0
}
