{
   "data" : [
      {
         "radarID" : 13009,
         "tracks" : [
            {
               "detectedID" : 1001,
               "detectedTime" : 955.54999999999995,
               "entityID" : 13009,
               "height" : 22.298056720000002,
               "lla" : [ 121.3886377, -27.673394800000001, -122194.2804 ],
               "radarID" : 13009,
               "targetType" : 3,
               "trueID" : 817,
               "velocity" : [ 267.3896651, 103.52041, 88.239966710000004 ]
            }
         ]
      }
   ],
   "terminator" : 0
}
