{
   "data" : [
      {
         "radarID" : 12910,
         "tracks" : [
            {
               "detectedID" : 1005,
               "detectedTime" : 964.95000000000005,
               "entityID" : 12910,
               "height" : 3467.3153590000002,
               "lla" : [ 121.4723193, -27.729060459999999, -95363.529429999995 ],
               "radarID" : 12910,
               "targetType" : 3,
               "trueID" : 805,
               "velocity" : [ 266.1063092, 128.8661146, 50.80311708 ]
            }
         ]
      },
      {
         "radarID" : 13016,
         "tracks" : [
            {
               "detectedID" : 1005,
               "detectedTime" : 964.95000000000005,
               "entityID" : 13016,
               "height" : 207.37633,
               "lla" : [ 121.4723173, -27.729137609999999, -98418.461479999998 ],
               "radarID" : 13016,
               "targetType" : 3,
               "trueID" : 805,
               "velocity" : [ 266.1063092, 128.8661146, 50.80311708 ]
            }
         ]
      }
   ],
   "terminator" : 0
}
