{
   "data" : [
      {
         "radarID" : 12981,
         "tracks" : [
            {
               "detectedID" : 1002,
               "detectedTime" : 965.20000000000005,
               "entityID" : 12981,
               "height" : 1071.3435830000001,
               "lla" : [ 121.5839612, -27.803094810000001, -56893.999759999999 ],
               "radarID" : 12981,
               "targetType" : 3,
               "trueID" : 793,
               "velocity" : [ 252.37327780000001, 57.322985189999997, 151.7293775 ]
            }
         ]
      },
      {
         "radarID" : 13016,
         "tracks" : [
            {
               "detectedID" : 1004,
               "detectedTime" : 965.20000000000005,
               "entityID" : 13016,
               "height" : 1832.853222,
               "lla" : [ 121.2630577, -27.5867857, -50476.115559999998 ],
               "radarID" : 13016,
               "targetType" : 3,
               "trueID" : 799,
               "velocity" : [ 260.7471898, 147.35313500000001, 17.261419060000001 ]
            }
         ]
      }
   ],
   "terminator" : 0
}
