{
   "data" : [
      {
         "radarID" : 12938,
         "tracks" : [
            {
               "detectedID" : 1005,
               "detectedTime" : 965.89999999999998,
               "entityID" : 12938,
               "height" : 5451.6693569999998,
               "lla" : [ 121.46945049999999, -27.72708445, -93580.951530000006 ],
               "radarID" : 12938,
               "targetType" : 3,
               "trueID" : 805,
               "velocity" : [ 266.11238429999997, 128.8561589, 50.796547519999997 ]
            }
         ]
      },
      {
         "radarID" : 12974,
         "tracks" : [
            {
               "detectedID" : 1005,
               "detectedTime" : 965.89999999999998,
               "entityID" : 12974,
               "height" : 5451.4673389999998,
               "lla" : [ 121.4694439, -27.727080000000001, -93580.655509999997 ],
               "radarID" : 12974,
               "targetType" : 3,
               "trueID" : 805,
               "velocity" : [ 266.11238429999997, 128.8561589, 50.796547519999997 ]
            }
         ]
      }
   ],
   "terminator" : 0
}
