{
   "data" : [
      {
         "radarID" : 13044,
         "tracks" : [
            {
               "detectedID" : 1005,
               "detectedTime" : 969.95000000000005,
               "entityID" : 13044,
               "height" : 1649.74101,
               "lla" : [ 121.4571067, -27.718890980000001, -97997.801949999994 ],
               "radarID" : 13044,
               "targetType" : 3,
               "trueID" : 805,
               "velocity" : [ 266.13827730000003, 128.81371350000001, 50.7685393 ]
            }
         ]
      }
   ],
   "terminator" : 0
}
