{
   "data" : [
      {
         "radarID" : 13051,
         "tracks" : [
            {
               "detectedID" : 1005,
               "detectedTime" : 970.0,
               "entityID" : 13051,
               "height" : 709.78292699999997,
               "lla" : [ 121.45703930000001, -27.718870209999999, -98954.735069999995 ],
               "radarID" : 13051,
               "targetType" : 3,
               "trueID" : 805,
               "velocity" : [ 266.13859689999998, 128.81318949999999, 50.768193510000003 ]
            }
         ]
      },
      {
         "radarID" : 13058,
         "tracks" : [
            {
               "detectedID" : 1005,
               "detectedTime" : 970.0,
               "entityID" : 13058,
               "height" : 5450.4958059999999,
               "lla" : [ 121.45700739999999, -27.718726490000002, -94193.457339999994 ],
               "radarID" : 13058,
               "targetType" : 3,
               "trueID" : 805,
               "velocity" : [ 266.13859689999998, 128.81318949999999, 50.768193510000003 ]
            }
         ]
      }
   ],
   "terminator" : 0
}
