{
   "data" : [
      {
         "radarID" : 13093,
         "tracks" : [
            {
               "detectedID" : 1005,
               "detectedTime" : 972.39999999999998,
               "entityID" : 13093,
               "height" : 1455.3004510000001,
               "lla" : [ 121.4511821, -27.714914090000001, -98424.047089999993 ],
               "radarID" : 13093,
               "targetType" : 3,
               "trueID" : 805,
               "velocity" : [ 266.15393619999998, 128.78803439999999, 50.751595160000001 ]
            }
         ]
      }
   ],
   "terminator" : 0
}
