{
   "data" : [
      {
         "radarID" : 13044,
         "tracks" : [
            {
               "detectedID" : 1004,
               "detectedTime" : 979.10000000000002,
               "entityID" : 13044,
               "height" : 215.91173570000001,
               "lla" : [ 121.2194076, -27.55735293, -54094.791080000003 ],
               "radarID" : 13044,
               "targetType" : 3,
               "trueID" : 799,
               "velocity" : [ 260.83647610000003, 147.20594890000001, 17.168031710000001 ]
            }
         ]
      }
   ],
   "terminator" : 0
}
