{
   "data" : [
      {
         "radarID" : 13030,
         "tracks" : [
            {
               "detectedID" : 1001,
               "detectedTime" : 979.79999999999995,
               "entityID" : 13030,
               "height" : 2664.3879609999999,
               "lla" : [ 121.3212626, -27.627990570000001, -124134.4504 ],
               "radarID" : 13030,
               "targetType" : 3,
               "trueID" : 817,
               "velocity" : [ 267.54363970000003, 103.2667362, 88.070324400000004 ]
            }
         ]
      },
      {
         "radarID" : 13037,
         "tracks" : [
            {
               "detectedID" : 1001,
               "detectedTime" : 979.79999999999995,
               "entityID" : 13037,
               "height" : 2631.7471679999999,
               "lla" : [ 121.32131889999999, -27.62802945, -124167.9972 ],
               "radarID" : 13037,
               "targetType" : 3,
               "trueID" : 817,
               "velocity" : [ 267.54363970000003, 103.2667362, 88.070324400000004 ]
            }
         ]
      }
   ],
   "terminator" : 0
}
