{
   "data" : [
      {
         "radarID" : 13079,
         "tracks" : [
            {
               "detectedID" : 1005,
               "detectedTime" : 980.25,
               "entityID" : 13079,
               "height" : 5446.0763880000004,
               "lla" : [ 121.42596399999999, -27.697864410000001, -95724.206999999995 ],
               "radarID" : 13079,
               "targetType" : 3,
               "trueID" : 805,
               "velocity" : [ 266.20408509999999, 128.70574500000001, 50.697300200000001 ]
            }
         ]
      },
      {
         "radarID" : 13086,
         "tracks" : [
            {
               "detectedID" : 1005,
               "detectedTime" : 980.25,
               "entityID" : 13086,
               "height" : 5446.3028960000001,
               "lla" : [ 121.4259675, -27.6978668, -95724.623720000003 ],
               "radarID" : 13086,
               "targetType" : 3,
               "trueID" : 805,
               "velocity" : [ 266.20408509999999, 128.70574500000001, 50.697300200000001 ]
            }
         ]
      }
   ],
   "terminator" : 0
}
