{
   "data" : [
      {
         "radarID" : 13023,
         "tracks" : [
            {
               "detectedID" : 1006,
               "detectedTime" : 980.70000000000005,
               "entityID" : 13023,
               "height" : 5762.7131129999998,
               "lla" : [ 121.7396876, -27.908547890000001, -101219.87639999999 ],
               "radarID" : 13023,
               "targetType" : 3,
               "trueID" : 811,
               "velocity" : [ 266.92606330000001, 108.62881, 83.368209730000004 ]
            }
         ]
      },
      {
         "radarID" : 13142,
         "tracks" : [
            {
               "detectedID" : 1006,
               "detectedTime" : 980.70000000000005,
               "entityID" : 13142,
               "height" : 5764.2972200000004,
               "lla" : [ 121.7397615, -27.9085973, -101220.7892 ],
               "radarID" : 13142,
               "targetType" : 3,
               "trueID" : 811,
               "velocity" : [ 266.92606330000001, 108.62881, 83.368209730000004 ]
            }
         ]
      }
   ],
   "terminator" : 0
}
