{
   "data" : [
      {
         "radarID" : 13023,
         "tracks" : [
            {
               "detectedID" : 1004,
               "detectedTime" : 980.95000000000005,
               "entityID" : 13023,
               "height" : 5000.4317359999995,
               "lla" : [ 121.2150642, -27.554295660000001, -49422.045270000002 ],
               "radarID" : 13023,
               "targetType" : 3,
               "trueID" : 799,
               "velocity" : [ 260.84835120000002, 147.18635470000001, 17.155601900000001 ]
            }
         ]
      },
      {
         "radarID" : 13121,
         "tracks" : [
            {
               "detectedID" : 1004,
               "detectedTime" : 980.95000000000005,
               "entityID" : 13121,
               "height" : 5004.9905250000002,
               "lla" : [ 121.21511820000001, -27.554332280000001, -49423.827669999999 ],
               "radarID" : 13121,
               "targetType" : 3,
               "trueID" : 799,
               "velocity" : [ 260.84835120000002, 147.18635470000001, 17.155601900000001 ]
            }
         ]
      },
      {
         "radarID" : 13128,
         "tracks" : [
            {
               "detectedID" : 1004,
               "detectedTime" : 980.95000000000005,
               "entityID" : 13128,
               "height" : 3283.5403470000001,
               "lla" : [ 121.21554980000001, -27.554667649999999, -51140.243159999998 ],
               "radarID" : 13128,
               "targetType" : 3,
               "trueID" : 799,
               "velocity" : [ 260.84835120000002, 147.18635470000001, 17.155601900000001 ]
            }
         ]
      },
      {
         "radarID" : 13142,
         "tracks" : [
            {
               "detectedID" : 1004,
               "detectedTime" : 980.95000000000005,
               "entityID" : 13142,
               "height" : 5002.3950320000004,
               "lla" : [ 121.2152062, -27.554391849999998, -49423.641009999999 ],
               "radarID" : 13142,
               "targetType" : 3,
               "trueID" : 799,
               "velocity" : [ 260.84835120000002, 147.18635470000001, 17.155601900000001 ]
            }
         ]
      }
   ],
   "terminator" : 0
}
