{
   "data" : [
      {
         "radarID" : 13044,
         "tracks" : [
            {
               "detectedID" : 1004,
               "detectedTime" : 989.04999999999995,
               "entityID" : 13044,
               "height" : 230.73167340000001,
               "lla" : [ 121.1889619, -27.536774390000001, -55356.020519999998 ],
               "radarID" : 13044,
               "targetType" : 3,
               "trueID" : 799,
               "velocity" : [ 260.90032150000002, 147.1005505, 17.101177910000001 ]
            }
         ]
      }
   ],
   "terminator" : 0
}
