{
   "data" : [
      {
         "radarID" : 13023,
         "tracks" : [
            {
               "detectedID" : 1001,
               "detectedTime" : 990.35000000000002,
               "entityID" : 13023,
               "height" : 5535.6085270000003,
               "lla" : [ 121.2904557, -27.607154789999999, -123030.242 ],
               "radarID" : 13023,
               "targetType" : 3,
               "trueID" : 817,
               "velocity" : [ 267.6105182, 103.15633339999999, 87.99648535 ]
            }
         ]
      },
      {
         "radarID" : 13051,
         "tracks" : [
            {
               "detectedID" : 1002,
               "detectedTime" : 990.35000000000002,
               "entityID" : 13051,
               "height" : 88.963077769999998,
               "lla" : [ 121.52204519999999, -27.761667920000001, -62908.413189999999 ],
               "radarID" : 13051,
               "targetType" : 3,
               "trueID" : 793,
               "velocity" : [ 252.53603279999999, 57.057911470000001, 151.5583944 ]
            }
         ]
      },
      {
         "radarID" : 13058,
         "tracks" : [
            {
               "detectedID" : 1002,
               "detectedTime" : 990.35000000000002,
               "entityID" : 13058,
               "height" : 5003.538063,
               "lla" : [ 121.52108870000001, -27.760897310000001, -57882.005279999998 ],
               "radarID" : 13058,
               "targetType" : 3,
               "trueID" : 793,
               "velocity" : [ 252.53603279999999, 57.057911470000001, 151.5583944 ]
            }
         ]
      },
      {
         "radarID" : 13065,
         "tracks" : [
            {
               "detectedID" : 1006,
               "detectedTime" : 990.35000000000002,
               "entityID" : 13065,
               "height" : 5752.6266699999996,
               "lla" : [ 121.71133089999999, -27.889621909999999, -102834.62579999999 ],
               "radarID" : 13065,
               "targetType" : 3,
               "trueID" : 811,
               "velocity" : [ 266.98801379999998, 108.5282247, 83.300809779999994 ]
            }
         ]
      }
   ],
   "terminator" : 0
}
