{
   "data" : [
      {
         "radarID" : 13065,
         "tracks" : [
            {
               "detectedID" : 1002,
               "detectedTime" : 990.79999999999995,
               "entityID" : 13065,
               "height" : 5003.3994240000002,
               "lla" : [ 121.5199598, -27.76014082, -57968.191729999999 ],
               "radarID" : 13065,
               "targetType" : 3,
               "trueID" : 793,
               "velocity" : [ 252.53894159999999, 57.053167889999997, 151.55533310000001 ]
            }
         ]
      }
   ],
   "terminator" : 0
}
