{
   "data" : [
      {
         "radarID" : 13114,
         "tracks" : [
            {
               "detectedID" : 1001,
               "detectedTime" : 991.79999999999995,
               "entityID" : 13114,
               "height" : 1522.834537,
               "lla" : [ 121.28771589999999, -27.60541095, -127185.0886 ],
               "radarID" : 13114,
               "targetType" : 3,
               "trueID" : 817,
               "velocity" : [ 267.61970489999999, 103.1411576, 87.986335159999996 ]
            }
         ]
      }
   ],
   "terminator" : 0
}
