{
   "data" : [
      {
         "radarID" : 13009,
         "tracks" : [
            {
               "detectedID" : 1006,
               "detectedTime" : 993.5,
               "entityID" : 13009,
               "height" : 74.799578440000005,
               "lla" : [ 121.7066962, -27.88666886, -108568.5312 ],
               "radarID" : 13009,
               "targetType" : 3,
               "trueID" : 811,
               "velocity" : [ 267.00822410000001, 108.4953864, 83.278805039999995 ]
            }
         ]
      },
      {
         "radarID" : 13016,
         "tracks" : [
            {
               "detectedID" : 1006,
               "detectedTime" : 993.5,
               "entityID" : 13016,
               "height" : 64.505502120000003,
               "lla" : [ 121.7070152, -27.88688183, -108550.739 ],
               "radarID" : 13016,
               "targetType" : 3,
               "trueID" : 811,
               "velocity" : [ 267.00822410000001, 108.4953864, 83.278805039999995 ]
            }
         ]
      }
   ],
   "terminator" : 0
}
