{
   "data" : [
      {
         "radarID" : 12988,
         "tracks" : [
            {
               "detectedID" : 1002,
               "detectedTime" : 995.39999999999998,
               "entityID" : 12988,
               "height" : 5005.0349040000001,
               "lla" : [ 121.50843399999999, -27.75241617, -58850.99843 ],
               "radarID" : 12988,
               "targetType" : 3,
               "trueID" : 793,
               "velocity" : [ 252.5686705, 57.004676580000002, 151.52403609999999 ]
            }
         ]
      }
   ],
   "terminator" : 0
}
