{
   "data" : [
      {
         "radarID" : 13051,
         "tracks" : [
            {
               "detectedID" : 1004,
               "detectedTime" : 997.20000000000005,
               "entityID" : 13051,
               "height" : 60.36619219,
               "lla" : [ 121.1608432, -27.517756339999998, -56540.282729999999 ],
               "radarID" : 13051,
               "targetType" : 3,
               "trueID" : 799,
               "velocity" : [ 260.95257450000003, 147.01419519999999, 17.04641543 ]
            }
         ]
      }
   ],
   "terminator" : 0
}
