{
   "data" : [
      {
         "radarID" : 13037,
         "tracks" : [
            {
               "detectedID" : 1004,
               "detectedTime" : 998.85000000000002,
               "entityID" : 13037,
               "height" : 241.3526554,
               "lla" : [ 121.15885780000001, -27.516412549999998, -56603.619579999999 ],
               "radarID" : 13037,
               "targetType" : 3,
               "trueID" : 799,
               "velocity" : [ 260.96314869999998, 146.9967096, 17.035328230000001 ]
            }
         ]
      }
   ],
   "terminator" : 0
}
