{
   "data" : [
      {
         "radarID" : 13044,
         "tracks" : [
            {
               "detectedID" : 1005,
               "detectedTime" : 999.85000000000002,
               "entityID" : 13044,
               "height" : 1701.531888,
               "lla" : [ 121.3664601, -27.657930329999999, -102400.3104 ],
               "radarID" : 13044,
               "targetType" : 3,
               "trueID" : 805,
               "velocity" : [ 266.32913969999998, 128.50020739999999, 50.561705400000001 ]
            }
         ]
      },
      {
         "radarID" : 13051,
         "tracks" : [
            {
               "detectedID" : 1005,
               "detectedTime" : 999.85000000000002,
               "entityID" : 13051,
               "height" : 739.74384650000002,
               "lla" : [ 121.36644990000001, -27.6579485, -103374.0463 ],
               "radarID" : 13051,
               "targetType" : 3,
               "trueID" : 805,
               "velocity" : [ 266.32913969999998, 128.50020739999999, 50.561705400000001 ]
            }
         ]
      },
      {
         "radarID" : 13058,
         "tracks" : [
            {
               "detectedID" : 1005,
               "detectedTime" : 999.85000000000002,
               "entityID" : 13058,
               "height" : 5439.3991189999997,
               "lla" : [ 121.366591, -27.65792231, -98650.978310000006 ],
               "radarID" : 13058,
               "targetType" : 3,
               "trueID" : 805,
               "velocity" : [ 266.32913969999998, 128.50020739999999, 50.561705400000001 ]
            }
         ]
      },
      {
         "radarID" : 13065,
         "tracks" : [
            {
               "detectedID" : 1005,
               "detectedTime" : 999.85000000000002,
               "entityID" : 13065,
               "height" : 5438.8707260000001,
               "lla" : [ 121.3665903, -27.657921900000002, -98651.469859999997 ],
               "radarID" : 13065,
               "targetType" : 3,
               "trueID" : 805,
               "velocity" : [ 266.32913969999998, 128.50020739999999, 50.561705400000001 ]
            }
         ]
      }
   ],
   "terminator" : 0
}
