{
   "data" : [
      {
         "radarID" : 13023,
         "tracks" : [
            {
               "detectedID" : 1005,
               "detectedTime" : 1000.5,
               "entityID" : 13023,
               "height" : 5440.4984420000001,
               "lla" : [ 121.36448230000001, -27.656502419999999, -98741.82303 ],
               "radarID" : 13023,
               "targetType" : 3,
               "trueID" : 805,
               "velocity" : [ 266.33328299999999, 128.4933892, 50.557207900000002 ]
            }
         ]
      },
      {
         "radarID" : 13079,
         "tracks" : [
            {
               "detectedID" : 1006,
               "detectedTime" : 1000.5,
               "entityID" : 13079,
               "height" : 5748.2527760000003,
               "lla" : [ 121.68155179999999, -27.869733109999999, -104531.9602 ],
               "radarID" : 13079,
               "targetType" : 3,
               "trueID" : 811,
               "velocity" : [ 267.05311499999999, 108.42240390000001, 83.229899040000006 ]
            }
         ]
      },
      {
         "radarID" : 13086,
         "tracks" : [
            {
               "detectedID" : 1006,
               "detectedTime" : 1000.5,
               "entityID" : 13086,
               "height" : 5749.5112440000003,
               "lla" : [ 121.6815817, -27.86975318, -104532.87760000001 ],
               "radarID" : 13086,
               "targetType" : 3,
               "trueID" : 811,
               "velocity" : [ 267.05311499999999, 108.42240390000001, 83.229899040000006 ]
            }
         ]
      }
   ],
   "terminator" : 0
}
