{
   "data" : [
      {
         "radarID" : 13072,
         "tracks" : [
            {
               "detectedID" : 1006,
               "detectedTime" : 1001.25,
               "entityID" : 13072,
               "height" : 5745.7276169999996,
               "lla" : [ 121.6793447, -27.868258489999999, -104657.3177 ],
               "radarID" : 13072,
               "targetType" : 3,
               "trueID" : 811,
               "velocity" : [ 267.05792300000002, 108.4145836, 83.224658570000003 ]
            }
         ]
      },
      {
         "radarID" : 13079,
         "tracks" : [
            {
               "detectedID" : 1002,
               "detectedTime" : 1001.25,
               "entityID" : 13079,
               "height" : 5003.4512119999999,
               "lla" : [ 121.49373509999999, -27.742561640000002, -59968.461239999997 ],
               "radarID" : 13079,
               "targetType" : 3,
               "trueID" : 793,
               "velocity" : [ 252.60646070000001, 56.943004539999997, 151.48422429999999 ]
            }
         ]
      }
   ],
   "terminator" : 0
}
