{
   "data" : [
      {
         "radarID" : 13114,
         "tracks" : [
            {
               "detectedID" : 1001,
               "detectedTime" : 1001.8,
               "entityID" : 13114,
               "height" : 1475.82044,
               "lla" : [ 121.25862859999999, -27.585795099999999, -128914.83470000001 ],
               "radarID" : 13114,
               "targetType" : 3,
               "trueID" : 817,
               "velocity" : [ 267.68302749999998, 103.0364838, 87.916322640000004 ]
            }
         ]
      }
   ],
   "terminator" : 0
}
