{
   "data" : [
      {
         "radarID" : 13072,
         "tracks" : [
            {
               "detectedID" : 1002,
               "detectedTime" : 1003.8,
               "entityID" : 13072,
               "height" : 5003.8596909999997,
               "lla" : [ 121.48734020000001, -27.738273280000001, -60455.824990000001 ],
               "radarID" : 13072,
               "targetType" : 3,
               "trueID" : 793,
               "velocity" : [ 252.62292740000001, 56.916120540000001, 151.46686690000001 ]
            }
         ]
      }
   ],
   "terminator" : 0
}
