{
   "data" : [
      {
         "radarID" : 12910,
         "tracks" : [
            {
               "detectedID" : 1006,
               "detectedTime" : 1004.8,
               "entityID" : 12910,
               "height" : 2429.9216000000001,
               "lla" : [ 121.669076, -27.861479110000001, -108428.72010000001 ],
               "radarID" : 12910,
               "targetType" : 3,
               "trueID" : 811,
               "velocity" : [ 267.08067649999998, 108.377566, 83.199852300000003 ]
            }
         ]
      },
      {
         "radarID" : 12924,
         "tracks" : [
            {
               "detectedID" : 1001,
               "detectedTime" : 1004.8,
               "entityID" : 12924,
               "height" : 4277.7208199999995,
               "lla" : [ 121.2485124, -27.578896499999999, -126679.077 ],
               "radarID" : 12924,
               "targetType" : 3,
               "trueID" : 817,
               "velocity" : [ 267.70201279999998, 103.0050773, 87.895315080000003 ]
            }
         ]
      },
      {
         "radarID" : 12995,
         "tracks" : [
            {
               "detectedID" : 1002,
               "detectedTime" : 1004.8,
               "entityID" : 12995,
               "height" : 5016.7224980000001,
               "lla" : [ 121.4848235, -27.736585250000001, -60638.700949999999 ],
               "radarID" : 12995,
               "targetType" : 3,
               "trueID" : 793,
               "velocity" : [ 252.62938389999999, 56.905577579999999, 151.46005940000001 ]
            }
         ]
      },
      {
         "radarID" : 13002,
         "tracks" : [
            {
               "detectedID" : 1002,
               "detectedTime" : 1004.8,
               "entityID" : 13002,
               "height" : 1501.357203,
               "lla" : [ 121.4849634, -27.736765869999999, -64042.943899999998 ],
               "radarID" : 13002,
               "targetType" : 3,
               "trueID" : 793,
               "velocity" : [ 252.62938389999999, 56.905577579999999, 151.46005940000001 ]
            }
         ]
      }
   ],
   "terminator" : 0
}
