{
   "data" : [
      {
         "radarID" : 12995,
         "tracks" : [
            {
               "detectedID" : 1005,
               "detectedTime" : 1004.9,
               "entityID" : 12995,
               "height" : 5455.7545149999996,
               "lla" : [ 121.3512906, -27.64761992, -99385.298620000001 ],
               "radarID" : 12995,
               "targetType" : 3,
               "trueID" : 805,
               "velocity" : [ 266.36132379999998, 128.44723239999999, 50.526761989999997 ]
            }
         ]
      },
      {
         "radarID" : 13072,
         "tracks" : [
            {
               "detectedID" : 1004,
               "detectedTime" : 1004.9,
               "entityID" : 13072,
               "height" : 5002.0627219999997,
               "lla" : [ 121.14198330000001, -27.504871940000001, -52506.947070000002 ],
               "radarID" : 13072,
               "targetType" : 3,
               "trueID" : 799,
               "velocity" : [ 261.00190730000003, 146.9325881, 16.9946743 ]
            }
         ]
      }
   ],
   "terminator" : 0
}
