{
   "data" : [
      {
         "radarID" : 12910,
         "tracks" : [
            {
               "detectedID" : 1001,
               "detectedTime" : 1005.15,
               "entityID" : 12910,
               "height" : 2243.9101129999999,
               "lla" : [ 121.2472829, -27.57811689, -128687.3651 ],
               "radarID" : 12910,
               "targetType" : 3,
               "trueID" : 817,
               "velocity" : [ 267.70422739999998, 103.001413, 87.892864090000003 ]
            }
         ]
      },
      {
         "radarID" : 13002,
         "tracks" : [
            {
               "detectedID" : 1004,
               "detectedTime" : 1005.15,
               "entityID" : 13002,
               "height" : 2496.219443,
               "lla" : [ 121.14115219999999, -27.504370869999999, -54981.472849999998 ],
               "radarID" : 13002,
               "targetType" : 3,
               "trueID" : 799,
               "velocity" : [ 261.00350839999999, 146.92993820000001, 16.99299435 ]
            }
         ]
      }
   ],
   "terminator" : 0
}
