{
   "data" : [
      {
         "radarID" : 13002,
         "tracks" : [
            {
               "detectedID" : 1001,
               "detectedTime" : 1005.4,
               "entityID" : 13002,
               "height" : 106.56299749999999,
               "lla" : [ 121.2456105, -27.577037579999999, -130687.2392 ],
               "radarID" : 13002,
               "targetType" : 3,
               "trueID" : 817,
               "velocity" : [ 267.70580919999998, 102.9987957, 87.891113360000006 ]
            }
         ]
      }
   ],
   "terminator" : 0
}
