{
   "data" : [
      {
         "radarID" : 12931,
         "tracks" : [
            {
               "detectedID" : 1006,
               "detectedTime" : 1006.0,
               "entityID" : 12931,
               "height" : 5744.2165050000003,
               "lla" : [ 121.6653821, -27.858927980000001, -105450.6768 ],
               "radarID" : 12931,
               "targetType" : 3,
               "trueID" : 811,
               "velocity" : [ 267.08836609999997, 108.3650523, 83.191466550000001 ]
            }
         ]
      },
      {
         "radarID" : 12938,
         "tracks" : [
            {
               "detectedID" : 1006,
               "detectedTime" : 1006.0,
               "entityID" : 12938,
               "height" : 5744.0313150000002,
               "lla" : [ 121.6653958, -27.85893712, -105451.15549999999 ],
               "radarID" : 12938,
               "targetType" : 3,
               "trueID" : 811,
               "velocity" : [ 267.08836609999997, 108.3650523, 83.191466550000001 ]
            }
         ]
      },
      {
         "radarID" : 12974,
         "tracks" : [
            {
               "detectedID" : 1006,
               "detectedTime" : 1006.0,
               "entityID" : 12974,
               "height" : 5743.8192870000003,
               "lla" : [ 121.665407, -27.858944640000001, -105451.67260000001 ],
               "radarID" : 12974,
               "targetType" : 3,
               "trueID" : 811,
               "velocity" : [ 267.08836609999997, 108.3650523, 83.191466550000001 ]
            }
         ]
      }
   ],
   "terminator" : 0
}
