{
   "data" : [
      {
         "radarID" : 13065,
         "tracks" : [
            {
               "detectedID" : 1004,
               "detectedTime" : 1006.45,
               "entityID" : 13065,
               "height" : 5000.7211719999996,
               "lla" : [ 121.1372489, -27.501667279999999, -52707.709360000001 ],
               "radarID" : 13065,
               "targetType" : 3,
               "trueID" : 799,
               "velocity" : [ 261.01183379999998, 146.9161584, 16.9842586 ]
            }
         ]
      }
   ],
   "terminator" : 0
}
