{
   "data" : [
      {
         "radarID" : 12931,
         "tracks" : [
            {
               "detectedID" : 1001,
               "detectedTime" : 1006.6,
               "entityID" : 12931,
               "height" : 5523.0627359999999,
               "lla" : [ 121.2432659, -27.57532496, -125784.7868 ],
               "radarID" : 12931,
               "targetType" : 3,
               "trueID" : 817,
               "velocity" : [ 267.71340140000001, 102.98623240000001, 87.88270971 ]
            }
         ]
      }
   ],
   "terminator" : 0
}
