{
   "data" : [
      {
         "radarID" : 13016,
         "tracks" : [
            {
               "detectedID" : 1001,
               "detectedTime" : 1006.9,
               "entityID" : 13016,
               "height" : 45.77082283,
               "lla" : [ 121.2360858, -27.570610670000001, -131298.61600000001 ],
               "radarID" : 13016,
               "targetType" : 3,
               "trueID" : 817,
               "velocity" : [ 267.71529930000003, 102.9830915, 87.880608749999993 ]
            }
         ]
      }
   ],
   "terminator" : 0
}
