{
   "data" : [
      {
         "radarID" : 13023,
         "tracks" : [
            {
               "detectedID" : 1002,
               "detectedTime" : 33.149999999999999,
               "entityID" : 13023,
               "height" : 4534.4214869999996,
               "lla" : [ 122.2973257, -28.274811969999998, 64580.587729999999 ],
               "radarID" : 13023,
               "targetType" : 3,
               "trueID" : 793,
               "velocity" : [ -145.38740580000001, -196.20887289999999, 174.2543556 ]
            },
            {
               "detectedID" : 1004,
               "detectedTime" : 33.149999999999999,
               "entityID" : 13023,
               "height" : 4815.7157729999999,
               "lla" : [ 122.79893, -28.603099619999998, 97642.230119999993 ],
               "radarID" : 13023,
               "targetType" : 3,
               "trueID" : 799,
               "velocity" : [ 113.91026650000001, -86.198940230000005, 263.80711489999999 ]
            }
         ]
      }
   ],
   "terminator" : 0
}
