{
   "data" : [
      {
         "radarID" : 13051,
         "tracks" : [
            {
               "detectedID" : 1006,
               "detectedTime" : 1010.25,
               "entityID" : 13051,
               "height" : 1375.0977,
               "lla" : [ 121.65320269999999, -27.850899930000001, -110527.8181 ],
               "radarID" : 13051,
               "targetType" : 3,
               "trueID" : 811,
               "velocity" : [ 267.11559340000002, 108.3207302, 83.161764890000001 ]
            }
         ]
      },
      {
         "radarID" : 13065,
         "tracks" : [
            {
               "detectedID" : 1006,
               "detectedTime" : 1010.25,
               "entityID" : 13065,
               "height" : 5743.1387670000004,
               "lla" : [ 121.6529336, -27.850606719999998, -106161.97319999999 ],
               "radarID" : 13065,
               "targetType" : 3,
               "trueID" : 811,
               "velocity" : [ 267.11559340000002, 108.3207302, 83.161764890000001 ]
            }
         ]
      }
   ],
   "terminator" : 0
}
