{
   "data" : [
      {
         "radarID" : 13023,
         "tracks" : [
            {
               "detectedID" : 1002,
               "detectedTime" : 232.69999999999999,
               "entityID" : 13023,
               "height" : 4821.2237329999998,
               "lla" : [ 122.75813309999999, -28.577340150000001, 62855.77018 ],
               "radarID" : 13023,
               "targetType" : 3,
               "trueID" : 793,
               "velocity" : [ -144.04863460000001, -198.32673679999999, 172.96385849999999 ]
            }
         ]
      },
      {
         "radarID" : 13135,
         "tracks" : [
            {
               "detectedID" : 1004,
               "detectedTime" : 232.69999999999999,
               "entityID" : 13135,
               "height" : 3287.1129780000001,
               "lla" : [ 122.700022, -28.539412460000001, 61360.907870000003 ],
               "radarID" : 13135,
               "targetType" : 3,
               "trueID" : 799,
               "velocity" : [ 115.27032869999999, -88.312431340000003, 262.51412490000001 ]
            }
         ]
      },
      {
         "radarID" : 13142,
         "tracks" : [
            {
               "detectedID" : 1004,
               "detectedTime" : 232.69999999999999,
               "entityID" : 13142,
               "height" : 4887.8452349999998,
               "lla" : [ 122.6998135, -28.539236129999999, 62969.963060000002 ],
               "radarID" : 13142,
               "targetType" : 3,
               "trueID" : 799,
               "velocity" : [ 115.27032869999999, -88.312431340000003, 262.51412490000001 ]
            }
         ]
      }
   ],
   "terminator" : 0
}
