{
   "data" : [
      {
         "radarID" : 13093,
         "tracks" : [
            {
               "detectedID" : 1001,
               "detectedTime" : 1011.8,
               "entityID" : 13093,
               "height" : 1218.01484,
               "lla" : [ 121.229563, -27.566186030000001, -130847.9221 ],
               "radarID" : 13093,
               "targetType" : 3,
               "trueID" : 817,
               "velocity" : [ 267.74629099999999, 102.9317875, 87.846290620000005 ]
            }
         ]
      },
      {
         "radarID" : 13107,
         "tracks" : [
            {
               "detectedID" : 1001,
               "detectedTime" : 1011.8,
               "entityID" : 13107,
               "height" : 5551.2197960000003,
               "lla" : [ 121.2280568, -27.565058019999999, -126633.8125 ],
               "radarID" : 13107,
               "targetType" : 3,
               "trueID" : 817,
               "velocity" : [ 267.74629099999999, 102.9317875, 87.846290620000005 ]
            }
         ]
      }
   ],
   "terminator" : 0
}
