{
   "data" : [
      {
         "radarID" : 13114,
         "tracks" : [
            {
               "detectedID" : 1004,
               "detectedTime" : 1013.5,
               "entityID" : 13114,
               "height" : 1546.6978939999999,
               "lla" : [ 121.1166328, -27.487793669999999, -56962.29019 ],
               "radarID" : 13114,
               "targetType" : 3,
               "trueID" : 799,
               "velocity" : [ 261.05696590000002, 146.84141980000001, 16.936882820000001 ]
            }
         ]
      }
   ],
   "terminator" : 0
}
