{
   "data" : [
      {
         "radarID" : 12995,
         "tracks" : [
            {
               "detectedID" : 1005,
               "detectedTime" : 1014.95,
               "entityID" : 12995,
               "height" : 5462.2490319999997,
               "lla" : [ 121.3208412, -27.627106879999999, -100874.2159 ],
               "radarID" : 12995,
               "targetType" : 3,
               "trueID" : 805,
               "velocity" : [ 266.42532879999999, 128.34178539999999, 50.45721262 ]
            }
         ]
      },
      {
         "radarID" : 13009,
         "tracks" : [
            {
               "detectedID" : 1002,
               "detectedTime" : 1014.95,
               "entityID" : 13009,
               "height" : 957.13090020000004,
               "lla" : [ 121.4593471, -27.719593799999998, -66509.354420000003 ],
               "radarID" : 13009,
               "targetType" : 3,
               "trueID" : 793,
               "velocity" : [ 252.694886, 56.798559619999999, 151.39094489999999 ]
            }
         ]
      },
      {
         "radarID" : 13072,
         "tracks" : [
            {
               "detectedID" : 1004,
               "detectedTime" : 1014.95,
               "entityID" : 13072,
               "height" : 5001.5742049999999,
               "lla" : [ 121.1112813, -27.484083739999999, -53802.326070000003 ],
               "radarID" : 13072,
               "targetType" : 3,
               "trueID" : 799,
               "velocity" : [ 261.06624479999999, 146.82604599999999, 16.927138630000002 ]
            }
         ]
      }
   ],
   "terminator" : 0
}
