{
   "data" : [
      {
         "radarID" : 13079,
         "tracks" : [
            {
               "detectedID" : 1003,
               "detectedTime" : 1018.9,
               "entityID" : 13079,
               "height" : 981.48724960000004,
               "lla" : [ 120.888034, -27.3334568, -101619.36079999999 ],
               "radarID" : 13079,
               "targetType" : 3,
               "trueID" : 781,
               "velocity" : [ 247.16082299999999, 40.972918149999998, 165.0234758 ]
            }
         ]
      },
      {
         "radarID" : 13086,
         "tracks" : [
            {
               "detectedID" : 1003,
               "detectedTime" : 1018.9,
               "entityID" : 13086,
               "height" : 981.6986465,
               "lla" : [ 120.88802250000001, -27.33344898, -101620.51149999999 ],
               "radarID" : 13086,
               "targetType" : 3,
               "trueID" : 781,
               "velocity" : [ 247.16082299999999, 40.972918149999998, 165.0234758 ]
            }
         ]
      }
   ],
   "terminator" : 0
}
