{
   "data" : [
      {
         "radarID" : 13023,
         "tracks" : [
            {
               "detectedID" : 1002,
               "detectedTime" : 1020.85,
               "entityID" : 13023,
               "height" : 5006.975899,
               "lla" : [ 121.4446562, -27.709634179999998, -63721.771670000002 ],
               "radarID" : 13023,
               "targetType" : 3,
               "trueID" : 793,
               "velocity" : [ 252.73293459999999, 56.73634637, 151.35075409999999 ]
            }
         ]
      },
      {
         "radarID" : 13121,
         "tracks" : [
            {
               "detectedID" : 1004,
               "detectedTime" : 1020.85,
               "entityID" : 13121,
               "height" : 5007.7870929999999,
               "lla" : [ 121.0933071, -27.471906700000002, -54559.026890000001 ],
               "radarID" : 13121,
               "targetType" : 3,
               "trueID" : 799,
               "velocity" : [ 261.10398809999998, 146.7634836, 16.887489030000001 ]
            }
         ]
      }
   ],
   "terminator" : 0
}
