{
   "data" : [
      {
         "radarID" : 13093,
         "tracks" : [
            {
               "detectedID" : 1002,
               "detectedTime" : 1023.05,
               "entityID" : 13093,
               "height" : 1633.4562550000001,
               "lla" : [ 121.4401567, -27.706698339999999, -67401.831059999997 ],
               "radarID" : 13093,
               "targetType" : 3,
               "trueID" : 793,
               "velocity" : [ 252.74711719999999, 56.713147120000002, 151.3357647 ]
            }
         ]
      }
   ],
   "terminator" : 0
}
