{
   "data" : [
      {
         "radarID" : 13107,
         "tracks" : [
            {
               "detectedID" : 1004,
               "detectedTime" : 1023.6,
               "entityID" : 13107,
               "height" : 4984.3795259999997,
               "lla" : [ 121.0848532, -27.466178070000002, -54932.03961 ],
               "radarID" : 13107,
               "targetType" : 3,
               "trueID" : 799,
               "velocity" : [ 261.12157339999999, 146.73431930000001, 16.869007830000001 ]
            }
         ]
      }
   ],
   "terminator" : 0
}
