{
   "data" : [
      {
         "radarID" : 13016,
         "tracks" : [
            {
               "detectedID" : 1006,
               "detectedTime" : 1023.7,
               "entityID" : 13016,
               "height" : 32.954738059999997,
               "lla" : [ 121.61955279999999, -27.828420479999998, -113441.44809999999 ],
               "radarID" : 13016,
               "targetType" : 3,
               "trueID" : 811,
               "velocity" : [ 267.20168960000001, 108.1804357, 83.067745930000001 ]
            }
         ]
      }
   ],
   "terminator" : 0
}
