{
   "data" : [
      {
         "radarID" : 13002,
         "tracks" : [
            {
               "detectedID" : 1006,
               "detectedTime" : 1024.05,
               "entityID" : 13002,
               "height" : 185.05492509999999,
               "lla" : [ 121.6144736, -27.825020129999999, -113663.2528 ],
               "radarID" : 13002,
               "targetType" : 3,
               "trueID" : 811,
               "velocity" : [ 267.20392859999998, 108.17678429999999, 83.065298889999994 ]
            }
         ]
      }
   ],
   "terminator" : 0
}
