{
   "data" : [
      {
         "radarID" : 12995,
         "tracks" : [
            {
               "detectedID" : 1004,
               "detectedTime" : 1025.1500000000001,
               "entityID" : 12995,
               "height" : 5270.0571330000002,
               "lla" : [ 121.0800979, -27.462948000000001, -54853.996760000002 ],
               "radarID" : 12995,
               "targetType" : 3,
               "trueID" : 799,
               "velocity" : [ 261.13148319999999, 146.7178802, 16.858591029999999 ]
            }
         ]
      }
   ],
   "terminator" : 0
}
