{
   "data" : [
      {
         "radarID" : 12903,
         "tracks" : [
            {
               "detectedID" : 1001,
               "detectedTime" : 1025.2,
               "entityID" : 12903,
               "height" : 5516.8509690000001,
               "lla" : [ 121.1889899, -27.538672250000001, -128931.07490000001 ],
               "radarID" : 12903,
               "targetType" : 3,
               "trueID" : 817,
               "velocity" : [ 267.83097140000001, 102.79145889999999, 87.752417129999998 ]
            }
         ]
      },
      {
         "radarID" : 12917,
         "tracks" : [
            {
               "detectedID" : 1001,
               "detectedTime" : 1025.2,
               "entityID" : 12917,
               "height" : 1937.24334,
               "lla" : [ 121.1887701, -27.53861199, -132359.63459999999 ],
               "radarID" : 12917,
               "targetType" : 3,
               "trueID" : 817,
               "velocity" : [ 267.83097140000001, 102.79145889999999, 87.752417129999998 ]
            }
         ]
      },
      {
         "radarID" : 13002,
         "tracks" : [
            {
               "detectedID" : 1004,
               "detectedTime" : 1025.2,
               "entityID" : 13002,
               "height" : 2506.2661029999999,
               "lla" : [ 121.0798781, -27.462866760000001, -57550.997280000003 ],
               "radarID" : 13002,
               "targetType" : 3,
               "trueID" : 799,
               "velocity" : [ 261.13180290000003, 146.71734989999999, 16.858255 ]
            }
         ]
      }
   ],
   "terminator" : 0
}
