{
   "data" : [
      {
         "radarID" : 13044,
         "tracks" : [
            {
               "detectedID" : 1002,
               "detectedTime" : 1029.8499999999999,
               "entityID" : 13044,
               "height" : 629.15324050000004,
               "lla" : [ 121.4217725, -27.69438014, -69860.484589999993 ],
               "radarID" : 13044,
               "targetType" : 3,
               "trueID" : 793,
               "velocity" : [ 252.7909373, 56.64143662, 151.28942359999999 ]
            }
         ]
      },
      {
         "radarID" : 13079,
         "tracks" : [
            {
               "detectedID" : 1001,
               "detectedTime" : 1029.8499999999999,
               "entityID" : 13079,
               "height" : 5513.6750330000004,
               "lla" : [ 121.1753976, -27.529485900000001, -129710.67389999999 ],
               "radarID" : 13079,
               "targetType" : 3,
               "trueID" : 817,
               "velocity" : [ 267.86033200000003, 102.7427534, 87.719833460000004 ]
            }
         ]
      },
      {
         "radarID" : 13086,
         "tracks" : [
            {
               "detectedID" : 1001,
               "detectedTime" : 1029.8499999999999,
               "entityID" : 13086,
               "height" : 5514.7846200000004,
               "lla" : [ 121.1754014, -27.52948855, -129712.1584 ],
               "radarID" : 13086,
               "targetType" : 3,
               "trueID" : 817,
               "velocity" : [ 267.86033200000003, 102.7427534, 87.719833460000004 ]
            }
         ]
      }
   ],
   "terminator" : 0
}
