{
   "data" : [
      {
         "radarID" : 13030,
         "tracks" : [
            {
               "detectedID" : 1006,
               "detectedTime" : 241.80000000000001,
               "entityID" : 13030,
               "height" : 5111.6062570000004,
               "lla" : [ 123.8930814, -29.309396960000001, 23066.404289999999 ],
               "radarID" : 13030,
               "targetType" : 3,
               "trueID" : 811,
               "velocity" : [ 262.02046280000002, 116.2631827, 88.476829850000001 ]
            }
         ]
      },
      {
         "radarID" : 13037,
         "tracks" : [
            {
               "detectedID" : 1006,
               "detectedTime" : 241.80000000000001,
               "entityID" : 13037,
               "height" : 5051.6434820000004,
               "lla" : [ 123.8934685, -29.309643959999999, 23026.985400000001 ],
               "radarID" : 13037,
               "targetType" : 3,
               "trueID" : 811,
               "velocity" : [ 262.02046280000002, 116.2631827, 88.476829850000001 ]
            }
         ]
      }
   ],
   "terminator" : 0
}
