{
   "data" : [
      {
         "radarID" : 13086,
         "tracks" : [
            {
               "detectedID" : 1006,
               "detectedTime" : 1030.3499999999999,
               "entityID" : 13086,
               "height" : 5734.1440640000001,
               "lla" : [ 121.59394039999999, -27.811139730000001, -109521.5867 ],
               "radarID" : 13086,
               "targetType" : 3,
               "trueID" : 811,
               "velocity" : [ 267.24421810000001, 108.1110549, 83.021248389999997 ]
            }
         ]
      },
      {
         "radarID" : 13135,
         "tracks" : [
            {
               "detectedID" : 1001,
               "detectedTime" : 1030.3499999999999,
               "entityID" : 13135,
               "height" : 4000.3987000000002,
               "lla" : [ 121.1739122, -27.528520740000001, -131302.16010000001 ],
               "radarID" : 13135,
               "targetType" : 3,
               "trueID" : 817,
               "velocity" : [ 267.86348829999997, 102.73751590000001, 87.716329590000001 ]
            }
         ]
      }
   ],
   "terminator" : 0
}
