{
   "data" : [
      {
         "radarID" : 13114,
         "tracks" : [
            {
               "detectedID" : 1001,
               "detectedTime" : 1031.7,
               "entityID" : 13114,
               "height" : 1343.223968,
               "lla" : [ 121.171407, -27.526895459999999, -134082.226 ],
               "radarID" : 13114,
               "targetType" : 3,
               "trueID" : 817,
               "velocity" : [ 267.87200949999999, 102.72337450000001, 87.706868889999996 ]
            }
         ]
      }
   ],
   "terminator" : 0
}
