{
   "data" : [
      {
         "radarID" : 12903,
         "tracks" : [
            {
               "detectedID" : 1005,
               "detectedTime" : 1035.0999999999999,
               "entityID" : 12903,
               "height" : 5429.7021770000001,
               "lla" : [ 121.259816, -27.585953750000002, -103912.93919999999 ],
               "radarID" : 12903,
               "targetType" : 3,
               "trueID" : 805,
               "velocity" : [ 266.55347829999999, 128.1302809, 50.317733750000002 ]
            }
         ]
      },
      {
         "radarID" : 12917,
         "tracks" : [
            {
               "detectedID" : 1005,
               "detectedTime" : 1035.0999999999999,
               "entityID" : 12917,
               "height" : 3032.0977950000001,
               "lla" : [ 121.2597394, -27.585961130000001, -106216.1167 ],
               "radarID" : 12917,
               "targetType" : 3,
               "trueID" : 805,
               "velocity" : [ 266.55347829999999, 128.1302809, 50.317733750000002 ]
            }
         ]
      },
      {
         "radarID" : 13072,
         "tracks" : [
            {
               "detectedID" : 1004,
               "detectedTime" : 1035.0999999999999,
               "entityID" : 13072,
               "height" : 5001.9294470000004,
               "lla" : [ 121.049716, -27.442353929999999, -56390.84476 ],
               "radarID" : 13072,
               "targetType" : 3,
               "trueID" : 799,
               "velocity" : [ 261.195065, 146.61233300000001, 16.791719700000002 ]
            }
         ]
      }
   ],
   "terminator" : 0
}
