{
   "data" : [
      {
         "radarID" : 12903,
         "tracks" : [
            {
               "detectedID" : 1001,
               "detectedTime" : 1035.2,
               "entityID" : 12903,
               "height" : 5514.8254509999997,
               "lla" : [ 121.1597733, -27.518922880000002, -130611.3437 ],
               "radarID" : 12903,
               "targetType" : 3,
               "trueID" : 817,
               "velocity" : [ 267.89409660000001, 102.6867098, 87.682339499999998 ]
            }
         ]
      },
      {
         "radarID" : 12917,
         "tracks" : [
            {
               "detectedID" : 1001,
               "detectedTime" : 1035.2,
               "entityID" : 12917,
               "height" : 1921.886393,
               "lla" : [ 121.1595931, -27.518889900000001, -134059.95449999999 ],
               "radarID" : 12917,
               "targetType" : 3,
               "trueID" : 817,
               "velocity" : [ 267.89409660000001, 102.6867098, 87.682339499999998 ]
            }
         ]
      },
      {
         "radarID" : 12995,
         "tracks" : [
            {
               "detectedID" : 1004,
               "detectedTime" : 1035.2,
               "entityID" : 12995,
               "height" : 5069.718449,
               "lla" : [ 121.04940740000001, -27.442143099999999, -56342.74323 ],
               "radarID" : 12995,
               "targetType" : 3,
               "trueID" : 799,
               "velocity" : [ 261.19570370000002, 146.61127210000001, 16.79104761 ]
            }
         ]
      }
   ],
   "terminator" : 0
}
