{
   "data" : [
      {
         "radarID" : 12981,
         "tracks" : [
            {
               "detectedID" : 1005,
               "detectedTime" : 1036.3,
               "entityID" : 12981,
               "height" : 346.37385080000001,
               "lla" : [ 121.25426589999999, -27.582332910000002, -109048.1058 ],
               "radarID" : 12981,
               "targetType" : 3,
               "trueID" : 805,
               "velocity" : [ 266.5611025, 128.1176815, 50.309425879999999 ]
            }
         ]
      }
   ],
   "terminator" : 0
}
