{
   "data" : [
      {
         "radarID" : 13030,
         "tracks" : [
            {
               "detectedID" : 1002,
               "detectedTime" : 243.09999999999999,
               "entityID" : 13030,
               "height" : 1449.985406,
               "lla" : [ 122.7826981, -28.59345978, 59381.894119999997 ],
               "radarID" : 13030,
               "targetType" : 3,
               "trueID" : 793,
               "velocity" : [ -143.9785119, -198.4366392, 172.8961779 ]
            }
         ]
      },
      {
         "radarID" : 13037,
         "tracks" : [
            {
               "detectedID" : 1002,
               "detectedTime" : 243.09999999999999,
               "entityID" : 13037,
               "height" : 1438.5336729999999,
               "lla" : [ 122.7827265, -28.593478520000001, 59372.669289999998 ],
               "radarID" : 13037,
               "targetType" : 3,
               "trueID" : 793,
               "velocity" : [ -143.9785119, -198.4366392, 172.8961779 ]
            }
         ]
      },
      {
         "radarID" : 13044,
         "tracks" : [
            {
               "detectedID" : 1002,
               "detectedTime" : 243.09999999999999,
               "entityID" : 13044,
               "height" : 1459.0429449999999,
               "lla" : [ 122.7828054, -28.593529369999999, 59398.993369999997 ],
               "radarID" : 13044,
               "targetType" : 3,
               "trueID" : 793,
               "velocity" : [ -143.9785119, -198.4366392, 172.8961779 ]
            }
         ]
      }
   ],
   "terminator" : 0
}
