{
   "data" : [
      {
         "radarID" : 13044,
         "tracks" : [
            {
               "detectedID" : 1006,
               "detectedTime" : 1040.05,
               "entityID" : 13044,
               "height" : 2644.6927949999999,
               "lla" : [ 121.5655354, -27.79219732, -114234.38559999999 ],
               "radarID" : 13044,
               "targetType" : 3,
               "trueID" : 811,
               "velocity" : [ 267.30620549999998, 108.0098339, 82.953410309999995 ]
            }
         ]
      }
   ],
   "terminator" : 0
}
