{
   "data" : [
      {
         "radarID" : 13023,
         "tracks" : [
            {
               "detectedID" : 1005,
               "detectedTime" : 1040.4000000000001,
               "entityID" : 13023,
               "height" : 5427.5599300000003,
               "lla" : [ 121.2437029, -27.575077490000002, -104694.17170000001 ],
               "radarID" : 13023,
               "targetType" : 3,
               "trueID" : 805,
               "velocity" : [ 266.58714550000002, 128.07463039999999, 50.281039450000002 ]
            }
         ]
      }
   ],
   "terminator" : 0
}
