{
   "data" : [
      {
         "radarID" : 13009,
         "tracks" : [
            {
               "detectedID" : 1002,
               "detectedTime" : 1045.05,
               "entityID" : 13009,
               "height" : 872.01126180000006,
               "lla" : [ 121.38363529999999, -27.66874344, -72353.055380000005 ],
               "radarID" : 13009,
               "targetType" : 3,
               "trueID" : 793,
               "velocity" : [ 252.8887943, 56.481122249999999, 151.18578149999999 ]
            }
         ]
      }
   ],
   "terminator" : 0
}
