{
   "data" : [
      {
         "radarID" : 12903,
         "tracks" : [
            {
               "detectedID" : 1001,
               "detectedTime" : 1045.25,
               "entityID" : 12903,
               "height" : 5505.9111329999996,
               "lla" : [ 121.1305078, -27.499127779999998, -132318.38990000001 ],
               "radarID" : 12903,
               "targetType" : 3,
               "trueID" : 817,
               "velocity" : [ 267.95747770000003, 102.5814142, 87.611891880000002 ]
            }
         ]
      },
      {
         "radarID" : 12917,
         "tracks" : [
            {
               "detectedID" : 1001,
               "detectedTime" : 1045.25,
               "entityID" : 12917,
               "height" : 1908.094814,
               "lla" : [ 121.13022220000001, -27.499023170000001, -135763.46729999999 ],
               "radarID" : 12917,
               "targetType" : 3,
               "trueID" : 817,
               "velocity" : [ 267.95747770000003, 102.5814142, 87.611891880000002 ]
            }
         ]
      },
      {
         "radarID" : 13002,
         "tracks" : [
            {
               "detectedID" : 1004,
               "detectedTime" : 1045.25,
               "entityID" : 13002,
               "height" : 2522.3100450000002,
               "lla" : [ 121.01847220000001, -27.42121457, -60110.997239999997 ],
               "radarID" : 13002,
               "targetType" : 3,
               "trueID" : 799,
               "velocity" : [ 261.25986599999999, 146.50463120000001, 16.723500359999999 ]
            }
         ]
      }
   ],
   "terminator" : 0
}
