{
   "data" : [
      {
         "radarID" : 13009,
         "tracks" : [
            {
               "detectedID" : 1004,
               "detectedTime" : 1045.4000000000001,
               "entityID" : 13009,
               "height" : 1929.2862070000001,
               "lla" : [ 121.01799990000001, -27.420908650000001, -60713.257919999996 ],
               "radarID" : 13009,
               "targetType" : 3,
               "trueID" : 799,
               "velocity" : [ 261.2608232, 146.50303930000001, 16.722492160000002 ]
            }
         ]
      }
   ],
   "terminator" : 0
}
