{
   "data" : [
      {
         "radarID" : 13016,
         "tracks" : [
            {
               "detectedID" : 1004,
               "detectedTime" : 1045.45,
               "entityID" : 13016,
               "height" : 1915.2444780000001,
               "lla" : [ 121.0177882, -27.420765190000001, -60732.29148 ],
               "radarID" : 13016,
               "targetType" : 3,
               "trueID" : 799,
               "velocity" : [ 261.26114219999999, 146.50250869999999, 16.722156099999999 ]
            }
         ]
      }
   ],
   "terminator" : 0
}
