{
   "data" : [
      {
         "radarID" : 13016,
         "tracks" : [
            {
               "detectedID" : 1003,
               "detectedTime" : 1046.05,
               "entityID" : 13016,
               "height" : 810.3710648,
               "lla" : [ 120.82292529999999, -27.289166949999998, -107081.7415 ],
               "radarID" : 13016,
               "targetType" : 3,
               "trueID" : 781,
               "velocity" : [ 247.33272640000001, 40.685211670000001, 164.8369983 ]
            }
         ]
      }
   ],
   "terminator" : 0
}
