{
   "data" : [
      {
         "radarID" : 13079,
         "tracks" : [
            {
               "detectedID" : 1005,
               "detectedTime" : 1049.9000000000001,
               "entityID" : 13079,
               "height" : 5420.4786949999998,
               "lla" : [ 121.21493049999999, -27.555646790000001, -106109.5202 ],
               "radarID" : 13079,
               "targetType" : 3,
               "trueID" : 805,
               "velocity" : [ 266.64745090000002, 127.9748597, 50.215258800000001 ]
            }
         ]
      }
   ],
   "terminator" : 0
}
