{
   "data" : [
      {
         "radarID" : 13114,
         "tracks" : [
            {
               "detectedID" : 1001,
               "detectedTime" : 1051.6500000000001,
               "entityID" : 13114,
               "height" : 1261.7877920000001,
               "lla" : [ 121.1131903, -27.487516459999998, -137520.02590000001 ],
               "radarID" : 13114,
               "targetType" : 3,
               "trueID" : 817,
               "velocity" : [ 267.99780870000001, 102.5143484, 87.567019470000005 ]
            }
         ]
      }
   ],
   "terminator" : 0
}
