{
   "data" : [
      {
         "radarID" : 13093,
         "tracks" : [
            {
               "detectedID" : 1001,
               "detectedTime" : 1051.7,
               "entityID" : 13093,
               "height" : 1058.412008,
               "lla" : [ 121.113185, -27.487518049999998, -137722.35219999999 ],
               "radarID" : 13093,
               "targetType" : 3,
               "trueID" : 817,
               "velocity" : [ 267.99812370000001, 102.5138244, 87.566668870000001 ]
            }
         ]
      },
      {
         "radarID" : 13107,
         "tracks" : [
            {
               "detectedID" : 1001,
               "detectedTime" : 1051.7,
               "entityID" : 13107,
               "height" : 5490.2066059999997,
               "lla" : [ 121.1116356, -27.486355419999999, -133410.2059 ],
               "radarID" : 13107,
               "targetType" : 3,
               "trueID" : 817,
               "velocity" : [ 267.99812370000001, 102.5138244, 87.566668870000001 ]
            }
         ]
      }
   ],
   "terminator" : 0
}
