{
   "data" : [
      {
         "radarID" : 13093,
         "tracks" : [
            {
               "detectedID" : 1005,
               "detectedTime" : 1052.3,
               "entityID" : 13093,
               "height" : 1003.783664,
               "lla" : [ 121.20932910000001, -27.551974439999999, -110742.8005 ],
               "radarID" : 13093,
               "targetType" : 3,
               "trueID" : 805,
               "velocity" : [ 266.66267759999999, 127.9496504, 50.198638930000001 ]
            }
         ]
      },
      {
         "radarID" : 13107,
         "tracks" : [
            {
               "detectedID" : 1005,
               "detectedTime" : 1052.3,
               "entityID" : 13107,
               "height" : 5498.9882180000004,
               "lla" : [ 121.2076636, -27.550735209999999, -106387.9014 ],
               "radarID" : 13107,
               "targetType" : 3,
               "trueID" : 805,
               "velocity" : [ 266.66267759999999, 127.9496504, 50.198638930000001 ]
            }
         ]
      }
   ],
   "terminator" : 0
}
