{
   "data" : [
      {
         "radarID" : 12995,
         "tracks" : [
            {
               "detectedID" : 1006,
               "detectedTime" : 1054.25,
               "entityID" : 12995,
               "height" : 5729.5668729999998,
               "lla" : [ 121.5237747, -27.764127649999999, -113504.518 ],
               "radarID" : 12995,
               "targetType" : 3,
               "trueID" : 811,
               "velocity" : [ 267.39684970000002, 107.8616146, 82.854069730000006 ]
            }
         ]
      },
      {
         "radarID" : 13002,
         "tracks" : [
            {
               "detectedID" : 1006,
               "detectedTime" : 1054.25,
               "entityID" : 13002,
               "height" : 137.72045309999999,
               "lla" : [ 121.525592, -27.765483419999999, -118705.3241 ],
               "radarID" : 13002,
               "targetType" : 3,
               "trueID" : 811,
               "velocity" : [ 267.39684970000002, 107.8616146, 82.854069730000006 ]
            }
         ]
      },
      {
         "radarID" : 13016,
         "tracks" : [
            {
               "detectedID" : 1006,
               "detectedTime" : 1054.25,
               "entityID" : 13016,
               "height" : 14.13025603,
               "lla" : [ 121.52960659999999, -27.768168859999999, -118231.47719999999 ],
               "radarID" : 13016,
               "targetType" : 3,
               "trueID" : 811,
               "velocity" : [ 267.39684970000002, 107.8616146, 82.854069730000006 ]
            }
         ]
      }
   ],
   "terminator" : 0
}
