{
   "data" : [
      {
         "radarID" : 13002,
         "tracks" : [
            {
               "detectedID" : 1001,
               "detectedTime" : 1056.05,
               "entityID" : 13002,
               "height" : 116.28300609999999,
               "lla" : [ 121.0963383, -27.476128030000002, -139306.25930000001 ],
               "radarID" : 13002,
               "targetType" : 3,
               "trueID" : 817,
               "velocity" : [ 268.02552220000001, 102.4682353, 87.536165069999996 ]
            }
         ]
      },
      {
         "radarID" : 13009,
         "tracks" : [
            {
               "detectedID" : 1003,
               "detectedTime" : 1056.05,
               "entityID" : 13009,
               "height" : 804.88889810000001,
               "lla" : [ 120.7989786, -27.27285943, -109037.2013 ],
               "radarID" : 13009,
               "targetType" : 3,
               "trueID" : 781,
               "velocity" : [ 247.39594059999999, 40.579226370000001, 164.76824619999999 ]
            }
         ]
      }
   ],
   "terminator" : 0
}
