{
   "data" : [
      {
         "radarID" : 12981,
         "tracks" : [
            {
               "detectedID" : 1005,
               "detectedTime" : 1056.4000000000001,
               "entityID" : 12981,
               "height" : 386.29936479999998,
               "lla" : [ 121.19332679999999, -27.54117287, -112003.4276 ],
               "radarID" : 12981,
               "targetType" : 3,
               "trueID" : 805,
               "velocity" : [ 266.68868190000001, 127.90658089999999, 50.170245180000002 ]
            }
         ]
      }
   ],
   "terminator" : 0
}
