{
   "data" : [
      {
         "radarID" : 13058,
         "tracks" : [
            {
               "detectedID" : 1001,
               "detectedTime" : 252.0,
               "entityID" : 13058,
               "height" : 5884.1030799999999,
               "lla" : [ 123.4286462, -29.013139519999999, 3363.6746509999998 ],
               "radarID" : 13058,
               "targetType" : 3,
               "trueID" : 817,
               "velocity" : [ 262.7721277, 110.8206339, 93.110665280000006 ]
            }
         ]
      }
   ],
   "terminator" : 0
}
