{
   "data" : [
      {
         "radarID" : 13030,
         "tracks" : [
            {
               "detectedID" : 1004,
               "detectedTime" : 1058.5999999999999,
               "entityID" : 13030,
               "height" : 372.79683990000001,
               "lla" : [ 120.9763279, -27.39265047, -64115.754410000001 ],
               "radarID" : 13030,
               "targetType" : 3,
               "trueID" : 799,
               "velocity" : [ 261.34500650000001, 146.36292330000001, 16.633767519999999 ]
            }
         ]
      }
   ],
   "terminator" : 0
}
