{
   "data" : [
      {
         "radarID" : 13079,
         "tracks" : [
            {
               "detectedID" : 1005,
               "detectedTime" : 1059.8499999999999,
               "entityID" : 13079,
               "height" : 5417.1733290000002,
               "lla" : [ 121.1847714, -27.5352657, -107590.56909999999 ],
               "radarID" : 13079,
               "targetType" : 3,
               "trueID" : 805,
               "velocity" : [ 266.710556, 127.8703357, 50.146351420000002 ]
            }
         ]
      }
   ],
   "terminator" : 0
}
