{
   "data" : [
      {
         "radarID" : 13079,
         "tracks" : [
            {
               "detectedID" : 1006,
               "detectedTime" : 1060.25,
               "entityID" : 13079,
               "height" : 5721.0884100000003,
               "lla" : [ 121.50615809999999, -27.752312499999999, -114514.553 ],
               "radarID" : 13079,
               "targetType" : 3,
               "trueID" : 811,
               "velocity" : [ 267.43511430000001, 107.7989724, 82.812083700000002 ]
            }
         ]
      },
      {
         "radarID" : 13086,
         "tracks" : [
            {
               "detectedID" : 1006,
               "detectedTime" : 1060.25,
               "entityID" : 13086,
               "height" : 5718.7089290000004,
               "lla" : [ 121.5061189, -27.752286059999999, -114512.1115 ],
               "radarID" : 13086,
               "targetType" : 3,
               "trueID" : 811,
               "velocity" : [ 267.43511430000001, 107.7989724, 82.812083700000002 ]
            }
         ]
      },
      {
         "radarID" : 13142,
         "tracks" : [
            {
               "detectedID" : 1001,
               "detectedTime" : 1060.25,
               "entityID" : 13142,
               "height" : 5503.082512,
               "lla" : [ 121.0865362, -27.469359220000001, -134830.34789999999 ],
               "radarID" : 13142,
               "targetType" : 3,
               "trueID" : 817,
               "velocity" : [ 268.05196530000001, 102.4242143, 87.506709639999997 ]
            }
         ]
      }
   ],
   "terminator" : 0
}
