{
   "data" : [
      {
         "radarID" : 13135,
         "tracks" : [
            {
               "detectedID" : 1006,
               "detectedTime" : 1060.55,
               "entityID" : 13135,
               "height" : 4204.3392919999997,
               "lla" : [ 121.5054514, -27.751877799999999, -116077.686 ],
               "radarID" : 13135,
               "targetType" : 3,
               "trueID" : 811,
               "velocity" : [ 267.43702689999998, 107.79584010000001, 82.809984220000004 ]
            }
         ]
      },
      {
         "radarID" : 13142,
         "tracks" : [
            {
               "detectedID" : 1004,
               "detectedTime" : 1060.55,
               "entityID" : 13142,
               "height" : 5001.3406359999999,
               "lla" : [ 120.97194260000001, -27.38955378, -59657.477809999997 ],
               "radarID" : 13142,
               "targetType" : 3,
               "trueID" : 799,
               "velocity" : [ 261.3574342, 146.34221959999999, 16.620659910000001 ]
            },
            {
               "detectedID" : 1006,
               "detectedTime" : 1060.55,
               "entityID" : 13142,
               "height" : 5725.2538930000001,
               "lla" : [ 121.5051766, -27.7516538, -114561.62209999999 ],
               "radarID" : 13142,
               "targetType" : 3,
               "trueID" : 811,
               "velocity" : [ 267.43702689999998, 107.79584010000001, 82.809984220000004 ]
            }
         ]
      }
   ],
   "terminator" : 0
}
