{
   "data" : [
      {
         "radarID" : 13114,
         "tracks" : [
            {
               "detectedID" : 1005,
               "detectedTime" : 1062.2,
               "entityID" : 13114,
               "height" : 1113.470039,
               "lla" : [ 121.17925649999999, -27.531646469999998, -112111.5591 ],
               "radarID" : 13114,
               "targetType" : 3,
               "trueID" : 805,
               "velocity" : [ 266.72545170000001, 127.8456451, 50.1300752 ]
            }
         ]
      }
   ],
   "terminator" : 0
}
