{
   "data" : [
      {
         "radarID" : 12924,
         "tracks" : [
            {
               "detectedID" : 1006,
               "detectedTime" : 1064.6500000000001,
               "entityID" : 12924,
               "height" : 4452.910194,
               "lla" : [ 121.4933376, -27.743742399999999, -116465.4809 ],
               "radarID" : 12924,
               "targetType" : 3,
               "trueID" : 811,
               "velocity" : [ 267.46316139999999, 107.7530294, 82.781289729999997 ]
            }
         ]
      }
   ],
   "terminator" : 0
}
