{
   "data" : [
      {
         "radarID" : 13072,
         "tracks" : [
            {
               "detectedID" : 1003,
               "detectedTime" : 1067.2,
               "entityID" : 13072,
               "height" : 982.29956830000003,
               "lla" : [ 120.7723166, -27.254687759999999, -111036.60830000001 ],
               "radarID" : 13072,
               "targetType" : 3,
               "trueID" : 781,
               "velocity" : [ 247.46635979999999, 40.461042599999999, 164.69154449999999 ]
            }
         ]
      }
   ],
   "terminator" : 0
}
