{
   "data" : [
      {
         "radarID" : 13030,
         "tracks" : [
            {
               "detectedID" : 1002,
               "detectedTime" : 1069.6500000000001,
               "entityID" : 13030,
               "height" : 734.65969910000001,
               "lla" : [ 121.321568, -27.626996599999998, -77367.310459999993 ],
               "radarID" : 13030,
               "targetType" : 3,
               "trueID" : 793,
               "velocity" : [ 253.04689389999999, 56.221606770000001, 151.01788110000001 ]
            }
         ]
      },
      {
         "radarID" : 13037,
         "tracks" : [
            {
               "detectedID" : 1002,
               "detectedTime" : 1069.6500000000001,
               "entityID" : 13037,
               "height" : 719.31089870000005,
               "lla" : [ 121.32154199999999, -27.626979420000001, -77383.545859999998 ],
               "radarID" : 13037,
               "targetType" : 3,
               "trueID" : 793,
               "velocity" : [ 253.04689389999999, 56.221606770000001, 151.01788110000001 ]
            }
         ]
      },
      {
         "radarID" : 13044,
         "tracks" : [
            {
               "detectedID" : 1005,
               "detectedTime" : 1069.6500000000001,
               "entityID" : 13044,
               "height" : 1871.391789,
               "lla" : [ 121.1547695, -27.515067630000001, -112597.9979 ],
               "radarID" : 13044,
               "targetType" : 3,
               "trueID" : 805,
               "velocity" : [ 266.7726528, 127.76736030000001, 50.078472060000003 ]
            },
            {
               "detectedID" : 1001,
               "detectedTime" : 1069.6500000000001,
               "entityID" : 13044,
               "height" : 3084.5005059999999,
               "lla" : [ 121.0590594, -27.450805549999998, -138847.0447 ],
               "radarID" : 13044,
               "targetType" : 3,
               "trueID" : 817,
               "velocity" : [ 268.11110960000002, 102.3256765, 87.440773160000006 ]
            }
         ]
      }
   ],
   "terminator" : 0
}
