{
   "data" : [
      {
         "radarID" : 13072,
         "tracks" : [
            {
               "detectedID" : 1005,
               "detectedTime" : 1070.3,
               "entityID" : 13072,
               "height" : 5411.8596690000004,
               "lla" : [ 121.15309310000001, -27.513842759999999, -109144.2259 ],
               "radarID" : 13072,
               "targetType" : 3,
               "trueID" : 805,
               "velocity" : [ 266.7767695, 127.7605293, 50.073969470000002 ]
            }
         ]
      }
   ],
   "terminator" : 0
}
