{
   "data" : [
      {
         "radarID" : 13107,
         "tracks" : [
            {
               "detectedID" : 1005,
               "detectedTime" : 1072.25,
               "entityID" : 13107,
               "height" : 5426.9938270000002,
               "lla" : [ 121.1471828, -27.50984369, -109419.0733 ],
               "radarID" : 13107,
               "targetType" : 3,
               "trueID" : 805,
               "velocity" : [ 266.78911799999997, 127.74003570000001, 50.060461449999998 ]
            }
         ]
      }
   ],
   "terminator" : 0
}
