{
   "data" : [
      {
         "radarID" : 12903,
         "tracks" : [
            {
               "detectedID" : 1005,
               "detectedTime" : 1075.2,
               "entityID" : 12903,
               "height" : 5419.9026020000001,
               "lla" : [ 121.1382069, -27.503770119999999, -109867.0239 ],
               "radarID" : 12903,
               "targetType" : 3,
               "trueID" : 805,
               "velocity" : [ 266.80779480000001, 127.7090305, 50.04002543 ]
            }
         ]
      },
      {
         "radarID" : 12910,
         "tracks" : [
            {
               "detectedID" : 1005,
               "detectedTime" : 1075.2,
               "entityID" : 12910,
               "height" : 3334.8867380000002,
               "lla" : [ 121.13807799999999, -27.503734189999999, -111870.14690000001 ],
               "radarID" : 12910,
               "targetType" : 3,
               "trueID" : 805,
               "velocity" : [ 266.80779480000001, 127.7090305, 50.04002543 ]
            }
         ]
      },
      {
         "radarID" : 12917,
         "tracks" : [
            {
               "detectedID" : 1005,
               "detectedTime" : 1075.2,
               "entityID" : 12917,
               "height" : 2996.4616860000001,
               "lla" : [ 121.13814050000001, -27.50378508, -112203.05379999999 ],
               "radarID" : 12917,
               "targetType" : 3,
               "trueID" : 805,
               "velocity" : [ 266.80779480000001, 127.7090305, 50.04002543 ]
            }
         ]
      },
      {
         "radarID" : 13009,
         "tracks" : [
            {
               "detectedID" : 1002,
               "detectedTime" : 1075.2,
               "entityID" : 13009,
               "height" : 799.65448979999996,
               "lla" : [ 121.3077024, -27.617654819999998, -78191.944499999998 ],
               "radarID" : 13009,
               "targetType" : 3,
               "trueID" : 793,
               "velocity" : [ 253.08251580000001, 56.16304744, 150.9799731 ]
            }
         ]
      }
   ],
   "terminator" : 0
}
