{
   "data" : [
      {
         "radarID" : 12981,
         "tracks" : [
            {
               "detectedID" : 1002,
               "detectedTime" : 1075.6500000000001,
               "entityID" : 12981,
               "height" : 882.80219939999995,
               "lla" : [ 121.30615210000001, -27.616608530000001, -78221.885810000007 ],
               "radarID" : 12981,
               "targetType" : 3,
               "trueID" : 793,
               "velocity" : [ 253.0854033, 56.158299220000004, 150.9768991 ]
            }
         ]
      }
   ],
   "terminator" : 0
}
