{
   "data" : [
      {
         "radarID" : 12931,
         "tracks" : [
            {
               "detectedID" : 1004,
               "detectedTime" : 1075.8499999999999,
               "entityID" : 12931,
               "height" : 5012.2853279999999,
               "lla" : [ 120.9250509, -27.357673429999998, -61612.886559999999 ],
               "radarID" : 12931,
               "targetType" : 3,
               "trueID" : 799,
               "velocity" : [ 261.4548676, 146.17973219999999, 16.517810659999999 ]
            }
         ]
      },
      {
         "radarID" : 12938,
         "tracks" : [
            {
               "detectedID" : 1004,
               "detectedTime" : 1075.8499999999999,
               "entityID" : 12938,
               "height" : 5010.2890559999996,
               "lla" : [ 120.9251507, -27.357741539999999, -61616.624519999998 ],
               "radarID" : 12938,
               "targetType" : 3,
               "trueID" : 799,
               "velocity" : [ 261.4548676, 146.17973219999999, 16.517810659999999 ]
            }
         ]
      },
      {
         "radarID" : 12988,
         "tracks" : [
            {
               "detectedID" : 1004,
               "detectedTime" : 1075.8499999999999,
               "entityID" : 12988,
               "height" : 5007.6050279999999,
               "lla" : [ 120.92512240000001, -27.35772218, -61614.862800000003 ],
               "radarID" : 12988,
               "targetType" : 3,
               "trueID" : 799,
               "velocity" : [ 261.4548676, 146.17973219999999, 16.517810659999999 ]
            }
         ]
      }
   ],
   "terminator" : 0
}
