{
   "data" : [
      {
         "radarID" : 13016,
         "tracks" : [
            {
               "detectedID" : 1001,
               "detectedTime" : 1077.45,
               "entityID" : 13016,
               "height" : 139.6006922,
               "lla" : [ 121.0325697, -27.432917270000001, -143101.815 ],
               "radarID" : 13016,
               "targetType" : 3,
               "trueID" : 817,
               "velocity" : [ 268.16014710000002, 102.2438961, 87.386046879999995 ]
            }
         ]
      }
   ],
   "terminator" : 0
}
