{
   "data" : [
      {
         "radarID" : 13086,
         "tracks" : [
            {
               "detectedID" : 1003,
               "detectedTime" : 1078.8499999999999,
               "entityID" : 13086,
               "height" : 983.61725230000002,
               "lla" : [ 120.7443567, -27.235624139999999, -113309.427 ],
               "radarID" : 13086,
               "targetType" : 3,
               "trueID" : 781,
               "velocity" : [ 247.53986380000001, 40.337547720000003, 164.61135469999999 ]
            }
         ]
      }
   ],
   "terminator" : 0
}
