{
   "data" : [
      {
         "radarID" : 13065,
         "tracks" : [
            {
               "detectedID" : 1005,
               "detectedTime" : 1079.45,
               "entityID" : 13065,
               "height" : 5409.9777549999999,
               "lla" : [ 121.1253461, -27.495065579999999, -110505.43919999999 ],
               "radarID" : 13065,
               "targetType" : 3,
               "trueID" : 805,
               "velocity" : [ 266.83469309999998, 127.6643578, 50.010581999999999 ]
            }
         ]
      }
   ],
   "terminator" : 0
}
