{
   "data" : [
      {
         "radarID" : 13051,
         "tracks" : [
            {
               "detectedID" : 1002,
               "detectedTime" : 1079.5,
               "entityID" : 13051,
               "height" : 196.1342258,
               "lla" : [ 121.2963235, -27.610011279999998, -79854.426720000003 ],
               "radarID" : 13051,
               "targetType" : 3,
               "trueID" : 793,
               "velocity" : [ 253.11010289999999, 56.11767459, 150.9505959 ]
            },
            {
               "detectedID" : 1005,
               "detectedTime" : 1079.5,
               "entityID" : 13051,
               "height" : 881.16715390000002,
               "lla" : [ 121.124684, -27.494733570000001, -115062.8685 ],
               "radarID" : 13051,
               "targetType" : 3,
               "trueID" : 805,
               "velocity" : [ 266.83500950000001, 127.6638322, 50.010235600000001 ]
            }
         ]
      },
      {
         "radarID" : 13058,
         "tracks" : [
            {
               "detectedID" : 1005,
               "detectedTime" : 1079.5,
               "entityID" : 13058,
               "height" : 5410.4405809999998,
               "lla" : [ 121.1251992, -27.494966170000001, -110512.0153 ],
               "radarID" : 13058,
               "targetType" : 3,
               "trueID" : 805,
               "velocity" : [ 266.83500950000001, 127.6638322, 50.010235600000001 ]
            }
         ]
      },
      {
         "radarID" : 13065,
         "tracks" : [
            {
               "detectedID" : 1001,
               "detectedTime" : 1079.5,
               "entityID" : 13065,
               "height" : 5489.8788720000002,
               "lla" : [ 121.0304884, -27.431372809999999, -138081.40400000001 ],
               "radarID" : 13065,
               "targetType" : 3,
               "trueID" : 817,
               "velocity" : [ 268.17302919999997, 102.2224003, 87.371661739999993 ]
            }
         ]
      }
   ],
   "terminator" : 0
}
