{
   "data" : [
      {
         "radarID" : 12931,
         "tracks" : [
            {
               "detectedID" : 1001,
               "detectedTime" : 253.80000000000001,
               "entityID" : 12931,
               "height" : 5886.3040529999998,
               "lla" : [ 123.4235393, -29.009865829999999, 3054.1260590000002 ],
               "radarID" : 12931,
               "targetType" : 3,
               "trueID" : 817,
               "velocity" : [ 262.78431019999999, 110.8021068, 93.098332040000003 ]
            }
         ]
      },
      {
         "radarID" : 12938,
         "tracks" : [
            {
               "detectedID" : 1001,
               "detectedTime" : 253.80000000000001,
               "entityID" : 12938,
               "height" : 5888.2817400000004,
               "lla" : [ 123.4236288, -29.009923029999999, 3066.3878519999998 ],
               "radarID" : 12938,
               "targetType" : 3,
               "trueID" : 817,
               "velocity" : [ 262.78431019999999, 110.8021068, 93.098332040000003 ]
            }
         ]
      },
      {
         "radarID" : 12974,
         "tracks" : [
            {
               "detectedID" : 1001,
               "detectedTime" : 253.80000000000001,
               "entityID" : 12974,
               "height" : 5886.0063319999999,
               "lla" : [ 123.423543, -29.0098682, 3053.9738590000002 ],
               "radarID" : 12974,
               "targetType" : 3,
               "trueID" : 817,
               "velocity" : [ 262.78431019999999, 110.8021068, 93.098332040000003 ]
            }
         ]
      }
   ],
   "terminator" : 0
}
