{
   "data" : [
      {
         "radarID" : 13121,
         "tracks" : [
            {
               "detectedID" : 1004,
               "detectedTime" : 1080.7,
               "entityID" : 13121,
               "height" : 5002.9179720000002,
               "lla" : [ 120.9103131, -27.347646919999999, -62241.617700000003 ],
               "radarID" : 13121,
               "targetType" : 3,
               "trueID" : 799,
               "velocity" : [ 261.48572519999999, 146.128209, 16.485206290000001 ]
            }
         ]
      },
      {
         "radarID" : 13135,
         "tracks" : [
            {
               "detectedID" : 1002,
               "detectedTime" : 1080.7,
               "entityID" : 13135,
               "height" : 1609.0501650000001,
               "lla" : [ 121.29459850000001, -27.608812910000001, -78557.965590000007 ],
               "radarID" : 13135,
               "targetType" : 3,
               "trueID" : 793,
               "velocity" : [ 253.1177998, 56.105012000000002, 150.9423965 ]
            }
         ]
      },
      {
         "radarID" : 13142,
         "tracks" : [
            {
               "detectedID" : 1002,
               "detectedTime" : 1080.7,
               "entityID" : 13142,
               "height" : 5005.0237779999998,
               "lla" : [ 121.2939827, -27.608310629999998, -75169.697589999996 ],
               "radarID" : 13142,
               "targetType" : 3,
               "trueID" : 793,
               "velocity" : [ 253.1177998, 56.105012000000002, 150.9423965 ]
            }
         ]
      }
   ],
   "terminator" : 0
}
