{
   "data" : [
      {
         "radarID" : 13114,
         "tracks" : [
            {
               "detectedID" : 1004,
               "detectedTime" : 1083.6500000000001,
               "entityID" : 13114,
               "height" : 1196.737887,
               "lla" : [ 120.90235250000001, -27.342323199999999, -66292.783819999997 ],
               "radarID" : 13114,
               "targetType" : 3,
               "trueID" : 799,
               "velocity" : [ 261.50448770000003, 146.09686640000001, 16.46537433 ]
            }
         ]
      }
   ],
   "terminator" : 0
}
