{
   "data" : [
      {
         "radarID" : 13135,
         "tracks" : [
            {
               "detectedID" : 1002,
               "detectedTime" : 13.1,
               "entityID" : 13135,
               "height" : 2325.7390909999999,
               "lla" : [ 122.2550066, -28.246917199999999, 62595.650410000002 ],
               "radarID" : 13135,
               "targetType" : 3,
               "trueID" : 793,
               "velocity" : [ -102.7114375, -138.35466740000001, 123.08414019999999 ]
            },
            {
               "detectedID" : 1004,
               "detectedTime" : 13.1,
               "entityID" : 13135,
               "height" : 4262.452241,
               "lla" : [ 122.8080104, -28.60895575, 100305.27830000001 ],
               "radarID" : 13135,
               "targetType" : 3,
               "trueID" : 799,
               "velocity" : [ 80.576388339999994, -60.901973339999998, 186.90486569999999 ]
            }
         ]
      },
      {
         "radarID" : 13142,
         "tracks" : [
            {
               "detectedID" : 1002,
               "detectedTime" : 13.1,
               "entityID" : 13142,
               "height" : 4509.8268820000003,
               "lla" : [ 122.2544279, -28.246481249999999, 64765.2477 ],
               "radarID" : 13142,
               "targetType" : 3,
               "trueID" : 793,
               "velocity" : [ -102.7114375, -138.35466740000001, 123.08414019999999 ]
            },
            {
               "detectedID" : 1004,
               "detectedTime" : 13.1,
               "entityID" : 13142,
               "height" : 4809.9195600000003,
               "lla" : [ 122.8083537, -28.609165149999999, 100892.5788 ],
               "radarID" : 13142,
               "targetType" : 3,
               "trueID" : 799,
               "velocity" : [ 80.576388339999994, -60.901973339999998, 186.90486569999999 ]
            }
         ]
      }
   ],
   "terminator" : 0
}
