{
   "data" : [
      {
         "radarID" : 13079,
         "tracks" : [
            {
               "detectedID" : 1002,
               "detectedTime" : 1090.0,
               "entityID" : 13079,
               "height" : 5003.3475790000002,
               "lla" : [ 121.2706803, -27.592609339999999, -76951.928490000006 ],
               "radarID" : 13079,
               "targetType" : 3,
               "trueID" : 793,
               "velocity" : [ 253.1774231, 56.006871070000003, 150.87883479999999 ]
            }
         ]
      }
   ],
   "terminator" : 0
}
