{
   "data" : [
      {
         "radarID" : 13093,
         "tracks" : [
            {
               "detectedID" : 1001,
               "detectedTime" : 1091.5999999999999,
               "entityID" : 13093,
               "height" : 921.25090769999997,
               "lla" : [ 120.9966958, -27.408563409999999, -144566.8088 ],
               "radarID" : 13093,
               "targetType" : 3,
               "trueID" : 817,
               "velocity" : [ 268.24901419999998, 102.0955033, 87.286737700000003 ]
            }
         ]
      },
      {
         "radarID" : 13107,
         "tracks" : [
            {
               "detectedID" : 1001,
               "detectedTime" : 1091.5999999999999,
               "entityID" : 13107,
               "height" : 5529.1329770000002,
               "lla" : [ 120.9951401, -27.407389040000002, -140078.25899999999 ],
               "radarID" : 13107,
               "targetType" : 3,
               "trueID" : 817,
               "velocity" : [ 268.24901419999998, 102.0955033, 87.286737700000003 ]
            }
         ]
      }
   ],
   "terminator" : 0
}
