{
   "data" : [
      {
         "radarID" : 13114,
         "tracks" : [
            {
               "detectedID" : 1005,
               "detectedTime" : 1092.1500000000001,
               "entityID" : 13114,
               "height" : 962.81144540000003,
               "lla" : [ 121.0884892, -27.470217659999999, -116698.6918 ],
               "radarID" : 13114,
               "targetType" : 3,
               "trueID" : 805,
               "velocity" : [ 266.91500810000002, 127.53083479999999, 49.922586150000001 ]
            }
         ]
      }
   ],
   "terminator" : 0
}
