{
   "data" : [
      {
         "radarID" : 13009,
         "tracks" : [
            {
               "detectedID" : 1006,
               "detectedTime" : 1095.8,
               "entityID" : 13009,
               "height" : 9.3411829740000005,
               "lla" : [ 121.39348510000001, -27.67674907, -125541.75109999999 ],
               "radarID" : 13009,
               "targetType" : 3,
               "trueID" : 811,
               "velocity" : [ 267.66139570000001, 107.4276428, 82.563180840000001 ]
            }
         ]
      }
   ],
   "terminator" : 0
}
