{
   "data" : [
      {
         "radarID" : 12981,
         "tracks" : [
            {
               "detectedID" : 1001,
               "detectedTime" : 1097.55,
               "entityID" : 12981,
               "height" : 452.95498550000002,
               "lla" : [ 120.9754131, -27.394123449999999, -146122.57819999999 ],
               "radarID" : 12981,
               "targetType" : 3,
               "trueID" : 817,
               "velocity" : [ 268.28634699999998, 102.0330914, 87.244967119999998 ]
            }
         ]
      },
      {
         "radarID" : 12988,
         "tracks" : [
            {
               "detectedID" : 1001,
               "detectedTime" : 1097.55,
               "entityID" : 12988,
               "height" : 5479.6173900000003,
               "lla" : [ 120.97773770000001, -27.395576089999999, -141125.95910000001 ],
               "radarID" : 12988,
               "targetType" : 3,
               "trueID" : 817,
               "velocity" : [ 268.28634699999998, 102.0330914, 87.244967119999998 ]
            }
         ]
      }
   ],
   "terminator" : 0
}
