{
   "data" : [
      {
         "radarID" : 13072,
         "tracks" : [
            {
               "detectedID" : 1001,
               "detectedTime" : 1099.7,
               "entityID" : 13072,
               "height" : 5479.0250830000004,
               "lla" : [ 120.97147219999999, -27.391321470000001, -141487.93470000001 ],
               "radarID" : 13072,
               "targetType" : 3,
               "trueID" : 817,
               "velocity" : [ 268.29983179999999, 102.0105373, 87.229871860000003 ]
            }
         ]
      }
   ],
   "terminator" : 0
}
