{
   "data" : [
      {
         "radarID" : 13072,
         "tracks" : [
            {
               "detectedID" : 1005,
               "detectedTime" : 1099.75,
               "entityID" : 13072,
               "height" : 5401.1060109999999,
               "lla" : [ 121.06379889999999, -27.453372139999999, -113519.1787 ],
               "radarID" : 13072,
               "targetType" : 3,
               "trueID" : 805,
               "velocity" : [ 266.9630252, 127.4509096, 49.869918650000002 ]
            }
         ]
      }
   ],
   "terminator" : 0
}
