{
   "data" : [
      {
         "radarID" : 13121,
         "tracks" : [
            {
               "detectedID" : 1004,
               "detectedTime" : 1100.7,
               "entityID" : 13121,
               "height" : 5003.2602100000004,
               "lla" : [ 120.849208, -27.306038310000002, -64801.03701 ],
               "radarID" : 13121,
               "targetType" : 3,
               "trueID" : 799,
               "velocity" : [ 261.61282990000001, 145.91566169999999, 16.350745979999999 ]
            }
         ]
      },
      {
         "radarID" : 13128,
         "tracks" : [
            {
               "detectedID" : 1004,
               "detectedTime" : 1100.7,
               "entityID" : 13128,
               "height" : 2771.2537609999999,
               "lla" : [ 120.8496925, -27.306425090000001, -67030.071349999998 ],
               "radarID" : 13128,
               "targetType" : 3,
               "trueID" : 799,
               "velocity" : [ 261.61282990000001, 145.91566169999999, 16.350745979999999 ]
            }
         ]
      }
   ],
   "terminator" : 0
}
