{
   "data" : [
      {
         "radarID" : 13114,
         "tracks" : [
            {
               "detectedID" : 1002,
               "detectedTime" : 1102.8,
               "entityID" : 13114,
               "height" : 1260.308364,
               "lla" : [ 121.2397192, -27.571828880000002, -83025.683650000006 ],
               "radarID" : 13114,
               "targetType" : 3,
               "trueID" : 793,
               "velocity" : [ 253.25940610000001, 55.871778370000001, 150.79130480000001 ]
            }
         ]
      }
   ],
   "terminator" : 0
}
