{
   "data" : [
      {
         "radarID" : 12903,
         "tracks" : [
            {
               "detectedID" : 1006,
               "detectedTime" : 1105.0,
               "entityID" : 12903,
               "height" : 5697.5169029999997,
               "lla" : [ 121.37471859999999, -27.664004859999999, -121990.8447 ],
               "radarID" : 12903,
               "targetType" : 3,
               "trueID" : 811,
               "velocity" : [ 267.71983349999999, 107.33149760000001, 82.498729429999997 ]
            }
         ]
      },
      {
         "radarID" : 12917,
         "tracks" : [
            {
               "detectedID" : 1006,
               "detectedTime" : 1105.0,
               "entityID" : 12917,
               "height" : 1890.5204140000001,
               "lla" : [ 121.3746459, -27.664049899999998, -125627.2291 ],
               "radarID" : 12917,
               "targetType" : 3,
               "trueID" : 811,
               "velocity" : [ 267.71983349999999, 107.33149760000001, 82.498729429999997 ]
            }
         ]
      },
      {
         "radarID" : 12924,
         "tracks" : [
            {
               "detectedID" : 1001,
               "detectedTime" : 1105.0,
               "entityID" : 12924,
               "height" : 3870.8027729999999,
               "lla" : [ 120.95589889999999, -27.380783149999999, -143914.23749999999 ],
               "radarID" : 12924,
               "targetType" : 3,
               "trueID" : 817,
               "velocity" : [ 268.33306169999997, 101.9549344, 87.192656479999997 ]
            }
         ]
      }
   ],
   "terminator" : 0
}
