{
   "data" : [
      {
         "radarID" : 12995,
         "tracks" : [
            {
               "detectedID" : 1004,
               "detectedTime" : 1105.3499999999999,
               "entityID" : 12995,
               "height" : 5048.7251059999999,
               "lla" : [ 120.8350543, -27.296391280000002, -65354.055050000003 ],
               "radarID" : 12995,
               "targetType" : 3,
               "trueID" : 799,
               "velocity" : [ 261.64234870000001, 145.86622589999999, 16.319481830000001 ]
            }
         ]
      },
      {
         "radarID" : 13009,
         "tracks" : [
            {
               "detectedID" : 1002,
               "detectedTime" : 1105.3499999999999,
               "entityID" : 13009,
               "height" : 740.16369769999994,
               "lla" : [ 121.23167770000001, -27.566414200000001, -84017.969259999998 ],
               "radarID" : 13009,
               "targetType" : 3,
               "trueID" : 793,
               "velocity" : [ 253.27572760000001, 55.844863019999998, 150.7738607 ]
            }
         ]
      },
      {
         "radarID" : 13016,
         "tracks" : [
            {
               "detectedID" : 1002,
               "detectedTime" : 1105.3499999999999,
               "entityID" : 13016,
               "height" : 729.70375190000004,
               "lla" : [ 121.2316477, -27.566394240000001, -84030.314580000006 ],
               "radarID" : 13016,
               "targetType" : 3,
               "trueID" : 793,
               "velocity" : [ 253.27572760000001, 55.844863019999998, 150.7738607 ]
            }
         ]
      }
   ],
   "terminator" : 0
}
