{
   "data" : [
      {
         "radarID" : 12981,
         "tracks" : [
            {
               "detectedID" : 1006,
               "detectedTime" : 1107.3499999999999,
               "entityID" : 12981,
               "height" : 117.06488040000001,
               "lla" : [ 121.36325069999999, -27.65642544, -127976.2926 ],
               "radarID" : 12981,
               "targetType" : 3,
               "trueID" : 811,
               "velocity" : [ 267.73475250000001, 107.3069356, 82.482263810000006 ]
            }
         ]
      },
      {
         "radarID" : 12988,
         "tracks" : [
            {
               "detectedID" : 1006,
               "detectedTime" : 1107.3499999999999,
               "entityID" : 12988,
               "height" : 5696.5630449999999,
               "lla" : [ 121.36776639999999, -27.65932608, -122367.1406 ],
               "radarID" : 12988,
               "targetType" : 3,
               "trueID" : 811,
               "velocity" : [ 267.73475250000001, 107.3069356, 82.482263810000006 ]
            }
         ]
      }
   ],
   "terminator" : 0
}
