{
   "data" : [
      {
         "radarID" : 13072,
         "tracks" : [
            {
               "detectedID" : 1001,
               "detectedTime" : 1109.6500000000001,
               "entityID" : 13072,
               "height" : 5473.8158880000001,
               "lla" : [ 120.9424066, -27.371576139999998, -143161.34599999999 ],
               "radarID" : 13072,
               "targetType" : 3,
               "trueID" : 817,
               "velocity" : [ 268.36220259999999, 101.90614549999999, 87.160000769999996 ]
            }
         ]
      }
   ],
   "terminator" : 0
}
