{
   "data" : [
      {
         "radarID" : 13135,
         "tracks" : [
            {
               "detectedID" : 1001,
               "detectedTime" : 1110.2,
               "entityID" : 13135,
               "height" : 4141.5232690000003,
               "lla" : [ 120.9409857, -27.37064543, -144594.53539999999 ],
               "radarID" : 13135,
               "targetType" : 3,
               "trueID" : 817,
               "velocity" : [ 268.36564850000002, 101.9003744, 87.156137990000005 ]
            }
         ]
      }
   ],
   "terminator" : 0
}
