{
   "data" : [
      {
         "radarID" : 13023,
         "tracks" : [
            {
               "detectedID" : 1002,
               "detectedTime" : 1110.55,
               "entityID" : 13023,
               "height" : 5007.1219419999998,
               "lla" : [ 121.2190389, -27.557782589999999, -80887.411489999999 ],
               "radarID" : 13023,
               "targetType" : 3,
               "trueID" : 793,
               "velocity" : [ 253.3089995, 55.789974409999999, 150.73828159999999 ]
            }
         ]
      },
      {
         "radarID" : 13072,
         "tracks" : [
            {
               "detectedID" : 1006,
               "detectedTime" : 1110.55,
               "entityID" : 13072,
               "height" : 5695.6378020000002,
               "lla" : [ 121.3583579, -27.652993609999999, -122899.9348 ],
               "radarID" : 13072,
               "targetType" : 3,
               "trueID" : 811,
               "velocity" : [ 267.75506259999997, 107.27348739999999, 82.459840920000005 ]
            }
         ]
      }
   ],
   "terminator" : 0
}
