{
   "data" : [
      {
         "radarID" : 13058,
         "tracks" : [
            {
               "detectedID" : 1003,
               "detectedTime" : 33.950000000000003,
               "entityID" : 13058,
               "height" : 4534.7278299999998,
               "lla" : [ 122.5349363, -28.430916369999998, 75823.070110000001 ],
               "radarID" : 13058,
               "targetType" : 3,
               "trueID" : 781,
               "velocity" : [ -11.72854849, -178.4563435, 240.86463950000001 ]
            }
         ]
      },
      {
         "radarID" : 13065,
         "tracks" : [
            {
               "detectedID" : 1004,
               "detectedTime" : 33.950000000000003,
               "entityID" : 13065,
               "height" : 4818.7323429999997,
               "lla" : [ 122.7983138, -28.60270139, 97490.701830000005 ],
               "radarID" : 13065,
               "targetType" : 3,
               "trueID" : 799,
               "velocity" : [ 113.91573940000001, -86.207428960000001, 263.80197779999997 ]
            }
         ]
      }
   ],
   "terminator" : 0
}
