{
   "data" : [
      {
         "radarID" : 13107,
         "tracks" : [
            {
               "detectedID" : 1002,
               "detectedTime" : 1112.9000000000001,
               "entityID" : 13107,
               "height" : 5037.7251230000002,
               "lla" : [ 121.21303260000001, -27.55372814, -81299.245609999998 ],
               "radarID" : 13107,
               "targetType" : 3,
               "trueID" : 793,
               "velocity" : [ 253.3240309, 55.765167920000003, 150.72219960000001 ]
            }
         ]
      }
   ],
   "terminator" : 0
}
