{
   "data" : [
      {
         "radarID" : 13114,
         "tracks" : [
            {
               "detectedID" : 1004,
               "detectedTime" : 1113.75,
               "entityID" : 13114,
               "height" : 1067.841128,
               "lla" : [ 120.8103806, -27.2796658, -70261.719029999993 ],
               "radarID" : 13114,
               "targetType" : 3,
               "trueID" : 799,
               "velocity" : [ 261.6956414, 145.77690490000001, 16.263002610000001 ]
            }
         ]
      }
   ],
   "terminator" : 0
}
