{
   "data" : [
      {
         "radarID" : 13093,
         "tracks" : [
            {
               "detectedID" : 1004,
               "detectedTime" : 1113.9000000000001,
               "entityID" : 13093,
               "height" : 1081.010192,
               "lla" : [ 120.8098098, -27.279276070000002, -70268.649050000007 ],
               "radarID" : 13093,
               "targetType" : 3,
               "trueID" : 799,
               "velocity" : [ 261.6965927, 145.77530970000001, 16.26199403 ]
            }
         ]
      }
   ],
   "terminator" : 0
}
