{
   "data" : [
      {
         "radarID" : 12995,
         "tracks" : [
            {
               "detectedID" : 1006,
               "detectedTime" : 1114.8,
               "entityID" : 12995,
               "height" : 5691.7649389999997,
               "lla" : [ 121.3458687, -27.644585549999999, -123609.4109 ],
               "radarID" : 12995,
               "targetType" : 3,
               "trueID" : 811,
               "velocity" : [ 267.78202750000003, 107.2290603, 82.430057619999999 ]
            }
         ]
      }
   ],
   "terminator" : 0
}
