{
   "data" : [
      {
         "radarID" : 12981,
         "tracks" : [
            {
               "detectedID" : 1002,
               "detectedTime" : 1115.8499999999999,
               "entityID" : 12981,
               "height" : 856.95519890000003,
               "lla" : [ 121.2048063, -27.548278060000001, -85942.290410000001 ],
               "radarID" : 12981,
               "targetType" : 3,
               "trueID" : 793,
               "velocity" : [ 253.34289559999999, 55.734026909999997, 150.70200890000001 ]
            }
         ]
      }
   ],
   "terminator" : 0
}
