{
   "data" : [
      {
         "radarID" : 13009,
         "tracks" : [
            {
               "detectedID" : 1003,
               "detectedTime" : 1116.3499999999999,
               "entityID" : 13009,
               "height" : 826.81261870000003,
               "lla" : [ 120.65431890000001, -27.174155939999999, -120774.6655 ],
               "radarID" : 13009,
               "targetType" : 3,
               "trueID" : 781,
               "velocity" : [ 247.77595840000001, 39.939953240000001, 164.35289650000001 ]
            }
         ]
      },
      {
         "radarID" : 13016,
         "tracks" : [
            {
               "detectedID" : 1003,
               "detectedTime" : 1116.3499999999999,
               "entityID" : 13016,
               "height" : 838.2472424,
               "lla" : [ 120.654358, -27.174182429999998, -120763.1823 ],
               "radarID" : 13016,
               "targetType" : 3,
               "trueID" : 781,
               "velocity" : [ 247.77595840000001, 39.939953240000001, 164.35289650000001 ]
            }
         ]
      }
   ],
   "terminator" : 0
}
