{
   "data" : [
      {
         "radarID" : 13058,
         "tracks" : [
            {
               "detectedID" : 1004,
               "detectedTime" : 1117.45,
               "entityID" : 13058,
               "height" : 5000.723954,
               "lla" : [ 120.7980797, -27.271178710000001, -66941.574229999998 ],
               "radarID" : 13058,
               "targetType" : 3,
               "trueID" : 799,
               "velocity" : [ 261.71910270000001, 145.73755389999999, 16.238124030000002 ]
            }
         ]
      }
   ],
   "terminator" : 0
}
