{
   "data" : [
      {
         "radarID" : 13086,
         "tracks" : [
            {
               "detectedID" : 1002,
               "detectedTime" : 1119.6500000000001,
               "entityID" : 13086,
               "height" : 5003.5889150000003,
               "lla" : [ 121.19602709999999, -27.542249760000001, -82624.495859999995 ],
               "radarID" : 13086,
               "targetType" : 3,
               "trueID" : 793,
               "velocity" : [ 253.36718880000001, 55.693911550000003, 150.6759964 ]
            }
         ]
      }
   ],
   "terminator" : 0
}
