{
   "data" : [
      {
         "radarID" : 13023,
         "tracks" : [
            {
               "detectedID" : 1001,
               "detectedTime" : 1120.0999999999999,
               "entityID" : 13023,
               "height" : 5481.9015470000004,
               "lla" : [ 120.9120738, -27.350956839999998, -144945.04920000001 ],
               "radarID" : 13023,
               "targetType" : 3,
               "trueID" : 817,
               "velocity" : [ 268.42764440000002, 101.79648400000001, 87.086597940000004 ]
            }
         ]
      }
   ],
   "terminator" : 0
}
