{
   "data" : [
      {
         "radarID" : 13135,
         "tracks" : [
            {
               "detectedID" : 1002,
               "detectedTime" : 1120.5999999999999,
               "entityID" : 13135,
               "height" : 1660.3371910000001,
               "lla" : [ 121.19404179999999, -27.5409951, -86140.953479999996 ],
               "radarID" : 13135,
               "targetType" : 3,
               "trueID" : 793,
               "velocity" : [ 253.3732608, 55.683882429999997, 150.66949249999999 ]
            }
         ]
      }
   ],
   "terminator" : 0
}
