{
   "data" : [
      {
         "radarID" : 13107,
         "tracks" : [
            {
               "detectedID" : 1002,
               "detectedTime" : 1122.9000000000001,
               "entityID" : 13107,
               "height" : 5031.9717350000001,
               "lla" : [ 121.1878451, -27.53672439, -83217.695819999994 ],
               "radarID" : 13107,
               "targetType" : 3,
               "trueID" : 793,
               "velocity" : [ 253.3879594, 55.65960098, 150.65374489999999 ]
            }
         ]
      }
   ],
   "terminator" : 0
}
