{
   "data" : [
      {
         "radarID" : 13093,
         "tracks" : [
            {
               "detectedID" : 1004,
               "detectedTime" : 1123.9000000000001,
               "entityID" : 13093,
               "height" : 1044.4265740000001,
               "lla" : [ 120.7792305, -27.258413910000002, -71581.458759999994 ],
               "radarID" : 13093,
               "targetType" : 3,
               "trueID" : 799,
               "velocity" : [ 261.75998249999998, 145.66894500000001, 16.194753410000001 ]
            }
         ]
      }
   ],
   "terminator" : 0
}
