{
   "data" : [
      {
         "radarID" : 13135,
         "tracks" : [
            {
               "detectedID" : 1004,
               "detectedTime" : 272.60000000000002,
               "entityID" : 13135,
               "height" : 3182.6938289999998,
               "lla" : [ 122.68038110000001, -28.526745940000001, 54263.029750000002 ],
               "radarID" : 13135,
               "targetType" : 3,
               "trueID" : 799,
               "velocity" : [ 115.54104479999999, -88.734074620000001, 262.25279970000003 ]
            }
         ]
      },
      {
         "radarID" : 13142,
         "tracks" : [
            {
               "detectedID" : 1004,
               "detectedTime" : 272.60000000000002,
               "entityID" : 13142,
               "height" : 4901.8451640000003,
               "lla" : [ 122.6797894, -28.526316399999999, 55966.601470000001 ],
               "radarID" : 13142,
               "targetType" : 3,
               "trueID" : 799,
               "velocity" : [ 115.54104479999999, -88.734074620000001, 262.25279970000003 ]
            },
            {
               "detectedID" : 1002,
               "detectedTime" : 272.60000000000002,
               "entityID" : 13142,
               "height" : 4873.4223620000002,
               "lla" : [ 122.84989539999999, -28.637193759999999, 62453.155830000003 ],
               "radarID" : 13142,
               "targetType" : 3,
               "trueID" : 793,
               "velocity" : [ -143.779414, -198.74813169999999, 172.7039671 ]
            }
         ]
      }
   ],
   "terminator" : 0
}
