{
   "data" : [
      {
         "radarID" : 12981,
         "tracks" : [
            {
               "detectedID" : 1006,
               "detectedTime" : 1127.4000000000001,
               "entityID" : 12981,
               "height" : 152.83017950000001,
               "lla" : [ 121.3048292, -27.617077599999998, -131262.3953 ],
               "radarID" : 12981,
               "targetType" : 3,
               "trueID" : 811,
               "velocity" : [ 267.86190770000002, 107.0973219, 82.341739480000001 ]
            }
         ]
      },
      {
         "radarID" : 12988,
         "tracks" : [
            {
               "detectedID" : 1006,
               "detectedTime" : 1127.4000000000001,
               "entityID" : 12988,
               "height" : 5687.3020990000005,
               "lla" : [ 121.30883040000001, -27.61963613, -125705.4077 ],
               "radarID" : 12988,
               "targetType" : 3,
               "trueID" : 811,
               "velocity" : [ 267.86190770000002, 107.0973219, 82.341739480000001 ]
            }
         ]
      },
      {
         "radarID" : 13051,
         "tracks" : [
            {
               "detectedID" : 1004,
               "detectedTime" : 1127.4000000000001,
               "entityID" : 13051,
               "height" : 341.66316260000002,
               "lla" : [ 120.76550020000001, -27.249060029999999, -72890.0141 ],
               "radarID" : 13051,
               "targetType" : 3,
               "trueID" : 799,
               "velocity" : [ 261.7821553, 145.63170969999999, 16.17121831 ]
            }
         ]
      }
   ],
   "terminator" : 0
}
