{
   "data" : [
      {
         "radarID" : 13009,
         "tracks" : [
            {
               "detectedID" : 1001,
               "detectedTime" : 1127.55,
               "entityID" : 13009,
               "height" : 231.59308830000001,
               "lla" : [ 120.88703169999999, -27.334052150000002, -151398.71859999999 ],
               "radarID" : 13009,
               "targetType" : 3,
               "trueID" : 817,
               "velocity" : [ 268.4742597, 101.7182894, 87.034254809999993 ]
            }
         ]
      }
   ],
   "terminator" : 0
}
