{
   "data" : [
      {
         "radarID" : 13086,
         "tracks" : [
            {
               "detectedID" : 1003,
               "detectedTime" : 1128.8,
               "entityID" : 13086,
               "height" : 984.53983349999999,
               "lla" : [ 120.6244751, -27.153748780000001, -123045.48480000001 ],
               "radarID" : 13086,
               "targetType" : 3,
               "trueID" : 781,
               "velocity" : [ 247.85417090000001, 39.807925449999999, 164.26697490000001 ]
            }
         ]
      }
   ],
   "terminator" : 0
}
