{
   "data" : [
      {
         "radarID" : 13023,
         "tracks" : [
            {
               "detectedID" : 1005,
               "detectedTime" : 1130.1500000000001,
               "entityID" : 13023,
               "height" : 5394.2264100000002,
               "lla" : [ 120.97155050000001, -27.390770459999999, -118022.7188 ],
               "radarID" : 13023,
               "targetType" : 3,
               "trueID" : 805,
               "velocity" : [ 267.1547534, 127.131047, 49.659184689999996 ]
            }
         ]
      },
      {
         "radarID" : 13135,
         "tracks" : [
            {
               "detectedID" : 1001,
               "detectedTime" : 1130.1500000000001,
               "entityID" : 13135,
               "height" : 4190.0011969999996,
               "lla" : [ 120.8825949, -27.330935700000001, -147889.97829999999 ],
               "radarID" : 13135,
               "targetType" : 3,
               "trueID" : 817,
               "velocity" : [ 268.49052030000001, 101.690997, 87.015984880000005 ]
            }
         ]
      },
      {
         "radarID" : 13142,
         "tracks" : [
            {
               "detectedID" : 1004,
               "detectedTime" : 1130.1500000000001,
               "entityID" : 13142,
               "height" : 5001.7458770000003,
               "lla" : [ 120.7592703, -27.244691029999998, -68564.453880000001 ],
               "radarID" : 13142,
               "targetType" : 3,
               "trueID" : 799,
               "velocity" : [ 261.79957180000002, 145.6024506, 16.152726139999999 ]
            }
         ]
      }
   ],
   "terminator" : 0
}
