{
   "data" : [
      {
         "radarID" : 13135,
         "tracks" : [
            {
               "detectedID" : 1005,
               "detectedTime" : 1130.25,
               "entityID" : 13135,
               "height" : 2750.3618660000002,
               "lla" : [ 120.9714829, -27.390792640000001, -120680.0647 ],
               "radarID" : 13135,
               "targetType" : 3,
               "trueID" : 805,
               "velocity" : [ 267.15538320000002, 127.12999430000001, 49.658491320000003 ]
            }
         ]
      }
   ],
   "terminator" : 0
}
