{
   "data" : [
      {
         "radarID" : 13114,
         "tracks" : [
            {
               "detectedID" : 1001,
               "detectedTime" : 1131.4000000000001,
               "entityID" : 13114,
               "height" : 992.35488929999997,
               "lla" : [ 120.880224, -27.329404010000001, -151185.5527 ],
               "radarID" : 13114,
               "targetType" : 3,
               "trueID" : 817,
               "velocity" : [ 268.49833649999999, 101.6778752, 87.007200789999999 ]
            }
         ]
      }
   ],
   "terminator" : 0
}
