{
   "data" : [
      {
         "radarID" : 13114,
         "tracks" : [
            {
               "detectedID" : 1005,
               "detectedTime" : 1132.0999999999999,
               "entityID" : 13114,
               "height" : 781.73354300000005,
               "lla" : [ 120.9675075, -27.388140929999999, -122782.4846 ],
               "radarID" : 13114,
               "targetType" : 3,
               "trueID" : 805,
               "velocity" : [ 267.16703319999999, 127.1105206, 49.645663730000003 ]
            }
         ]
      }
   ],
   "terminator" : 0
}
