{
   "data" : [
      {
         "radarID" : 13107,
         "tracks" : [
            {
               "detectedID" : 1005,
               "detectedTime" : 1132.1500000000001,
               "entityID" : 13107,
               "height" : 5400.780667,
               "lla" : [ 120.96553160000001, -27.386681240000001, -118313.29790000001 ],
               "radarID" : 13107,
               "targetType" : 3,
               "trueID" : 805,
               "velocity" : [ 267.167348, 127.1099943, 49.645317040000002 ]
            }
         ]
      }
   ],
   "terminator" : 0
}
