{
   "data" : [
      {
         "radarID" : 13093,
         "tracks" : [
            {
               "detectedID" : 1002,
               "detectedTime" : 1132.9000000000001,
               "entityID" : 13093,
               "height" : 996.84012310000003,
               "lla" : [ 121.1640505, -27.520753760000002, -89026.718559999994 ],
               "radarID" : 13093,
               "targetType" : 3,
               "trueID" : 793,
               "velocity" : [ 253.45183180000001, 55.554022089999997, 150.58525689999999 ]
            }
         ]
      },
      {
         "radarID" : 13107,
         "tracks" : [
            {
               "detectedID" : 1002,
               "detectedTime" : 1132.9000000000001,
               "entityID" : 13107,
               "height" : 5018.0947050000004,
               "lla" : [ 121.1626492, -27.519705290000001, -85144.10325 ],
               "radarID" : 13107,
               "targetType" : 3,
               "trueID" : 793,
               "velocity" : [ 253.45183180000001, 55.554022089999997, 150.58525689999999 ]
            }
         ]
      }
   ],
   "terminator" : 0
}
