{
   "data" : [
      {
         "radarID" : 12981,
         "tracks" : [
            {
               "detectedID" : 1001,
               "detectedTime" : 273.25,
               "entityID" : 12981,
               "height" : 2445.030217,
               "lla" : [ 123.3687556, -28.974809019999999, -3653.623384 ],
               "radarID" : 12981,
               "targetType" : 3,
               "trueID" : 817,
               "velocity" : [ 262.9158291, 110.60186040000001, 92.965021859999993 ]
            }
         ]
      },
      {
         "radarID" : 12988,
         "tracks" : [
            {
               "detectedID" : 1001,
               "detectedTime" : 273.25,
               "entityID" : 12988,
               "height" : 5876.0283440000003,
               "lla" : [ 123.3676232, -28.973994520000002, -308.21373039999997 ],
               "radarID" : 12988,
               "targetType" : 3,
               "trueID" : 817,
               "velocity" : [ 262.9158291, 110.60186040000001, 92.965021859999993 ]
            },
            {
               "detectedID" : 1005,
               "detectedTime" : 273.25,
               "entityID" : 12988,
               "height" : 5708.1069349999998,
               "lla" : [ 123.55936629999999, -29.096787379999999, 11747.74266 ],
               "radarID" : 12988,
               "targetType" : 3,
               "trueID" : 805,
               "velocity" : [ 261.5431542, 136.04567040000001, 55.558564130000001 ]
            }
         ]
      },
      {
         "radarID" : 13002,
         "tracks" : [
            {
               "detectedID" : 1005,
               "detectedTime" : 273.25,
               "entityID" : 13002,
               "height" : 4761.3884319999997,
               "lla" : [ 123.5596106, -29.096967899999999, 10807.9985 ],
               "radarID" : 13002,
               "targetType" : 3,
               "trueID" : 805,
               "velocity" : [ 261.5431542, 136.04567040000001, 55.558564130000001 ]
            }
         ]
      }
   ],
   "terminator" : 0
}
