{
   "data" : [
      {
         "radarID" : 12924,
         "tracks" : [
            {
               "detectedID" : 1001,
               "detectedTime" : 1135.05,
               "entityID" : 12924,
               "height" : 3775.0683130000002,
               "lla" : [ 120.8682159, -27.321158100000002, -149058.63279999999 ],
               "radarID" : 12924,
               "targetType" : 3,
               "trueID" : 817,
               "velocity" : [ 268.52115450000002, 101.6395574, 86.981549540000003 ]
            }
         ]
      },
      {
         "radarID" : 12995,
         "tracks" : [
            {
               "detectedID" : 1006,
               "detectedTime" : 1135.05,
               "entityID" : 12995,
               "height" : 5687.5191709999999,
               "lla" : [ 121.28632930000001, -27.604468579999999, -126975.08530000001 ],
               "radarID" : 12995,
               "targetType" : 3,
               "trueID" : 811,
               "velocity" : [ 267.91036059999999, 107.01731959999999, 82.288103599999999 ]
            }
         ]
      }
   ],
   "terminator" : 0
}
