{
   "data" : [
      {
         "radarID" : 12903,
         "tracks" : [
            {
               "detectedID" : 1005,
               "detectedTime" : 1135.3499999999999,
               "entityID" : 12903,
               "height" : 5397.2848569999996,
               "lla" : [ 120.95579170000001, -27.380063029999999, -118794.2401 ],
               "radarID" : 12903,
               "targetType" : 3,
               "trueID" : 805,
               "velocity" : [ 267.18749450000001, 127.0763077, 49.623127859999997 ]
            }
         ]
      },
      {
         "radarID" : 12910,
         "tracks" : [
            {
               "detectedID" : 1005,
               "detectedTime" : 1135.3499999999999,
               "entityID" : 12910,
               "height" : 3333.807229,
               "lla" : [ 120.9556243, -27.380000119999998, -120781.6563 ],
               "radarID" : 12910,
               "targetType" : 3,
               "trueID" : 805,
               "velocity" : [ 267.18749450000001, 127.0763077, 49.623127859999997 ]
            }
         ]
      },
      {
         "radarID" : 12917,
         "tracks" : [
            {
               "detectedID" : 1005,
               "detectedTime" : 1135.3499999999999,
               "entityID" : 12917,
               "height" : 2986.1355090000002,
               "lla" : [ 120.9555194, -27.379937200000001, -121112.5775 ],
               "radarID" : 12917,
               "targetType" : 3,
               "trueID" : 805,
               "velocity" : [ 267.18749450000001, 127.0763077, 49.623127859999997 ]
            }
         ]
      }
   ],
   "terminator" : 0
}
