{
   "data" : [
      {
         "radarID" : 12931,
         "tracks" : [
            {
               "detectedID" : 1006,
               "detectedTime" : 1136.5999999999999,
               "entityID" : 12931,
               "height" : 5683.5237520000001,
               "lla" : [ 121.2818146, -27.601424550000001, -127236.5376 ],
               "radarID" : 12931,
               "targetType" : 3,
               "trueID" : 811,
               "velocity" : [ 267.9201736, 107.0011083, 82.277234890000003 ]
            }
         ]
      },
      {
         "radarID" : 12938,
         "tracks" : [
            {
               "detectedID" : 1006,
               "detectedTime" : 1136.5999999999999,
               "entityID" : 12938,
               "height" : 5683.575339,
               "lla" : [ 121.28181360000001, -27.601423870000001, -127236.6606 ],
               "radarID" : 12938,
               "targetType" : 3,
               "trueID" : 811,
               "velocity" : [ 267.9201736, 107.0011083, 82.277234890000003 ]
            }
         ]
      },
      {
         "radarID" : 12974,
         "tracks" : [
            {
               "detectedID" : 1006,
               "detectedTime" : 1136.5999999999999,
               "entityID" : 12974,
               "height" : 5685.1029259999996,
               "lla" : [ 121.2817163, -27.601358139999999, -127236.1486 ],
               "radarID" : 12974,
               "targetType" : 3,
               "trueID" : 811,
               "velocity" : [ 267.9201736, 107.0011083, 82.277234890000003 ]
            }
         ]
      }
   ],
   "terminator" : 0
}
