{
   "data" : [
      {
         "radarID" : 12988,
         "tracks" : [
            {
               "detectedID" : 1005,
               "detectedTime" : 1136.8,
               "entityID" : 12988,
               "height" : 5387.894123,
               "lla" : [ 120.9514405, -27.377106099999999, -119013.09880000001 ],
               "radarID" : 12988,
               "targetType" : 3,
               "trueID" : 805,
               "velocity" : [ 267.19662140000003, 127.0610425, 49.613073020000002 ]
            }
         ]
      }
   ],
   "terminator" : 0
}
