{
   "data" : [
      {
         "radarID" : 13093,
         "tracks" : [
            {
               "detectedID" : 1005,
               "detectedTime" : 1142.1500000000001,
               "entityID" : 13093,
               "height" : 603.51322779999998,
               "lla" : [ 120.93719609999999, -27.36754457, -124430.83440000001 ],
               "radarID" : 13093,
               "targetType" : 3,
               "trueID" : 805,
               "velocity" : [ 267.23028570000002, 127.0047141, 49.575972120000003 ]
            }
         ]
      },
      {
         "radarID" : 13107,
         "tracks" : [
            {
               "detectedID" : 1005,
               "detectedTime" : 1142.1500000000001,
               "entityID" : 13107,
               "height" : 5396.2953980000002,
               "lla" : [ 120.93519499999999, -27.36606252, -119795.4287 ],
               "radarID" : 13107,
               "targetType" : 3,
               "trueID" : 805,
               "velocity" : [ 267.23028570000002, 127.0047141, 49.575972120000003 ]
            }
         ]
      }
   ],
   "terminator" : 0
}
