{
   "data" : [
      {
         "radarID" : 13114,
         "tracks" : [
            {
               "detectedID" : 1002,
               "detectedTime" : 1142.75,
               "entityID" : 13114,
               "height" : 1050.7597029999999,
               "lla" : [ 121.1392536, -27.503993579999999, -90862.097890000005 ],
               "radarID" : 13114,
               "targetType" : 3,
               "trueID" : 793,
               "velocity" : [ 253.51469119999999, 55.450015229999998, 150.51776359999999 ]
            }
         ]
      }
   ],
   "terminator" : 0
}
