{
   "data" : [
      {
         "radarID" : 12931,
         "tracks" : [
            {
               "detectedID" : 1005,
               "detectedTime" : 273.75,
               "entityID" : 12931,
               "height" : 5707.8593760000003,
               "lla" : [ 123.5577991, -29.09578565, 11663.68663 ],
               "radarID" : 12931,
               "targetType" : 3,
               "trueID" : 805,
               "velocity" : [ 261.54655309999998, 136.04053139999999, 55.555147339999998 ]
            }
         ]
      },
      {
         "radarID" : 12938,
         "tracks" : [
            {
               "detectedID" : 1005,
               "detectedTime" : 273.75,
               "entityID" : 12938,
               "height" : 5707.3014679999997,
               "lla" : [ 123.5577667, -29.095765020000002, 11659.34095 ],
               "radarID" : 12938,
               "targetType" : 3,
               "trueID" : 805,
               "velocity" : [ 261.54655309999998, 136.04053139999999, 55.555147339999998 ]
            }
         ]
      },
      {
         "radarID" : 12974,
         "tracks" : [
            {
               "detectedID" : 1005,
               "detectedTime" : 273.75,
               "entityID" : 12974,
               "height" : 5700.872993,
               "lla" : [ 123.5576569, -29.095695240000001, 11637.92863 ],
               "radarID" : 12974,
               "targetType" : 3,
               "trueID" : 805,
               "velocity" : [ 261.54655309999998, 136.04053139999999, 55.555147339999998 ]
            }
         ]
      }
   ],
   "terminator" : 0
}
