{
   "data" : [
      {
         "radarID" : 13023,
         "tracks" : [
            {
               "detectedID" : 1004,
               "detectedTime" : 1149.8499999999999,
               "entityID" : 13023,
               "height" : 5001.4347719999996,
               "lla" : [ 120.6990555, -27.203547560000001, -71077.254780000003 ],
               "radarID" : 13023,
               "targetType" : 3,
               "trueID" : 799,
               "velocity" : [ 261.92421000000002, 145.39277799999999, 16.020246759999999 ]
            }
         ]
      }
   ],
   "terminator" : 0
}
