{
   "data" : [
      {
         "radarID" : 13142,
         "tracks" : [
            {
               "detectedID" : 1006,
               "detectedTime" : 1150.3499999999999,
               "entityID" : 13142,
               "height" : 5684.3308029999998,
               "lla" : [ 121.2412356, -27.574048210000001, -129518.64350000001 ],
               "radarID" : 13142,
               "targetType" : 3,
               "trueID" : 811,
               "velocity" : [ 268.00716249999999, 106.8572739, 82.180799780000001 ]
            }
         ]
      }
   ],
   "terminator" : 0
}
