{
   "data" : [
      {
         "radarID" : 13114,
         "tracks" : [
            {
               "detectedID" : 1006,
               "detectedTime" : 1151.7,
               "entityID" : 13114,
               "height" : 1508.187418,
               "lla" : [ 121.23872179999999, -27.57245885, -133809.5863 ],
               "radarID" : 13114,
               "targetType" : 3,
               "trueID" : 811,
               "velocity" : [ 268.01569719999998, 106.8431496, 82.171329749999998 ]
            }
         ]
      }
   ],
   "terminator" : 0
}
