{
   "data" : [
      {
         "radarID" : 13009,
         "tracks" : [
            {
               "detectedID" : 1004,
               "detectedTime" : 1155.7,
               "entityID" : 13009,
               "height" : 2180.446469,
               "lla" : [ 120.68080190000001, -27.191133149999999, -74579.661489999999 ],
               "radarID" : 13009,
               "targetType" : 3,
               "trueID" : 799,
               "velocity" : [ 261.9611787, 145.33049080000001, 15.98090369 ]
            }
         ]
      }
   ],
   "terminator" : 0
}
