{
   "data" : [
      {
         "radarID" : 12931,
         "tracks" : [
            {
               "detectedID" : 1004,
               "detectedTime" : 1156.0,
               "entityID" : 12931,
               "height" : 5008.6219289999999,
               "lla" : [ 120.6802852, -27.190710750000001, -71861.129400000005 ],
               "radarID" : 12931,
               "targetType" : 3,
               "trueID" : 799,
               "velocity" : [ 261.96307409999997, 145.32729620000001, 15.97888607 ]
            }
         ]
      },
      {
         "radarID" : 12938,
         "tracks" : [
            {
               "detectedID" : 1002,
               "detectedTime" : 1156.0,
               "entityID" : 12938,
               "height" : 5007.1471929999998,
               "lla" : [ 121.1044186, -27.480334089999999, -89576.056649999999 ],
               "radarID" : 12938,
               "targetType" : 3,
               "trueID" : 793,
               "velocity" : [ 253.59916229999999, 55.310089310000002, 150.42692210000001 ]
            },
            {
               "detectedID" : 1004,
               "detectedTime" : 1156.0,
               "entityID" : 12938,
               "height" : 5009.8662029999996,
               "lla" : [ 120.6802296, -27.190672589999998, -71859.221810000003 ],
               "radarID" : 12938,
               "targetType" : 3,
               "trueID" : 799,
               "velocity" : [ 261.96307409999997, 145.32729620000001, 15.97888607 ]
            }
         ]
      },
      {
         "radarID" : 12974,
         "tracks" : [
            {
               "detectedID" : 1002,
               "detectedTime" : 1156.0,
               "entityID" : 12974,
               "height" : 5010.4025929999998,
               "lla" : [ 121.10431060000001, -27.48026067, -89571.789059999996 ],
               "radarID" : 12974,
               "targetType" : 3,
               "trueID" : 793,
               "velocity" : [ 253.59916229999999, 55.310089310000002, 150.42692210000001 ]
            }
         ]
      }
   ],
   "terminator" : 0
}
