{
   "data" : [
      {
         "radarID" : 12931,
         "tracks" : [
            {
               "detectedID" : 1006,
               "detectedTime" : 1156.7,
               "entityID" : 12931,
               "height" : 5674.7762560000001,
               "lla" : [ 121.2226593, -27.5615077, -130579.34759999999 ],
               "radarID" : 12931,
               "targetType" : 3,
               "trueID" : 811,
               "velocity" : [ 268.04729780000002, 106.7908336, 82.136252659999997 ]
            }
         ]
      },
      {
         "radarID" : 12995,
         "tracks" : [
            {
               "detectedID" : 1001,
               "detectedTime" : 1156.7,
               "entityID" : 12995,
               "height" : 5450.291784,
               "lla" : [ 120.80487050000001, -27.277964480000001, -151074.36470000001 ],
               "radarID" : 12995,
               "targetType" : 3,
               "trueID" : 817,
               "velocity" : [ 268.65633709999997, 101.41221419999999, 86.829346099999995 ]
            }
         ]
      }
   ],
   "terminator" : 0
}
