{
   "data" : [
      {
         "radarID" : 13023,
         "tracks" : [
            {
               "detectedID" : 1001,
               "detectedTime" : 1160.0,
               "entityID" : 13023,
               "height" : 5460.7716339999997,
               "lla" : [ 120.7953124, -27.271448490000001, -151642.0969 ],
               "radarID" : 13023,
               "targetType" : 3,
               "trueID" : 817,
               "velocity" : [ 268.67691789999998, 101.3775523, 86.806138559999994 ]
            }
         ]
      },
      {
         "radarID" : 13135,
         "tracks" : [
            {
               "detectedID" : 1004,
               "detectedTime" : 1160.0,
               "entityID" : 13135,
               "height" : 481.88472289999999,
               "lla" : [ 120.6680897, -27.182482100000001, -76925.391440000007 ],
               "radarID" : 13135,
               "targetType" : 3,
               "trueID" : 799,
               "velocity" : [ 261.98833980000001, 145.28469989999999, 15.95198405 ]
            }
         ]
      }
   ],
   "terminator" : 0
}
