{
   "data" : [
      {
         "radarID" : 13023,
         "tracks" : [
            {
               "detectedID" : 1002,
               "detectedTime" : 1160.3499999999999,
               "entityID" : 13023,
               "height" : 5005.1737249999996,
               "lla" : [ 121.0933995, -27.47287759, -90404.248959999997 ],
               "radarID" : 13023,
               "targetType" : 3,
               "trueID" : 793,
               "velocity" : [ 253.6268728, 55.264146820000001, 150.39708590000001 ]
            }
         ]
      },
      {
         "radarID" : 13135,
         "tracks" : [
            {
               "detectedID" : 1006,
               "detectedTime" : 1160.3499999999999,
               "entityID" : 13135,
               "height" : 4220.3147769999996,
               "lla" : [ 121.21211529999999, -27.554425070000001, -132641.2096 ],
               "radarID" : 13135,
               "targetType" : 3,
               "trueID" : 811,
               "velocity" : [ 268.07035689999998, 106.7526392, 82.110643499999995 ]
            }
         ]
      },
      {
         "radarID" : 13142,
         "tracks" : [
            {
               "detectedID" : 1006,
               "detectedTime" : 1160.3499999999999,
               "entityID" : 13142,
               "height" : 5680.279931,
               "lla" : [ 121.21184909999999, -27.554207170000002, -131182.57639999999 ],
               "radarID" : 13142,
               "targetType" : 3,
               "trueID" : 811,
               "velocity" : [ 268.07035689999998, 106.7526392, 82.110643499999995 ]
            }
         ]
      }
   ],
   "terminator" : 0
}
