{
   "data" : [
      {
         "radarID" : 13107,
         "tracks" : [
            {
               "detectedID" : 1001,
               "detectedTime" : 1161.3499999999999,
               "entityID" : 13107,
               "height" : 5445.6099009999998,
               "lla" : [ 120.7912707, -27.268692139999999, -151858.7647 ],
               "radarID" : 13107,
               "targetType" : 3,
               "trueID" : 817,
               "velocity" : [ 268.68533539999999, 101.3633717, 86.796643959999997 ]
            }
         ]
      }
   ],
   "terminator" : 0
}
