{
   "data" : [
      {
         "radarID" : 13114,
         "tracks" : [
            {
               "detectedID" : 1003,
               "detectedTime" : 1162.25,
               "entityID" : 13114,
               "height" : 248.50663990000001,
               "lla" : [ 120.5441546, -27.098785800000002, -130286.1333 ],
               "radarID" : 13114,
               "targetType" : 3,
               "trueID" : 781,
               "velocity" : [ 248.0638859, 39.45313539, 164.03584559999999 ]
            }
         ]
      }
   ],
   "terminator" : 0
}
