{
   "data" : [
      {
         "radarID" : 12924,
         "tracks" : [
            {
               "detectedID" : 1006,
               "detectedTime" : 1164.8499999999999,
               "entityID" : 12924,
               "height" : 3960.4453109999999,
               "lla" : [ 121.1988064, -27.545439760000001, -133583.01389999999 ],
               "radarID" : 12924,
               "targetType" : 3,
               "trueID" : 811,
               "velocity" : [ 268.09877499999999, 106.705546, 82.079067230000007 ]
            }
         ]
      }
   ],
   "terminator" : 0
}
