{
   "data" : [
      {
         "radarID" : 12910,
         "tracks" : [
            {
               "detectedID" : 1005,
               "detectedTime" : 1165.45,
               "entityID" : 12910,
               "height" : 3352.0334109999999,
               "lla" : [ 120.8643332, -27.317894809999999, -125215.9161 ],
               "radarID" : 12910,
               "targetType" : 3,
               "trueID" : 805,
               "velocity" : [ 267.37670159999999, 126.75930289999999, 49.414355739999998 ]
            }
         ]
      },
      {
         "radarID" : 12995,
         "tracks" : [
            {
               "detectedID" : 1006,
               "detectedTime" : 1165.45,
               "entityID" : 12995,
               "height" : 5673.8267180000003,
               "lla" : [ 121.1969081, -27.54411421, -132029.99650000001 ],
               "radarID" : 12995,
               "targetType" : 3,
               "trueID" : 811,
               "velocity" : [ 268.10256320000002, 106.69926649999999, 82.074856780000005 ]
            }
         ]
      }
   ],
   "terminator" : 0
}
