{
   "data" : [
      {
         "radarID" : 12995,
         "tracks" : [
            {
               "detectedID" : 1004,
               "detectedTime" : 1165.5,
               "entityID" : 12995,
               "height" : 4861.4378800000004,
               "lla" : [ 120.6512311, -27.170833649999999, -73213.303469999999 ],
               "radarID" : 12995,
               "targetType" : 3,
               "trueID" : 799,
               "velocity" : [ 262.0230651, 145.2261216, 15.914992829999999 ]
            }
         ]
      }
   ],
   "terminator" : 0
}
