{
   "data" : [
      {
         "radarID" : 12931,
         "tracks" : [
            {
               "detectedID" : 1001,
               "detectedTime" : 1167.0,
               "entityID" : 12931,
               "height" : 5447.204232,
               "lla" : [ 120.7747509, -27.257424790000002, -152803.63440000001 ],
               "radarID" : 12931,
               "targetType" : 3,
               "trueID" : 817,
               "velocity" : [ 268.72055269999998, 101.3040189, 86.756903500000007 ]
            }
         ]
      },
      {
         "radarID" : 12938,
         "tracks" : [
            {
               "detectedID" : 1001,
               "detectedTime" : 1167.0,
               "entityID" : 12938,
               "height" : 5446.3016019999995,
               "lla" : [ 120.7748371, -27.25748368, -152802.42800000001 ],
               "radarID" : 12938,
               "targetType" : 3,
               "trueID" : 817,
               "velocity" : [ 268.72055269999998, 101.3040189, 86.756903500000007 ]
            }
         ]
      },
      {
         "radarID" : 12974,
         "tracks" : [
            {
               "detectedID" : 1001,
               "detectedTime" : 1167.0,
               "entityID" : 12974,
               "height" : 5445.9785780000002,
               "lla" : [ 120.7748081, -27.257463900000001, -152803.1023 ],
               "radarID" : 12974,
               "targetType" : 3,
               "trueID" : 817,
               "velocity" : [ 268.72055269999998, 101.3040189, 86.756903500000007 ]
            }
         ]
      }
   ],
   "terminator" : 0
}
