{
   "data" : [
      {
         "radarID" : 13009,
         "tracks" : [
            {
               "detectedID" : 1006,
               "detectedTime" : 1167.4000000000001,
               "entityID" : 13009,
               "height" : 51.336479339999997,
               "lla" : [ 121.1844883, -27.53586026, -138082.07000000001 ],
               "radarID" : 13009,
               "targetType" : 3,
               "trueID" : 811,
               "velocity" : [ 268.1148733, 106.67885769999999, 82.061172380000002 ]
            }
         ]
      }
   ],
   "terminator" : 0
}
