{
   "data" : [
      {
         "radarID" : 12995,
         "tracks" : [
            {
               "detectedID" : 1004,
               "detectedTime" : 1175.55,
               "entityID" : 12995,
               "height" : 5075.4521420000001,
               "lla" : [ 120.62049759999999, -27.149784230000002, -74282.646840000001 ],
               "radarID" : 12995,
               "targetType" : 3,
               "trueID" : 799,
               "velocity" : [ 262.08647259999998, 145.11905770000001, 15.84739692 ]
            }
         ]
      }
   ],
   "terminator" : 0
}
