{
   "data" : [
      {
         "radarID" : 12938,
         "tracks" : [
            {
               "detectedID" : 1006,
               "detectedTime" : 1176.7,
               "entityID" : 12938,
               "height" : 5665.1866060000002,
               "lla" : [ 121.1638578, -27.5217758, -133902.777 ],
               "radarID" : 12938,
               "targetType" : 3,
               "trueID" : 811,
               "velocity" : [ 268.17355220000002, 106.5815111, 81.995898749999995 ]
            }
         ]
      }
   ],
   "terminator" : 0
}
