{
   "data" : [
      {
         "radarID" : 12931,
         "tracks" : [
            {
               "detectedID" : 1006,
               "detectedTime" : 1176.75,
               "entityID" : 12931,
               "height" : 5665.8357139999998,
               "lla" : [ 121.16364849999999, -27.521634200000001, -133911.2849 ],
               "radarID" : 12931,
               "targetType" : 3,
               "trueID" : 811,
               "velocity" : [ 268.17386749999997, 106.58098769999999, 81.995547770000002 ]
            }
         ]
      },
      {
         "radarID" : 12974,
         "tracks" : [
            {
               "detectedID" : 1006,
               "detectedTime" : 1176.75,
               "entityID" : 12974,
               "height" : 5665.5925980000002,
               "lla" : [ 121.1636651, -27.52164544, -133911.2323 ],
               "radarID" : 12974,
               "targetType" : 3,
               "trueID" : 811,
               "velocity" : [ 268.17386749999997, 106.58098769999999, 81.995547770000002 ]
            }
         ]
      }
   ],
   "terminator" : 0
}
