{
   "data" : [
      {
         "radarID" : 13030,
         "tracks" : [
            {
               "detectedID" : 1001,
               "detectedTime" : 291.55000000000001,
               "entityID" : 13030,
               "height" : 3427.1164920000001,
               "lla" : [ 123.3155802, -28.94062812, -5910.902384 ],
               "radarID" : 13030,
               "targetType" : 3,
               "trueID" : 817,
               "velocity" : [ 263.03937120000001, 110.41336990000001, 92.839522520000003 ]
            }
         ]
      },
      {
         "radarID" : 13037,
         "tracks" : [
            {
               "detectedID" : 1001,
               "detectedTime" : 291.55000000000001,
               "entityID" : 13037,
               "height" : 3374.6085320000002,
               "lla" : [ 123.3156158, -28.940652450000002, -5966.2139289999996 ],
               "radarID" : 13037,
               "targetType" : 3,
               "trueID" : 817,
               "velocity" : [ 263.03937120000001, 110.41336990000001, 92.839522520000003 ]
            }
         ]
      },
      {
         "radarID" : 13044,
         "tracks" : [
            {
               "detectedID" : 1001,
               "detectedTime" : 291.55000000000001,
               "entityID" : 13044,
               "height" : 3470.9007099999999,
               "lla" : [ 123.3156867, -28.940695519999998, -5863.7673850000001 ],
               "radarID" : 13044,
               "targetType" : 3,
               "trueID" : 817,
               "velocity" : [ 263.03937120000001, 110.41336990000001, 92.839522520000003 ]
            }
         ]
      }
   ],
   "terminator" : 0
}
