{
   "data" : [
      {
         "radarID" : 13009,
         "tracks" : [
            {
               "detectedID" : 1006,
               "detectedTime" : 1177.45,
               "entityID" : 13009,
               "height" : 63.021524679999999,
               "lla" : [ 121.1555577, -27.5163017, -139724.45850000001 ],
               "radarID" : 13009,
               "targetType" : 3,
               "trueID" : 811,
               "velocity" : [ 268.17828209999999, 106.57365969999999, 81.990634060000005 ]
            }
         ]
      },
      {
         "radarID" : 13051,
         "tracks" : [
            {
               "detectedID" : 1004,
               "detectedTime" : 1177.45,
               "entityID" : 13051,
               "height" : 513.39264179999998,
               "lla" : [ 120.6128398, -27.14465126, -79085.552290000007 ],
               "radarID" : 13051,
               "targetType" : 3,
               "trueID" : 799,
               "velocity" : [ 262.09845350000001, 145.0988132, 15.83461717 ]
            }
         ]
      },
      {
         "radarID" : 13058,
         "tracks" : [
            {
               "detectedID" : 1004,
               "detectedTime" : 1177.45,
               "entityID" : 13058,
               "height" : 5000.7311570000002,
               "lla" : [ 120.6147017, -27.145815639999999, -74591.397549999994 ],
               "radarID" : 13058,
               "targetType" : 3,
               "trueID" : 799,
               "velocity" : [ 262.09845350000001, 145.0988132, 15.83461717 ]
            }
         ]
      }
   ],
   "terminator" : 0
}
