{
   "data" : [
      {
         "radarID" : 13030,
         "tracks" : [
            {
               "detectedID" : 1005,
               "detectedTime" : 291.69999999999999,
               "entityID" : 13030,
               "height" : 3814.8142979999998,
               "lla" : [ 123.5045873, -29.061797460000001, 7018.6837070000001 ],
               "radarID" : 13030,
               "targetType" : 3,
               "trueID" : 805,
               "velocity" : [ 261.6684755, 135.85599289999999, 55.43246422 ]
            }
         ]
      },
      {
         "radarID" : 13037,
         "tracks" : [
            {
               "detectedID" : 1005,
               "detectedTime" : 291.69999999999999,
               "entityID" : 13037,
               "height" : 3760.59771,
               "lla" : [ 123.50460579999999, -29.061810640000001, 6967.0552729999999 ],
               "radarID" : 13037,
               "targetType" : 3,
               "trueID" : 805,
               "velocity" : [ 261.6684755, 135.85599289999999, 55.43246422 ]
            }
         ]
      },
      {
         "radarID" : 13044,
         "tracks" : [
            {
               "detectedID" : 1005,
               "detectedTime" : 291.69999999999999,
               "entityID" : 13044,
               "height" : 3859.2966350000002,
               "lla" : [ 123.50457350000001, -29.06178744, 7062.8216009999996 ],
               "radarID" : 13044,
               "targetType" : 3,
               "trueID" : 805,
               "velocity" : [ 261.6684755, 135.85599289999999, 55.43246422 ]
            }
         ]
      }
   ],
   "terminator" : 0
}
