{
   "data" : [
      {
         "radarID" : 13086,
         "tracks" : [
            {
               "detectedID" : 1003,
               "detectedTime" : 1178.75,
               "entityID" : 13086,
               "height" : 986.87220930000001,
               "lla" : [ 120.5043282, -27.071467819999999, -132787.57560000001 ],
               "radarID" : 13086,
               "targetType" : 3,
               "trueID" : 781,
               "velocity" : [ 248.16710599999999, 39.278092239999999, 163.9216855 ]
            }
         ]
      }
   ],
   "terminator" : 0
}
