{
   "data" : [
      {
         "radarID" : 13142,
         "tracks" : [
            {
               "detectedID" : 1001,
               "detectedTime" : 1180.0,
               "entityID" : 13142,
               "height" : 5448.7896330000003,
               "lla" : [ 120.73669839999999, -27.231455059999998, -154983.44219999999 ],
               "radarID" : 13142,
               "targetType" : 3,
               "trueID" : 817,
               "velocity" : [ 268.80151169999999, 101.1674281, 86.665441920000006 ]
            }
         ]
      }
   ],
   "terminator" : 0
}
