{
   "data" : [
      {
         "radarID" : 13093,
         "tracks" : [
            {
               "detectedID" : 1001,
               "detectedTime" : 1181.2,
               "entityID" : 13093,
               "height" : 694.93045819999998,
               "lla" : [ 120.7345859, -27.230134979999999, -159828.61670000001 ],
               "radarID" : 13093,
               "targetType" : 3,
               "trueID" : 817,
               "velocity" : [ 268.80897970000001, 101.1548178, 86.656997680000003 ]
            }
         ]
      },
      {
         "radarID" : 13114,
         "tracks" : [
            {
               "detectedID" : 1001,
               "detectedTime" : 1181.2,
               "entityID" : 13114,
               "height" : 869.53297810000004,
               "lla" : [ 120.7344756, -27.23005504, -159657.31580000001 ],
               "radarID" : 13114,
               "targetType" : 3,
               "trueID" : 817,
               "velocity" : [ 268.80897970000001, 101.1548178, 86.656997680000003 ]
            }
         ]
      }
   ],
   "terminator" : 0
}
