{
   "data" : [
      {
         "radarID" : 13093,
         "tracks" : [
            {
               "detectedID" : 1003,
               "detectedTime" : 1182.3499999999999,
               "entityID" : 13093,
               "height" : 147.81387609999999,
               "lla" : [ 120.4958154, -27.065650529999999, -134302.37760000001 ],
               "radarID" : 13093,
               "targetType" : 3,
               "trueID" : 781,
               "velocity" : [ 248.18960680000001, 39.239897990000003, 163.89676470000001 ]
            }
         ]
      }
   ],
   "terminator" : 0
}
