{
   "data" : [
      {
         "radarID" : 13114,
         "tracks" : [
            {
               "detectedID" : 1002,
               "detectedTime" : 1182.7,
               "entityID" : 13114,
               "height" : 863.60482560000003,
               "lla" : [ 121.0386092, -27.43587973, -98679.219259999998 ],
               "radarID" : 13114,
               "targetType" : 3,
               "trueID" : 793,
               "velocity" : [ 253.76907990000001, 55.02806211, 150.2436902 ]
            }
         ]
      }
   ],
   "terminator" : 0
}
