{
   "data" : [
      {
         "radarID" : 12988,
         "tracks" : [
            {
               "detectedID" : 1005,
               "detectedTime" : 1186.95,
               "entityID" : 12988,
               "height" : 5370.3568649999997,
               "lla" : [ 120.7992225, -27.273471019999999, -126432.1814 ],
               "radarID" : 12988,
               "targetType" : 3,
               "trueID" : 805,
               "velocity" : [ 267.51152239999999, 126.53271599999999, 49.26517183 ]
            }
         ]
      }
   ],
   "terminator" : 0
}
