{
   "data" : [
      {
         "radarID" : 13009,
         "tracks" : [
            {
               "detectedID" : 1005,
               "detectedTime" : 1196.6500000000001,
               "entityID" : 13009,
               "height" : 460.04568870000003,
               "lla" : [ 120.76786180000001, -27.252195879999999, -132673.29800000001 ],
               "radarID" : 13009,
               "targetType" : 3,
               "trueID" : 805,
               "velocity" : [ 267.57225929999998, 126.43044620000001, 49.197849009999999 ]
            }
         ]
      },
      {
         "radarID" : 13016,
         "tracks" : [
            {
               "detectedID" : 1005,
               "detectedTime" : 1196.6500000000001,
               "entityID" : 13016,
               "height" : 473.32581260000001,
               "lla" : [ 120.76789460000001, -27.252218020000001, -132663.18729999999 ],
               "radarID" : 13016,
               "targetType" : 3,
               "trueID" : 805,
               "velocity" : [ 267.57225929999998, 126.43044620000001, 49.197849009999999 ]
            }
         ]
      }
   ],
   "terminator" : 0
}
