{
   "data" : [
      {
         "radarID" : 12931,
         "tracks" : [
            {
               "detectedID" : 1006,
               "detectedTime" : 1196.8,
               "entityID" : 12931,
               "height" : 5655.573128,
               "lla" : [ 121.1047341, -27.481771930000001, -137239.67730000001 ],
               "radarID" : 12931,
               "targetType" : 3,
               "trueID" : 811,
               "velocity" : [ 268.30019920000001, 106.37104770000001, 81.854769739999995 ]
            }
         ]
      },
      {
         "radarID" : 12938,
         "tracks" : [
            {
               "detectedID" : 1006,
               "detectedTime" : 1196.8,
               "entityID" : 12938,
               "height" : 5656.5689519999996,
               "lla" : [ 121.10464829999999, -27.481713760000002, -137240.37880000001 ],
               "radarID" : 12938,
               "targetType" : 3,
               "trueID" : 811,
               "velocity" : [ 268.30019920000001, 106.37104770000001, 81.854769739999995 ]
            }
         ]
      },
      {
         "radarID" : 12974,
         "tracks" : [
            {
               "detectedID" : 1006,
               "detectedTime" : 1196.8,
               "entityID" : 12974,
               "height" : 5655.8210870000003,
               "lla" : [ 121.1046848, -27.48173851, -137240.30679999999 ],
               "radarID" : 12974,
               "targetType" : 3,
               "trueID" : 811,
               "velocity" : [ 268.30019920000001, 106.37104770000001, 81.854769739999995 ]
            }
         ]
      }
   ],
   "terminator" : 0
}
