{
   "data" : [
      {
         "radarID" : 13030,
         "tracks" : [
            {
               "detectedID" : 1004,
               "detectedTime" : 1198.25,
               "entityID" : 13030,
               "height" : 870.42613200000005,
               "lla" : [ 120.5497766, -27.101408589999998, -81394.071939999994 ],
               "radarID" : 13030,
               "targetType" : 3,
               "trueID" : 799,
               "velocity" : [ 262.22947699999997, 144.87711229999999, 15.694704010000001 ]
            }
         ]
      },
      {
         "radarID" : 13044,
         "tracks" : [
            {
               "detectedID" : 1004,
               "detectedTime" : 1198.25,
               "entityID" : 13044,
               "height" : 865.75061129999995,
               "lla" : [ 120.5497775, -27.101409350000001, -81399.849199999997 ],
               "radarID" : 13044,
               "targetType" : 3,
               "trueID" : 799,
               "velocity" : [ 262.22947699999997, 144.87711229999999, 15.694704010000001 ]
            }
         ]
      }
   ],
   "terminator" : 0
}
