{
   "data" : [
      {
         "radarID" : 13030,
         "tracks" : [
            {
               "detectedID" : 1006,
               "detectedTime" : 1199.6500000000001,
               "entityID" : 13030,
               "height" : 3190.3520130000002,
               "lla" : [ 121.0960563, -27.475959339999999, -140182.6188 ],
               "radarID" : 13030,
               "targetType" : 3,
               "trueID" : 811,
               "velocity" : [ 268.31813720000002, 106.34119819999999, 81.834752969999997 ]
            }
         ]
      },
      {
         "radarID" : 13037,
         "tracks" : [
            {
               "detectedID" : 1006,
               "detectedTime" : 1199.6500000000001,
               "entityID" : 13037,
               "height" : 3158.6236560000002,
               "lla" : [ 121.09605689999999, -27.47596059, -140215.75690000001 ],
               "radarID" : 13037,
               "targetType" : 3,
               "trueID" : 811,
               "velocity" : [ 268.31813720000002, 106.34119819999999, 81.834752969999997 ]
            }
         ]
      },
      {
         "radarID" : 13044,
         "tracks" : [
            {
               "detectedID" : 1006,
               "detectedTime" : 1199.6500000000001,
               "entityID" : 13044,
               "height" : 3218.0845599999998,
               "lla" : [ 121.0960457, -27.475951290000001, -140150.70129999999 ],
               "radarID" : 13044,
               "targetType" : 3,
               "trueID" : 811,
               "velocity" : [ 268.31813720000002, 106.34119819999999, 81.834752969999997 ]
            }
         ]
      },
      {
         "radarID" : 13058,
         "tracks" : [
            {
               "detectedID" : 1006,
               "detectedTime" : 1199.6500000000001,
               "entityID" : 13058,
               "height" : 5658.569407,
               "lla" : [ 121.0962541, -27.476029669999999, -137713.8371 ],
               "radarID" : 13058,
               "targetType" : 3,
               "trueID" : 811,
               "velocity" : [ 268.31813720000002, 106.34119819999999, 81.834752969999997 ]
            }
         ]
      }
   ],
   "terminator" : 0
}
