{
   "data" : [
      {
         "radarID" : 13114,
         "tracks" : [
            {
               "detectedID" : 1006,
               "detectedTime" : 1201.55,
               "entityID" : 13114,
               "height" : 1299.051359,
               "lla" : [ 121.0920782, -27.473313560000001, -142273.93479999999 ],
               "radarID" : 13114,
               "targetType" : 3,
               "trueID" : 811,
               "velocity" : [ 268.33009320000002, 106.3212975, 81.821407629999996 ]
            }
         ]
      }
   ],
   "terminator" : 0
}
