{
   "data" : [
      {
         "radarID" : 13107,
         "tracks" : [
            {
               "detectedID" : 1003,
               "detectedTime" : 1202.1500000000001,
               "entityID" : 13107,
               "height" : 986.67842970000004,
               "lla" : [ 120.4480025, -27.032816579999999, -137348.2107 ],
               "radarID" : 13107,
               "targetType" : 3,
               "trueID" : 781,
               "velocity" : [ 248.31323380000001, 39.02981029, 163.75961599999999 ]
            }
         ]
      }
   ],
   "terminator" : 0
}
