{
   "data" : [
      {
         "radarID" : 13135,
         "tracks" : [
            {
               "detectedID" : 1002,
               "detectedTime" : 43.0,
               "entityID" : 13135,
               "height" : 2435.176395,
               "lla" : [ 122.3207915, -28.290348389999998, 62414.413039999999 ],
               "radarID" : 13135,
               "targetType" : 3,
               "trueID" : 793,
               "velocity" : [ -145.32162049999999, -196.3138213, 174.1910164 ]
            },
            {
               "detectedID" : 1003,
               "detectedTime" : 43.0,
               "entityID" : 13135,
               "height" : 3077.9220030000001,
               "lla" : [ 122.54512649999999, -28.437662119999999, 73455.487880000001 ],
               "radarID" : 13135,
               "targetType" : 3,
               "trueID" : 781,
               "velocity" : [ -11.66679836, -178.54806149999999, 240.7996584 ]
            }
         ]
      },
      {
         "radarID" : 13142,
         "tracks" : [
            {
               "detectedID" : 1003,
               "detectedTime" : 43.0,
               "entityID" : 13142,
               "height" : 4370.2182270000003,
               "lla" : [ 122.54452259999999, -28.437234490000002, 74722.0959 ],
               "radarID" : 13142,
               "targetType" : 3,
               "trueID" : 781,
               "velocity" : [ -11.66679836, -178.54806149999999, 240.7996584 ]
            }
         ]
      }
   ],
   "terminator" : 0
}
