{
   "data" : [
      {
         "radarID" : 12924,
         "tracks" : [
            {
               "detectedID" : 1001,
               "detectedTime" : 1205.2,
               "entityID" : 12924,
               "height" : 3603.7691880000002,
               "lla" : [ 120.66296269999999, -27.181114099999999, -160966.73050000001 ],
               "radarID" : 12924,
               "targetType" : 3,
               "trueID" : 817,
               "velocity" : [ 268.95816180000003, 100.9025451, 86.488054590000004 ]
            }
         ]
      }
   ],
   "terminator" : 0
}
