{
   "data" : [
      {
         "radarID" : 12988,
         "tracks" : [
            {
               "detectedID" : 1002,
               "detectedTime" : 1206.3,
               "entityID" : 12988,
               "height" : 5004.290806,
               "lla" : [ 120.97748319999999, -27.394326249999999, -99193.490300000005 ],
               "radarID" : 12988,
               "targetType" : 3,
               "trueID" : 793,
               "velocity" : [ 253.91893569999999, 54.778709509999999, 150.08153479999999 ]
            }
         ]
      },
      {
         "radarID" : 13002,
         "tracks" : [
            {
               "detectedID" : 1006,
               "detectedTime" : 1206.3,
               "entityID" : 13002,
               "height" : 94.855504310000001,
               "lla" : [ 121.0730089, -27.460417700000001, -144199.391 ],
               "radarID" : 13002,
               "targetType" : 3,
               "trueID" : 811,
               "velocity" : [ 268.3599739, 106.2715421, 81.788041430000007 ]
            }
         ]
      }
   ],
   "terminator" : 0
}
