{
   "data" : [
      {
         "radarID" : 12931,
         "tracks" : [
            {
               "detectedID" : 1001,
               "detectedTime" : 293.85000000000002,
               "entityID" : 12931,
               "height" : 5866.4570370000001,
               "lla" : [ 123.3082917, -28.935879610000001, -3878.9525359999998 ],
               "radarID" : 12931,
               "targetType" : 3,
               "trueID" : 817,
               "velocity" : [ 263.05488459999998, 110.3896742, 92.823744500000004 ]
            }
         ]
      },
      {
         "radarID" : 12938,
         "tracks" : [
            {
               "detectedID" : 1001,
               "detectedTime" : 293.85000000000002,
               "entityID" : 12938,
               "height" : 5868.0173189999996,
               "lla" : [ 123.3083582, -28.935922210000001, -3869.3516479999998 ],
               "radarID" : 12938,
               "targetType" : 3,
               "trueID" : 817,
               "velocity" : [ 263.05488459999998, 110.3896742, 92.823744500000004 ]
            }
         ]
      },
      {
         "radarID" : 12974,
         "tracks" : [
            {
               "detectedID" : 1001,
               "detectedTime" : 293.85000000000002,
               "entityID" : 12974,
               "height" : 5863.9612139999999,
               "lla" : [ 123.3082588, -28.935858589999999, -3886.579322 ],
               "radarID" : 12974,
               "targetType" : 3,
               "trueID" : 817,
               "velocity" : [ 263.05488459999998, 110.3896742, 92.823744500000004 ]
            }
         ]
      }
   ],
   "terminator" : 0
}
