{
   "data" : [
      {
         "radarID" : 13079,
         "tracks" : [
            {
               "detectedID" : 1006,
               "detectedTime" : 1209.75,
               "entityID" : 13079,
               "height" : 5653.6158489999998,
               "lla" : [ 121.0665192, -27.455886190000001, -139389.8982 ],
               "radarID" : 13079,
               "targetType" : 3,
               "trueID" : 811,
               "velocity" : [ 268.38166840000002, 106.2354007, 81.763804460000003 ]
            }
         ]
      },
      {
         "radarID" : 13086,
         "tracks" : [
            {
               "detectedID" : 1006,
               "detectedTime" : 1209.75,
               "entityID" : 13086,
               "height" : 5654.0130490000001,
               "lla" : [ 121.0665188, -27.455885940000002, -139390.82149999999 ],
               "radarID" : 13086,
               "targetType" : 3,
               "trueID" : 811,
               "velocity" : [ 268.38166840000002, 106.2354007, 81.763804460000003 ]
            }
         ]
      },
      {
         "radarID" : 13135,
         "tracks" : [
            {
               "detectedID" : 1004,
               "detectedTime" : 1209.75,
               "entityID" : 13135,
               "height" : 504.74636650000002,
               "lla" : [ 120.51566440000001, -27.07800688, -83235.134099999996 ],
               "radarID" : 13135,
               "targetType" : 3,
               "trueID" : 799,
               "velocity" : [ 262.30181069999998, 144.75447750000001, 15.617341400000001 ]
            }
         ]
      }
   ],
   "terminator" : 0
}
