{
   "data" : [
      {
         "radarID" : 13135,
         "tracks" : [
            {
               "detectedID" : 1006,
               "detectedTime" : 1210.25,
               "entityID" : 13135,
               "height" : 4280.8260149999996,
               "lla" : [ 121.0652274, -27.45504657, -140846.11919999999 ],
               "radarID" : 13135,
               "targetType" : 3,
               "trueID" : 811,
               "velocity" : [ 268.38481189999999, 106.23016250000001, 81.760291679999995 ]
            }
         ]
      },
      {
         "radarID" : 13142,
         "tracks" : [
            {
               "detectedID" : 1002,
               "detectedTime" : 1210.25,
               "entityID" : 13142,
               "height" : 5007.1413169999996,
               "lla" : [ 120.96753030000001, -27.387571919999999, -99950.472699999998 ],
               "radarID" : 13142,
               "targetType" : 3,
               "trueID" : 793,
               "velocity" : [ 253.9439868, 54.736968240000003, 150.0543763 ]
            },
            {
               "detectedID" : 1006,
               "detectedTime" : 1210.25,
               "entityID" : 13142,
               "height" : 5659.1992639999999,
               "lla" : [ 121.06506659999999, -27.454901830000001, -139473.63939999999 ],
               "radarID" : 13142,
               "targetType" : 3,
               "trueID" : 811,
               "velocity" : [ 268.38481189999999, 106.23016250000001, 81.760291679999995 ]
            }
         ]
      }
   ],
   "terminator" : 0
}
