{
   "data" : [
      {
         "radarID" : 13093,
         "tracks" : [
            {
               "detectedID" : 1005,
               "detectedTime" : 1212.0,
               "entityID" : 13093,
               "height" : 370.9142842,
               "lla" : [ 120.7255218, -27.223290420000001, -134956.6078 ],
               "radarID" : 13093,
               "targetType" : 3,
               "trueID" : 805,
               "velocity" : [ 267.66826020000002, 126.2685534, 49.09129136 ]
            }
         ]
      },
      {
         "radarID" : 13107,
         "tracks" : [
            {
               "detectedID" : 1005,
               "detectedTime" : 1212.0,
               "entityID" : 13107,
               "height" : 5360.2348190000002,
               "lla" : [ 120.7232064, -27.22158181, -130130.01549999999 ],
               "radarID" : 13107,
               "targetType" : 3,
               "trueID" : 805,
               "velocity" : [ 267.66826020000002, 126.2685534, 49.09129136 ]
            }
         ]
      }
   ],
   "terminator" : 0
}
