{
   "data" : [
      {
         "radarID" : 13058,
         "tracks" : [
            {
               "detectedID" : 1001,
               "detectedTime" : 301.89999999999998,
               "entityID" : 13058,
               "height" : 5862.8113450000001,
               "lla" : [ 123.2851879, -28.921022780000001, -5264.164221 ],
               "radarID" : 13058,
               "targetType" : 3,
               "trueID" : 817,
               "velocity" : [ 263.10915720000003, 110.3067288, 92.76851284 ]
            }
         ]
      }
   ],
   "terminator" : 0
}
