{
   "data" : [
      {
         "radarID" : 13009,
         "tracks" : [
            {
               "detectedID" : 1004,
               "detectedTime" : 1215.8499999999999,
               "entityID" : 13009,
               "height" : 2390.0129069999998,
               "lla" : [ 120.4967924, -27.064996399999998, -82025.066789999997 ],
               "radarID" : 13009,
               "targetType" : 3,
               "trueID" : 799,
               "velocity" : [ 262.340148, 144.68941050000001, 15.57630363 ]
            }
         ]
      }
   ],
   "terminator" : 0
}
