{
   "data" : [
      {
         "radarID" : 13009,
         "tracks" : [
            {
               "detectedID" : 1003,
               "detectedTime" : 1216.75,
               "entityID" : 13009,
               "height" : 977.57322199999999,
               "lla" : [ 120.4127519, -27.008602320000001, -140206.9615 ],
               "radarID" : 13009,
               "targetType" : 3,
               "trueID" : 781,
               "velocity" : [ 248.40425479999999, 38.874876280000002, 163.6583948 ]
            }
         ]
      },
      {
         "radarID" : 13016,
         "tracks" : [
            {
               "detectedID" : 1005,
               "detectedTime" : 1216.75,
               "entityID" : 13016,
               "height" : 532.09397430000001,
               "lla" : [ 120.70690810000001, -27.21056398, -135568.21470000001 ],
               "radarID" : 13016,
               "targetType" : 3,
               "trueID" : 805,
               "velocity" : [ 267.69793920000001, 126.21844299999999, 49.058312280000003 ]
            }
         ]
      }
   ],
   "terminator" : 0
}
