{
   "data" : [
      {
         "radarID" : 13135,
         "tracks" : [
            {
               "detectedID" : 1004,
               "detectedTime" : 302.5,
               "entityID" : 13135,
               "height" : 3118.0936750000001,
               "lla" : [ 122.66528150000001, -28.51700138, 48919.755230000002 ],
               "radarID" : 13135,
               "targetType" : 3,
               "trueID" : 799,
               "velocity" : [ 115.7436435, -89.049834840000003, 262.05636019999997 ]
            }
         ]
      },
      {
         "radarID" : 13142,
         "tracks" : [
            {
               "detectedID" : 1004,
               "detectedTime" : 302.5,
               "entityID" : 13142,
               "height" : 4916.2926619999998,
               "lla" : [ 122.6653146, -28.516977610000001, 50737.847269999998 ],
               "radarID" : 13142,
               "targetType" : 3,
               "trueID" : 799,
               "velocity" : [ 115.7436435, -89.049834840000003, 262.05636019999997 ]
            }
         ]
      }
   ],
   "terminator" : 0
}
