{
   "data" : [
      {
         "radarID" : 13037,
         "tracks" : [
            {
               "detectedID" : 1004,
               "detectedTime" : 1218.1500000000001,
               "entityID" : 13037,
               "height" : 971.85643240000002,
               "lla" : [ 120.48893870000001, -27.05963818, -83817.235339999999 ],
               "radarID" : 13037,
               "targetType" : 3,
               "trueID" : 799,
               "velocity" : [ 262.35459750000001, 144.6648739, 15.560830019999999 ]
            }
         ]
      }
   ],
   "terminator" : 0
}
