{
   "data" : [
      {
         "radarID" : 13072,
         "tracks" : [
            {
               "detectedID" : 1005,
               "detectedTime" : 1218.5999999999999,
               "entityID" : 13072,
               "height" : 5357.7583999999997,
               "lla" : [ 120.7031716, -27.20789091, -131103.1606 ],
               "radarID" : 13072,
               "targetType" : 3,
               "trueID" : 805,
               "velocity" : [ 267.70949469999999, 126.19892470000001, 49.045467119999998 ]
            }
         ]
      }
   ],
   "terminator" : 0
}
