{
   "data" : [
      {
         "radarID" : 13023,
         "tracks" : [
            {
               "detectedID" : 1004,
               "detectedTime" : 302.60000000000002,
               "entityID" : 13023,
               "height" : 4911.8151879999996,
               "lla" : [ 122.66463760000001, -28.516536030000001, 50682.803749999999 ],
               "radarID" : 13023,
               "targetType" : 3,
               "trueID" : 799,
               "velocity" : [ 115.7443207, -89.050890589999995, 262.05570230000001 ]
            },
            {
               "detectedID" : 1002,
               "detectedTime" : 302.60000000000002,
               "entityID" : 13023,
               "height" : 4924.5723589999998,
               "lla" : [ 122.9206087, -28.683226319999999, 62255.18765 ],
               "radarID" : 13023,
               "targetType" : 3,
               "trueID" : 793,
               "velocity" : [ -143.57664310000001, -199.06453500000001, 172.50814030000001 ]
            }
         ]
      }
   ],
   "terminator" : 0
}
