{
   "data" : [
      {
         "radarID" : 13135,
         "tracks" : [
            {
               "detectedID" : 1005,
               "detectedTime" : 1220.0,
               "entityID" : 13135,
               "height" : 2822.6485189999999,
               "lla" : [ 120.6990321, -27.205126669999999, -133850.4327 ],
               "radarID" : 13135,
               "targetType" : 3,
               "trueID" : 805,
               "velocity" : [ 267.71823810000001, 126.1841534, 49.03574622 ]
            }
         ]
      },
      {
         "radarID" : 13142,
         "tracks" : [
            {
               "detectedID" : 1005,
               "detectedTime" : 1220.0,
               "entityID" : 13142,
               "height" : 5360.7811259999999,
               "lla" : [ 120.6988437, -27.204932110000001, -131295.5202 ],
               "radarID" : 13142,
               "targetType" : 3,
               "trueID" : 805,
               "velocity" : [ 267.71823810000001, 126.1841534, 49.03574622 ]
            }
         ]
      }
   ],
   "terminator" : 0
}
