{
   "data" : [
      {
         "radarID" : 13023,
         "tracks" : [
            {
               "detectedID" : 1002,
               "detectedTime" : 1220.2,
               "entityID" : 13023,
               "height" : 5005.3233410000003,
               "lla" : [ 120.9423343, -27.370465880000001, -101845.4654 ],
               "radarID" : 13023,
               "targetType" : 3,
               "trueID" : 793,
               "velocity" : [ 254.00705160000001, 54.631814380000002, 149.9859414 ]
            }
         ]
      },
      {
         "radarID" : 13142,
         "tracks" : [
            {
               "detectedID" : 1006,
               "detectedTime" : 1220.2,
               "entityID" : 13142,
               "height" : 5654.0876959999996,
               "lla" : [ 121.0357341, -27.43501667, -141121.45999999999 ],
               "radarID" : 13142,
               "targetType" : 3,
               "trueID" : 811,
               "velocity" : [ 268.4473375, 106.1259118, 81.690377870000006 ]
            }
         ]
      }
   ],
   "terminator" : 0
}
