{
   "data" : [
      {
         "radarID" : 13121,
         "tracks" : [
            {
               "detectedID" : 1004,
               "detectedTime" : 1220.3499999999999,
               "entityID" : 13121,
               "height" : 5005.5532059999996,
               "lla" : [ 120.4835568, -27.05583991, -80042.217579999997 ],
               "radarID" : 13121,
               "targetType" : 3,
               "trueID" : 799,
               "velocity" : [ 262.3684159, 144.6414025, 15.546029000000001 ]
            }
         ]
      }
   ],
   "terminator" : 0
}
