{
   "data" : [
      {
         "radarID" : 13114,
         "tracks" : [
            {
               "detectedID" : 1004,
               "detectedTime" : 1224.0999999999999,
               "entityID" : 13114,
               "height" : 704.35849010000004,
               "lla" : [ 120.4729518, -27.04865702, -84642.89284 ],
               "radarID" : 13114,
               "targetType" : 3,
               "trueID" : 799,
               "velocity" : [ 262.39196349999997, 144.60139090000001, 15.52079958 ]
            }
         ]
      }
   ],
   "terminator" : 0
}
