{
   "data" : [
      {
         "radarID" : 13093,
         "tracks" : [
            {
               "detectedID" : 1004,
               "detectedTime" : 1224.3,
               "entityID" : 13093,
               "height" : 755.63658999999996,
               "lla" : [ 120.4721502, -27.048104800000001, -84624.280859999999 ],
               "radarID" : 13093,
               "targetType" : 3,
               "trueID" : 799,
               "velocity" : [ 262.39321919999998, 144.59925680000001, 15.519453990000001 ]
            }
         ]
      }
   ],
   "terminator" : 0
}
