{
   "data" : [
      {
         "radarID" : 12995,
         "tracks" : [
            {
               "detectedID" : 1004,
               "detectedTime" : 1225.6500000000001,
               "entityID" : 12995,
               "height" : 4818.9099980000001,
               "lla" : [ 120.4673626, -27.044715530000001, -80898.732600000003 ],
               "radarID" : 12995,
               "targetType" : 3,
               "trueID" : 799,
               "velocity" : [ 262.40169420000001, 144.58485150000001, 15.51037127 ]
            }
         ]
      }
   ],
   "terminator" : 0
}
