{
   "data" : [
      {
         "radarID" : 12931,
         "tracks" : [
            {
               "detectedID" : 1001,
               "detectedTime" : 1227.0999999999999,
               "entityID" : 12931,
               "height" : 5417.6035540000003,
               "lla" : [ 120.59896209999999, -27.137266239999999, -162881.8867 ],
               "radarID" : 12931,
               "targetType" : 3,
               "trueID" : 817,
               "velocity" : [ 269.09399200000001, 100.672235, 86.333797500000003 ]
            }
         ]
      },
      {
         "radarID" : 12938,
         "tracks" : [
            {
               "detectedID" : 1001,
               "detectedTime" : 1227.0999999999999,
               "entityID" : 12938,
               "height" : 5417.8553339999999,
               "lla" : [ 120.5989457, -27.137254949999999, -162882.41159999999 ],
               "radarID" : 12938,
               "targetType" : 3,
               "trueID" : 817,
               "velocity" : [ 269.09399200000001, 100.672235, 86.333797500000003 ]
            }
         ]
      },
      {
         "radarID" : 12974,
         "tracks" : [
            {
               "detectedID" : 1001,
               "detectedTime" : 1227.0999999999999,
               "entityID" : 12974,
               "height" : 5419.184131,
               "lla" : [ 120.5988414, -27.137183449999998, -162884.2077 ],
               "radarID" : 12974,
               "targetType" : 3,
               "trueID" : 817,
               "velocity" : [ 269.09399200000001, 100.672235, 86.333797500000003 ]
            }
         ]
      }
   ],
   "terminator" : 0
}
