{
   "data" : [
      {
         "radarID" : 13058,
         "tracks" : [
            {
               "detectedID" : 1004,
               "detectedTime" : 1227.5,
               "entityID" : 13058,
               "height" : 5001.4629320000004,
               "lla" : [ 120.4616594, -27.04079054, -80950.057449999993 ],
               "radarID" : 13058,
               "targetType" : 3,
               "trueID" : 799,
               "velocity" : [ 262.41330640000001, 144.56510979999999, 15.49792446 ]
            }
         ]
      }
   ],
   "terminator" : 0
}
