{
   "data" : [
      {
         "radarID" : 13016,
         "tracks" : [
            {
               "detectedID" : 1001,
               "detectedTime" : 1227.75,
               "entityID" : 13016,
               "height" : 573.60091190000003,
               "lla" : [ 120.5949155, -27.134615759999999, -167796.1293 ],
               "radarID" : 13016,
               "targetType" : 3,
               "trueID" : 817,
               "velocity" : [ 269.09801909999999, 100.6653977, 86.329217689999993 ]
            }
         ]
      }
   ],
   "terminator" : 0
}
