{
   "data" : [
      {
         "radarID" : 13037,
         "tracks" : [
            {
               "detectedID" : 1004,
               "detectedTime" : 1228.1500000000001,
               "entityID" : 13037,
               "height" : 1021.353846,
               "lla" : [ 120.4583757, -27.03863239, -85035.296960000007 ],
               "radarID" : 13037,
               "targetType" : 3,
               "trueID" : 799,
               "velocity" : [ 262.4173859, 144.55817329999999, 15.49355123 ]
            }
         ]
      }
   ],
   "terminator" : 0
}
