{
   "data" : [
      {
         "radarID" : 13051,
         "tracks" : [
            {
               "detectedID" : 1005,
               "detectedTime" : 1229.05,
               "entityID" : 13051,
               "height" : 1388.309904,
               "lla" : [ 120.6706073, -27.1857255, -136617.19940000001 ],
               "radarID" : 13051,
               "targetType" : 3,
               "trueID" : 805,
               "velocity" : [ 267.7747301, 126.0886543, 48.972902380000001 ]
            }
         ]
      },
      {
         "radarID" : 13058,
         "tracks" : [
            {
               "detectedID" : 1002,
               "detectedTime" : 1229.05,
               "entityID" : 13058,
               "height" : 5003.8904860000002,
               "lla" : [ 120.920013, -27.355303710000001, -103542.4005 ],
               "radarID" : 13058,
               "targetType" : 3,
               "trueID" : 793,
               "velocity" : [ 254.0630975, 54.538275820000003, 149.92504450000001 ]
            },
            {
               "detectedID" : 1005,
               "detectedTime" : 1229.05,
               "entityID" : 13058,
               "height" : 5356.2452439999997,
               "lla" : [ 120.67144070000001, -27.186194660000002, -132643.7438 ],
               "radarID" : 13058,
               "targetType" : 3,
               "trueID" : 805,
               "velocity" : [ 267.7747301, 126.0886543, 48.972902380000001 ]
            }
         ]
      }
   ],
   "terminator" : 0
}
