{
   "data" : [
      {
         "radarID" : 12981,
         "tracks" : [
            {
               "detectedID" : 1001,
               "detectedTime" : 303.25,
               "entityID" : 12981,
               "height" : 2204.630271,
               "lla" : [ 123.2825102, -28.919393580000001, -9057.2857129999993 ],
               "radarID" : 12981,
               "targetType" : 3,
               "trueID" : 817,
               "velocity" : [ 263.1182551, 110.2928172, 92.759249080000004 ]
            }
         ]
      }
   ],
   "terminator" : 0
}
