{
   "data" : [
      {
         "radarID" : 13107,
         "tracks" : [
            {
               "detectedID" : 1001,
               "detectedTime" : 1231.0,
               "entityID" : 13107,
               "height" : 5424.0066900000002,
               "lla" : [ 120.5874439, -27.129376010000001, -163529.74299999999 ],
               "radarID" : 13107,
               "targetType" : 3,
               "trueID" : 817,
               "velocity" : [ 269.11815100000001, 100.6312097, 86.306317410000005 ]
            }
         ]
      },
      {
         "radarID" : 13114,
         "tracks" : [
            {
               "detectedID" : 1001,
               "detectedTime" : 1231.0,
               "entityID" : 13114,
               "height" : 781.77005350000002,
               "lla" : [ 120.5885744, -27.13026996, -168080.41250000001 ],
               "radarID" : 13114,
               "targetType" : 3,
               "trueID" : 817,
               "velocity" : [ 269.11815100000001, 100.6312097, 86.306317410000005 ]
            }
         ]
      }
   ],
   "terminator" : 0
}
