{
   "data" : [
      {
         "radarID" : 13114,
         "tracks" : [
            {
               "detectedID" : 1002,
               "detectedTime" : 1232.55,
               "entityID" : 13114,
               "height" : 661.63059199999998,
               "lla" : [ 120.9128374, -27.350538010000001, -108402.2564 ],
               "radarID" : 13114,
               "targetType" : 3,
               "trueID" : 793,
               "velocity" : [ 254.08525040000001, 54.501280639999997, 149.9009538 ]
            }
         ]
      }
   ],
   "terminator" : 0
}
