{
   "data" : [
      {
         "radarID" : 13107,
         "tracks" : [
            {
               "detectedID" : 1002,
               "detectedTime" : 1232.7,
               "entityID" : 13107,
               "height" : 4958.2597400000004,
               "lla" : [ 120.9107802, -27.349030880000001, -104284.6568 ],
               "radarID" : 13107,
               "targetType" : 3,
               "trueID" : 793,
               "velocity" : [ 254.08619959999999, 54.499695099999997, 149.89992129999999 ]
            }
         ]
      }
   ],
   "terminator" : 0
}
