{
   "data" : [
      {
         "radarID" : 13107,
         "tracks" : [
            {
               "detectedID" : 1004,
               "detectedTime" : 1234.25,
               "entityID" : 13107,
               "height" : 4986.8859110000003,
               "lla" : [ 120.4410591, -27.026626190000002, -81819.712740000003 ],
               "radarID" : 13107,
               "targetType" : 3,
               "trueID" : 799,
               "velocity" : [ 262.4556584, 144.49307020000001, 15.45250937 ]
            }
         ]
      }
   ],
   "terminator" : 0
}
