{
   "data" : [
      {
         "radarID" : 12917,
         "tracks" : [
            {
               "detectedID" : 1002,
               "detectedTime" : 1235.3,
               "entityID" : 12917,
               "height" : 3982.5266320000001,
               "lla" : [ 120.9040828, -27.344502940000002, -105728.4412 ],
               "radarID" : 12917,
               "targetType" : 3,
               "trueID" : 793,
               "velocity" : [ 254.10265140000001, 54.472211989999998, 149.88202250000001 ]
            }
         ]
      },
      {
         "radarID" : 12924,
         "tracks" : [
            {
               "detectedID" : 1001,
               "detectedTime" : 1235.3,
               "entityID" : 12924,
               "height" : 3552.2588860000001,
               "lla" : [ 120.5746726, -27.12067132, -166039.48209999999 ],
               "radarID" : 12924,
               "targetType" : 3,
               "trueID" : 817,
               "velocity" : [ 269.14477740000001, 100.5859729, 86.276015470000004 ]
            }
         ]
      }
   ],
   "terminator" : 0
}
