{
   "data" : [
      {
         "radarID" : 12903,
         "tracks" : [
            {
               "detectedID" : 1005,
               "detectedTime" : 1235.55,
               "entityID" : 12903,
               "height" : 5360.8899430000001,
               "lla" : [ 120.65165159999999, -27.172655550000002, -133597.46520000001 ],
               "radarID" : 12903,
               "targetType" : 3,
               "trueID" : 805,
               "velocity" : [ 267.81527460000001, 126.0200499, 48.927760409999998 ]
            }
         ]
      },
      {
         "radarID" : 12917,
         "tracks" : [
            {
               "detectedID" : 1005,
               "detectedTime" : 1235.55,
               "entityID" : 12917,
               "height" : 3080.709805,
               "lla" : [ 120.6513502, -27.172505319999999, -135794.4184 ],
               "radarID" : 12917,
               "targetType" : 3,
               "trueID" : 805,
               "velocity" : [ 267.81527460000001, 126.0200499, 48.927760409999998 ]
            }
         ]
      },
      {
         "radarID" : 12995,
         "tracks" : [
            {
               "detectedID" : 1002,
               "detectedTime" : 1235.55,
               "entityID" : 12995,
               "height" : 5052.49773,
               "lla" : [ 120.90358019999999, -27.34413507, -104737.9114 ],
               "radarID" : 12995,
               "targetType" : 3,
               "trueID" : 793,
               "velocity" : [ 254.10423309999999, 54.46956934, 149.88030140000001 ]
            }
         ]
      }
   ],
   "terminator" : 0
}
