{
   "data" : [
      {
         "radarID" : 13016,
         "tracks" : [
            {
               "detectedID" : 1004,
               "detectedTime" : 1235.95,
               "entityID" : 13016,
               "height" : 2474.6046970000002,
               "lla" : [ 120.43544300000001, -27.022824740000001, -84492.730119999993 ],
               "radarID" : 13016,
               "targetType" : 3,
               "trueID" : 799,
               "velocity" : [ 262.46632069999998, 144.47492449999999, 15.441071239999999 ]
            }
         ]
      }
   ],
   "terminator" : 0
}
