{
   "data" : [
      {
         "radarID" : 12995,
         "tracks" : [
            {
               "detectedID" : 1006,
               "detectedTime" : 1236.3499999999999,
               "entityID" : 12995,
               "height" : 5634.2901840000004,
               "lla" : [ 120.9881791, -27.402749929999999, -143802.6194 ],
               "radarID" : 12995,
               "targetType" : 3,
               "trueID" : 811,
               "velocity" : [ 268.54869880000001, 105.9566518, 81.576861469999997 ]
            }
         ]
      }
   ],
   "terminator" : 0
}
