{
   "data" : [
      {
         "radarID" : 13009,
         "tracks" : [
            {
               "detectedID" : 1005,
               "detectedTime" : 1236.8,
               "entityID" : 13009,
               "height" : 579.06395150000003,
               "lla" : [ 120.6460553, -27.168943760000001, -138470.6207 ],
               "radarID" : 13009,
               "targetType" : 3,
               "trueID" : 805,
               "velocity" : [ 267.82306870000002, 126.0068553, 48.919078730000003 ]
            }
         ]
      },
      {
         "radarID" : 13016,
         "tracks" : [
            {
               "detectedID" : 1005,
               "detectedTime" : 1236.8,
               "entityID" : 13016,
               "height" : 596.35990870000001,
               "lla" : [ 120.6460896, -27.168966919999999, -138455.4952 ],
               "radarID" : 13016,
               "targetType" : 3,
               "trueID" : 805,
               "velocity" : [ 267.82306870000002, 126.0068553, 48.919078730000003 ]
            }
         ]
      }
   ],
   "terminator" : 0
}
