{
   "data" : [
      {
         "radarID" : 13051,
         "tracks" : [
            {
               "detectedID" : 1004,
               "detectedTime" : 1237.45,
               "entityID" : 13051,
               "height" : 765.80075999999997,
               "lla" : [ 120.4296721, -27.018897979999998, -86442.206460000001 ],
               "radarID" : 13051,
               "targetType" : 3,
               "trueID" : 799,
               "velocity" : [ 262.47572719999999, 144.4589129, 15.430978680000001 ]
            }
         ]
      }
   ],
   "terminator" : 0
}
