{
   "data" : [
      {
         "radarID" : 13065,
         "tracks" : [
            {
               "detectedID" : 1002,
               "detectedTime" : 1238.8,
               "entityID" : 13065,
               "height" : 5003.6654479999997,
               "lla" : [ 120.8953582, -27.338547210000002, -105406.95419999999 ],
               "radarID" : 13065,
               "targetType" : 3,
               "trueID" : 793,
               "velocity" : [ 254.12479200000001, 54.435214240000001, 149.85792459999999 ]
            }
         ]
      }
   ],
   "terminator" : 0
}
