{
   "data" : [
      {
         "radarID" : 13030,
         "tracks" : [
            {
               "detectedID" : 1001,
               "detectedTime" : 311.55000000000001,
               "entityID" : 13030,
               "height" : 3311.251859,
               "lla" : [ 123.2581977, -28.903722760000001, -9469.8905570000006 ],
               "radarID" : 13030,
               "targetType" : 3,
               "trueID" : 817,
               "velocity" : [ 263.17416730000002, 110.2072768, 92.702285880000005 ]
            }
         ]
      },
      {
         "radarID" : 13037,
         "tracks" : [
            {
               "detectedID" : 1001,
               "detectedTime" : 311.55000000000001,
               "entityID" : 13037,
               "height" : 3259.1860790000001,
               "lla" : [ 123.2582285, -28.903743970000001, -9521.0996059999998 ],
               "radarID" : 13037,
               "targetType" : 3,
               "trueID" : 817,
               "velocity" : [ 263.17416730000002, 110.2072768, 92.702285880000005 ]
            }
         ]
      },
      {
         "radarID" : 13044,
         "tracks" : [
            {
               "detectedID" : 1001,
               "detectedTime" : 311.55000000000001,
               "entityID" : 13044,
               "height" : 3354.5240159999998,
               "lla" : [ 123.25827719999999, -28.903772849999999, -9424.2691340000001 ],
               "radarID" : 13044,
               "targetType" : 3,
               "trueID" : 817,
               "velocity" : [ 263.17416730000002, 110.2072768, 92.702285880000005 ]
            }
         ]
      }
   ],
   "terminator" : 0
}
