{
   "data" : [
      {
         "radarID" : 13093,
         "tracks" : [
            {
               "detectedID" : 1006,
               "detectedTime" : 1241.5,
               "entityID" : 13093,
               "height" : 956.24154120000003,
               "lla" : [ 120.9744847, -27.39357175, -149217.08970000001 ],
               "radarID" : 13093,
               "targetType" : 3,
               "trueID" : 811,
               "velocity" : [ 268.58098890000002, 105.9026645, 81.540652809999997 ]
            }
         ]
      },
      {
         "radarID" : 13107,
         "tracks" : [
            {
               "detectedID" : 1006,
               "detectedTime" : 1241.5,
               "entityID" : 13107,
               "height" : 5677.9925560000001,
               "lla" : [ 120.9730108, -27.392449410000001, -144611.96729999999 ],
               "radarID" : 13107,
               "targetType" : 3,
               "trueID" : 811,
               "velocity" : [ 268.58098890000002, 105.9026645, 81.540652809999997 ]
            }
         ]
      }
   ],
   "terminator" : 0
}
