{
   "data" : [
      {
         "radarID" : 13009,
         "tracks" : [
            {
               "detectedID" : 1004,
               "detectedTime" : 1245.95,
               "entityID" : 13009,
               "height" : 2513.2956749999998,
               "lla" : [ 120.4049334, -27.00183066, -85721.31151 ],
               "radarID" : 13009,
               "targetType" : 3,
               "trueID" : 799,
               "velocity" : [ 262.52900629999999, 144.36816669999999, 15.37378597 ]
            }
         ]
      },
      {
         "radarID" : 13016,
         "tracks" : [
            {
               "detectedID" : 1004,
               "detectedTime" : 1245.95,
               "entityID" : 13016,
               "height" : 2518.5029209999998,
               "lla" : [ 120.40474260000001, -27.001698999999999, -85717.033880000003 ],
               "radarID" : 13016,
               "targetType" : 3,
               "trueID" : 799,
               "velocity" : [ 262.52900629999999, 144.36816669999999, 15.37378597 ]
            }
         ]
      }
   ],
   "terminator" : 0
}
