{
   "data" : [
      {
         "radarID" : 13072,
         "tracks" : [
            {
               "detectedID" : 1004,
               "detectedTime" : 1246.1500000000001,
               "entityID" : 13072,
               "height" : 5001.4003599999996,
               "lla" : [ 120.40469349999999, -27.001604690000001, -83312.840800000005 ],
               "radarID" : 13072,
               "targetType" : 3,
               "trueID" : 799,
               "velocity" : [ 262.53025939999998, 144.36603120000001, 15.37244023 ]
            }
         ]
      }
   ],
   "terminator" : 0
}
