{
   "data" : [
      {
         "radarID" : 12988,
         "tracks" : [
            {
               "detectedID" : 1002,
               "detectedTime" : 1246.5,
               "entityID" : 12988,
               "height" : 5004.1099530000001,
               "lla" : [ 120.8758995, -27.325315530000001, -106877.4056 ],
               "radarID" : 12988,
               "targetType" : 3,
               "trueID" : 793,
               "velocity" : [ 254.17347699999999, 54.35381417, 149.80489470000001 ]
            }
         ]
      }
   ],
   "terminator" : 0
}
