{
   "data" : [
      {
         "radarID" : 13058,
         "tracks" : [
            {
               "detectedID" : 1005,
               "detectedTime" : 312.0,
               "entityID" : 13058,
               "height" : 5688.8302599999997,
               "lla" : [ 123.4426661, -29.022085300000001, 5752.1947529999998 ],
               "radarID" : 13058,
               "targetType" : 3,
               "trueID" : 805,
               "velocity" : [ 261.80613579999999, 135.64717880000001, 55.293671740000001 ]
            }
         ]
      }
   ],
   "terminator" : 0
}
