{
   "data" : [
      {
         "radarID" : 13051,
         "tracks" : [
            {
               "detectedID" : 1004,
               "detectedTime" : 1247.5,
               "entityID" : 13051,
               "height" : 813.02275069999996,
               "lla" : [ 120.39899149999999, -26.997783129999998, -87666.204750000004 ],
               "radarID" : 13051,
               "targetType" : 3,
               "trueID" : 799,
               "velocity" : [ 262.5387174, 144.35161629999999, 15.363356420000001 ]
            }
         ]
      },
      {
         "radarID" : 13058,
         "tracks" : [
            {
               "detectedID" : 1004,
               "detectedTime" : 1247.5,
               "entityID" : 13058,
               "height" : 5000.3510889999998,
               "lla" : [ 120.4005937, -26.998782559999999, -83482.072010000004 ],
               "radarID" : 13058,
               "targetType" : 3,
               "trueID" : 799,
               "velocity" : [ 262.5387174, 144.35161629999999, 15.363356420000001 ]
            }
         ]
      }
   ],
   "terminator" : 0
}
