{
   "data" : [
      {
         "radarID" : 13065,
         "tracks" : [
            {
               "detectedID" : 1001,
               "detectedTime" : 312.05000000000001,
               "entityID" : 13065,
               "height" : 5857.2624699999997,
               "lla" : [ 123.25596520000001, -28.90221949, -7019.267863 ],
               "radarID" : 13065,
               "targetType" : 3,
               "trueID" : 817,
               "velocity" : [ 263.17753420000003, 110.2021232, 92.698853909999997 ]
            }
         ]
      },
      {
         "radarID" : 13079,
         "tracks" : [
            {
               "detectedID" : 1001,
               "detectedTime" : 312.05000000000001,
               "entityID" : 13079,
               "height" : 5858.1125609999999,
               "lla" : [ 123.2559571, -28.902214239999999, -7018.9693109999998 ],
               "radarID" : 13079,
               "targetType" : 3,
               "trueID" : 817,
               "velocity" : [ 263.17753420000003, 110.2021232, 92.698853909999997 ]
            }
         ]
      },
      {
         "radarID" : 13086,
         "tracks" : [
            {
               "detectedID" : 1001,
               "detectedTime" : 312.05000000000001,
               "entityID" : 13086,
               "height" : 5857.1592909999999,
               "lla" : [ 123.25592810000001, -28.902195549999998, -7021.0492539999996 ],
               "radarID" : 13086,
               "targetType" : 3,
               "trueID" : 817,
               "velocity" : [ 263.17753420000003, 110.2021232, 92.698853909999997 ]
            }
         ]
      }
   ],
   "terminator" : 0
}
