{
   "data" : [
      {
         "radarID" : 13030,
         "tracks" : [
            {
               "detectedID" : 1005,
               "detectedTime" : 1249.2,
               "entityID" : 13030,
               "height" : 2609.2394180000001,
               "lla" : [ 120.6097468, -27.144035859999999, -138358.72260000001 ],
               "radarID" : 13030,
               "targetType" : 3,
               "trueID" : 805,
               "velocity" : [ 267.90033670000003, 125.87594230000001, 48.832947310000002 ]
            }
         ]
      },
      {
         "radarID" : 13044,
         "tracks" : [
            {
               "detectedID" : 1005,
               "detectedTime" : 1249.2,
               "entityID" : 13044,
               "height" : 2624.6376019999998,
               "lla" : [ 120.6097429, -27.144032960000001, -138348.58290000001 ],
               "radarID" : 13044,
               "targetType" : 3,
               "trueID" : 805,
               "velocity" : [ 267.90033670000003, 125.87594230000001, 48.832947310000002 ]
            }
         ]
      },
      {
         "radarID" : 13058,
         "tracks" : [
            {
               "detectedID" : 1001,
               "detectedTime" : 1249.2,
               "entityID" : 13058,
               "height" : 5408.2206020000003,
               "lla" : [ 120.5341964, -27.092874779999999, -166576.77189999999 ],
               "radarID" : 13058,
               "targetType" : 3,
               "trueID" : 817,
               "velocity" : [ 269.23077369999999, 100.4397141, 86.178038470000004 ]
            }
         ]
      }
   ],
   "terminator" : 0
}
