{
   "data" : [
      {
         "radarID" : 13023,
         "tracks" : [
            {
               "detectedID" : 1005,
               "detectedTime" : 1249.8499999999999,
               "entityID" : 13023,
               "height" : 5350.7198239999998,
               "lla" : [ 120.6082541, -27.142943339999999, -135699.81700000001 ],
               "radarID" : 13023,
               "targetType" : 3,
               "trueID" : 805,
               "velocity" : [ 267.90438460000001, 125.8690787, 48.828431899999998 ]
            },
            {
               "detectedID" : 1001,
               "detectedTime" : 1249.8499999999999,
               "entityID" : 13023,
               "height" : 5417.5207030000001,
               "lla" : [ 120.5322673, -27.091551989999999, -166702.9748 ],
               "radarID" : 13023,
               "targetType" : 3,
               "trueID" : 817,
               "velocity" : [ 269.23479229999998, 100.4328737, 86.173455910000001 ]
            }
         ]
      }
   ],
   "terminator" : 0
}
