{
   "data" : [
      {
         "radarID" : 13072,
         "tracks" : [
            {
               "detectedID" : 1001,
               "detectedTime" : 312.55000000000001,
               "entityID" : 13072,
               "height" : 5857.4722680000004,
               "lla" : [ 123.2545152, -28.901286089999999, -7105.4837070000003 ],
               "radarID" : 13072,
               "targetType" : 3,
               "trueID" : 817,
               "velocity" : [ 263.18090100000001, 110.1969696, 92.695421890000006 ]
            }
         ]
      }
   ],
   "terminator" : 0
}
