{
   "data" : [
      {
         "radarID" : 12910,
         "tracks" : [
            {
               "detectedID" : 1006,
               "detectedTime" : 1255.5,
               "entityID" : 12910,
               "height" : 1988.7722779999999,
               "lla" : [ 120.93129860000001, -27.364199060000001, -150467.25020000001 ],
               "radarID" : 12910,
               "targetType" : 3,
               "trueID" : 811,
               "velocity" : [ 268.66868840000001, 105.7558717, 81.44219726 ]
            }
         ]
      }
   ],
   "terminator" : 0
}
