{
   "data" : [
      {
         "radarID" : 12903,
         "tracks" : [
            {
               "detectedID" : 1001,
               "detectedTime" : 1255.9000000000001,
               "entityID" : 12903,
               "height" : 5408.3630810000004,
               "lla" : [ 120.51447810000001, -27.07934668, -167704.04740000001 ],
               "radarID" : 12903,
               "targetType" : 3,
               "trueID" : 817,
               "velocity" : [ 269.2721841, 100.3692001, 86.130798940000005 ]
            }
         ]
      },
      {
         "radarID" : 12910,
         "tracks" : [
            {
               "detectedID" : 1001,
               "detectedTime" : 1255.9000000000001,
               "entityID" : 12910,
               "height" : 2239.4148500000001,
               "lla" : [ 120.5139075, -27.079033240000001, -170754.25959999999 ],
               "radarID" : 12910,
               "targetType" : 3,
               "trueID" : 817,
               "velocity" : [ 269.2721841, 100.3692001, 86.130798940000005 ]
            }
         ]
      },
      {
         "radarID" : 12917,
         "tracks" : [
            {
               "detectedID" : 1001,
               "detectedTime" : 1255.9000000000001,
               "entityID" : 12917,
               "height" : 1945.092674,
               "lla" : [ 120.51373959999999, -27.078925030000001, -171035.7591 ],
               "radarID" : 12917,
               "targetType" : 3,
               "trueID" : 817,
               "velocity" : [ 269.2721841, 100.3692001, 86.130798940000005 ]
            }
         ]
      }
   ],
   "terminator" : 0
}
