{
   "data" : [
      {
         "radarID" : 12988,
         "tracks" : [
            {
               "detectedID" : 1004,
               "detectedTime" : 1256.25,
               "entityID" : 12988,
               "height" : 5007.741129,
               "lla" : [ 120.3737127, -26.980272190000001, -84588.832049999997 ],
               "radarID" : 12988,
               "targetType" : 3,
               "trueID" : 799,
               "velocity" : [ 262.5935121, 144.2581725, 15.304478339999999 ]
            }
         ]
      },
      {
         "radarID" : 12995,
         "tracks" : [
            {
               "detectedID" : 1005,
               "detectedTime" : 1256.25,
               "entityID" : 12995,
               "height" : 5319.2132879999999,
               "lla" : [ 120.58883950000001, -27.129642530000002, -136674.61410000001 ],
               "radarID" : 12995,
               "targetType" : 3,
               "trueID" : 805,
               "velocity" : [ 267.94422680000002, 125.80149280000001, 48.783969980000002 ]
            }
         ]
      }
   ],
   "terminator" : 0
}
