{
   "data" : [
      {
         "radarID" : 12981,
         "tracks" : [
            {
               "detectedID" : 1002,
               "detectedTime" : 1256.45,
               "entityID" : 12981,
               "height" : 946.13375080000003,
               "lla" : [ 120.8495455, -27.30748505, -112756.7255 ],
               "radarID" : 12981,
               "targetType" : 3,
               "trueID" : 793,
               "velocity" : [ 254.2363387, 54.248618120000003, 149.73634000000001 ]
            }
         ]
      }
   ],
   "terminator" : 0
}
