{
   "data" : [
      {
         "radarID" : 12931,
         "tracks" : [
            {
               "detectedID" : 1005,
               "detectedTime" : 1256.7,
               "entityID" : 12931,
               "height" : 5344.2160940000003,
               "lla" : [ 120.58764239999999, -27.128821670000001, -136714.96609999999 ],
               "radarID" : 12931,
               "targetType" : 3,
               "trueID" : 805,
               "velocity" : [ 267.9470273, 125.7967403, 48.780843590000003 ]
            }
         ]
      },
      {
         "radarID" : 12938,
         "tracks" : [
            {
               "detectedID" : 1005,
               "detectedTime" : 1256.7,
               "entityID" : 12938,
               "height" : 5346.1845670000002,
               "lla" : [ 120.5874938, -27.128719700000001, -136715.7438 ],
               "radarID" : 12938,
               "targetType" : 3,
               "trueID" : 805,
               "velocity" : [ 267.9470273, 125.7967403, 48.780843590000003 ]
            }
         ]
      },
      {
         "radarID" : 12974,
         "tracks" : [
            {
               "detectedID" : 1005,
               "detectedTime" : 1256.7,
               "entityID" : 12974,
               "height" : 5344.2912749999996,
               "lla" : [ 120.5875566, -27.128762800000001, -136716.0796 ],
               "radarID" : 12974,
               "targetType" : 3,
               "trueID" : 805,
               "velocity" : [ 267.9470273, 125.7967403, 48.780843590000003 ]
            }
         ]
      }
   ],
   "terminator" : 0
}
