{
   "data" : [
      {
         "radarID" : 13002,
         "tracks" : [
            {
               "detectedID" : 1006,
               "detectedTime" : 1256.8,
               "entityID" : 13002,
               "height" : 152.76777509999999,
               "lla" : [ 120.92435709999999, -27.359524440000001, -152569.85310000001 ],
               "radarID" : 13002,
               "targetType" : 3,
               "trueID" : 811,
               "velocity" : [ 268.67682600000001, 105.74223859999999, 81.43305316 ]
            }
         ]
      }
   ],
   "terminator" : 0
}
