{
   "data" : [
      {
         "radarID" : 12981,
         "tracks" : [
            {
               "detectedID" : 1005,
               "detectedTime" : 1257.05,
               "entityID" : 12981,
               "height" : 1097.132214,
               "lla" : [ 120.5848725, -27.127028549999999, -140948.4877 ],
               "radarID" : 12981,
               "targetType" : 3,
               "trueID" : 805,
               "velocity" : [ 267.94920539999998, 125.79304380000001, 48.778411929999997 ]
            }
         ]
      },
      {
         "radarID" : 12988,
         "tracks" : [
            {
               "detectedID" : 1005,
               "detectedTime" : 1257.05,
               "entityID" : 12988,
               "height" : 5344.4778930000002,
               "lla" : [ 120.5864121, -27.127978370000001, -136767.1973 ],
               "radarID" : 12988,
               "targetType" : 3,
               "trueID" : 805,
               "velocity" : [ 267.94920539999998, 125.79304380000001, 48.778411929999997 ]
            }
         ]
      }
   ],
   "terminator" : 0
}
