{
   "data" : [
      {
         "radarID" : 13051,
         "tracks" : [
            {
               "detectedID" : 1004,
               "detectedTime" : 1257.5,
               "entityID" : 13051,
               "height" : 861.44511299999999,
               "lla" : [ 120.3684464, -26.976746940000002, -88882.632180000001 ],
               "radarID" : 13051,
               "targetType" : 3,
               "trueID" : 799,
               "velocity" : [ 262.60133639999998, 144.24482130000001, 15.29606695 ]
            }
         ]
      },
      {
         "radarID" : 13058,
         "tracks" : [
            {
               "detectedID" : 1004,
               "detectedTime" : 1257.5,
               "entityID" : 13058,
               "height" : 5001.2272210000001,
               "lla" : [ 120.36996259999999, -26.97768911, -84749.542329999997 ],
               "radarID" : 13058,
               "targetType" : 3,
               "trueID" : 799,
               "velocity" : [ 262.60133639999998, 144.24482130000001, 15.29606695 ]
            }
         ]
      }
   ],
   "terminator" : 0
}
