{
   "data" : [
      {
         "radarID" : 13037,
         "tracks" : [
            {
               "detectedID" : 1004,
               "detectedTime" : 1258.0999999999999,
               "entityID" : 13037,
               "height" : 1177.9357869999999,
               "lla" : [ 120.3668698, -26.975653779999998, -88666.445559999993 ],
               "radarID" : 13037,
               "targetType" : 3,
               "trueID" : 799,
               "velocity" : [ 262.6050917, 144.2384126, 15.292029469999999 ]
            }
         ]
      }
   ],
   "terminator" : 0
}
