{
   "data" : [
      {
         "radarID" : 13051,
         "tracks" : [
            {
               "detectedID" : 1006,
               "detectedTime" : 1259.45,
               "entityID" : 13051,
               "height" : 2072.1210329999999,
               "lla" : [ 120.9196967, -27.35631295, -151179.66529999999 ],
               "radarID" : 13051,
               "targetType" : 3,
               "trueID" : 811,
               "velocity" : [ 268.69341109999999, 105.7144469, 81.414412319999997 ]
            }
         ]
      },
      {
         "radarID" : 13065,
         "tracks" : [
            {
               "detectedID" : 1006,
               "detectedTime" : 1259.45,
               "entityID" : 13065,
               "height" : 5630.277771,
               "lla" : [ 120.92012029999999, -27.35650957, -147624.62160000001 ],
               "radarID" : 13065,
               "targetType" : 3,
               "trueID" : 811,
               "velocity" : [ 268.69341109999999, 105.7144469, 81.414412319999997 ]
            }
         ]
      },
      {
         "radarID" : 13135,
         "tracks" : [
            {
               "detectedID" : 1004,
               "detectedTime" : 1259.45,
               "entityID" : 13135,
               "height" : 562.47062229999995,
               "lla" : [ 120.36342879999999, -26.973299919999999, -89477.346479999993 ],
               "radarID" : 13135,
               "targetType" : 3,
               "trueID" : 799,
               "velocity" : [ 262.61354030000001, 144.22399250000001, 15.282945079999999 ]
            }
         ]
      }
   ],
   "terminator" : 0
}
