{
   "data" : [
      {
         "radarID" : 13030,
         "tracks" : [
            {
               "detectedID" : 1006,
               "detectedTime" : 1259.55,
               "entityID" : 13030,
               "height" : 3499.4679639999999,
               "lla" : [ 120.9195754, -27.356193739999998, -149769.3075 ],
               "radarID" : 13030,
               "targetType" : 3,
               "trueID" : 811,
               "velocity" : [ 268.69403690000001, 105.71339810000001, 81.413708869999994 ]
            }
         ]
      },
      {
         "radarID" : 13037,
         "tracks" : [
            {
               "detectedID" : 1006,
               "detectedTime" : 1259.55,
               "entityID" : 13037,
               "height" : 3470.1697819999999,
               "lla" : [ 120.9196572, -27.356250490000001, -149808.59950000001 ],
               "radarID" : 13037,
               "targetType" : 3,
               "trueID" : 811,
               "velocity" : [ 268.69403690000001, 105.71339810000001, 81.413708869999994 ]
            }
         ]
      },
      {
         "radarID" : 13044,
         "tracks" : [
            {
               "detectedID" : 1006,
               "detectedTime" : 1259.55,
               "entityID" : 13044,
               "height" : 3526.1476779999998,
               "lla" : [ 120.9195845, -27.356199310000001, -149743.83679999999 ],
               "radarID" : 13044,
               "targetType" : 3,
               "trueID" : 811,
               "velocity" : [ 268.69403690000001, 105.71339810000001, 81.413708869999994 ]
            }
         ]
      }
   ],
   "terminator" : 0
}
