{
   "data" : [
      {
         "radarID" : 13107,
         "tracks" : [
            {
               "detectedID" : 1001,
               "detectedTime" : 1260.8499999999999,
               "entityID" : 13107,
               "height" : 5361.8710929999997,
               "lla" : [ 120.50000249999999, -27.069412639999999, -168573.02420000001 ],
               "radarID" : 13107,
               "targetType" : 3,
               "trueID" : 817,
               "velocity" : [ 269.30276129999999, 100.3170975, 86.095892570000004 ]
            }
         ]
      },
      {
         "radarID" : 13114,
         "tracks" : [
            {
               "detectedID" : 1001,
               "detectedTime" : 1260.8499999999999,
               "entityID" : 13114,
               "height" : 745.86723659999996,
               "lla" : [ 120.5009939, -27.070211950000001, -173105.08619999999 ],
               "radarID" : 13114,
               "targetType" : 3,
               "trueID" : 817,
               "velocity" : [ 269.30276129999999, 100.3170975, 86.095892570000004 ]
            }
         ]
      }
   ],
   "terminator" : 0
}
