{
   "data" : [
      {
         "radarID" : 13093,
         "tracks" : [
            {
               "detectedID" : 1005,
               "detectedTime" : 1261.8,
               "entityID" : 13093,
               "height" : 247.10641770000001,
               "lla" : [ 120.5745787, -27.119997430000002, -142404.7984 ],
               "radarID" : 13093,
               "targetType" : 3,
               "trueID" : 805,
               "velocity" : [ 267.97875790000001, 125.742874, 48.74540957 ]
            }
         ]
      },
      {
         "radarID" : 13107,
         "tracks" : [
            {
               "detectedID" : 1005,
               "detectedTime" : 1261.8,
               "entityID" : 13107,
               "height" : 5332.0301989999998,
               "lla" : [ 120.5719746, -27.1180825, -137475.99739999999 ],
               "radarID" : 13107,
               "targetType" : 3,
               "trueID" : 805,
               "velocity" : [ 267.97875790000001, 125.742874, 48.74540957 ]
            }
         ]
      }
   ],
   "terminator" : 0
}
