{
   "data" : [
      {
         "radarID" : 12903,
         "tracks" : [
            {
               "detectedID" : 1006,
               "detectedTime" : 1265.5,
               "entityID" : 12903,
               "height" : 5624.1232209999998,
               "lla" : [ 120.902379, -27.34444435, -148636.59179999999 ],
               "radarID" : 12903,
               "targetType" : 3,
               "trueID" : 811,
               "velocity" : [ 268.73125970000001, 105.6509918, 81.371850170000002 ]
            }
         ]
      },
      {
         "radarID" : 12917,
         "tracks" : [
            {
               "detectedID" : 1006,
               "detectedTime" : 1265.5,
               "entityID" : 12917,
               "height" : 1716.1937869999999,
               "lla" : [ 120.901799, -27.344145950000001, -152380.2212 ],
               "radarID" : 12917,
               "targetType" : 3,
               "trueID" : 811,
               "velocity" : [ 268.73125970000001, 105.6509918, 81.371850170000002 ]
            }
         ]
      }
   ],
   "terminator" : 0
}
