{
   "data" : [
      {
         "radarID" : 13065,
         "tracks" : [
            {
               "detectedID" : 1002,
               "detectedTime" : 1268.8,
               "entityID" : 13065,
               "height" : 5003.6854789999998,
               "lla" : [ 120.8194912, -27.286925279999998, -111139.7265 ],
               "radarID" : 13065,
               "targetType" : 3,
               "trueID" : 793,
               "velocity" : [ 254.31428550000001, 54.118032110000001, 149.65120379999999 ]
            },
            {
               "detectedID" : 1005,
               "detectedTime" : 1268.8,
               "entityID" : 13065,
               "height" : 5341.374065,
               "lla" : [ 120.55071169999999, -27.103501919999999, -138495.9504 ],
               "radarID" : 13065,
               "targetType" : 3,
               "trueID" : 805,
               "velocity" : [ 268.0222847, 125.6689282, 48.696770049999998 ]
            }
         ]
      }
   ],
   "terminator" : 0
}
