{
   "data" : [
      {
         "radarID" : 13079,
         "tracks" : [
            {
               "detectedID" : 1002,
               "detectedTime" : 1269.05,
               "entityID" : 13079,
               "height" : 5003.405788,
               "lla" : [ 120.81887070000001, -27.286502720000001, -111186.4022 ],
               "radarID" : 13079,
               "targetType" : 3,
               "trueID" : 793,
               "velocity" : [ 254.31586250000001, 54.11538848, 149.64947989999999 ]
            }
         ]
      },
      {
         "radarID" : 13086,
         "tracks" : [
            {
               "detectedID" : 1002,
               "detectedTime" : 1269.05,
               "entityID" : 13086,
               "height" : 5002.9889149999999,
               "lla" : [ 120.81888480000001, -27.286512299999998, -111184.90790000001 ],
               "radarID" : 13086,
               "targetType" : 3,
               "trueID" : 793,
               "velocity" : [ 254.31586250000001, 54.11538848, 149.64947989999999 ]
            }
         ]
      }
   ],
   "terminator" : 0
}
