{
   "data" : [
      {
         "radarID" : 13142,
         "tracks" : [
            {
               "detectedID" : 1002,
               "detectedTime" : 1270.0999999999999,
               "entityID" : 13142,
               "height" : 5007.4523259999996,
               "lla" : [ 120.81622350000001, -27.284699960000001, -111389.16310000001 ],
               "radarID" : 13142,
               "targetType" : 3,
               "trueID" : 793,
               "velocity" : [ 254.32248540000001, 54.104285179999998, 149.64223920000001 ]
            },
            {
               "detectedID" : 1006,
               "detectedTime" : 1270.0999999999999,
               "entityID" : 13142,
               "height" : 5634.0176869999996,
               "lla" : [ 120.8888228, -27.335221709999999, -149397.698 ],
               "radarID" : 13142,
               "targetType" : 3,
               "trueID" : 811,
               "velocity" : [ 268.76002249999999, 105.6027393, 81.33948445 ]
            }
         ]
      }
   ],
   "terminator" : 0
}
