{
   "data" : [
      {
         "radarID" : 13093,
         "tracks" : [
            {
               "detectedID" : 1005,
               "detectedTime" : 1271.75,
               "entityID" : 13093,
               "height" : 226.56288430000001,
               "lla" : [ 120.5444116, -27.099310989999999, -143888.41339999999 ],
               "radarID" : 13093,
               "targetType" : 3,
               "trueID" : 805,
               "velocity" : [ 268.04061940000003, 125.6377612, 48.676270369999997 ]
            }
         ]
      },
      {
         "radarID" : 13107,
         "tracks" : [
            {
               "detectedID" : 1005,
               "detectedTime" : 1271.75,
               "entityID" : 13107,
               "height" : 5345.8768030000001,
               "lla" : [ 120.5417559, -27.09735843, -138922.0539 ],
               "radarID" : 13107,
               "targetType" : 3,
               "trueID" : 805,
               "velocity" : [ 268.04061940000003, 125.6377612, 48.676270369999997 ]
            }
         ]
      }
   ],
   "terminator" : 0
}
