{
   "data" : [
      {
         "radarID" : 13030,
         "tracks" : [
            {
               "detectedID" : 1001,
               "detectedTime" : 321.5,
               "entityID" : 13030,
               "height" : 3255.5170039999998,
               "lla" : [ 123.2295764, -28.88529595, -11239.92792 ],
               "radarID" : 13030,
               "targetType" : 3,
               "trueID" : 817,
               "velocity" : [ 263.24114179999998, 110.1047094, 92.633979999999994 ]
            }
         ]
      },
      {
         "radarID" : 13037,
         "tracks" : [
            {
               "detectedID" : 1001,
               "detectedTime" : 321.5,
               "entityID" : 13037,
               "height" : 3203.6936190000001,
               "lla" : [ 123.2295941, -28.88530871, -11291.07555 ],
               "radarID" : 13037,
               "targetType" : 3,
               "trueID" : 817,
               "velocity" : [ 263.24114179999998, 110.1047094, 92.633979999999994 ]
            }
         ]
      },
      {
         "radarID" : 13044,
         "tracks" : [
            {
               "detectedID" : 1001,
               "detectedTime" : 321.5,
               "entityID" : 13044,
               "height" : 3298.4168380000001,
               "lla" : [ 123.22960260000001, -28.885311779999999, -11196.280290000001 ],
               "radarID" : 13044,
               "targetType" : 3,
               "trueID" : 817,
               "velocity" : [ 263.24114179999998, 110.1047094, 92.633979999999994 ]
            }
         ]
      }
   ],
   "terminator" : 0
}
