{
   "data" : [
      {
         "radarID" : 12981,
         "tracks" : [
            {
               "detectedID" : 1005,
               "detectedTime" : 1277.0999999999999,
               "entityID" : 12981,
               "height" : 1199.3356779999999,
               "lla" : [ 120.5240223, -27.085293180000001, -143788.7268 ],
               "radarID" : 12981,
               "targetType" : 3,
               "trueID" : 805,
               "velocity" : [ 268.07385740000001, 125.581232, 48.639090590000002 ]
            }
         ]
      },
      {
         "radarID" : 12988,
         "tracks" : [
            {
               "detectedID" : 1005,
               "detectedTime" : 1277.0999999999999,
               "entityID" : 12988,
               "height" : 5336.7638290000004,
               "lla" : [ 120.5255354, -27.08622896, -139715.36139999999 ],
               "radarID" : 12988,
               "targetType" : 3,
               "trueID" : 805,
               "velocity" : [ 268.07385740000001, 125.581232, 48.639090590000002 ]
            }
         ]
      }
   ],
   "terminator" : 0
}
