{
   "data" : [
      {
         "radarID" : 13072,
         "tracks" : [
            {
               "detectedID" : 1005,
               "detectedTime" : 1278.4000000000001,
               "entityID" : 13072,
               "height" : 5336.092517,
               "lla" : [ 120.52155329999999, -27.083496010000001, -139906.82999999999 ],
               "radarID" : 13072,
               "targetType" : 3,
               "trueID" : 805,
               "velocity" : [ 268.08193139999997, 125.5674947, 48.63005579 ]
            }
         ]
      }
   ],
   "terminator" : 0
}
