{
   "data" : [
      {
         "radarID" : 13051,
         "tracks" : [
            {
               "detectedID" : 1006,
               "detectedTime" : 1279.45,
               "entityID" : 13051,
               "height" : 2165.9313069999998,
               "lla" : [ 120.860721, -27.316182439999999, -154383.815 ],
               "radarID" : 13051,
               "targetType" : 3,
               "trueID" : 811,
               "velocity" : [ 268.81844749999999, 105.5046457, 81.273685830000005 ]
            }
         ]
      },
      {
         "radarID" : 13058,
         "tracks" : [
            {
               "detectedID" : 1006,
               "detectedTime" : 1279.45,
               "entityID" : 13058,
               "height" : 5621.6114509999998,
               "lla" : [ 120.8611753, -27.316403050000002, -150933.31270000001 ],
               "radarID" : 13058,
               "targetType" : 3,
               "trueID" : 811,
               "velocity" : [ 268.81844749999999, 105.5046457, 81.273685830000005 ]
            }
         ]
      }
   ],
   "terminator" : 0
}
