{
   "data" : [
      {
         "radarID" : 13072,
         "tracks" : [
            {
               "detectedID" : 1006,
               "detectedTime" : 1279.55,
               "entityID" : 13072,
               "height" : 5618.4951899999996,
               "lla" : [ 120.86087740000001, -27.31620028, -150950.45180000001 ],
               "radarID" : 13072,
               "targetType" : 3,
               "trueID" : 811,
               "velocity" : [ 268.81907210000003, 105.5035965, 81.272982020000001 ]
            }
         ]
      },
      {
         "radarID" : 13079,
         "tracks" : [
            {
               "detectedID" : 1006,
               "detectedTime" : 1279.55,
               "entityID" : 13079,
               "height" : 5621.5849479999997,
               "lla" : [ 120.86087209999999, -27.316196680000001, -150951.7139 ],
               "radarID" : 13079,
               "targetType" : 3,
               "trueID" : 811,
               "velocity" : [ 268.81907210000003, 105.5035965, 81.272982020000001 ]
            }
         ]
      },
      {
         "radarID" : 13086,
         "tracks" : [
            {
               "detectedID" : 1006,
               "detectedTime" : 1279.55,
               "entityID" : 13086,
               "height" : 5626.042598,
               "lla" : [ 120.86084959999999, -27.316181520000001, -150959.5569 ],
               "radarID" : 13086,
               "targetType" : 3,
               "trueID" : 811,
               "velocity" : [ 268.81907210000003, 105.5035965, 81.272982020000001 ]
            }
         ]
      }
   ],
   "terminator" : 0
}
