{
   "data" : [
      {
         "radarID" : 13121,
         "tracks" : [
            {
               "detectedID" : 1004,
               "detectedTime" : 1280.2,
               "entityID" : 13121,
               "height" : 5007.5334439999997,
               "lla" : [ 120.300603, -26.929872270000001, -87620.549679999996 ],
               "radarID" : 13121,
               "targetType" : 3,
               "trueID" : 799,
               "velocity" : [ 262.74326719999999, 144.00227720000001, 15.143306320000001 ]
            }
         ]
      }
   ],
   "terminator" : 0
}
