{
   "data" : [
      {
         "radarID" : 13065,
         "tracks" : [
            {
               "detectedID" : 1001,
               "detectedTime" : 322.05000000000001,
               "entityID" : 13065,
               "height" : 5852.5585540000002,
               "lla" : [ 123.2271791, -28.883684209999998, -8747.2950629999996 ],
               "radarID" : 13065,
               "targetType" : 3,
               "trueID" : 817,
               "velocity" : [ 263.24484219999999, 110.0990391, 92.630203699999996 ]
            }
         ]
      },
      {
         "radarID" : 13079,
         "tracks" : [
            {
               "detectedID" : 1001,
               "detectedTime" : 322.05000000000001,
               "entityID" : 13079,
               "height" : 5850.4087929999996,
               "lla" : [ 123.2270752, -28.88361725, -8753.6399650000003 ],
               "radarID" : 13079,
               "targetType" : 3,
               "trueID" : 817,
               "velocity" : [ 263.24484219999999, 110.0990391, 92.630203699999996 ]
            }
         ]
      },
      {
         "radarID" : 13086,
         "tracks" : [
            {
               "detectedID" : 1001,
               "detectedTime" : 322.05000000000001,
               "entityID" : 13086,
               "height" : 5861.3614939999998,
               "lla" : [ 123.2274796, -28.883877680000001, -8727.6019629999992 ],
               "radarID" : 13086,
               "targetType" : 3,
               "trueID" : 817,
               "velocity" : [ 263.24484219999999, 110.0990391, 92.630203699999996 ]
            }
         ]
      }
   ],
   "terminator" : 0
}
