{
   "data" : [
      {
         "radarID" : 13093,
         "tracks" : [
            {
               "detectedID" : 1005,
               "detectedTime" : 1281.6500000000001,
               "entityID" : 13093,
               "height" : 207.49657099999999,
               "lla" : [ 120.51437559999999, -27.078700359999999, -145363.6532 ],
               "radarID" : 13093,
               "targetType" : 3,
               "trueID" : 805,
               "velocity" : [ 268.10211190000001, 125.53314949999999, 48.607467970000002 ]
            }
         ]
      }
   ],
   "terminator" : 0
}
