{
   "data" : [
      {
         "radarID" : 13114,
         "tracks" : [
            {
               "detectedID" : 1004,
               "detectedTime" : 1284.4000000000001,
               "entityID" : 13114,
               "height" : 578.20132869999998,
               "lla" : [ 120.28836939999999, -26.92153781, -92391.021280000001 ],
               "radarID" : 13114,
               "targetType" : 3,
               "trueID" : 799,
               "velocity" : [ 262.76949489999998, 143.9573829, 15.11504017 ]
            }
         ]
      }
   ],
   "terminator" : 0
}
