{
   "data" : [
      {
         "radarID" : 12924,
         "tracks" : [
            {
               "detectedID" : 1006,
               "detectedTime" : 1285.0999999999999,
               "entityID" : 12924,
               "height" : 3557.49539,
               "lla" : [ 120.8444727, -27.30507974, -153841.38020000001 ],
               "radarID" : 12924,
               "targetType" : 3,
               "trueID" : 811,
               "velocity" : [ 268.8537273, 105.4453601, 81.233917520000006 ]
            }
         ]
      }
   ],
   "terminator" : 0
}
