{
   "data" : [
      {
         "radarID" : 12910,
         "tracks" : [
            {
               "detectedID" : 1001,
               "detectedTime" : 1285.95,
               "entityID" : 12910,
               "height" : 2298.8414870000001,
               "lla" : [ 120.4257075, -27.01844492, -175706.31299999999 ],
               "radarID" : 12910,
               "targetType" : 3,
               "trueID" : 817,
               "velocity" : [ 269.45758460000002, 100.0528178, 85.91882056 ]
            }
         ]
      }
   ],
   "terminator" : 0
}
