{
   "data" : [
      {
         "radarID" : 12931,
         "tracks" : [
            {
               "detectedID" : 1001,
               "detectedTime" : 1287.2,
               "entityID" : 12931,
               "height" : 5389.5529100000003,
               "lla" : [ 120.4228494, -27.016403749999998, -172938.28039999999 ],
               "radarID" : 12931,
               "targetType" : 3,
               "trueID" : 817,
               "velocity" : [ 269.46528519999998, 100.0396528, 85.909999089999999 ]
            }
         ]
      },
      {
         "radarID" : 12938,
         "tracks" : [
            {
               "detectedID" : 1001,
               "detectedTime" : 1287.2,
               "entityID" : 12938,
               "height" : 5391.0215289999996,
               "lla" : [ 120.4227216, -27.0163157, -172941.15760000001 ],
               "radarID" : 12938,
               "targetType" : 3,
               "trueID" : 817,
               "velocity" : [ 269.46528519999998, 100.0396528, 85.909999089999999 ]
            }
         ]
      },
      {
         "radarID" : 12974,
         "tracks" : [
            {
               "detectedID" : 1001,
               "detectedTime" : 1287.2,
               "entityID" : 12974,
               "height" : 5391.933344,
               "lla" : [ 120.42271460000001, -27.016310910000001, -172940.9111 ],
               "radarID" : 12974,
               "targetType" : 3,
               "trueID" : 817,
               "velocity" : [ 269.46528519999998, 100.0396528, 85.909999089999999 ]
            }
         ]
      }
   ],
   "terminator" : 0
}
