{
   "data" : [
      {
         "radarID" : 12981,
         "tracks" : [
            {
               "detectedID" : 1001,
               "detectedTime" : 1287.75,
               "entityID" : 12981,
               "height" : 1354.2332160000001,
               "lla" : [ 120.4196968, -27.014336700000001, -177016.71590000001 ],
               "radarID" : 12981,
               "targetType" : 3,
               "trueID" : 817,
               "velocity" : [ 269.46867309999999, 100.0338601, 85.906117539999997 ]
            }
         ]
      },
      {
         "radarID" : 12988,
         "tracks" : [
            {
               "detectedID" : 1001,
               "detectedTime" : 1287.75,
               "entityID" : 12988,
               "height" : 5389.4469310000004,
               "lla" : [ 120.42116679999999, -27.015246569999999, -173031.96710000001 ],
               "radarID" : 12988,
               "targetType" : 3,
               "trueID" : 817,
               "velocity" : [ 269.46867309999999, 100.0338601, 85.906117539999997 ]
            }
         ]
      },
      {
         "radarID" : 13009,
         "tracks" : [
            {
               "detectedID" : 1006,
               "detectedTime" : 1287.75,
               "entityID" : 13009,
               "height" : 284.88576799999998,
               "lla" : [ 120.8337789, -27.297877830000001, -157634.47349999999 ],
               "radarID" : 13009,
               "targetType" : 3,
               "trueID" : 811,
               "velocity" : [ 268.87026789999999, 105.417551, 81.215263149999998 ]
            }
         ]
      },
      {
         "radarID" : 13016,
         "tracks" : [
            {
               "detectedID" : 1006,
               "detectedTime" : 1287.75,
               "entityID" : 13016,
               "height" : 305.08849600000002,
               "lla" : [ 120.8338736, -27.297941890000001, -157612.38149999999 ],
               "radarID" : 13016,
               "targetType" : 3,
               "trueID" : 811,
               "velocity" : [ 268.87026789999999, 105.417551, 81.215263149999998 ]
            }
         ]
      }
   ],
   "terminator" : 0
}
