{
   "data" : [
      {
         "radarID" : 13037,
         "tracks" : [
            {
               "detectedID" : 1002,
               "detectedTime" : 1289.1500000000001,
               "entityID" : 13037,
               "height" : 1781.35789,
               "lla" : [ 120.7674365, -27.251535700000002, -118260.5983 ],
               "radarID" : 13037,
               "targetType" : 3,
               "trueID" : 793,
               "velocity" : [ 254.44253670000001, 53.902817319999997, 149.51080830000001 ]
            }
         ]
      }
   ],
   "terminator" : 0
}
