{
   "data" : [
      {
         "radarID" : 13135,
         "tracks" : [
            {
               "detectedID" : 1004,
               "detectedTime" : 1289.3,
               "entityID" : 13135,
               "height" : 613.86537629999998,
               "lla" : [ 120.272025, -26.91025909, -93196.149290000001 ],
               "radarID" : 13135,
               "targetType" : 3,
               "trueID" : 799,
               "velocity" : [ 262.8000811, 143.90499919999999, 15.082062179999999 ]
            }
         ]
      }
   ],
   "terminator" : 0
}
