{
   "data" : [
      {
         "radarID" : 13023,
         "tracks" : [
            {
               "detectedID" : 1005,
               "detectedTime" : 1289.75,
               "entityID" : 13023,
               "height" : 5336.5974589999996,
               "lla" : [ 120.48706180000001, -27.059813720000001, -141568.06630000001 ],
               "radarID" : 13023,
               "targetType" : 3,
               "trueID" : 805,
               "velocity" : [ 268.15238090000003, 125.4475379, 48.551167210000003 ]
            },
            {
               "detectedID" : 1001,
               "detectedTime" : 1289.75,
               "entityID" : 13023,
               "height" : 5391.9629679999998,
               "lla" : [ 120.4152431, -27.011171820000001, -173335.3952 ],
               "radarID" : 13023,
               "targetType" : 3,
               "trueID" : 817,
               "velocity" : [ 269.48099139999999, 100.0127952, 85.892002360000006 ]
            }
         ]
      }
   ],
   "terminator" : 0
}
