{
   "data" : [
      {
         "radarID" : 13107,
         "tracks" : [
            {
               "detectedID" : 1001,
               "detectedTime" : 1290.7,
               "entityID" : 13107,
               "height" : 5377.8137059999999,
               "lla" : [ 120.4125263, -27.009304369999999, -173534.334 ],
               "radarID" : 13107,
               "targetType" : 3,
               "trueID" : 817,
               "velocity" : [ 269.48684170000001, 100.0027891, 85.885297379999997 ]
            }
         ]
      },
      {
         "radarID" : 13114,
         "tracks" : [
            {
               "detectedID" : 1001,
               "detectedTime" : 1290.7,
               "entityID" : 13114,
               "height" : 722.6258699,
               "lla" : [ 120.4133878, -27.01001673, -178112.16440000001 ],
               "radarID" : 13114,
               "targetType" : 3,
               "trueID" : 817,
               "velocity" : [ 269.48684170000001, 100.0027891, 85.885297379999997 ]
            }
         ]
      }
   ],
   "terminator" : 0
}
