{
   "data" : [
      {
         "radarID" : 13093,
         "tracks" : [
            {
               "detectedID" : 1006,
               "detectedTime" : 1291.3,
               "entityID" : 13093,
               "height" : 821.83588180000004,
               "lla" : [ 120.8276552, -27.293695119999999, -157576.83189999999 ],
               "radarID" : 13093,
               "targetType" : 3,
               "trueID" : 811,
               "velocity" : [ 268.89241959999998, 105.3802948, 81.190271339999995 ]
            }
         ]
      },
      {
         "radarID" : 13107,
         "tracks" : [
            {
               "detectedID" : 1006,
               "detectedTime" : 1291.3,
               "entityID" : 13107,
               "height" : 5493.5748169999997,
               "lla" : [ 120.82621469999999, -27.292593220000001, -153012.0477 ],
               "radarID" : 13107,
               "targetType" : 3,
               "trueID" : 811,
               "velocity" : [ 268.89241959999998, 105.3802948, 81.190271339999995 ]
            }
         ]
      },
      {
         "radarID" : 13114,
         "tracks" : [
            {
               "detectedID" : 1006,
               "detectedTime" : 1291.3,
               "entityID" : 13114,
               "height" : 1010.602181,
               "lla" : [ 120.8275263, -27.293602329999999, -157392.91 ],
               "radarID" : 13114,
               "targetType" : 3,
               "trueID" : 811,
               "velocity" : [ 268.89241959999998, 105.3802948, 81.190271339999995 ]
            }
         ]
      }
   ],
   "terminator" : 0
}
