{
   "data" : [
      {
         "radarID" : 13107,
         "tracks" : [
            {
               "detectedID" : 1005,
               "detectedTime" : 1291.6500000000001,
               "entityID" : 13107,
               "height" : 5323.1703889999999,
               "lla" : [ 120.4812926, -27.055851100000002, -141861.30220000001 ],
               "radarID" : 13107,
               "targetType" : 3,
               "trueID" : 805,
               "velocity" : [ 268.16416679999998, 125.42745360000001, 48.537959839999999 ]
            }
         ]
      }
   ],
   "terminator" : 0
}
