{
   "data" : [
      {
         "radarID" : 13114,
         "tracks" : [
            {
               "detectedID" : 1002,
               "detectedTime" : 1292.4000000000001,
               "entityID" : 13114,
               "height" : 465.61773010000002,
               "lla" : [ 120.76169350000001, -27.247653719999999, -120024.7209 ],
               "radarID" : 13114,
               "targetType" : 3,
               "trueID" : 793,
               "velocity" : [ 254.4629975, 53.868441969999999, 149.48837370000001 ]
            }
         ]
      }
   ],
   "terminator" : 0
}
