{
   "data" : [
      {
         "radarID" : 13009,
         "tracks" : [
            {
               "detectedID" : 1006,
               "detectedTime" : 323.05000000000001,
               "entityID" : 13009,
               "height" : 4156.2594280000003,
               "lla" : [ 123.6581398, -29.16006951, 8272.9642700000004 ],
               "radarID" : 13009,
               "targetType" : 3,
               "trueID" : 811,
               "velocity" : [ 262.57545570000002, 115.4303505, 87.920215319999997 ]
            }
         ]
      },
      {
         "radarID" : 13016,
         "tracks" : [
            {
               "detectedID" : 1006,
               "detectedTime" : 323.05000000000001,
               "entityID" : 13016,
               "height" : 4076.465514,
               "lla" : [ 123.6581528, -29.160079849999999, 8193.5390110000008 ],
               "radarID" : 13016,
               "targetType" : 3,
               "trueID" : 811,
               "velocity" : [ 262.57545570000002, 115.4303505, 87.920215319999997 ]
            }
         ]
      }
   ],
   "terminator" : 0
}
