{
   "data" : [
      {
         "radarID" : 13002,
         "tracks" : [
            {
               "detectedID" : 1004,
               "detectedTime" : 1295.8499999999999,
               "entityID" : 13002,
               "height" : 3196.5304980000001,
               "lla" : [ 120.2523616, -26.896614079999999, -91359.623319999999 ],
               "radarID" : 13002,
               "targetType" : 3,
               "trueID" : 799,
               "velocity" : [ 262.84094499999998, 143.83496389999999, 15.03797799 ]
            }
         ]
      }
   ],
   "terminator" : 0
}
