{
   "data" : [
      {
         "radarID" : 13016,
         "tracks" : [
            {
               "detectedID" : 1002,
               "detectedTime" : 1296.3499999999999,
               "entityID" : 13016,
               "height" : 671.20972389999997,
               "lla" : [ 120.7484899, -27.23863879, -120635.35370000001 ],
               "radarID" : 13016,
               "targetType" : 3,
               "trueID" : 793,
               "velocity" : [ 254.48785720000001, 53.826661039999998, 149.46110239999999 ]
            }
         ]
      }
   ],
   "terminator" : 0
}
