{
   "data" : [
      {
         "radarID" : 13009,
         "tracks" : [
            {
               "detectedID" : 1001,
               "detectedTime" : 1297.8,
               "entityID" : 13009,
               "height" : 849.77222159999997,
               "lla" : [ 120.3899634, -26.993894659999999, -179193.84239999999 ],
               "radarID" : 13009,
               "targetType" : 3,
               "trueID" : 817,
               "velocity" : [ 269.53054830000002, 99.928000139999995, 85.835181019999993 ]
            }
         ]
      },
      {
         "radarID" : 13016,
         "tracks" : [
            {
               "detectedID" : 1006,
               "detectedTime" : 1297.8,
               "entityID" : 13016,
               "height" : 334.87625229999998,
               "lla" : [ 120.8043547, -27.27782337, -159234.40549999999 ],
               "radarID" : 13016,
               "targetType" : 3,
               "trueID" : 811,
               "velocity" : [ 268.9329596, 105.3120717, 81.144505820000006 ]
            },
            {
               "detectedID" : 1001,
               "detectedTime" : 1297.8,
               "entityID" : 13016,
               "height" : 884.86790919999999,
               "lla" : [ 120.38993240000001, -26.993872469999999, -179162.77559999999 ],
               "radarID" : 13016,
               "targetType" : 3,
               "trueID" : 817,
               "velocity" : [ 269.53054830000002, 99.928000139999995, 85.835181019999993 ]
            }
         ]
      }
   ],
   "terminator" : 0
}
