{
   "data" : [
      {
         "radarID" : 13030,
         "tracks" : [
            {
               "detectedID" : 1002,
               "detectedTime" : 1299.1500000000001,
               "entityID" : 13030,
               "height" : 1859.389921,
               "lla" : [ 120.7421258, -27.23427126, -120093.5714 ],
               "radarID" : 13030,
               "targetType" : 3,
               "trueID" : 793,
               "velocity" : [ 254.5054739, 53.797043100000003, 149.44176759999999 ]
            }
         ]
      },
      {
         "radarID" : 13037,
         "tracks" : [
            {
               "detectedID" : 1002,
               "detectedTime" : 1299.1500000000001,
               "entityID" : 13037,
               "height" : 1845.963205,
               "lla" : [ 120.7421193, -27.2342671, -120105.9567 ],
               "radarID" : 13037,
               "targetType" : 3,
               "trueID" : 793,
               "velocity" : [ 254.5054739, 53.797043100000003, 149.44176759999999 ]
            }
         ]
      },
      {
         "radarID" : 13079,
         "tracks" : [
            {
               "detectedID" : 1001,
               "detectedTime" : 1299.1500000000001,
               "entityID" : 13079,
               "height" : 5387.7076520000001,
               "lla" : [ 120.3877518, -26.99225925, -174936.60509999999 ],
               "radarID" : 13079,
               "targetType" : 3,
               "trueID" : 817,
               "velocity" : [ 269.53885530000002, 99.913778449999995, 85.825650769999996 ]
            }
         ]
      },
      {
         "radarID" : 13086,
         "tracks" : [
            {
               "detectedID" : 1001,
               "detectedTime" : 1299.1500000000001,
               "entityID" : 13086,
               "height" : 5381.5450559999999,
               "lla" : [ 120.387833, -26.992314929999999, -174926.0778 ],
               "radarID" : 13086,
               "targetType" : 3,
               "trueID" : 817,
               "velocity" : [ 269.53885530000002, 99.913778449999995, 85.825650769999996 ]
            }
         ]
      }
   ],
   "terminator" : 0
}
