{
   "data" : [
      {
         "radarID" : 12924,
         "tracks" : [
            {
               "detectedID" : 1006,
               "detectedTime" : 1305.1500000000001,
               "entityID" : 12924,
               "height" : 3510.6475869999999,
               "lla" : [ 120.7852283, -27.264700309999998, -157185.2543 ],
               "radarID" : 12924,
               "targetType" : 3,
               "trueID" : 811,
               "velocity" : [ 268.97877069999998, 105.2349153, 81.092746399999996 ]
            }
         ]
      }
   ],
   "terminator" : 0
}
