{
   "data" : [
      {
         "radarID" : 12995,
         "tracks" : [
            {
               "detectedID" : 1006,
               "detectedTime" : 1306.9000000000001,
               "entityID" : 12995,
               "height" : 5608.8447480000004,
               "lla" : [ 120.7802255, -27.261236329999999, -155469.57010000001 ],
               "radarID" : 12995,
               "targetType" : 3,
               "trueID" : 811,
               "velocity" : [ 268.98967340000002, 105.2165428, 81.080421299999998 ]
            }
         ]
      }
   ],
   "terminator" : 0
}
