{
   "data" : [
      {
         "radarID" : 13016,
         "tracks" : [
            {
               "detectedID" : 1005,
               "detectedTime" : 1307.0,
               "entityID" : 13016,
               "height" : 866.15223060000005,
               "lla" : [ 120.43297560000001, -27.022751070000002, -148490.89439999999 ],
               "radarID" : 13016,
               "targetType" : 3,
               "trueID" : 805,
               "velocity" : [ 268.25930590000002, 125.2651565, 48.431243850000001 ]
            }
         ]
      }
   ],
   "terminator" : 0
}
