{
   "data" : [
      {
         "radarID" : 12981,
         "tracks" : [
            {
               "detectedID" : 1006,
               "detectedTime" : 1307.75,
               "entityID" : 12981,
               "height" : 729.44500459999995,
               "lla" : [ 120.7756997, -27.258271499999999, -160452.88630000001 ],
               "radarID" : 12981,
               "targetType" : 3,
               "trueID" : 811,
               "velocity" : [ 268.99496829999998, 105.20761880000001, 81.074434620000005 ]
            },
            {
               "detectedID" : 1001,
               "detectedTime" : 1307.75,
               "entityID" : 12981,
               "height" : 1478.6434380000001,
               "lla" : [ 120.36111990000001, -26.974023299999999, -180223.26389999999 ],
               "radarID" : 12981,
               "targetType" : 3,
               "trueID" : 817,
               "velocity" : [ 269.59174869999998, 99.823171639999998, 85.764931369999999 ]
            }
         ]
      },
      {
         "radarID" : 12988,
         "tracks" : [
            {
               "detectedID" : 1001,
               "detectedTime" : 1307.75,
               "entityID" : 12988,
               "height" : 5379.2396769999996,
               "lla" : [ 120.3625722, -26.974925750000001, -176371.2237 ],
               "radarID" : 12988,
               "targetType" : 3,
               "trueID" : 817,
               "velocity" : [ 269.59174869999998, 99.823171639999998, 85.764931369999999 ]
            }
         ]
      },
      {
         "radarID" : 13009,
         "tracks" : [
            {
               "detectedID" : 1006,
               "detectedTime" : 1307.75,
               "entityID" : 13009,
               "height" : 343.48114320000002,
               "lla" : [ 120.7750492, -27.257837370000001, -160861.63080000001 ],
               "radarID" : 13009,
               "targetType" : 3,
               "trueID" : 811,
               "velocity" : [ 268.99496829999998, 105.20761880000001, 81.074434620000005 ]
            }
         ]
      }
   ],
   "terminator" : 0
}
