{
   "data" : [
      {
         "radarID" : 13044,
         "tracks" : [
            {
               "detectedID" : 1005,
               "detectedTime" : 1309.0999999999999,
               "entityID" : 13044,
               "height" : 2976.2856649999999,
               "lla" : [ 120.4278011, -27.019141569999999, -146765.04620000001 ],
               "radarID" : 13044,
               "targetType" : 3,
               "trueID" : 805,
               "velocity" : [ 268.27231080000001, 125.242948, 48.416642289999999 ]
            }
         ]
      },
      {
         "radarID" : 13058,
         "tracks" : [
            {
               "detectedID" : 1001,
               "detectedTime" : 1309.0999999999999,
               "entityID" : 13058,
               "height" : 5383.6303379999999,
               "lla" : [ 120.35858210000001, -26.97217813, -176597.5606 ],
               "radarID" : 13058,
               "targetType" : 3,
               "trueID" : 817,
               "velocity" : [ 269.6000477, 99.808947009999997, 85.755398560000003 ]
            }
         ]
      }
   ],
   "terminator" : 0
}
