{
   "data" : [
      {
         "radarID" : 13030,
         "tracks" : [
            {
               "detectedID" : 1001,
               "detectedTime" : 331.5,
               "entityID" : 13030,
               "height" : 3200.4951780000001,
               "lla" : [ 123.2006639, -28.866668669999999, -13021.33671 ],
               "radarID" : 13030,
               "targetType" : 3,
               "trueID" : 817,
               "velocity" : [ 263.30839479999997, 110.0016025, 92.565310359999998 ]
            }
         ]
      },
      {
         "radarID" : 13037,
         "tracks" : [
            {
               "detectedID" : 1001,
               "detectedTime" : 331.5,
               "entityID" : 13037,
               "height" : 3149.2486530000001,
               "lla" : [ 123.2007734, -28.866740660000001, -13069.972040000001 ],
               "radarID" : 13037,
               "targetType" : 3,
               "trueID" : 817,
               "velocity" : [ 263.30839479999997, 110.0016025, 92.565310359999998 ]
            }
         ]
      },
      {
         "radarID" : 13044,
         "tracks" : [
            {
               "detectedID" : 1001,
               "detectedTime" : 331.5,
               "entityID" : 13044,
               "height" : 3243.1077150000001,
               "lla" : [ 123.20066660000001, -28.86666932, -12978.66835 ],
               "radarID" : 13044,
               "targetType" : 3,
               "trueID" : 817,
               "velocity" : [ 263.30839479999997, 110.0016025, 92.565310359999998 ]
            }
         ]
      }
   ],
   "terminator" : 0
}
