{
   "data" : [
      {
         "radarID" : 13093,
         "tracks" : [
            {
               "detectedID" : 1001,
               "detectedTime" : 1310.55,
               "entityID" : 13093,
               "height" : 568.03112199999998,
               "lla" : [ 120.3550309, -26.969856329999999, -181582.64360000001 ],
               "radarID" : 13093,
               "targetType" : 3,
               "trueID" : 817,
               "velocity" : [ 269.60896020000001, 99.793668260000004, 85.745159229999999 ]
            }
         ]
      }
   ],
   "terminator" : 0
}
