{
   "data" : [
      {
         "radarID" : 13114,
         "tracks" : [
            {
               "detectedID" : 1004,
               "detectedTime" : 1314.55,
               "entityID" : 13114,
               "height" : 534.40734220000002,
               "lla" : [ 120.19602690000001, -26.857743360000001, -96233.705570000006 ],
               "radarID" : 13114,
               "targetType" : 3,
               "trueID" : 799,
               "velocity" : [ 262.95747390000002, 143.6349396, 14.912110569999999 ]
            }
         ]
      }
   ],
   "terminator" : 0
}
