{
   "data" : [
      {
         "radarID" : 12924,
         "tracks" : [
            {
               "detectedID" : 1006,
               "detectedTime" : 1315.1500000000001,
               "entityID" : 12924,
               "height" : 3488.4126860000001,
               "lla" : [ 120.7558322, -27.244644869999998, -158860.72769999999 ],
               "radarID" : 12924,
               "targetType" : 3,
               "trueID" : 811,
               "velocity" : [ 269.0410473, 105.1299205, 81.022309820000004 ]
            }
         ]
      }
   ],
   "terminator" : 0
}
