{
   "data" : [
      {
         "radarID" : 13065,
         "tracks" : [
            {
               "detectedID" : 1006,
               "detectedTime" : 332.10000000000002,
               "entityID" : 13065,
               "height" : 6053.3823599999996,
               "lla" : [ 123.6311607, -29.142815779999999, 8584.0404890000009 ],
               "radarID" : 13065,
               "targetType" : 3,
               "trueID" : 811,
               "velocity" : [ 262.63703650000002, 115.3374821, 87.858137159999998 ]
            }
         ]
      }
   ],
   "terminator" : 0
}
