{
   "data" : [
      {
         "radarID" : 12931,
         "tracks" : [
            {
               "detectedID" : 1006,
               "detectedTime" : 1317.0999999999999,
               "entityID" : 12931,
               "height" : 5602.9705739999999,
               "lla" : [ 120.75004300000001, -27.240641029999999, -157159.72579999999 ],
               "radarID" : 12931,
               "targetType" : 3,
               "trueID" : 811,
               "velocity" : [ 269.0531843, 105.1094439, 81.00857259 ]
            }
         ]
      }
   ],
   "terminator" : 0
}
