{
   "data" : [
      {
         "radarID" : 13065,
         "tracks" : [
            {
               "detectedID" : 1005,
               "detectedTime" : 1318.7,
               "entityID" : 13065,
               "height" : 5323.8127539999996,
               "lla" : [ 120.39906980000001, -26.999314120000001, -145825.11600000001 ],
               "radarID" : 13065,
               "targetType" : 3,
               "trueID" : 805,
               "velocity" : [ 268.33172860000002, 125.14140759999999, 48.349886269999999 ]
            }
         ]
      }
   ],
   "terminator" : 0
}
