{
   "data" : [
      {
         "radarID" : 13107,
         "tracks" : [
            {
               "detectedID" : 1003,
               "detectedTime" : 1320.7,
               "entityID" : 13107,
               "height" : 985.72277069999996,
               "lla" : [ 120.1619034, -26.835730559999998, -160464.7929 ],
               "radarID" : 13107,
               "targetType" : 3,
               "trueID" : 781,
               "velocity" : [ 249.04891470000001, 37.771261490000001, 162.93547760000001 ]
            }
         ]
      },
      {
         "radarID" : 13114,
         "tracks" : [
            {
               "detectedID" : 1003,
               "detectedTime" : 1320.7,
               "entityID" : 13114,
               "height" : 136.90846999999999,
               "lla" : [ 120.16197409999999, -26.83580087, -161295.807 ],
               "radarID" : 13114,
               "targetType" : 3,
               "trueID" : 781,
               "velocity" : [ 249.04891470000001, 37.771261490000001, 162.93547760000001 ]
            }
         ]
      }
   ],
   "terminator" : 0
}
