{
   "data" : [
      {
         "radarID" : 12924,
         "tracks" : [
            {
               "detectedID" : 1005,
               "detectedTime" : 1325.3499999999999,
               "entityID" : 12924,
               "height" : 5330.0165729999999,
               "lla" : [ 120.3790166, -26.985509749999999, -146803.07699999999 ],
               "radarID" : 12924,
               "targetType" : 3,
               "trueID" : 805,
               "velocity" : [ 268.37285589999999, 125.07105489999999, 48.303637999999999 ]
            }
         ]
      }
   ],
   "terminator" : 0
}
