{
   "data" : [
      {
         "radarID" : 13002,
         "tracks" : [
            {
               "detectedID" : 1004,
               "detectedTime" : 1325.9000000000001,
               "entityID" : 13002,
               "height" : 3336.5265680000002,
               "lla" : [ 120.1605965, -26.83316336, -95008.341709999993 ],
               "radarID" : 13002,
               "targetType" : 3,
               "trueID" : 799,
               "velocity" : [ 263.02810299999999, 143.51347939999999, 14.835708759999999 ]
            }
         ]
      }
   ],
   "terminator" : 0
}
