{
   "data" : [
      {
         "radarID" : 12995,
         "tracks" : [
            {
               "detectedID" : 1002,
               "detectedTime" : 1325.95,
               "entityID" : 12995,
               "height" : 4903.2768120000001,
               "lla" : [ 120.67479299999999, -27.188223180000001, -122155.36810000001 ],
               "radarID" : 12995,
               "targetType" : 3,
               "trueID" : 793,
               "velocity" : [ 254.67386759999999, 53.513511260000001, 149.25657530000001 ]
            }
         ]
      }
   ],
   "terminator" : 0
}
