{
   "data" : [
      {
         "radarID" : 13009,
         "tracks" : [
            {
               "detectedID" : 1002,
               "detectedTime" : 1326.45,
               "entityID" : 13009,
               "height" : 695.9808501,
               "lla" : [ 120.6722053, -27.186557669999999, -126364.0628 ],
               "radarID" : 13009,
               "targetType" : 3,
               "trueID" : 793,
               "velocity" : [ 254.67700540000001, 53.508220700000003, 149.253118 ]
            }
         ]
      }
   ],
   "terminator" : 0
}
