{
   "data" : [
      {
         "radarID" : 13065,
         "tracks" : [
            {
               "detectedID" : 1004,
               "detectedTime" : 1327.3,
               "entityID" : 13065,
               "height" : 5001.4293109999999,
               "lla" : [ 120.15652969999999, -26.83030793, -93560.312749999997 ],
               "radarID" : 13065,
               "targetType" : 3,
               "trueID" : 799,
               "velocity" : [ 263.03680980000001, 143.49849470000001, 14.82628441 ]
            }
         ]
      },
      {
         "radarID" : 13079,
         "tracks" : [
            {
               "detectedID" : 1004,
               "detectedTime" : 1327.3,
               "entityID" : 13079,
               "height" : 5001.2905199999996,
               "lla" : [ 120.15653349999999, -26.830310570000002, -93560.113880000004 ],
               "radarID" : 13079,
               "targetType" : 3,
               "trueID" : 799,
               "velocity" : [ 263.03680980000001, 143.49849470000001, 14.82628441 ]
            }
         ]
      },
      {
         "radarID" : 13086,
         "tracks" : [
            {
               "detectedID" : 1004,
               "detectedTime" : 1327.3,
               "entityID" : 13086,
               "height" : 5000.5737090000002,
               "lla" : [ 120.1565719, -26.830337190000002, -93559.320080000005 ],
               "radarID" : 13086,
               "targetType" : 3,
               "trueID" : 799,
               "velocity" : [ 263.03680980000001, 143.49849470000001, 14.82628441 ]
            }
         ]
      }
   ],
   "terminator" : 0
}
