{
   "data" : [
      {
         "radarID" : 13072,
         "tracks" : [
            {
               "detectedID" : 1002,
               "detectedTime" : 1328.0,
               "entityID" : 13072,
               "height" : 5002.617902,
               "lla" : [ 120.6695778, -27.18465702, -122448.4678 ],
               "radarID" : 13072,
               "targetType" : 3,
               "trueID" : 793,
               "velocity" : [ 254.68673179999999, 53.491819790000001, 149.24239969999999 ]
            }
         ]
      }
   ],
   "terminator" : 0
}
