{
   "data" : [
      {
         "radarID" : 13051,
         "tracks" : [
            {
               "detectedID" : 1005,
               "detectedTime" : 1328.8,
               "entityID" : 13051,
               "height" : 1901.824509,
               "lla" : [ 120.3675502, -26.977699680000001, -150717.77609999999 ],
               "radarID" : 13051,
               "targetType" : 3,
               "trueID" : 805,
               "velocity" : [ 268.39418230000001, 125.0345513, 48.279642670000001 ]
            }
         ]
      },
      {
         "radarID" : 13058,
         "tracks" : [
            {
               "detectedID" : 1005,
               "detectedTime" : 1328.8,
               "entityID" : 13058,
               "height" : 5319.5176350000002,
               "lla" : [ 120.36842679999999, -26.978216880000002, -147300.95120000001 ],
               "radarID" : 13058,
               "targetType" : 3,
               "trueID" : 805,
               "velocity" : [ 268.39418230000001, 125.0345513, 48.279642670000001 ]
            }
         ]
      }
   ],
   "terminator" : 0
}
