{
   "data" : [
      {
         "radarID" : 13093,
         "tracks" : [
            {
               "detectedID" : 1006,
               "detectedTime" : 1331.0999999999999,
               "entityID" : 13093,
               "height" : 739.6170022,
               "lla" : [ 120.7101981, -27.21355608, -164223.66149999999 ],
               "radarID" : 13093,
               "targetType" : 3,
               "trueID" : 811,
               "velocity" : [ 269.14025550000002, 104.9624062, 80.90992627 ]
            }
         ]
      },
      {
         "radarID" : 13114,
         "tracks" : [
            {
               "detectedID" : 1006,
               "detectedTime" : 1331.0999999999999,
               "entityID" : 13114,
               "height" : 919.16517399999998,
               "lla" : [ 120.7100901, -27.213477510000001, -164046.17980000001 ],
               "radarID" : 13114,
               "targetType" : 3,
               "trueID" : 811,
               "velocity" : [ 269.14025550000002, 104.9624062, 80.90992627 ]
            }
         ]
      }
   ],
   "terminator" : 0
}
