{
   "data" : [
      {
         "radarID" : 12995,
         "tracks" : [
            {
               "detectedID" : 1004,
               "detectedTime" : 1335.9000000000001,
               "entityID" : 12995,
               "height" : 4582.4806349999999,
               "lla" : [ 120.1302658, -26.81213352, -95057.4378 ],
               "radarID" : 12995,
               "targetType" : 3,
               "trueID" : 799,
               "velocity" : [ 263.09026979999999, 143.4064315, 14.76839038 ]
            }
         ]
      }
   ],
   "terminator" : 0
}
