{
   "data" : [
      {
         "radarID" : 12988,
         "tracks" : [
            {
               "detectedID" : 1005,
               "detectedTime" : 1337.2,
               "entityID" : 12988,
               "height" : 5314.4631870000003,
               "lla" : [ 120.3429325, -26.960653430000001, -148532.85269999999 ],
               "radarID" : 12988,
               "targetType" : 3,
               "trueID" : 805,
               "velocity" : [ 268.44607789999998, 124.9456593, 48.221213900000002 ]
            }
         ]
      },
      {
         "radarID" : 13002,
         "tracks" : [
            {
               "detectedID" : 1006,
               "detectedTime" : 1337.2,
               "entityID" : 13002,
               "height" : 319.1963111,
               "lla" : [ 120.68807769999999, -27.198445060000001, -165681.88949999999 ],
               "radarID" : 13002,
               "targetType" : 3,
               "trueID" : 811,
               "velocity" : [ 269.17815719999999, 104.8983257, 80.866933639999999 ]
            }
         ]
      }
   ],
   "terminator" : 0
}
