{
   "data" : [
      {
         "radarID" : 12981,
         "tracks" : [
            {
               "detectedID" : 1006,
               "detectedTime" : 1337.75,
               "entityID" : 12981,
               "height" : 869.84615399999996,
               "lla" : [ 120.68734190000001, -27.197929769999998, -165246.98670000001 ],
               "radarID" : 12981,
               "targetType" : 3,
               "trueID" : 811,
               "velocity" : [ 269.18157350000001, 104.89254750000001, 80.863056929999999 ]
            }
         ]
      },
      {
         "radarID" : 12988,
         "tracks" : [
            {
               "detectedID" : 1006,
               "detectedTime" : 1337.75,
               "entityID" : 12988,
               "height" : 5591.982798,
               "lla" : [ 120.68920420000001, -27.19908422, -160567.12179999999 ],
               "radarID" : 12988,
               "targetType" : 3,
               "trueID" : 811,
               "velocity" : [ 269.18157350000001, 104.89254750000001, 80.863056929999999 ]
            },
            {
               "detectedID" : 1001,
               "detectedTime" : 1337.75,
               "entityID" : 12988,
               "height" : 5365.6938959999998,
               "lla" : [ 120.2745434, -26.914249810000001, -181378.45389999999 ],
               "radarID" : 12988,
               "targetType" : 3,
               "trueID" : 817,
               "velocity" : [ 269.77591560000002, 99.506974560000003, 85.553009299999999 ]
            }
         ]
      }
   ],
   "terminator" : 0
}
