{
   "data" : [
      {
         "radarID" : 13030,
         "tracks" : [
            {
               "detectedID" : 1001,
               "detectedTime" : 1339.2,
               "entityID" : 13030,
               "height" : 4918.9693209999996,
               "lla" : [ 120.27019970000001, -26.911264150000001, -182068.9129 ],
               "radarID" : 13030,
               "targetType" : 3,
               "trueID" : 817,
               "velocity" : [ 269.78480339999999, 99.491686709999996, 85.542762060000001 ]
            }
         ]
      }
   ],
   "terminator" : 0
}
