{
   "data" : [
      {
         "radarID" : 13128,
         "tracks" : [
            {
               "detectedID" : 1004,
               "detectedTime" : 1340.0999999999999,
               "entityID" : 13128,
               "height" : 2352.3337839999999,
               "lla" : [ 120.117447, -26.80331018, -97825.247950000004 ],
               "radarID" : 13128,
               "targetType" : 3,
               "trueID" : 799,
               "velocity" : [ 263.11636270000002, 143.36146170000001, 14.74011552 ]
            }
         ]
      }
   ],
   "terminator" : 0
}
