{
   "data" : [
      {
         "radarID" : 12931,
         "tracks" : [
            {
               "detectedID" : 1005,
               "detectedTime" : 333.85000000000002,
               "entityID" : 12931,
               "height" : 5684.4269249999998,
               "lla" : [ 123.3770416, -28.97998548, 2386.3272689999999 ],
               "radarID" : 12931,
               "targetType" : 3,
               "trueID" : 805,
               "velocity" : [ 261.95404100000002, 135.4222833, 55.144225249999998 ]
            }
         ]
      },
      {
         "radarID" : 12938,
         "tracks" : [
            {
               "detectedID" : 1005,
               "detectedTime" : 333.85000000000002,
               "entityID" : 12938,
               "height" : 5685.4639880000004,
               "lla" : [ 123.3770813, -28.980010839999998, 2392.2278740000002 ],
               "radarID" : 12938,
               "targetType" : 3,
               "trueID" : 805,
               "velocity" : [ 261.95404100000002, 135.4222833, 55.144225249999998 ]
            }
         ]
      },
      {
         "radarID" : 12974,
         "tracks" : [
            {
               "detectedID" : 1005,
               "detectedTime" : 333.85000000000002,
               "entityID" : 12974,
               "height" : 5682.8672619999998,
               "lla" : [ 123.3770293, -28.97997763, 2382.4455480000001 ],
               "radarID" : 12974,
               "targetType" : 3,
               "trueID" : 805,
               "velocity" : [ 261.95404100000002, 135.4222833, 55.144225249999998 ]
            }
         ]
      }
   ],
   "terminator" : 0
}
