{
   "data" : [
      {
         "radarID" : 13114,
         "tracks" : [
            {
               "detectedID" : 1004,
               "detectedTime" : 1344.7,
               "entityID" : 13114,
               "height" : 503.33949969999998,
               "lla" : [ 120.1036388, -26.793784410000001, -100062.0659 ],
               "radarID" : 13114,
               "targetType" : 3,
               "trueID" : 799,
               "velocity" : [ 263.14492890000002, 143.31220239999999, 14.709147059999999 ]
            }
         ]
      }
   ],
   "terminator" : 0
}
