{
   "data" : [
      {
         "radarID" : 12903,
         "tracks" : [
            {
               "detectedID" : 1002,
               "detectedTime" : 1345.55,
               "entityID" : 12903,
               "height" : 5011.6362870000003,
               "lla" : [ 120.62507239999999, -27.15422882, -125798.7023 ],
               "radarID" : 12903,
               "targetType" : 3,
               "trueID" : 793,
               "velocity" : [ 254.79676470000001, 53.306099869999997, 149.1209858 ]
            }
         ]
      },
      {
         "radarID" : 12910,
         "tracks" : [
            {
               "detectedID" : 1002,
               "detectedTime" : 1345.55,
               "entityID" : 12910,
               "height" : 4006.9982140000002,
               "lla" : [ 120.6249602, -27.154176719999999, -126769.1688 ],
               "radarID" : 12910,
               "targetType" : 3,
               "trueID" : 793,
               "velocity" : [ 254.79676470000001, 53.306099869999997, 149.1209858 ]
            }
         ]
      },
      {
         "radarID" : 12917,
         "tracks" : [
            {
               "detectedID" : 1002,
               "detectedTime" : 1345.55,
               "entityID" : 12917,
               "height" : 3613.4632839999999,
               "lla" : [ 120.6248982, -27.154143820000002, -127146.89260000001 ],
               "radarID" : 12917,
               "targetType" : 3,
               "trueID" : 793,
               "velocity" : [ 254.79676470000001, 53.306099869999997, 149.1209858 ]
            }
         ]
      },
      {
         "radarID" : 12924,
         "tracks" : [
            {
               "detectedID" : 1001,
               "detectedTime" : 1345.55,
               "entityID" : 12924,
               "height" : 3469.8678260000002,
               "lla" : [ 120.2513703, -26.898303640000002, -184490.07629999999 ],
               "radarID" : 12924,
               "targetType" : 3,
               "trueID" : 817,
               "velocity" : [ 269.82371119999999, 99.424731070000007, 85.497881520000007 ]
            }
         ]
      }
   ],
   "terminator" : 0
}
