{
   "data" : [
      {
         "radarID" : 13016,
         "tracks" : [
            {
               "detectedID" : 1002,
               "detectedTime" : 1346.5999999999999,
               "entityID" : 13016,
               "height" : 741.46438260000002,
               "lla" : [ 120.6210433, -27.15157683, -130174.1012 ],
               "radarID" : 13016,
               "targetType" : 3,
               "trueID" : 793,
               "velocity" : [ 254.80334239999999, 53.294987310000003, 149.1137185 ]
            }
         ]
      }
   ],
   "terminator" : 0
}
