{
   "data" : [
      {
         "radarID" : 12931,
         "tracks" : [
            {
               "detectedID" : 1005,
               "detectedTime" : 1346.8499999999999,
               "entityID" : 12931,
               "height" : 5314.2101510000002,
               "lla" : [ 120.3135075, -26.9403693, -149947.29939999999 ],
               "radarID" : 12931,
               "targetType" : 3,
               "trueID" : 805,
               "velocity" : [ 268.50564459999998, 124.84351530000001, 48.15408103 ]
            }
         ]
      },
      {
         "radarID" : 12988,
         "tracks" : [
            {
               "detectedID" : 1002,
               "detectedTime" : 1346.8499999999999,
               "entityID" : 12988,
               "height" : 5002.9554719999996,
               "lla" : [ 120.6218329, -27.152012979999999, -126047.94960000001 ],
               "radarID" : 12988,
               "targetType" : 3,
               "trueID" : 793,
               "velocity" : [ 254.80490839999999, 53.292341440000001, 149.11198809999999 ]
            }
         ]
      }
   ],
   "terminator" : 0
}
