{
   "data" : [
      {
         "radarID" : 12938,
         "tracks" : [
            {
               "detectedID" : 1001,
               "detectedTime" : 1347.25,
               "entityID" : 12938,
               "height" : 5361.8582900000001,
               "lla" : [ 120.2466716, -26.895013389999999, -182962.30859999999 ],
               "radarID" : 12938,
               "targetType" : 3,
               "trueID" : 817,
               "velocity" : [ 269.83412329999999, 99.406804449999996, 85.485864960000001 ]
            }
         ]
      },
      {
         "radarID" : 13002,
         "tracks" : [
            {
               "detectedID" : 1006,
               "detectedTime" : 1347.25,
               "entityID" : 13002,
               "height" : 346.40704629999999,
               "lla" : [ 120.658511, -27.178227039999999, -167307.962 ],
               "radarID" : 13002,
               "targetType" : 3,
               "trueID" : 811,
               "velocity" : [ 269.2405536, 104.7927317, 80.796086979999998 ]
            }
         ]
      }
   ],
   "terminator" : 0
}
