{
   "data" : [
      {
         "radarID" : 13079,
         "tracks" : [
            {
               "detectedID" : 1002,
               "detectedTime" : 1348.9000000000001,
               "entityID" : 13079,
               "height" : 5004.0577350000003,
               "lla" : [ 120.6165841, -27.14842196, -126440.2338 ],
               "radarID" : 13079,
               "targetType" : 3,
               "trueID" : 793,
               "velocity" : [ 254.8177484, 53.270645049999999, 149.09779829999999 ]
            }
         ]
      },
      {
         "radarID" : 13086,
         "tracks" : [
            {
               "detectedID" : 1002,
               "detectedTime" : 1348.9000000000001,
               "entityID" : 13086,
               "height" : 5003.2707920000003,
               "lla" : [ 120.61660790000001, -27.148438280000001, -126438.0432 ],
               "radarID" : 13086,
               "targetType" : 3,
               "trueID" : 793,
               "velocity" : [ 254.8177484, 53.270645049999999, 149.09779829999999 ]
            }
         ]
      }
   ],
   "terminator" : 0
}
