{
   "data" : [
      {
         "radarID" : 12931,
         "tracks" : [
            {
               "detectedID" : 1005,
               "detectedTime" : 1356.8499999999999,
               "entityID" : 12931,
               "height" : 5308.1765189999996,
               "lla" : [ 120.2832887, -26.91952422, -151408.774 ],
               "radarID" : 12931,
               "targetType" : 3,
               "trueID" : 805,
               "velocity" : [ 268.56731350000001, 124.73763959999999, 48.084502759999999 ]
            }
         ]
      },
      {
         "radarID" : 12938,
         "tracks" : [
            {
               "detectedID" : 1005,
               "detectedTime" : 1356.8499999999999,
               "entityID" : 12938,
               "height" : 5309.6977049999996,
               "lla" : [ 120.2831795, -26.919448719999998, -151410.10459999999 ],
               "radarID" : 12938,
               "targetType" : 3,
               "trueID" : 805,
               "velocity" : [ 268.56731350000001, 124.73763959999999, 48.084502759999999 ]
            }
         ]
      },
      {
         "radarID" : 12974,
         "tracks" : [
            {
               "detectedID" : 1005,
               "detectedTime" : 1356.8499999999999,
               "entityID" : 12974,
               "height" : 5309.4592970000003,
               "lla" : [ 120.28316030000001, -26.919435459999999, -151410.45019999999 ],
               "radarID" : 12974,
               "targetType" : 3,
               "trueID" : 805,
               "velocity" : [ 268.56731350000001, 124.73763959999999, 48.084502759999999 ]
            }
         ]
      },
      {
         "radarID" : 12981,
         "tracks" : [
            {
               "detectedID" : 1002,
               "detectedTime" : 1356.8499999999999,
               "entityID" : 12981,
               "height" : 1180.723956,
               "lla" : [ 120.5951642, -27.133857209999999, -131714.33910000001 ],
               "radarID" : 12981,
               "targetType" : 3,
               "trueID" : 793,
               "velocity" : [ 254.8675202, 53.186500860000002, 149.04275659999999 ]
            }
         ]
      }
   ],
   "terminator" : 0
}
