{
   "data" : [
      {
         "radarID" : 12981,
         "tracks" : [
            {
               "detectedID" : 1005,
               "detectedTime" : 1357.2,
               "entityID" : 12981,
               "height" : 1664.2468369999999,
               "lla" : [ 120.2807571, -26.917867380000001, -155047.08689999999 ],
               "radarID" : 12981,
               "targetType" : 3,
               "trueID" : 805,
               "velocity" : [ 268.56947079999998, 124.73393350000001, 48.082067330000001 ]
            }
         ]
      },
      {
         "radarID" : 12988,
         "tracks" : [
            {
               "detectedID" : 1005,
               "detectedTime" : 1357.2,
               "entityID" : 12988,
               "height" : 5308.3364899999997,
               "lla" : [ 120.28206950000001, -26.918682749999999, -151461.62229999999 ],
               "radarID" : 12988,
               "targetType" : 3,
               "trueID" : 805,
               "velocity" : [ 268.56947079999998, 124.73393350000001, 48.082067330000001 ]
            }
         ]
      }
   ],
   "terminator" : 0
}
