{
   "data" : [
      {
         "radarID" : 13079,
         "tracks" : [
            {
               "detectedID" : 1001,
               "detectedTime" : 1359.05,
               "entityID" : 13079,
               "height" : 5359.7640499999998,
               "lla" : [ 120.21203269999999, -26.871089600000001, -184929.39569999999 ],
               "radarID" : 13079,
               "targetType" : 3,
               "trueID" : 817,
               "velocity" : [ 269.90634870000002, 99.282355190000004, 85.402440769999998 ]
            }
         ]
      },
      {
         "radarID" : 13086,
         "tracks" : [
            {
               "detectedID" : 1001,
               "detectedTime" : 1359.05,
               "entityID" : 13086,
               "height" : 5361.7931349999999,
               "lla" : [ 120.212003, -26.871069120000001, -184932.79519999999 ],
               "radarID" : 13086,
               "targetType" : 3,
               "trueID" : 817,
               "velocity" : [ 269.90634870000002, 99.282355190000004, 85.402440769999998 ]
            }
         ]
      }
   ],
   "terminator" : 0
}
