{
   "data" : [
      {
         "radarID" : 13023,
         "tracks" : [
            {
               "detectedID" : 1002,
               "detectedTime" : 1359.8499999999999,
               "entityID" : 13023,
               "height" : 5005.651613,
               "lla" : [ 120.5887961, -27.129403849999999, -128519.9096 ],
               "radarID" : 13023,
               "targetType" : 3,
               "trueID" : 793,
               "velocity" : [ 254.88629270000001, 53.154746449999998, 149.02198060000001 ]
            }
         ]
      }
   ],
   "terminator" : 0
}
