{
   "data" : [
      {
         "radarID" : 13002,
         "tracks" : [
            {
               "detectedID" : 1004,
               "detectedTime" : 1366.0,
               "entityID" : 13002,
               "height" : 3544.004285,
               "lla" : [ 120.03775570000001, -26.74801969, -99855.911999999997 ],
               "radarID" : 13002,
               "targetType" : 3,
               "trueID" : 799,
               "velocity" : [ 263.27704460000001, 143.08402090000001, 14.56573888 ]
            }
         ]
      }
   ],
   "terminator" : 0
}
