{
   "data" : [
      {
         "radarID" : 13002,
         "tracks" : [
            {
               "detectedID" : 1005,
               "detectedTime" : 1366.7,
               "entityID" : 13002,
               "height" : 1103.4808499999999,
               "lla" : [ 120.2517864, -26.897881779999999, -156955.49840000001 ],
               "radarID" : 13002,
               "targetType" : 3,
               "trueID" : 805,
               "velocity" : [ 268.62799940000002, 124.6333252, 48.015957710000002 ]
            }
         ]
      }
   ],
   "terminator" : 0
}
