{
   "data" : [
      {
         "radarID" : 12995,
         "tracks" : [
            {
               "detectedID" : 1001,
               "detectedTime" : 1367.4000000000001,
               "entityID" : 12995,
               "height" : 5304.3041499999999,
               "lla" : [ 120.1875333, -26.854158609999999, -186364.40100000001 ],
               "radarID" : 12995,
               "targetType" : 3,
               "trueID" : 817,
               "velocity" : [ 269.95740719999998, 99.194273170000002, 85.343391589999996 ]
            }
         ]
      }
   ],
   "terminator" : 0
}
