{
   "data" : [
      {
         "radarID" : 13072,
         "tracks" : [
            {
               "detectedID" : 1001,
               "detectedTime" : 1368.8,
               "entityID" : 13072,
               "height" : 5351.9651160000003,
               "lla" : [ 120.1834039, -26.85130264, -186554.2586 ],
               "radarID" : 13072,
               "targetType" : 3,
               "trueID" : 817,
               "velocity" : [ 269.9659638, 99.179503429999997, 85.333489830000005 ]
            }
         ]
      }
   ],
   "terminator" : 0
}
