{
   "data" : [
      {
         "radarID" : 13093,
         "tracks" : [
            {
               "detectedID" : 1001,
               "detectedTime" : 1370.2,
               "entityID" : 13093,
               "height" : 589.07877770000005,
               "lla" : [ 120.1795987, -26.848794049999999, -191493.78719999999 ],
               "radarID" : 13093,
               "targetType" : 3,
               "trueID" : 817,
               "velocity" : [ 269.9745193, 99.164733279999993, 85.323587709999998 ]
            }
         ]
      },
      {
         "radarID" : 13114,
         "tracks" : [
            {
               "detectedID" : 1003,
               "detectedTime" : 1370.2,
               "entityID" : 13114,
               "height" : 174.84392769999999,
               "lla" : [ 120.0421351, -26.752867500000001, -170910.2715 ],
               "radarID" : 13114,
               "targetType" : 3,
               "trueID" : 781,
               "velocity" : [ 249.35379950000001, 37.245422840000003, 162.58985559999999 ]
            }
         ]
      }
   ],
   "terminator" : 0
}
