{
   "data" : [
      {
         "radarID" : 12995,
         "tracks" : [
            {
               "detectedID" : 1006,
               "detectedTime" : 343.19999999999999,
               "entityID" : 12995,
               "height" : 6230.9503109999996,
               "lla" : [ 123.5990171, -29.12229821, 6867.3635119999999 ],
               "radarID" : 12995,
               "targetType" : 3,
               "trueID" : 811,
               "velocity" : [ 262.71250179999998, 115.2235489, 87.781975310000007 ]
            }
         ]
      },
      {
         "radarID" : 13002,
         "tracks" : [
            {
               "detectedID" : 1006,
               "detectedTime" : 343.19999999999999,
               "entityID" : 13002,
               "height" : 4665.1902239999999,
               "lla" : [ 123.5996007, -29.122710590000001, 5349.5689599999996 ],
               "radarID" : 13002,
               "targetType" : 3,
               "trueID" : 811,
               "velocity" : [ 262.71250179999998, 115.2235489, 87.781975310000007 ]
            }
         ]
      },
      {
         "radarID" : 13009,
         "tracks" : [
            {
               "detectedID" : 1005,
               "detectedTime" : 343.19999999999999,
               "entityID" : 13009,
               "height" : 3306.0782880000002,
               "lla" : [ 123.349833, -28.962571130000001, -1357.4820159999999 ],
               "radarID" : 13009,
               "targetType" : 3,
               "trueID" : 805,
               "velocity" : [ 262.01724789999997, 135.32600310000001, 55.080256589999998 ]
            }
         ]
      },
      {
         "radarID" : 13016,
         "tracks" : [
            {
               "detectedID" : 1005,
               "detectedTime" : 343.19999999999999,
               "entityID" : 13016,
               "height" : 3234.6056450000001,
               "lla" : [ 123.3499467, -28.962645930000001, -1418.0923929999999 ],
               "radarID" : 13016,
               "targetType" : 3,
               "trueID" : 805,
               "velocity" : [ 262.01724789999997, 135.32600310000001, 55.080256589999998 ]
            }
         ]
      }
   ],
   "terminator" : 0
}
