{
   "data" : [
      {
         "radarID" : 13093,
         "tracks" : [
            {
               "detectedID" : 1002,
               "detectedTime" : 1372.1500000000001,
               "entityID" : 13093,
               "height" : 200.3736529,
               "lla" : [ 120.56030320000001, -27.110014880000001, -135497.73620000001 ],
               "radarID" : 13093,
               "targetType" : 3,
               "trueID" : 793,
               "velocity" : [ 254.96320700000001, 53.024542660000002, 148.93676840000001 ]
            }
         ]
      },
      {
         "radarID" : 13107,
         "tracks" : [
            {
               "detectedID" : 1002,
               "detectedTime" : 1372.1500000000001,
               "entityID" : 13107,
               "height" : 5014.2076319999996,
               "lla" : [ 120.5576066, -27.108043840000001, -130867.34759999999 ],
               "radarID" : 13107,
               "targetType" : 3,
               "trueID" : 793,
               "velocity" : [ 254.96320700000001, 53.024542660000002, 148.93676840000001 ]
            }
         ]
      }
   ],
   "terminator" : 0
}
