{
   "data" : [
      {
         "radarID" : 12903,
         "tracks" : [
            {
               "detectedID" : 1001,
               "detectedTime" : 1376.2,
               "entityID" : 12903,
               "height" : 5352.2999909999999,
               "lla" : [ 120.16159500000001, -26.83622055, -187782.72229999999 ],
               "radarID" : 12903,
               "targetType" : 3,
               "trueID" : 817,
               "velocity" : [ 270.0111723, 99.101427770000001, 85.281145809999998 ]
            }
         ]
      },
      {
         "radarID" : 12910,
         "tracks" : [
            {
               "detectedID" : 1001,
               "detectedTime" : 1376.2,
               "entityID" : 12910,
               "height" : 2552.3705989999999,
               "lla" : [ 120.16093170000001, -26.835830510000001, -190479.606 ],
               "radarID" : 12910,
               "targetType" : 3,
               "trueID" : 817,
               "velocity" : [ 270.0111723, 99.101427770000001, 85.281145809999998 ]
            }
         ]
      },
      {
         "radarID" : 12917,
         "tracks" : [
            {
               "detectedID" : 1001,
               "detectedTime" : 1376.2,
               "entityID" : 12917,
               "height" : 2246.6271449999999,
               "lla" : [ 120.1608725, -26.83579714, -190775.56760000001 ],
               "radarID" : 12917,
               "targetType" : 3,
               "trueID" : 817,
               "velocity" : [ 270.0111723, 99.101427770000001, 85.281145809999998 ]
            }
         ]
      },
      {
         "radarID" : 13009,
         "tracks" : [
            {
               "detectedID" : 1004,
               "detectedTime" : 1376.2,
               "entityID" : 13009,
               "height" : 3195.977637,
               "lla" : [ 120.00677330000001, -26.726518030000001, -101472.3993 ],
               "radarID" : 13009,
               "targetType" : 3,
               "trueID" : 799,
               "velocity" : [ 263.34021899999999, 142.97469839999999, 14.497058170000001 ]
            }
         ]
      }
   ],
   "terminator" : 0
}
