{
   "data" : [
      {
         "radarID" : 13002,
         "tracks" : [
            {
               "detectedID" : 1002,
               "detectedTime" : 1376.25,
               "entityID" : 13002,
               "height" : 887.40238750000003,
               "lla" : [ 120.54613639999999, -27.100285469999999, -135667.9847 ],
               "radarID" : 13002,
               "targetType" : 3,
               "trueID" : 793,
               "velocity" : [ 254.98882610000001, 52.981137560000001, 148.90835319999999 ]
            }
         ]
      },
      {
         "radarID" : 13016,
         "tracks" : [
            {
               "detectedID" : 1004,
               "detectedTime" : 1376.25,
               "entityID" : 13016,
               "height" : 3213.9882480000001,
               "lla" : [ 120.0063711, -26.7262381, -101465.17630000001 ],
               "radarID" : 13016,
               "targetType" : 3,
               "trueID" : 799,
               "velocity" : [ 263.3405285, 142.97416240000001, 14.496721490000001 ]
            }
         ]
      }
   ],
   "terminator" : 0
}
