{
   "data" : [
      {
         "radarID" : 12931,
         "tracks" : [
            {
               "detectedID" : 1006,
               "detectedTime" : 1377.2,
               "entityID" : 12931,
               "height" : 5574.471149,
               "lla" : [ 120.5727765, -27.119395740000002, -167070.36559999999 ],
               "radarID" : 12931,
               "targetType" : 3,
               "trueID" : 811,
               "velocity" : [ 269.42614509999999, 104.47791340000001, 80.584849509999998 ]
            }
         ]
      },
      {
         "radarID" : 12981,
         "tracks" : [
            {
               "detectedID" : 1005,
               "detectedTime" : 1377.2,
               "entityID" : 12981,
               "height" : 1794.4076580000001,
               "lla" : [ 120.2199999, -26.875907470000001, -157835.1741 ],
               "radarID" : 12981,
               "targetType" : 3,
               "trueID" : 805,
               "velocity" : [ 268.69262670000001, 124.5220977, 47.942877950000003 ]
            }
         ]
      },
      {
         "radarID" : 12995,
         "tracks" : [
            {
               "detectedID" : 1006,
               "detectedTime" : 1377.2,
               "entityID" : 12995,
               "height" : 5563.8353450000004,
               "lla" : [ 120.5727661, -27.119388900000001, -167079.6856 ],
               "radarID" : 12995,
               "targetType" : 3,
               "trueID" : 811,
               "velocity" : [ 269.42614509999999, 104.47791340000001, 80.584849509999998 ]
            }
         ]
      }
   ],
   "terminator" : 0
}
