{
   "data" : [
      {
         "radarID" : 13051,
         "tracks" : [
            {
               "detectedID" : 1005,
               "detectedTime" : 1378.75,
               "entityID" : 13051,
               "height" : 2211.5163680000001,
               "lla" : [ 120.2157405, -26.872955040000001, -157692.66469999999 ],
               "radarID" : 13051,
               "targetType" : 3,
               "trueID" : 805,
               "velocity" : [ 268.70216140000002, 124.50567580000001, 47.932088989999997 ]
            }
         ]
      },
      {
         "radarID" : 13058,
         "tracks" : [
            {
               "detectedID" : 1005,
               "detectedTime" : 1378.75,
               "entityID" : 13058,
               "height" : 5302.1681179999996,
               "lla" : [ 120.21654820000001, -26.873435270000002, -154611.6109 ],
               "radarID" : 13058,
               "targetType" : 3,
               "trueID" : 805,
               "velocity" : [ 268.70216140000002, 124.50567580000001, 47.932088989999997 ]
            }
         ]
      },
      {
         "radarID" : 13079,
         "tracks" : [
            {
               "detectedID" : 1005,
               "detectedTime" : 1378.75,
               "entityID" : 13079,
               "height" : 5302.695823,
               "lla" : [ 120.2165159, -26.873412949999999, -154614.01620000001 ],
               "radarID" : 13079,
               "targetType" : 3,
               "trueID" : 805,
               "velocity" : [ 268.70216140000002, 124.50567580000001, 47.932088989999997 ]
            }
         ]
      },
      {
         "radarID" : 13086,
         "tracks" : [
            {
               "detectedID" : 1005,
               "detectedTime" : 1378.75,
               "entityID" : 13086,
               "height" : 5299.2218140000004,
               "lla" : [ 120.21660679999999, -26.873475710000001, -154606.97810000001 ],
               "radarID" : 13086,
               "targetType" : 3,
               "trueID" : 805,
               "velocity" : [ 268.70216140000002, 124.50567580000001, 47.932088989999997 ]
            }
         ]
      }
   ],
   "terminator" : 0
}
