{
   "data" : [
      {
         "radarID" : 13037,
         "tracks" : [
            {
               "detectedID" : 1002,
               "detectedTime" : 1379.05,
               "entityID" : 13037,
               "height" : 2412.8367490000001,
               "lla" : [ 120.53958470000001, -27.095760479999999, -134795.01130000001 ],
               "radarID" : 13037,
               "targetType" : 3,
               "trueID" : 793,
               "velocity" : [ 255.00631659999999, 52.951493960000001, 148.88894450000001 ]
            }
         ]
      },
      {
         "radarID" : 13079,
         "tracks" : [
            {
               "detectedID" : 1001,
               "detectedTime" : 1379.05,
               "entityID" : 13079,
               "height" : 5345.882141,
               "lla" : [ 120.1533687, -26.830529899999998, -188255.6292 ],
               "radarID" : 13079,
               "targetType" : 3,
               "trueID" : 817,
               "velocity" : [ 270.02857499999999, 99.071354900000003, 85.260983519999996 ]
            }
         ]
      },
      {
         "radarID" : 13086,
         "tracks" : [
            {
               "detectedID" : 1001,
               "detectedTime" : 1379.05,
               "entityID" : 13086,
               "height" : 5349.0973100000001,
               "lla" : [ 120.1533385, -26.830508989999998, -188258.32670000001 ],
               "radarID" : 13086,
               "targetType" : 3,
               "trueID" : 817,
               "velocity" : [ 270.02857499999999, 99.071354900000003, 85.260983519999996 ]
            }
         ]
      }
   ],
   "terminator" : 0
}
