{
   "data" : [
      {
         "radarID" : 13058,
         "tracks" : [
            {
               "detectedID" : 1006,
               "detectedTime" : 1379.25,
               "entityID" : 13058,
               "height" : 5578.4933629999996,
               "lla" : [ 120.566697, -27.115228869999999, -167410.26300000001 ],
               "radarID" : 13058,
               "targetType" : 3,
               "trueID" : 811,
               "velocity" : [ 269.43882880000001, 104.4563574, 80.570384989999994 ]
            }
         ]
      }
   ],
   "terminator" : 0
}
