{
   "data" : [
      {
         "radarID" : 13023,
         "tracks" : [
            {
               "detectedID" : 1005,
               "detectedTime" : 1379.55,
               "entityID" : 13023,
               "height" : 5302.5163570000004,
               "lla" : [ 120.21413459999999, -26.871766730000001, -154709.8413 ],
               "radarID" : 13023,
               "targetType" : 3,
               "trueID" : 805,
               "velocity" : [ 268.70708189999999, 124.4971998, 47.926520400000001 ]
            }
         ]
      }
   ],
   "terminator" : 0
}
