{
   "data" : [
      {
         "radarID" : 12931,
         "tracks" : [
            {
               "detectedID" : 1006,
               "detectedTime" : 343.64999999999998,
               "entityID" : 12931,
               "height" : 6051.7222110000002,
               "lla" : [ 123.59780689999999, -29.121530069999999, 6621.0103449999997 ],
               "radarID" : 12931,
               "targetType" : 3,
               "trueID" : 811,
               "velocity" : [ 262.71555969999997, 115.21892939999999, 87.778887159999996 ]
            }
         ]
      },
      {
         "radarID" : 12974,
         "tracks" : [
            {
               "detectedID" : 1006,
               "detectedTime" : 343.64999999999998,
               "entityID" : 12974,
               "height" : 6048.5683760000002,
               "lla" : [ 123.59770039999999, -29.121462340000001, 6605.7583000000004 ],
               "radarID" : 12974,
               "targetType" : 3,
               "trueID" : 811,
               "velocity" : [ 262.71555969999997, 115.21892939999999, 87.778887159999996 ]
            }
         ]
      }
   ],
   "terminator" : 0
}
