{
   "data" : [
      {
         "radarID" : 13009,
         "tracks" : [
            {
               "detectedID" : 1006,
               "detectedTime" : 1387.8499999999999,
               "entityID" : 13009,
               "height" : 634.78570890000003,
               "lla" : [ 120.5392343, -27.096522619999998, -173719.42300000001 ],
               "radarID" : 13009,
               "targetType" : 3,
               "trueID" : 811,
               "velocity" : [ 269.49201140000002, 104.3659167, 80.509696340000005 ]
            },
            {
               "detectedID" : 1001,
               "detectedTime" : 1387.8499999999999,
               "entityID" : 13009,
               "height" : 1342.090952,
               "lla" : [ 120.12601650000001, -26.811700550000001, -193668.3309 ],
               "radarID" : 13009,
               "targetType" : 3,
               "trueID" : 817,
               "velocity" : [ 270.08227909999999, 98.978487180000002, 85.198718319999998 ]
            }
         ]
      },
      {
         "radarID" : 13016,
         "tracks" : [
            {
               "detectedID" : 1006,
               "detectedTime" : 1387.8499999999999,
               "entityID" : 13016,
               "height" : 665.38101319999998,
               "lla" : [ 120.539265, -27.096542939999999, -173689.2084 ],
               "radarID" : 13016,
               "targetType" : 3,
               "trueID" : 811,
               "velocity" : [ 269.49201140000002, 104.3659167, 80.509696340000005 ]
            },
            {
               "detectedID" : 1001,
               "detectedTime" : 1387.8499999999999,
               "entityID" : 13016,
               "height" : 1386.318816,
               "lla" : [ 120.126102, -26.811758609999998, -193620.71189999999 ],
               "radarID" : 13016,
               "targetType" : 3,
               "trueID" : 817,
               "velocity" : [ 270.08227909999999, 98.978487180000002, 85.198718319999998 ]
            }
         ]
      }
   ],
   "terminator" : 0
}
