{
   "data" : [
      {
         "radarID" : 12931,
         "tracks" : [
            {
               "detectedID" : 1001,
               "detectedTime" : 343.94999999999999,
               "entityID" : 12931,
               "height" : 5842.3816379999998,
               "lla" : [ 123.1640348, -28.842981000000002, -12536.02333 ],
               "radarID" : 12931,
               "targetType" : 3,
               "trueID" : 817,
               "velocity" : [ 263.3920435, 109.8732007, 92.479787970000004 ]
            }
         ]
      },
      {
         "radarID" : 12938,
         "tracks" : [
            {
               "detectedID" : 1001,
               "detectedTime" : 343.94999999999999,
               "entityID" : 12938,
               "height" : 5842.3381429999999,
               "lla" : [ 123.1640251, -28.842974739999999, -12537.23991 ],
               "radarID" : 12938,
               "targetType" : 3,
               "trueID" : 817,
               "velocity" : [ 263.3920435, 109.8732007, 92.479787970000004 ]
            }
         ]
      },
      {
         "radarID" : 12974,
         "tracks" : [
            {
               "detectedID" : 1001,
               "detectedTime" : 343.94999999999999,
               "entityID" : 12974,
               "height" : 5843.2710180000004,
               "lla" : [ 123.1640623, -28.842998619999999, -12531.45789 ],
               "radarID" : 12974,
               "targetType" : 3,
               "trueID" : 817,
               "velocity" : [ 263.3920435, 109.8732007, 92.479787970000004 ]
            }
         ]
      }
   ],
   "terminator" : 0
}
