{
   "data" : [
      {
         "radarID" : 13051,
         "tracks" : [
            {
               "detectedID" : 1002,
               "detectedTime" : 1388.8,
               "entityID" : 13051,
               "height" : 1438.510223,
               "lla" : [ 120.5144873, -27.078578650000001, -137623.16080000001 ],
               "radarID" : 13051,
               "targetType" : 3,
               "trueID" : 793,
               "velocity" : [ 255.06718649999999, 52.84826374, 148.82134049999999 ]
            }
         ]
      }
   ],
   "terminator" : 0
}
