{
   "data" : [
      {
         "radarID" : 13037,
         "tracks" : [
            {
               "detectedID" : 1005,
               "detectedTime" : 1388.9000000000001,
               "entityID" : 13037,
               "height" : 3502.3281550000002,
               "lla" : [ 120.1852258, -26.85182653, -157887.42800000001 ],
               "radarID" : 13037,
               "targetType" : 3,
               "trueID" : 805,
               "velocity" : [ 268.76456300000001, 124.3981229, 47.861432370000003 ]
            }
         ]
      },
      {
         "radarID" : 13065,
         "tracks" : [
            {
               "detectedID" : 1001,
               "detectedTime" : 1388.9000000000001,
               "entityID" : 13065,
               "height" : 5344.6079680000003,
               "lla" : [ 120.12443159999999, -26.810503350000001, -189895.98929999999 ],
               "radarID" : 13065,
               "targetType" : 3,
               "trueID" : 817,
               "velocity" : [ 270.08868389999998, 98.967405249999999, 85.191287970000005 ]
            }
         ]
      },
      {
         "radarID" : 13135,
         "tracks" : [
            {
               "detectedID" : 1004,
               "detectedTime" : 1388.9000000000001,
               "entityID" : 13135,
               "height" : 876.28952870000001,
               "lla" : [ 119.967167, -26.699057639999999, -105452.1728 ],
               "radarID" : 13135,
               "targetType" : 3,
               "trueID" : 799,
               "velocity" : [ 263.41879399999999, 142.83853310000001, 14.41153798 ]
            }
         ]
      }
   ],
   "terminator" : 0
}
