{
   "data" : [
      {
         "radarID" : 13030,
         "tracks" : [
            {
               "detectedID" : 1005,
               "detectedTime" : 351.60000000000002,
               "entityID" : 13030,
               "height" : 3360.4348620000001,
               "lla" : [ 123.32448359999999, -28.94628019, -2647.1818699999999 ],
               "radarID" : 13030,
               "targetType" : 3,
               "trueID" : 805,
               "velocity" : [ 262.07398970000003, 135.2394832, 55.022778299999999 ]
            }
         ]
      },
      {
         "radarID" : 13037,
         "tracks" : [
            {
               "detectedID" : 1005,
               "detectedTime" : 351.60000000000002,
               "entityID" : 13037,
               "height" : 3308.671398,
               "lla" : [ 123.3245174, -28.946303260000001, -2697.0421999999999 ],
               "radarID" : 13037,
               "targetType" : 3,
               "trueID" : 805,
               "velocity" : [ 262.07398970000003, 135.2394832, 55.022778299999999 ]
            }
         ]
      },
      {
         "radarID" : 13044,
         "tracks" : [
            {
               "detectedID" : 1005,
               "detectedTime" : 351.60000000000002,
               "entityID" : 13044,
               "height" : 3402.758699,
               "lla" : [ 123.32436, -28.94619956, -2608.7958440000002 ],
               "radarID" : 13044,
               "targetType" : 3,
               "trueID" : 805,
               "velocity" : [ 262.07398970000003, 135.2394832, 55.022778299999999 ]
            }
         ]
      }
   ],
   "terminator" : 0
}
