{
   "data" : [
      {
         "radarID" : 12903,
         "tracks" : [
            {
               "detectedID" : 1005,
               "detectedTime" : 1395.95,
               "entityID" : 12903,
               "height" : 5301.1468130000003,
               "lla" : [ 120.16419310000001, -26.837231939999999, -157122.80900000001 ],
               "radarID" : 12903,
               "targetType" : 3,
               "trueID" : 805,
               "velocity" : [ 268.80786999999998, 124.323402, 47.812349150000003 ]
            }
         ]
      },
      {
         "radarID" : 12910,
         "tracks" : [
            {
               "detectedID" : 1005,
               "detectedTime" : 1395.95,
               "entityID" : 12910,
               "height" : 3919.2065969999999,
               "lla" : [ 120.1639729, -26.83711353, -158457.02859999999 ],
               "radarID" : 12910,
               "targetType" : 3,
               "trueID" : 805,
               "velocity" : [ 268.80786999999998, 124.323402, 47.812349150000003 ]
            }
         ]
      },
      {
         "radarID" : 12917,
         "tracks" : [
            {
               "detectedID" : 1005,
               "detectedTime" : 1395.95,
               "entityID" : 12917,
               "height" : 3527.726756,
               "lla" : [ 120.16362530000001, -26.836882240000001, -158833.42069999999 ],
               "radarID" : 12917,
               "targetType" : 3,
               "trueID" : 805,
               "velocity" : [ 268.80786999999998, 124.323402, 47.812349150000003 ]
            }
         ]
      }
   ],
   "terminator" : 0
}
