{
   "data" : [
      {
         "radarID" : 13002,
         "tracks" : [
            {
               "detectedID" : 1002,
               "detectedTime" : 1396.3499999999999,
               "entityID" : 13002,
               "height" : 909.81503620000001,
               "lla" : [ 120.49502339999999, -27.065238399999998, -139486.67290000001 ],
               "radarID" : 13002,
               "targetType" : 3,
               "trueID" : 793,
               "velocity" : [ 255.11428480000001, 52.768319069999997, 148.76896919999999 ]
            }
         ]
      }
   ],
   "terminator" : 0
}
