{
   "data" : [
      {
         "radarID" : 13002,
         "tracks" : [
            {
               "detectedID" : 1005,
               "detectedTime" : 1396.8,
               "entityID" : 13002,
               "height" : 1241.1031049999999,
               "lla" : [ 120.1603047, -26.834641420000001, -161208.1115 ],
               "radarID" : 13002,
               "targetType" : 3,
               "trueID" : 805,
               "velocity" : [ 268.81308940000002, 124.3143922, 47.806430949999999 ]
            }
         ]
      },
      {
         "radarID" : 13016,
         "tracks" : [
            {
               "detectedID" : 1002,
               "detectedTime" : 1396.8,
               "entityID" : 13016,
               "height" : 847.24687710000001,
               "lla" : [ 120.4936118, -27.064271649999998, -139661.28330000001 ],
               "radarID" : 13016,
               "targetType" : 3,
               "trueID" : 793,
               "velocity" : [ 255.11709099999999, 52.763553950000002, 148.7658471 ]
            }
         ]
      }
   ],
   "terminator" : 0
}
