{
   "data" : [
      {
         "radarID" : 13065,
         "tracks" : [
            {
               "detectedID" : 1004,
               "detectedTime" : 1397.3,
               "entityID" : 13065,
               "height" : 5001.5121449999997,
               "lla" : [ 119.9424602, -26.681775129999998, -102352.1106 ],
               "radarID" : 13065,
               "targetType" : 3,
               "trueID" : 799,
               "velocity" : [ 263.47071419999997, 142.7484417, 14.354969669999999 ]
            }
         ]
      }
   ],
   "terminator" : 0
}
