{
   "data" : [
      {
         "radarID" : 13058,
         "tracks" : [
            {
               "detectedID" : 1005,
               "detectedTime" : 1398.7,
               "entityID" : 13058,
               "height" : 5295.6334340000003,
               "lla" : [ 120.1558548, -26.831462259999999, -157526.3781 ],
               "radarID" : 13058,
               "targetType" : 3,
               "trueID" : 805,
               "velocity" : [ 268.82475479999999, 124.2942518, 47.793201770000003 ]
            }
         ]
      },
      {
         "radarID" : 13065,
         "tracks" : [
            {
               "detectedID" : 1002,
               "detectedTime" : 1398.7,
               "entityID" : 13065,
               "height" : 5004.8500819999999,
               "lla" : [ 120.4901407, -27.061788400000001, -135951.38529999999 ],
               "radarID" : 13065,
               "targetType" : 3,
               "trueID" : 793,
               "velocity" : [ 255.12893800000001, 52.743434309999998, 148.75266429999999 ]
            }
         ]
      },
      {
         "radarID" : 13079,
         "tracks" : [
            {
               "detectedID" : 1005,
               "detectedTime" : 1398.7,
               "entityID" : 13079,
               "height" : 5294.3346279999996,
               "lla" : [ 120.15586709999999, -26.831470750000001, -157525.46909999999 ],
               "radarID" : 13079,
               "targetType" : 3,
               "trueID" : 805,
               "velocity" : [ 268.82475479999999, 124.2942518, 47.793201770000003 ]
            }
         ]
      },
      {
         "radarID" : 13086,
         "tracks" : [
            {
               "detectedID" : 1005,
               "detectedTime" : 1398.7,
               "entityID" : 13086,
               "height" : 5295.9504200000001,
               "lla" : [ 120.1558253, -26.831441869999999, -157528.6292 ],
               "radarID" : 13086,
               "targetType" : 3,
               "trueID" : 805,
               "velocity" : [ 268.82475479999999, 124.2942518, 47.793201770000003 ]
            }
         ]
      }
   ],
   "terminator" : 0
}
