{
   "data" : [
      {
         "radarID" : 13072,
         "tracks" : [
            {
               "detectedID" : 1001,
               "detectedTime" : 1398.75,
               "entityID" : 13072,
               "height" : 5337.565337,
               "lla" : [ 120.09546899999999, -26.790446119999999, -191538.21160000001 ],
               "radarID" : 13072,
               "targetType" : 3,
               "trueID" : 817,
               "velocity" : [ 270.14873490000002, 98.863434510000005, 85.121574050000007 ]
            }
         ]
      }
   ],
   "terminator" : 0
}
