{
   "data" : [
      {
         "radarID" : 13023,
         "tracks" : [
            {
               "detectedID" : 1002,
               "detectedTime" : 1399.75,
               "entityID" : 13023,
               "height" : 5007.1296419999999,
               "lla" : [ 120.4875205, -27.059990469999999, -136144.71160000001 ],
               "radarID" : 13023,
               "targetType" : 3,
               "trueID" : 793,
               "velocity" : [ 255.13548410000001, 52.732315389999997, 148.74537860000001 ]
            }
         ]
      }
   ],
   "terminator" : 0
}
