{
   "data" : [
      {
         "radarID" : 13107,
         "tracks" : [
            {
               "detectedID" : 1005,
               "detectedTime" : 1400.5999999999999,
               "entityID" : 13107,
               "height" : 5293.0487949999997,
               "lla" : [ 120.15008419999999, -26.827468450000001, -157801.2997 ],
               "radarID" : 13107,
               "targetType" : 3,
               "trueID" : 805,
               "velocity" : [ 268.8364181, 124.27411050000001, 47.779972209999997 ]
            }
         ]
      }
   ],
   "terminator" : 0
}
