{
   "data" : [
      {
         "radarID" : 13093,
         "tracks" : [
            {
               "detectedID" : 1002,
               "detectedTime" : 1401.9000000000001,
               "entityID" : 13093,
               "height" : 157.85805730000001,
               "lla" : [ 120.4849368, -27.05834286, -141233.5821 ],
               "radarID" : 13093,
               "targetType" : 3,
               "trueID" : 793,
               "velocity" : [ 255.14888619999999, 52.70954768, 148.73045909999999 ]
            }
         ]
      }
   ],
   "terminator" : 0
}
