{
   "data" : [
      {
         "radarID" : 12903,
         "tracks" : [
            {
               "detectedID" : 1001,
               "detectedTime" : 1406.3,
               "entityID" : 12903,
               "height" : 5341.2180109999999,
               "lla" : [ 120.0730734, -26.774927309999999, -192788.62950000001 ],
               "radarID" : 12903,
               "targetType" : 3,
               "trueID" : 817,
               "velocity" : [ 270.19472459999997, 98.783726920000007, 85.068126090000007 ]
            }
         ]
      },
      {
         "radarID" : 12917,
         "tracks" : [
            {
               "detectedID" : 1001,
               "detectedTime" : 1406.3,
               "entityID" : 12917,
               "height" : 2354.0215669999998,
               "lla" : [ 120.07247409999999, -26.774585600000002, -195667.35939999999 ],
               "radarID" : 12917,
               "targetType" : 3,
               "trueID" : 817,
               "velocity" : [ 270.19472459999997, 98.783726920000007, 85.068126090000007 ]
            }
         ]
      },
      {
         "radarID" : 12995,
         "tracks" : [
            {
               "detectedID" : 1002,
               "detectedTime" : 1406.3,
               "entityID" : 12995,
               "height" : 4978.620997,
               "lla" : [ 120.47088669999999, -27.04857518, -137422.3046 ],
               "radarID" : 12995,
               "targetType" : 3,
               "trueID" : 793,
               "velocity" : [ 255.17630560000001, 52.662951659999997, 148.6999213 ]
            }
         ]
      },
      {
         "radarID" : 13016,
         "tracks" : [
            {
               "detectedID" : 1004,
               "detectedTime" : 1406.3,
               "entityID" : 13016,
               "height" : 3408.4233300000001,
               "lla" : [ 119.91446209999999, -26.662334550000001, -105042.3674 ],
               "radarID" : 13016,
               "targetType" : 3,
               "trueID" : 799,
               "velocity" : [ 263.52629830000001, 142.65188900000001, 14.2943573 ]
            }
         ]
      }
   ],
   "terminator" : 0
}
