{
   "data" : [
      {
         "radarID" : 12981,
         "tracks" : [
            {
               "detectedID" : 1002,
               "detectedTime" : 1407.0,
               "entityID" : 12981,
               "height" : 1351.2355660000001,
               "lla" : [ 120.467861, -27.046587089999999, -141122.88800000001 ],
               "radarID" : 12981,
               "targetType" : 3,
               "trueID" : 793,
               "velocity" : [ 255.18066669999999, 52.655538450000002, 148.69506250000001 ]
            }
         ]
      },
      {
         "radarID" : 12988,
         "tracks" : [
            {
               "detectedID" : 1002,
               "detectedTime" : 1407.0,
               "entityID" : 12988,
               "height" : 5004.7654640000001,
               "lla" : [ 120.4690336, -27.0473024, -137532.4062 ],
               "radarID" : 12988,
               "targetType" : 3,
               "trueID" : 793,
               "velocity" : [ 255.18066669999999, 52.655538450000002, 148.69506250000001 ]
            }
         ]
      }
   ],
   "terminator" : 0
}
