{
   "data" : [
      {
         "radarID" : 13030,
         "tracks" : [
            {
               "detectedID" : 1003,
               "detectedTime" : 352.75,
               "entityID" : 13030,
               "height" : 720.25285210000004,
               "lla" : [ 122.4657081, -28.386637520000001, 27893.84734 ],
               "radarID" : 13030,
               "targetType" : 3,
               "trueID" : 781,
               "velocity" : [ 242.81701609999999, 48.010863329999999, 169.51357970000001 ]
            }
         ]
      },
      {
         "radarID" : 13044,
         "tracks" : [
            {
               "detectedID" : 1003,
               "detectedTime" : 352.75,
               "entityID" : 13044,
               "height" : 730.52031350000004,
               "lla" : [ 122.46574680000001, -28.386662650000002, 27906.424869999999 ],
               "radarID" : 13044,
               "targetType" : 3,
               "trueID" : 781,
               "velocity" : [ 242.81701609999999, 48.010863329999999, 169.51357970000001 ]
            },
            {
               "detectedID" : 1002,
               "detectedTime" : 352.75,
               "entityID" : 13044,
               "height" : 1865.285419,
               "lla" : [ 123.03681829999999, -28.75879106, 58625.718930000003 ],
               "radarID" : 13044,
               "targetType" : 3,
               "trueID" : 793,
               "velocity" : [ -143.23688200000001, -199.59281730000001, 172.17985630000001 ]
            }
         ]
      }
   ],
   "terminator" : 0
}
