{
   "data" : [
      {
         "radarID" : 13051,
         "tracks" : [
            {
               "detectedID" : 1004,
               "detectedTime" : 1407.5,
               "entityID" : 13051,
               "height" : 1756.7878720000001,
               "lla" : [ 119.9101165, -26.659351149999999, -106858.7784 ],
               "radarID" : 13051,
               "targetType" : 3,
               "trueID" : 799,
               "velocity" : [ 263.53370610000002, 142.63901319999999, 14.286275379999999 ]
            }
         ]
      },
      {
         "radarID" : 13058,
         "tracks" : [
            {
               "detectedID" : 1004,
               "detectedTime" : 1407.5,
               "entityID" : 13058,
               "height" : 5001.051375,
               "lla" : [ 119.9112889, -26.660087319999999, -103628.78569999999 ],
               "radarID" : 13058,
               "targetType" : 3,
               "trueID" : 799,
               "velocity" : [ 263.53370610000002, 142.63901319999999, 14.286275379999999 ]
            }
         ]
      }
   ],
   "terminator" : 0
}
