{
   "data" : [
      {
         "radarID" : 13023,
         "tracks" : [
            {
               "detectedID" : 1004,
               "detectedTime" : 1408.6500000000001,
               "entityID" : 13023,
               "height" : 5002.1483410000001,
               "lla" : [ 119.90768250000001, -26.657577249999999, -103778.79610000001 ],
               "radarID" : 13023,
               "targetType" : 3,
               "trueID" : 799,
               "velocity" : [ 263.54080440000001, 142.62667350000001, 14.27853013 ]
            }
         ]
      },
      {
         "radarID" : 13065,
         "tracks" : [
            {
               "detectedID" : 1002,
               "detectedTime" : 1408.6500000000001,
               "entityID" : 13065,
               "height" : 5003.5844530000004,
               "lla" : [ 120.4649476, -27.044497400000001, -137843.5134 ],
               "radarID" : 13065,
               "targetType" : 3,
               "trueID" : 793,
               "velocity" : [ 255.1909455, 52.638064249999999, 148.6836088 ]
            }
         ]
      }
   ],
   "terminator" : 0
}
