{
   "data" : [
      {
         "radarID" : 13023,
         "tracks" : [
            {
               "detectedID" : 1002,
               "detectedTime" : 1409.7,
               "entityID" : 13023,
               "height" : 5008.3668159999997,
               "lla" : [ 120.4622459, -27.042642699999998, -138051.8646 ],
               "radarID" : 13023,
               "targetType" : 3,
               "trueID" : 793,
               "velocity" : [ 255.19748580000001, 52.62694415, 148.6763196 ]
            }
         ]
      }
   ],
   "terminator" : 0
}
