{
   "data" : [
      {
         "radarID" : 13114,
         "tracks" : [
            {
               "detectedID" : 1006,
               "detectedTime" : 1410.8,
               "entityID" : 13114,
               "height" : 803.05855380000003,
               "lla" : [ 120.4744781, -27.05207403, -177274.4135 ],
               "radarID" : 13114,
               "targetType" : 3,
               "trueID" : 811,
               "velocity" : [ 269.63371940000002, 104.1244835, 80.347677680000004 ]
            }
         ]
      }
   ],
   "terminator" : 0
}
