{
   "data" : [
      {
         "radarID" : 13093,
         "tracks" : [
            {
               "detectedID" : 1002,
               "detectedTime" : 1411.8499999999999,
               "entityID" : 13093,
               "height" : 146.4347449,
               "lla" : [ 120.45969599999999, -27.04101768, -143151.83040000001 ],
               "radarID" : 13093,
               "targetType" : 3,
               "trueID" : 793,
               "velocity" : [ 255.2108757, 52.604174010000001, 148.661393 ]
            }
         ]
      },
      {
         "radarID" : 13107,
         "tracks" : [
            {
               "detectedID" : 1002,
               "detectedTime" : 1411.8499999999999,
               "entityID" : 13107,
               "height" : 5005.1500720000004,
               "lla" : [ 120.45678220000001, -27.03889105, -138454.41339999999 ],
               "radarID" : 13107,
               "targetType" : 3,
               "trueID" : 793,
               "velocity" : [ 255.2108757, 52.604174010000001, 148.661393 ]
            }
         ]
      }
   ],
   "terminator" : 0
}
