{
   "data" : [
      {
         "radarID" : 13002,
         "tracks" : [
            {
               "detectedID" : 1005,
               "detectedTime" : 1416.8499999999999,
               "entityID" : 13002,
               "height" : 1339.846411,
               "lla" : [ 120.0993634, -26.792440809999999, -164028.82810000001 ],
               "radarID" : 13002,
               "targetType" : 3,
               "trueID" : 805,
               "velocity" : [ 268.93608219999999, 124.101809, 47.666808940000003 ]
            }
         ]
      },
      {
         "radarID" : 13009,
         "tracks" : [
            {
               "detectedID" : 1002,
               "detectedTime" : 1416.8499999999999,
               "entityID" : 13009,
               "height" : 876.95448720000002,
               "lla" : [ 120.4426342, -27.029275599999998, -143460.2408 ],
               "radarID" : 13009,
               "targetType" : 3,
               "trueID" : 793,
               "velocity" : [ 255.2420051, 52.551218200000001, 148.6266742 ]
            }
         ]
      },
      {
         "radarID" : 13016,
         "tracks" : [
            {
               "detectedID" : 1002,
               "detectedTime" : 1416.8499999999999,
               "entityID" : 13016,
               "height" : 899.52651279999998,
               "lla" : [ 120.442626, -27.029269450000001, -143440.02960000001 ],
               "radarID" : 13016,
               "targetType" : 3,
               "trueID" : 793,
               "velocity" : [ 255.2420051, 52.551218200000001, 148.6266742 ]
            }
         ]
      }
   ],
   "terminator" : 0
}
