{
   "data" : [
      {
         "radarID" : 13037,
         "tracks" : [
            {
               "detectedID" : 1004,
               "detectedTime" : 1417.95,
               "entityID" : 13037,
               "height" : 2227.3887049999998,
               "lla" : [ 119.8783516, -26.637223030000001, -107711.86199999999 ],
               "radarID" : 13037,
               "targetType" : 3,
               "trueID" : 799,
               "velocity" : [ 263.59818059999998, 142.5268662, 14.215892370000001 ]
            }
         ]
      }
   ],
   "terminator" : 0
}
