{
   "data" : [
      {
         "radarID" : 12931,
         "tracks" : [
            {
               "detectedID" : 1006,
               "detectedTime" : 353.69999999999999,
               "entityID" : 12931,
               "height" : 6046.7113920000002,
               "lla" : [ 123.5686391, -29.102901849999999, 4900.6585370000003 ],
               "radarID" : 12931,
               "targetType" : 3,
               "trueID" : 811,
               "velocity" : [ 262.78382199999999, 115.11574570000001, 87.709908229999996 ]
            }
         ]
      },
      {
         "radarID" : 12938,
         "tracks" : [
            {
               "detectedID" : 1006,
               "detectedTime" : 353.69999999999999,
               "entityID" : 12938,
               "height" : 6046.0422909999998,
               "lla" : [ 123.56860349999999, -29.102879130000002, 4895.8969269999998 ],
               "radarID" : 12938,
               "targetType" : 3,
               "trueID" : 811,
               "velocity" : [ 262.78382199999999, 115.11574570000001, 87.709908229999996 ]
            }
         ]
      },
      {
         "radarID" : 12974,
         "tracks" : [
            {
               "detectedID" : 1006,
               "detectedTime" : 353.69999999999999,
               "entityID" : 12974,
               "height" : 6048.719599,
               "lla" : [ 123.56865449999999, -29.10291161, 4905.0030530000004 ],
               "radarID" : 12974,
               "targetType" : 3,
               "trueID" : 811,
               "velocity" : [ 262.78382199999999, 115.11574570000001, 87.709908229999996 ]
            }
         ]
      }
   ],
   "terminator" : 0
}
