{
   "data" : [
      {
         "radarID" : 13114,
         "tracks" : [
            {
               "detectedID" : 1006,
               "detectedTime" : 1420.75,
               "entityID" : 13114,
               "height" : 794.81166700000006,
               "lla" : [ 120.4450125, -27.0318279, -178916.16269999999 ],
               "radarID" : 13114,
               "targetType" : 3,
               "trueID" : 811,
               "velocity" : [ 269.69505959999998, 104.01977239999999, 80.277405099999996 ]
            }
         ]
      }
   ],
   "terminator" : 0
}
