{
   "data" : [
      {
         "radarID" : 13079,
         "tracks" : [
            {
               "detectedID" : 1001,
               "detectedTime" : 1428.95,
               "entityID" : 13079,
               "height" : 5328.8199850000001,
               "lla" : [ 120.0067205, -26.728904549999999, -196560.02489999999 ],
               "radarID" : 13079,
               "targetType" : 3,
               "trueID" : 817,
               "velocity" : [ 270.33248989999998, 98.544529969999999, 84.907717570000003 ]
            }
         ]
      },
      {
         "radarID" : 13086,
         "tracks" : [
            {
               "detectedID" : 1001,
               "detectedTime" : 1428.95,
               "entityID" : 13086,
               "height" : 5326.1090469999999,
               "lla" : [ 120.0067537, -26.728927580000001, -196557.0814 ],
               "radarID" : 13086,
               "targetType" : 3,
               "trueID" : 817,
               "velocity" : [ 270.33248989999998, 98.544529969999999, 84.907717570000003 ]
            }
         ]
      }
   ],
   "terminator" : 0
}
