{
   "data" : [
      {
         "radarID" : 13114,
         "tracks" : [
            {
               "detectedID" : 1004,
               "detectedTime" : 1435.25,
               "entityID" : 13114,
               "height" : 487.1845533,
               "lla" : [ 119.82604980000001, -26.600812680000001, -111444.7985 ],
               "radarID" : 13114,
               "targetType" : 3,
               "trueID" : 799,
               "velocity" : [ 263.70478300000002, 142.3411236, 14.09936091 ]
            }
         ]
      }
   ],
   "terminator" : 0
}
