{
   "data" : [
      {
         "radarID" : 12931,
         "tracks" : [
            {
               "detectedID" : 1001,
               "detectedTime" : 1437.4000000000001,
               "entityID" : 12931,
               "height" : 5317.9136850000004,
               "lla" : [ 119.9820222, -26.711756050000002, -197958.11749999999 ],
               "radarID" : 12931,
               "targetType" : 3,
               "trueID" : 817,
               "velocity" : [ 270.38380740000002, 98.455264670000005, 84.847849420000003 ]
            }
         ]
      },
      {
         "radarID" : 13086,
         "tracks" : [
            {
               "detectedID" : 1004,
               "detectedTime" : 1437.4000000000001,
               "entityID" : 13086,
               "height" : 5000.9871750000002,
               "lla" : [ 119.81982120000001, -26.596360319999999, -107368.3556 ],
               "radarID" : 13086,
               "targetType" : 3,
               "trueID" : 799,
               "velocity" : [ 263.71801950000003, 142.31803260000001, 14.084877519999999 ]
            }
         ]
      }
   ],
   "terminator" : 0
}
