{
   "data" : [
      {
         "radarID" : 13135,
         "tracks" : [
            {
               "detectedID" : 1004,
               "detectedTime" : 362.35000000000002,
               "entityID" : 13135,
               "height" : 3027.3352249999998,
               "lla" : [ 122.635104, -28.497516390000001, 38235.979809999997 ],
               "radarID" : 13135,
               "targetType" : 3,
               "trueID" : 799,
               "velocity" : [ 116.1484889, -89.681349109999999, 261.66158330000002 ]
            }
         ]
      }
   ],
   "terminator" : 0
}
