{
   "data" : [
      {
         "radarID" : 13002,
         "tracks" : [
            {
               "detectedID" : 1001,
               "detectedTime" : 1437.5999999999999,
               "entityID" : 13002,
               "height" : 1352.7051349999999,
               "lla" : [ 119.97985540000001, -26.710349709999999, -201886.63209999999 ],
               "radarID" : 13002,
               "targetType" : 3,
               "trueID" : 817,
               "velocity" : [ 270.38502149999999, 98.453151689999999, 84.84643226 ]
            }
         ]
      }
   ],
   "terminator" : 0
}
