{
   "data" : [
      {
         "radarID" : 13072,
         "tracks" : [
            {
               "detectedID" : 1001,
               "detectedTime" : 1438.7,
               "entityID" : 13072,
               "height" : 5318.2080569999998,
               "lla" : [ 119.9781055, -26.70903564, -198175.98069999999 ],
               "radarID" : 13072,
               "targetType" : 3,
               "trueID" : 817,
               "velocity" : [ 270.39169859999998, 98.441530169999993, 84.838637739999996 ]
            }
         ]
      },
      {
         "radarID" : 13142,
         "tracks" : [
            {
               "detectedID" : 1004,
               "detectedTime" : 1438.7,
               "entityID" : 13142,
               "height" : 5003.0104769999998,
               "lla" : [ 119.8157083, -26.593491910000001, -107541.89109999999 ],
               "radarID" : 13142,
               "targetType" : 3,
               "trueID" : 799,
               "velocity" : [ 263.72602180000001, 142.30406980000001, 14.07611998 ]
            }
         ]
      }
   ],
   "terminator" : 0
}
