{
   "data" : [
      {
         "radarID" : 13023,
         "tracks" : [
            {
               "detectedID" : 1004,
               "detectedTime" : 362.44999999999999,
               "entityID" : 13023,
               "height" : 4935.7475590000004,
               "lla" : [ 122.6348857, -28.49732581, 40137.353580000003 ],
               "radarID" : 13023,
               "targetType" : 3,
               "trueID" : 799,
               "velocity" : [ 116.1491645, -89.682403679999993, 261.66092190000001 ]
            }
         ]
      },
      {
         "radarID" : 13135,
         "tracks" : [
            {
               "detectedID" : 1002,
               "detectedTime" : 362.44999999999999,
               "entityID" : 13135,
               "height" : 4443.3697270000002,
               "lla" : [ 123.05898379999999, -28.77310104, 61103.947630000002 ],
               "radarID" : 13135,
               "targetType" : 3,
               "trueID" : 793,
               "velocity" : [ -143.17082930000001, -199.6952479, 172.11601210000001 ]
            }
         ]
      },
      {
         "radarID" : 13142,
         "tracks" : [
            {
               "detectedID" : 1002,
               "detectedTime" : 362.44999999999999,
               "entityID" : 13142,
               "height" : 5009.8492299999998,
               "lla" : [ 123.059527, -28.773438250000002, 61699.702530000002 ],
               "radarID" : 13142,
               "targetType" : 3,
               "trueID" : 793,
               "velocity" : [ -143.17082930000001, -199.6952479, 172.11601210000001 ]
            }
         ]
      }
   ],
   "terminator" : 0
}
