{
   "data" : [
      {
         "radarID" : 13114,
         "tracks" : [
            {
               "detectedID" : 1001,
               "detectedTime" : 1440.0,
               "entityID" : 13114,
               "height" : 794.77476130000002,
               "lla" : [ 119.9742732, -26.706489430000001, -202860.93960000001 ],
               "radarID" : 13114,
               "targetType" : 3,
               "trueID" : 817,
               "velocity" : [ 270.3995888, 98.427795309999993, 84.829425740000005 ]
            }
         ]
      }
   ],
   "terminator" : 0
}
