{
   "data" : [
      {
         "radarID" : 12924,
         "tracks" : [
            {
               "detectedID" : 1006,
               "detectedTime" : 1445.45,
               "entityID" : 12924,
               "height" : 3336.4321920000002,
               "lla" : [ 120.3708898, -26.98076944, -180408.13370000001 ],
               "radarID" : 12924,
               "targetType" : 3,
               "trueID" : 811,
               "velocity" : [ 269.84707650000001, 103.75973879999999, 80.102883379999994 ]
            }
         ]
      },
      {
         "radarID" : 13093,
         "tracks" : [
            {
               "detectedID" : 1004,
               "detectedTime" : 1445.45,
               "entityID" : 13093,
               "height" : 620.61321380000004,
               "lla" : [ 119.79469659999999, -26.578938369999999, -112602.71950000001 ],
               "radarID" : 13093,
               "targetType" : 3,
               "trueID" : 799,
               "velocity" : [ 263.76755689999999, 142.23156080000001, 14.030646470000001 ]
            }
         ]
      }
   ],
   "terminator" : 0
}
