{
   "data" : [
      {
         "radarID" : 12931,
         "tracks" : [
            {
               "detectedID" : 1002,
               "detectedTime" : 1446.8,
               "entityID" : 12931,
               "height" : 5005.6071220000003,
               "lla" : [ 120.3679039, -26.977800389999999, -145126.58739999999 ],
               "radarID" : 12931,
               "targetType" : 3,
               "trueID" : 793,
               "velocity" : [ 255.42817439999999, 52.233953820000004, 148.4185358 ]
            }
         ]
      },
      {
         "radarID" : 12995,
         "tracks" : [
            {
               "detectedID" : 1005,
               "detectedTime" : 1446.8,
               "entityID" : 12995,
               "height" : 5288.728255,
               "lla" : [ 120.0095251, -26.730030509999999, -164523.1079 ],
               "radarID" : 12995,
               "targetType" : 3,
               "trueID" : 805,
               "velocity" : [ 269.11936050000003, 123.78405480000001, 47.45816696 ]
            }
         ]
      }
   ],
   "terminator" : 0
}
