{
   "data" : [
      {
         "radarID" : 12931,
         "tracks" : [
            {
               "detectedID" : 1005,
               "detectedTime" : 1446.95,
               "entityID" : 12931,
               "height" : 5276.2715879999996,
               "lla" : [ 120.0091864, -26.72979578, -164555.74359999999 ],
               "radarID" : 12931,
               "targetType" : 3,
               "trueID" : 805,
               "velocity" : [ 269.12027699999999, 123.7824627, 47.457121770000001 ]
            }
         ]
      },
      {
         "radarID" : 12938,
         "tracks" : [
            {
               "detectedID" : 1005,
               "detectedTime" : 1446.95,
               "entityID" : 12938,
               "height" : 5280.9166070000001,
               "lla" : [ 120.0088403, -26.7295552, -164560.2126 ],
               "radarID" : 12938,
               "targetType" : 3,
               "trueID" : 805,
               "velocity" : [ 269.12027699999999, 123.7824627, 47.457121770000001 ]
            }
         ]
      },
      {
         "radarID" : 13009,
         "tracks" : [
            {
               "detectedID" : 1002,
               "detectedTime" : 1446.95,
               "entityID" : 13009,
               "height" : 962.70484290000002,
               "lla" : [ 120.3661721, -26.976707820000001, -149120.32279999999 ],
               "radarID" : 13009,
               "targetType" : 3,
               "trueID" : 793,
               "velocity" : [ 255.42910560000001, 52.232364599999997, 148.4174926 ]
            }
         ]
      }
   ],
   "terminator" : 0
}
