{
   "data" : [
      {
         "radarID" : 13072,
         "tracks" : [
            {
               "detectedID" : 1001,
               "detectedTime" : 1448.7,
               "entityID" : 13072,
               "height" : 5312.1234930000001,
               "lla" : [ 119.948758, -26.688644870000001, -199832.3989 ],
               "radarID" : 13072,
               "targetType" : 3,
               "trueID" : 817,
               "velocity" : [ 270.45236649999998, 98.335867989999997, 84.767768000000004 ]
            }
         ]
      },
      {
         "radarID" : 13135,
         "tracks" : [
            {
               "detectedID" : 1004,
               "detectedTime" : 1448.7,
               "entityID" : 13135,
               "height" : 1101.013109,
               "lla" : [ 119.7841976, -26.571602739999999, -112699.18090000001 ],
               "radarID" : 13135,
               "targetType" : 3,
               "trueID" : 799,
               "velocity" : [ 263.78754629999997, 142.19664309999999, 14.008750729999999 ]
            }
         ]
      },
      {
         "radarID" : 13142,
         "tracks" : [
            {
               "detectedID" : 1004,
               "detectedTime" : 1448.7,
               "entityID" : 13142,
               "height" : 5001.783754,
               "lla" : [ 119.7852343, -26.572229149999998, -108779.8851 ],
               "radarID" : 13142,
               "targetType" : 3,
               "trueID" : 799,
               "velocity" : [ 263.78754629999997, 142.19664309999999, 14.008750729999999 ]
            }
         ]
      }
   ],
   "terminator" : 0
}
