{
   "data" : [
      {
         "radarID" : 13065,
         "tracks" : [
            {
               "detectedID" : 1006,
               "detectedTime" : 1449.05,
               "entityID" : 13065,
               "height" : 5543.1532150000003,
               "lla" : [ 120.360544, -26.97359105, -178878.92249999999 ],
               "radarID" : 13065,
               "targetType" : 3,
               "trueID" : 811,
               "velocity" : [ 269.86920240000001, 103.7218275, 80.077437959999997 ]
            }
         ]
      }
   ],
   "terminator" : 0
}
