{
   "data" : [
      {
         "radarID" : 13058,
         "tracks" : [
            {
               "detectedID" : 1006,
               "detectedTime" : 1449.0999999999999,
               "entityID" : 13058,
               "height" : 5542.5330039999999,
               "lla" : [ 120.3603849, -26.97348156, -178888.57980000001 ],
               "radarID" : 13058,
               "targetType" : 3,
               "trueID" : 811,
               "velocity" : [ 269.86950969999998, 103.7213009, 80.077084529999993 ]
            }
         ]
      }
   ],
   "terminator" : 0
}
