{
   "data" : [
      {
         "radarID" : 13030,
         "tracks" : [
            {
               "detectedID" : 1006,
               "detectedTime" : 1449.25,
               "entityID" : 13030,
               "height" : 4813.6181159999996,
               "lla" : [ 120.35973869999999, -26.973055639999998, -179662.11689999999 ],
               "radarID" : 13030,
               "targetType" : 3,
               "trueID" : 811,
               "velocity" : [ 269.87043139999997, 103.7197212, 80.076024259999997 ]
            }
         ]
      },
      {
         "radarID" : 13037,
         "tracks" : [
            {
               "detectedID" : 1006,
               "detectedTime" : 1449.25,
               "entityID" : 13037,
               "height" : 4788.9858450000002,
               "lla" : [ 120.3597358, -26.973054049999998, -179678.9743 ],
               "radarID" : 13037,
               "targetType" : 3,
               "trueID" : 811,
               "velocity" : [ 269.87043139999997, 103.7197212, 80.076024259999997 ]
            }
         ]
      },
      {
         "radarID" : 13044,
         "tracks" : [
            {
               "detectedID" : 1006,
               "detectedTime" : 1449.25,
               "entityID" : 13044,
               "height" : 4835.1983609999997,
               "lla" : [ 120.3597456, -26.97305957, -179629.9994 ],
               "radarID" : 13044,
               "targetType" : 3,
               "trueID" : 811,
               "velocity" : [ 269.87043139999997, 103.7197212, 80.076024259999997 ]
            }
         ]
      }
   ],
   "terminator" : 0
}
