{
   "data" : [
      {
         "radarID" : 13114,
         "tracks" : [
            {
               "detectedID" : 1005,
               "detectedTime" : 1450.0999999999999,
               "entityID" : 13114,
               "height" : 141.77664540000001,
               "lla" : [ 119.9997272, -26.723360110000002, -170184.41450000001 ],
               "radarID" : 13114,
               "targetType" : 3,
               "trueID" : 805,
               "velocity" : [ 269.13952219999999, 123.74902849999999, 47.435172219999998 ]
            }
         ]
      }
   ],
   "terminator" : 0
}
