{
   "data" : [
      {
         "radarID" : 12903,
         "tracks" : [
            {
               "detectedID" : 1006,
               "detectedTime" : 1456.0999999999999,
               "entityID" : 12903,
               "height" : 5541.1169129999998,
               "lla" : [ 120.339606, -26.95916866, -180044.45050000001 ],
               "radarID" : 12903,
               "targetType" : 3,
               "trueID" : 811,
               "velocity" : [ 269.91251010000002, 103.64757609999999, 80.027600660000004 ]
            }
         ]
      },
      {
         "radarID" : 12917,
         "tracks" : [
            {
               "detectedID" : 1006,
               "detectedTime" : 1456.0999999999999,
               "entityID" : 12917,
               "height" : 1980.769065,
               "lla" : [ 120.33882730000001, -26.958719850000001, -183472.25450000001 ],
               "radarID" : 12917,
               "targetType" : 3,
               "trueID" : 811,
               "velocity" : [ 269.91251010000002, 103.64757609999999, 80.027600660000004 ]
            }
         ]
      },
      {
         "radarID" : 12995,
         "tracks" : [
            {
               "detectedID" : 1004,
               "detectedTime" : 1456.0999999999999,
               "entityID" : 12995,
               "height" : 4751.9040130000003,
               "lla" : [ 119.76260139999999, -26.556434429999999, -109952.20450000001 ],
               "radarID" : 12995,
               "targetType" : 3,
               "trueID" : 799,
               "velocity" : [ 263.8330393, 142.11712299999999, 13.95889298 ]
            }
         ]
      }
   ],
   "terminator" : 0
}
