{
   "data" : [
      {
         "radarID" : 13107,
         "tracks" : [
            {
               "detectedID" : 1006,
               "detectedTime" : 1460.5,
               "entityID" : 13107,
               "height" : 5494.9339040000004,
               "lla" : [ 120.3266117, -26.950215589999999, -180807.39619999999 ],
               "radarID" : 13107,
               "targetType" : 3,
               "trueID" : 811,
               "velocity" : [ 269.93952400000001, 103.601229, 79.996492059999994 ]
            }
         ]
      }
   ],
   "terminator" : 0
}
