{
   "data" : [
      {
         "radarID" : 12995,
         "tracks" : [
            {
               "detectedID" : 1002,
               "detectedTime" : 1466.55,
               "entityID" : 12995,
               "height" : 4984.9785309999997,
               "lla" : [ 120.3176711, -26.943218890000001, -148912.04449999999 ],
               "radarID" : 12995,
               "targetType" : 3,
               "trueID" : 793,
               "velocity" : [ 255.55066299999999, 52.024684260000001, 148.28112110000001 ]
            }
         ]
      }
   ],
   "terminator" : 0
}
