{
   "data" : [
      {
         "radarID" : 13002,
         "tracks" : [
            {
               "detectedID" : 1006,
               "detectedTime" : 1467.5,
               "entityID" : 13002,
               "height" : 782.53817030000005,
               "lla" : [ 120.3039845, -26.934734679999998, -186592.8284 ],
               "radarID" : 13002,
               "targetType" : 3,
               "trueID" : 811,
               "velocity" : [ 269.98247679999997, 103.527486, 79.946994020000005 ]
            }
         ]
      }
   ],
   "terminator" : 0
}
