{
   "data" : [
      {
         "radarID" : 13030,
         "tracks" : [
            {
               "detectedID" : 1001,
               "detectedTime" : 371.39999999999998,
               "entityID" : 13030,
               "height" : 2996.905158,
               "lla" : [ 123.0858984, -28.792602240000001, -20090.51253 ],
               "radarID" : 13030,
               "targetType" : 3,
               "trueID" : 817,
               "velocity" : [ 263.57615509999999, 109.58996620000001, 92.291114210000003 ]
            }
         ]
      },
      {
         "radarID" : 13037,
         "tracks" : [
            {
               "detectedID" : 1001,
               "detectedTime" : 371.39999999999998,
               "entityID" : 13037,
               "height" : 2946.1637799999999,
               "lla" : [ 123.08576960000001, -28.79252022, -20145.893260000001 ],
               "radarID" : 13037,
               "targetType" : 3,
               "trueID" : 817,
               "velocity" : [ 263.57615509999999, 109.58996620000001, 92.291114210000003 ]
            }
         ]
      },
      {
         "radarID" : 13044,
         "tracks" : [
            {
               "detectedID" : 1001,
               "detectedTime" : 371.39999999999998,
               "entityID" : 13044,
               "height" : 3038.8803149999999,
               "lla" : [ 123.0859775, -28.792652319999998, -20046.694869999999 ],
               "radarID" : 13044,
               "targetType" : 3,
               "trueID" : 817,
               "velocity" : [ 263.57615509999999, 109.58996620000001, 92.291114210000003 ]
            }
         ]
      }
   ],
   "terminator" : 0
}
