{
   "data" : [
      {
         "radarID" : 13030,
         "tracks" : [
            {
               "detectedID" : 1002,
               "detectedTime" : 1469.0,
               "entityID" : 13030,
               "height" : 3170.1783220000002,
               "lla" : [ 120.3110564, -26.938707900000001, -151190.50949999999 ],
               "radarID" : 13030,
               "targetType" : 3,
               "trueID" : 793,
               "velocity" : [ 255.56584240000001, 51.998721189999998, 148.2640658 ]
            }
         ]
      },
      {
         "radarID" : 13037,
         "tracks" : [
            {
               "detectedID" : 1002,
               "detectedTime" : 1469.0,
               "entityID" : 13037,
               "height" : 3158.3716490000002,
               "lla" : [ 120.31101289999999, -26.938678230000001, -151204.989 ],
               "radarID" : 13037,
               "targetType" : 3,
               "trueID" : 793,
               "velocity" : [ 255.56584240000001, 51.998721189999998, 148.2640658 ]
            }
         ]
      },
      {
         "radarID" : 13044,
         "tracks" : [
            {
               "detectedID" : 1002,
               "detectedTime" : 1469.0,
               "entityID" : 13044,
               "height" : 3182.5375669999999,
               "lla" : [ 120.31101990000001, -26.938682650000001, -151189.32010000001 ],
               "radarID" : 13044,
               "targetType" : 3,
               "trueID" : 793,
               "velocity" : [ 255.56584240000001, 51.998721189999998, 148.2640658 ]
            }
         ]
      },
      {
         "radarID" : 13065,
         "tracks" : [
            {
               "detectedID" : 1006,
               "detectedTime" : 1469.0,
               "entityID" : 13065,
               "height" : 5536.3329709999998,
               "lla" : [ 120.30147789999999, -26.9328878, -182162.5287 ],
               "radarID" : 13065,
               "targetType" : 3,
               "trueID" : 811,
               "velocity" : [ 269.99167720000003, 103.51168250000001, 79.936386170000006 ]
            }
         ]
      }
   ],
   "terminator" : 0
}
