{
   "data" : [
      {
         "radarID" : 13002,
         "tracks" : [
            {
               "detectedID" : 1005,
               "detectedTime" : 1476.95,
               "entityID" : 13002,
               "height" : 1669.943354,
               "lla" : [ 119.91653169999999, -26.665485910000001, -172433.49960000001 ],
               "radarID" : 13002,
               "targetType" : 3,
               "trueID" : 805,
               "velocity" : [ 269.30332479999998, 123.46393140000001, 47.248035960000003 ]
            }
         ]
      }
   ],
   "terminator" : 0
}
