{
   "data" : [
      {
         "radarID" : 13065,
         "tracks" : [
            {
               "detectedID" : 1004,
               "detectedTime" : 1477.3499999999999,
               "entityID" : 13065,
               "height" : 5001.0174180000004,
               "lla" : [ 119.6976576, -26.511043950000001, -112350.1471 ],
               "radarID" : 13065,
               "targetType" : 3,
               "trueID" : 799,
               "velocity" : [ 263.9635179, 141.88864599999999, 13.81569198 ]
            }
         ]
      }
   ],
   "terminator" : 0
}
