{
   "data" : [
      {
         "radarID" : 13016,
         "tracks" : [
            {
               "detectedID" : 1006,
               "detectedTime" : 1477.9000000000001,
               "entityID" : 13016,
               "height" : 1110.1499020000001,
               "lla" : [ 120.27352089999999, -26.913713999999999, -187985.47820000001 ],
               "radarID" : 13016,
               "targetType" : 3,
               "trueID" : 811,
               "velocity" : [ 270.04623850000002, 103.4179044, 79.873438030000003 ]
            }
         ]
      }
   ],
   "terminator" : 0
}
