{
   "data" : [
      {
         "radarID" : 13058,
         "tracks" : [
            {
               "detectedID" : 1006,
               "detectedTime" : 1479.05,
               "entityID" : 13058,
               "height" : 5533.8896260000001,
               "lla" : [ 120.27173790000001, -26.91237293, -183812.70069999999 ],
               "radarID" : 13058,
               "targetType" : 3,
               "trueID" : 811,
               "velocity" : [ 270.05328509999998, 103.4057857, 79.865303249999997 ]
            }
         ]
      }
   ],
   "terminator" : 0
}
