{
   "data" : [
      {
         "radarID" : 13135,
         "tracks" : [
            {
               "detectedID" : 1004,
               "detectedTime" : 372.35000000000002,
               "entityID" : 13135,
               "height" : 3017.9020829999999,
               "lla" : [ 122.6303127, -28.494423359999999, 36466.849600000001 ],
               "radarID" : 13135,
               "targetType" : 3,
               "trueID" : 799,
               "velocity" : [ 116.21604259999999, -89.786796159999994, 261.59541789999997 ]
            }
         ]
      },
      {
         "radarID" : 13142,
         "tracks" : [
            {
               "detectedID" : 1004,
               "detectedTime" : 372.35000000000002,
               "entityID" : 13142,
               "height" : 4941.0335109999996,
               "lla" : [ 122.6301223, -28.494250319999999, 38396.364880000001 ],
               "radarID" : 13142,
               "targetType" : 3,
               "trueID" : 799,
               "velocity" : [ 116.21604259999999, -89.786796159999994, 261.59541789999997 ]
            }
         ]
      }
   ],
   "terminator" : 0
}
