{
   "data" : [
      {
         "radarID" : 13023,
         "tracks" : [
            {
               "detectedID" : 1006,
               "detectedTime" : 1479.7,
               "entityID" : 13023,
               "height" : 5537.5956420000002,
               "lla" : [ 120.2698377, -26.911061799999999, -183921.18640000001 ],
               "radarID" : 13023,
               "targetType" : 3,
               "trueID" : 811,
               "velocity" : [ 270.05726770000001, 103.3989359, 79.860705229999994 ]
            }
         ]
      },
      {
         "radarID" : 13128,
         "tracks" : [
            {
               "detectedID" : 1004,
               "detectedTime" : 1479.7,
               "entityID" : 13128,
               "height" : 2480.8718250000002,
               "lla" : [ 119.69022820000001, -26.505911009999998, -115171.0649 ],
               "radarID" : 13128,
               "targetType" : 3,
               "trueID" : 799,
               "velocity" : [ 263.97793359999997, 141.8633662, 13.79985211 ]
            }
         ]
      },
      {
         "radarID" : 13135,
         "tracks" : [
            {
               "detectedID" : 1002,
               "detectedTime" : 1479.7,
               "entityID" : 13135,
               "height" : 3134.5701220000001,
               "lla" : [ 120.2840997, -26.920132710000001, -153276.64189999999 ],
               "radarID" : 13135,
               "targetType" : 3,
               "trueID" : 793,
               "velocity" : [ 255.63209620000001, 51.8853236, 148.1895562 ]
            }
         ]
      }
   ],
   "terminator" : 0
}
