{
   "data" : [
      {
         "radarID" : 12903,
         "tracks" : [
            {
               "detectedID" : 1001,
               "detectedTime" : 1486.5,
               "entityID" : 12903,
               "height" : 5298.956013,
               "lla" : [ 119.8374519, -26.611186920000002, -206105.087 ],
               "radarID" : 12903,
               "targetType" : 3,
               "trueID" : 817,
               "velocity" : [ 270.68115189999997, 97.936269820000007, 84.499710329999999 ]
            }
         ]
      },
      {
         "radarID" : 12917,
         "tracks" : [
            {
               "detectedID" : 1001,
               "detectedTime" : 1486.5,
               "entityID" : 12917,
               "height" : 2702.4896490000001,
               "lla" : [ 119.8367617, -26.61076984, -208608.2463 ],
               "radarID" : 12917,
               "targetType" : 3,
               "trueID" : 817,
               "velocity" : [ 270.68115189999997, 97.936269820000007, 84.499710329999999 ]
            }
         ]
      }
   ],
   "terminator" : 0
}
