{
   "data" : [
      {
         "radarID" : 13072,
         "tracks" : [
            {
               "detectedID" : 1004,
               "detectedTime" : 1486.75,
               "entityID" : 13072,
               "height" : 5002.4420010000003,
               "lla" : [ 119.6688169, -26.490868320000001, -113522.5579 ],
               "radarID" : 13072,
               "targetType" : 3,
               "trueID" : 799,
               "velocity" : [ 264.02116610000002, 141.78750779999999, 13.752326160000001 ]
            }
         ]
      }
   ],
   "terminator" : 0
}
