{
   "data" : [
      {
         "radarID" : 12995,
         "tracks" : [
            {
               "detectedID" : 1006,
               "detectedTime" : 1487.45,
               "entityID" : 12995,
               "height" : 5479.6574650000002,
               "lla" : [ 120.2469121, -26.89523844, -185229.68640000001 ],
               "radarID" : 12995,
               "targetType" : 3,
               "trueID" : 811,
               "velocity" : [ 270.1047322, 103.3172574, 79.805876929999997 ]
            }
         ]
      }
   ],
   "terminator" : 0
}
