{
   "data" : [
      {
         "radarID" : 12995,
         "tracks" : [
            {
               "detectedID" : 1001,
               "detectedTime" : 1487.55,
               "entityID" : 12995,
               "height" : 5267.2754109999996,
               "lla" : [ 119.8344422, -26.609090630000001, -206305.4902 ],
               "radarID" : 12995,
               "targetType" : 3,
               "trueID" : 817,
               "velocity" : [ 270.68749489999999, 97.925165469999996, 84.492260439999995 ]
            }
         ]
      },
      {
         "radarID" : 13002,
         "tracks" : [
            {
               "detectedID" : 1006,
               "detectedTime" : 1487.55,
               "entityID" : 13002,
               "height" : 875.12405179999996,
               "lla" : [ 120.2447434, -26.89385588, -189779.85190000001 ],
               "radarID" : 13002,
               "targetType" : 3,
               "trueID" : 811,
               "velocity" : [ 270.10534439999998, 103.31620340000001, 79.805169399999997 ]
            }
         ]
      },
      {
         "radarID" : 13058,
         "tracks" : [
            {
               "detectedID" : 1004,
               "detectedTime" : 1487.55,
               "entityID" : 13058,
               "height" : 5001.1148899999998,
               "lla" : [ 119.666421, -26.489191739999999, -113621.0653 ],
               "radarID" : 13058,
               "targetType" : 3,
               "trueID" : 799,
               "velocity" : [ 264.02607069999999, 141.77889780000001, 13.74693242 ]
            }
         ]
      }
   ],
   "terminator" : 0
}
