{
   "data" : [
      {
         "radarID" : 13002,
         "tracks" : [
            {
               "detectedID" : 1001,
               "detectedTime" : 1487.6500000000001,
               "entityID" : 13002,
               "height" : 1667.173665,
               "lla" : [ 119.83283779999999, -26.60806212, -209851.8757 ],
               "radarID" : 13002,
               "targetType" : 3,
               "trueID" : 817,
               "velocity" : [ 270.6880989, 97.924107899999996, 84.491550919999995 ]
            }
         ]
      }
   ],
   "terminator" : 0
}
