{
   "data" : [
      {
         "radarID" : 13016,
         "tracks" : [
            {
               "detectedID" : 1006,
               "detectedTime" : 1487.9000000000001,
               "entityID" : 13016,
               "height" : 1166.7019660000001,
               "lla" : [ 120.2439227, -26.893282509999999, -189566.55040000001 ],
               "radarID" : 13016,
               "targetType" : 3,
               "trueID" : 811,
               "velocity" : [ 270.10748710000001, 103.3125144, 79.802693020000007 ]
            },
            {
               "detectedID" : 1001,
               "detectedTime" : 1487.9000000000001,
               "entityID" : 13016,
               "height" : 2077.7210620000001,
               "lla" : [ 119.832301, -26.607678140000001, -209498.5508 ],
               "radarID" : 13016,
               "targetType" : 3,
               "trueID" : 817,
               "velocity" : [ 270.68960909999998, 97.921463970000005, 84.489777099999998 ]
            }
         ]
      },
      {
         "radarID" : 13037,
         "tracks" : [
            {
               "detectedID" : 1004,
               "detectedTime" : 1487.9000000000001,
               "entityID" : 13037,
               "height" : 2799.7670699999999,
               "lla" : [ 119.6645505, -26.487936919999999, -115863.59729999999 ],
               "radarID" : 13037,
               "targetType" : 3,
               "trueID" : 799,
               "velocity" : [ 264.0282163, 141.7751308, 13.744572610000001 ]
            }
         ]
      }
   ],
   "terminator" : 0
}
