{
   "data" : [
      {
         "radarID" : 13072,
         "tracks" : [
            {
               "detectedID" : 1006,
               "detectedTime" : 1488.9000000000001,
               "entityID" : 13072,
               "height" : 5523.658034,
               "lla" : [ 120.2426322, -26.892282269999999, -185424.29889999999 ],
               "radarID" : 13072,
               "targetType" : 3,
               "trueID" : 811,
               "velocity" : [ 270.11360860000002, 103.3019741, 79.795617550000003 ]
            }
         ]
      }
   ],
   "terminator" : 0
}
