{
   "data" : [
      {
         "radarID" : 13107,
         "tracks" : [
            {
               "detectedID" : 1003,
               "detectedTime" : 1489.3499999999999,
               "entityID" : 13107,
               "height" : 987.1090461,
               "lla" : [ 119.75295439999999, -26.551804270000002, -193339.40289999999 ],
               "radarID" : 13107,
               "targetType" : 3,
               "trueID" : 781,
               "velocity" : [ 250.0821249, 35.978892170000002, 161.7542894 ]
            }
         ]
      }
   ],
   "terminator" : 0
}
