{
   "data" : [
      {
         "radarID" : 13114,
         "tracks" : [
            {
               "detectedID" : 1003,
               "detectedTime" : 1489.5,
               "entityID" : 13114,
               "height" : 408.70195330000001,
               "lla" : [ 119.7525583, -26.551542550000001, -193935.75510000001 ],
               "radarID" : 13114,
               "targetType" : 3,
               "trueID" : 781,
               "velocity" : [ 250.0830368, 35.977297010000001, 161.7532343 ]
            }
         ]
      }
   ],
   "terminator" : 0
}
