{
   "data" : [
      {
         "radarID" : 13107,
         "tracks" : [
            {
               "detectedID" : 1001,
               "detectedTime" : 1489.7,
               "entityID" : 13107,
               "height" : 5302.8214870000002,
               "lla" : [ 119.8281164, -26.604681509999999, -206627.14989999999 ],
               "radarID" : 13107,
               "targetType" : 3,
               "trueID" : 817,
               "velocity" : [ 270.70048079999998, 97.902427259999996, 84.47700528 ]
            }
         ]
      },
      {
         "radarID" : 13135,
         "tracks" : [
            {
               "detectedID" : 1002,
               "detectedTime" : 1489.7,
               "entityID" : 13135,
               "height" : 3200.77808,
               "lla" : [ 120.2585673, -26.902524769999999, -155103.89559999999 ],
               "radarID" : 13135,
               "targetType" : 3,
               "trueID" : 793,
               "velocity" : [ 255.6939572, 51.77933298, 148.11988700000001 ]
            }
         ]
      },
      {
         "radarID" : 13142,
         "tracks" : [
            {
               "detectedID" : 1006,
               "detectedTime" : 1489.7,
               "entityID" : 13142,
               "height" : 5537.5225920000003,
               "lla" : [ 120.2403005, -26.890672949999999, -185581.26490000001 ],
               "radarID" : 13142,
               "targetType" : 3,
               "trueID" : 811,
               "velocity" : [ 270.11850550000003, 103.29354170000001, 79.789957040000004 ]
            }
         ]
      }
   ],
   "terminator" : 0
}
