{
   "data" : [
      {
         "radarID" : 12924,
         "tracks" : [
            {
               "detectedID" : 1001,
               "detectedTime" : 1495.8499999999999,
               "entityID" : 12924,
               "height" : 3633.0569350000001,
               "lla" : [ 119.80977970000001, -26.591940860000001, -209243.11679999999 ],
               "radarID" : 12924,
               "targetType" : 3,
               "trueID" : 817,
               "velocity" : [ 270.73761139999999, 97.837379900000002, 84.433363610000001 ]
            }
         ]
      }
   ],
   "terminator" : 0
}
