{
   "data" : [
      {
         "radarID" : 12931,
         "tracks" : [
            {
               "detectedID" : 1005,
               "detectedTime" : 1497.0,
               "entityID" : 12931,
               "height" : 5263.0002889999996,
               "lla" : [ 119.8565128, -26.623610559999999, -171833.58600000001 ],
               "radarID" : 12931,
               "targetType" : 3,
               "trueID" : 805,
               "velocity" : [ 269.42536369999999, 123.25090969999999, 47.108244110000001 ]
            }
         ]
      },
      {
         "radarID" : 12938,
         "tracks" : [
            {
               "detectedID" : 1005,
               "detectedTime" : 1497.0,
               "entityID" : 12938,
               "height" : 5256.1352639999996,
               "lla" : [ 119.8570117, -26.623958559999998, -171826.15400000001 ],
               "radarID" : 12938,
               "targetType" : 3,
               "trueID" : 805,
               "velocity" : [ 269.42536369999999, 123.25090969999999, 47.108244110000001 ]
            }
         ]
      },
      {
         "radarID" : 13002,
         "tracks" : [
            {
               "detectedID" : 1005,
               "detectedTime" : 1497.0,
               "entityID" : 13002,
               "height" : 1791.302013,
               "lla" : [ 119.8555641, -26.623035160000001, -175216.63750000001 ],
               "radarID" : 13002,
               "targetType" : 3,
               "trueID" : 805,
               "velocity" : [ 269.42536369999999, 123.25090969999999, 47.108244110000001 ]
            }
         ]
      }
   ],
   "terminator" : 0
}
