{
   "data" : [
      {
         "radarID" : 13009,
         "tracks" : [
            {
               "detectedID" : 1002,
               "detectedTime" : 1497.0999999999999,
               "entityID" : 13009,
               "height" : 1134.2110620000001,
               "lla" : [ 120.2385189, -26.888742520000001, -158520.9608 ],
               "radarID" : 13009,
               "targetType" : 3,
               "trueID" : 793,
               "velocity" : [ 255.73969779999999, 51.700892760000002, 148.06831070000001 ]
            }
         ]
      }
   ],
   "terminator" : 0
}
