{
   "data" : [
      {
         "radarID" : 13016,
         "tracks" : [
            {
               "detectedID" : 1002,
               "detectedTime" : 1497.1500000000001,
               "entityID" : 13016,
               "height" : 1165.471413,
               "lla" : [ 120.2383925, -26.88865448, -158501.16409999999 ],
               "radarID" : 13016,
               "targetType" : 3,
               "trueID" : 793,
               "velocity" : [ 255.7400068, 51.700362730000002, 148.06796220000001 ]
            }
         ]
      }
   ],
   "terminator" : 0
}
