{
   "data" : [
      {
         "radarID" : 12988,
         "tracks" : [
            {
               "detectedID" : 1006,
               "detectedTime" : 1497.8,
               "entityID" : 12988,
               "height" : 5519.3233419999997,
               "lla" : [ 120.2162933, -26.874090120000002, -186883.9443 ],
               "radarID" : 12988,
               "targetType" : 3,
               "trueID" : 811,
               "velocity" : [ 270.16806439999999, 103.2081558, 79.732638019999996 ]
            }
         ]
      }
   ],
   "terminator" : 0
}
