{
   "data" : [
      {
         "radarID" : 13072,
         "tracks" : [
            {
               "detectedID" : 1002,
               "detectedTime" : 1498.25,
               "entityID" : 13072,
               "height" : 5002.9032850000003,
               "lla" : [ 120.23693249999999, -26.887552880000001, -154940.84280000001 ],
               "radarID" : 13072,
               "targetType" : 3,
               "trueID" : 793,
               "velocity" : [ 255.7468034, 51.688702169999999, 148.0602939 ]
            }
         ]
      }
   ],
   "terminator" : 0
}
