{
   "data" : [
      {
         "radarID" : 12910,
         "tracks" : [
            {
               "detectedID" : 1005,
               "detectedTime" : 1506.1500000000001,
               "entityID" : 12910,
               "height" : 4455.4892840000002,
               "lla" : [ 119.8285372, -26.604133730000001, -173931.91930000001 ],
               "radarID" : 12910,
               "targetType" : 3,
               "trueID" : 805,
               "velocity" : [ 269.48097780000001, 123.153659, 47.044434799999998 ]
            }
         ]
      },
      {
         "radarID" : 12917,
         "tracks" : [
            {
               "detectedID" : 1005,
               "detectedTime" : 1506.1500000000001,
               "entityID" : 12917,
               "height" : 4043.6526140000001,
               "lla" : [ 119.8285472, -26.6041509, -174330.1557 ],
               "radarID" : 12917,
               "targetType" : 3,
               "trueID" : 805,
               "velocity" : [ 269.48097780000001, 123.153659, 47.044434799999998 ]
            }
         ]
      }
   ],
   "terminator" : 0
}
