{
   "data" : [
      {
         "radarID" : 12903,
         "tracks" : [
            {
               "detectedID" : 1001,
               "detectedTime" : 1506.5,
               "entityID" : 12903,
               "height" : 5286.48002,
               "lla" : [ 119.77871469999999, -26.570234230000001, -209419.0356 ],
               "radarID" : 12903,
               "targetType" : 3,
               "trueID" : 817,
               "velocity" : [ 270.80185710000001, 97.724717659999996, 84.357772229999995 ]
            }
         ]
      },
      {
         "radarID" : 12910,
         "tracks" : [
            {
               "detectedID" : 1001,
               "detectedTime" : 1506.5,
               "entityID" : 12910,
               "height" : 3119.9670120000001,
               "lla" : [ 119.77832429999999, -26.570015359999999, -211507.2421 ],
               "radarID" : 12910,
               "targetType" : 3,
               "trueID" : 817,
               "velocity" : [ 270.80185710000001, 97.724717659999996, 84.357772229999995 ]
            }
         ]
      },
      {
         "radarID" : 12917,
         "tracks" : [
            {
               "detectedID" : 1001,
               "detectedTime" : 1506.5,
               "entityID" : 12917,
               "height" : 2803.617256,
               "lla" : [ 119.77789900000001, -26.569725980000001, -211815.0907 ],
               "radarID" : 12917,
               "targetType" : 3,
               "trueID" : 817,
               "velocity" : [ 270.80185710000001, 97.724717659999996, 84.357772229999995 ]
            }
         ]
      }
   ],
   "terminator" : 0
}
