{
   "data" : [
      {
         "radarID" : 12995,
         "tracks" : [
            {
               "detectedID" : 1002,
               "detectedTime" : 1506.7,
               "entityID" : 12995,
               "height" : 5007.8324789999997,
               "lla" : [ 120.21541190000001, -26.872698199999999, -156547.08660000001 ],
               "radarID" : 12995,
               "targetType" : 3,
               "trueID" : 793,
               "velocity" : [ 255.79899090000001, 51.599123380000002, 148.00137409999999 ]
            }
         ]
      }
   ],
   "terminator" : 0
}
