{
   "data" : [
      {
         "radarID" : 13044,
         "tracks" : [
            {
               "detectedID" : 1004,
               "detectedTime" : 1507.95,
               "entityID" : 13044,
               "height" : 2938.4258610000002,
               "lla" : [ 119.60317360000001, -26.444950039999998, -118224.9574 ],
               "radarID" : 13044,
               "targetType" : 3,
               "trueID" : 799,
               "velocity" : [ 264.15112319999997, 141.55907640000001, 13.60926143 ]
            }
         ]
      }
   ],
   "terminator" : 0
}
