{
   "data" : [
      {
         "radarID" : 13107,
         "tracks" : [
            {
               "detectedID" : 1005,
               "detectedTime" : 1509.25,
               "entityID" : 13107,
               "height" : 5246.7934089999999,
               "lla" : [ 119.81942960000001, -26.597764640000001, -173611.20879999999 ],
               "radarID" : 13107,
               "targetType" : 3,
               "trueID" : 805,
               "velocity" : [ 269.49980849999997, 123.1207055, 47.022814359999998 ]
            }
         ]
      }
   ],
   "terminator" : 0
}
