{
   "data" : [
      {
         "radarID" : 13023,
         "tracks" : [
            {
               "detectedID" : 1002,
               "detectedTime" : 1509.55,
               "entityID" : 13023,
               "height" : 5005.8455599999998,
               "lla" : [ 120.20817889999999, -26.867703649999999, -157074.60930000001 ],
               "radarID" : 13023,
               "targetType" : 3,
               "trueID" : 793,
               "velocity" : [ 255.81658340000001, 51.568908630000003, 147.98149649999999 ]
            }
         ]
      },
      {
         "radarID" : 13093,
         "tracks" : [
            {
               "detectedID" : 1001,
               "detectedTime" : 1509.55,
               "entityID" : 13093,
               "height" : 833.71847749999995,
               "lla" : [ 119.76924579999999, -26.563740540000001, -214323.80239999999 ],
               "radarID" : 13093,
               "targetType" : 3,
               "trueID" : 817,
               "velocity" : [ 270.82024369999999, 97.692448400000004, 84.336120080000001 ]
            }
         ]
      }
   ],
   "terminator" : 0
}
