{
   "data" : [
      {
         "radarID" : 12903,
         "tracks" : [
            {
               "detectedID" : 1002,
               "detectedTime" : 1515.95,
               "entityID" : 12903,
               "height" : 5004.273921,
               "lla" : [ 120.19196119999999, -26.8565036, -158321.0675 ],
               "radarID" : 12903,
               "targetType" : 3,
               "trueID" : 793,
               "velocity" : [ 255.85607279999999, 51.501054660000001, 147.93684930000001 ]
            }
         ]
      },
      {
         "radarID" : 12917,
         "tracks" : [
            {
               "detectedID" : 1002,
               "detectedTime" : 1515.95,
               "entityID" : 12917,
               "height" : 3380.9645169999999,
               "lla" : [ 120.19147630000001, -26.85620784, -159884.51180000001 ],
               "radarID" : 12917,
               "targetType" : 3,
               "trueID" : 793,
               "velocity" : [ 255.85607279999999, 51.501054660000001, 147.93684930000001 ]
            }
         ]
      }
   ],
   "terminator" : 0
}
