{
   "data" : [
      {
         "radarID" : 12988,
         "tracks" : [
            {
               "detectedID" : 1002,
               "detectedTime" : 1517.3,
               "entityID" : 12988,
               "height" : 5002.5789260000001,
               "lla" : [ 120.1884472, -26.854075819999998, -158571.57490000001 ],
               "radarID" : 12988,
               "targetType" : 3,
               "trueID" : 793,
               "velocity" : [ 255.86439960000001, 51.486741139999999, 147.9274298 ]
            }
         ]
      },
      {
         "radarID" : 13009,
         "tracks" : [
            {
               "detectedID" : 1005,
               "detectedTime" : 1517.3,
               "entityID" : 13009,
               "height" : 2044.5830269999999,
               "lla" : [ 119.7937246, -26.579915249999999, -177920.47349999999 ],
               "radarID" : 13009,
               "targetType" : 3,
               "trueID" : 805,
               "velocity" : [ 269.54868090000002, 123.0351206, 46.966666240000002 ]
            }
         ]
      },
      {
         "radarID" : 13016,
         "tracks" : [
            {
               "detectedID" : 1005,
               "detectedTime" : 1517.3,
               "entityID" : 13016,
               "height" : 2090.0836469999999,
               "lla" : [ 119.79367240000001, -26.579877660000001, -177879.66380000001 ],
               "radarID" : 13016,
               "targetType" : 3,
               "trueID" : 805,
               "velocity" : [ 269.54868090000002, 123.0351206, 46.966666240000002 ]
            }
         ]
      }
   ],
   "terminator" : 0
}
