{
   "data" : [
      {
         "radarID" : 12924,
         "tracks" : [
            {
               "detectedID" : 1006,
               "detectedTime" : 1525.6500000000001,
               "entityID" : 12924,
               "height" : 3361.8734509999999,
               "lla" : [ 120.1335381, -26.81691374, -193496.92310000001 ],
               "radarID" : 12924,
               "targetType" : 3,
               "trueID" : 811,
               "velocity" : [ 270.3381627, 102.91446259999999, 79.535471130000005 ]
            }
         ]
      }
   ],
   "terminator" : 0
}
