{
   "data" : [
      {
         "radarID" : 12995,
         "tracks" : [
            {
               "detectedID" : 1002,
               "detectedTime" : 1526.75,
               "entityID" : 12995,
               "height" : 4951.7915910000002,
               "lla" : [ 120.16430870000001, -26.837396720000001, -160423.9393 ],
               "radarID" : 12995,
               "targetType" : 3,
               "trueID" : 793,
               "velocity" : [ 255.92265850000001, 51.386540799999999, 147.8614767 ]
            }
         ]
      }
   ],
   "terminator" : 0
}
