{
   "data" : [
      {
         "radarID" : 13002,
         "tracks" : [
            {
               "detectedID" : 1002,
               "detectedTime" : 1526.8499999999999,
               "entityID" : 13002,
               "height" : 1193.9231709999999,
               "lla" : [ 120.1627532, -26.83641338, -164118.62169999999 ],
               "radarID" : 13002,
               "targetType" : 3,
               "trueID" : 793,
               "velocity" : [ 255.92327470000001, 51.385480430000001, 147.8607786 ]
            }
         ]
      }
   ],
   "terminator" : 0
}
