{
   "data" : [
      {
         "radarID" : 13142,
         "tracks" : [
            {
               "detectedID" : 1004,
               "detectedTime" : 382.35000000000002,
               "entityID" : 13142,
               "height" : 4941.6736689999998,
               "lla" : [ 122.6246464, -28.490709129999999, 36601.761599999998 ],
               "radarID" : 13142,
               "targetType" : 3,
               "trueID" : 799,
               "velocity" : [ 116.2835707, -89.892223580000007, 261.52919400000002 ]
            }
         ]
      }
   ],
   "terminator" : 0
}
