{
   "data" : [
      {
         "radarID" : 13023,
         "tracks" : [
            {
               "detectedID" : 1002,
               "detectedTime" : 382.5,
               "entityID" : 13023,
               "height" : 5007.4777770000001,
               "lla" : [ 123.03258529999999, -28.756046680000001, 58580.467449999996 ],
               "radarID" : 13023,
               "targetType" : 3,
               "trueID" : 793,
               "velocity" : [ 248.5038409, 63.441919159999998, 155.63085799999999 ]
            }
         ]
      },
      {
         "radarID" : 13072,
         "tracks" : [
            {
               "detectedID" : 1001,
               "detectedTime" : 382.5,
               "entityID" : 13072,
               "height" : 5820.3244940000004,
               "lla" : [ 123.0528291, -28.771147160000002, -19195.851750000002 ],
               "radarID" : 13072,
               "targetType" : 3,
               "trueID" : 817,
               "velocity" : [ 263.65048009999998, 109.4753827, 92.214776079999993 ]
            }
         ]
      }
   ],
   "terminator" : 0
}
