{
   "data" : [
      {
         "radarID" : 13037,
         "tracks" : [
            {
               "detectedID" : 1006,
               "detectedTime" : 1529.0999999999999,
               "entityID" : 13037,
               "height" : 5496.0971339999996,
               "lla" : [ 120.12369959999999, -26.810050799999999, -192032.53719999999 ],
               "radarID" : 13037,
               "targetType" : 3,
               "trueID" : 811,
               "velocity" : [ 270.35920190000002, 102.8780683, 79.511036970000006 ]
            }
         ]
      },
      {
         "radarID" : 13107,
         "tracks" : [
            {
               "detectedID" : 1005,
               "detectedTime" : 1529.0999999999999,
               "entityID" : 13107,
               "height" : 5245.7773559999996,
               "lla" : [ 119.75898119999999, -26.555587249999999, -176481.45939999999 ],
               "radarID" : 13107,
               "targetType" : 3,
               "trueID" : 805,
               "velocity" : [ 269.62025019999999, 122.9096351, 46.884349909999997 ]
            }
         ]
      }
   ],
   "terminator" : 0
}
