{
   "data" : [
      {
         "radarID" : 13023,
         "tracks" : [
            {
               "detectedID" : 1002,
               "detectedTime" : 53.100000000000001,
               "entityID" : 13023,
               "height" : 4566.0181169999996,
               "lla" : [ 122.3436389, -28.305364780000001, 64443.048920000001 ],
               "radarID" : 13023,
               "targetType" : 3,
               "trueID" : 793,
               "velocity" : [ -145.2541334, -196.42138929999999, 174.1260307 ]
            }
         ]
      }
   ],
   "terminator" : 0
}
