{
   "data" : [
      {
         "radarID" : 13030,
         "tracks" : [
            {
               "detectedID" : 1004,
               "detectedTime" : 382.64999999999998,
               "entityID" : 13030,
               "height" : 963.45594889999995,
               "lla" : [ 122.62593819999999, -28.491654969999999, 32625.17626 ],
               "radarID" : 13030,
               "targetType" : 3,
               "trueID" : 799,
               "velocity" : [ 116.2855962, -89.895386099999996, 261.52720640000001 ]
            }
         ]
      },
      {
         "radarID" : 13044,
         "tracks" : [
            {
               "detectedID" : 1003,
               "detectedTime" : 382.64999999999998,
               "entityID" : 13044,
               "height" : 618.61285009999995,
               "lla" : [ 122.3956003, -28.34065944, 21974.656470000002 ],
               "radarID" : 13044,
               "targetType" : 3,
               "trueID" : 781,
               "velocity" : [ 243.0171479, 47.695888050000001, 169.31558720000001 ]
            },
            {
               "detectedID" : 1004,
               "detectedTime" : 382.64999999999998,
               "entityID" : 13044,
               "height" : 976.3979855,
               "lla" : [ 122.6259151, -28.491639540000001, 32636.075209999999 ],
               "radarID" : 13044,
               "targetType" : 3,
               "trueID" : 799,
               "velocity" : [ 116.2855962, -89.895386099999996, 261.52720640000001 ]
            }
         ]
      }
   ],
   "terminator" : 0
}
