{
   "data" : [
      {
         "radarID" : 12981,
         "tracks" : [
            {
               "detectedID" : 1002,
               "detectedTime" : 1537.3,
               "entityID" : 12981,
               "height" : 1960.285261,
               "lla" : [ 120.13630449999999, -26.818107189999999, -165379.10649999999 ],
               "radarID" : 12981,
               "targetType" : 3,
               "trueID" : 793,
               "velocity" : [ 255.9876391, 51.274665259999999, 147.78781190000001 ]
            }
         ]
      },
      {
         "radarID" : 12988,
         "tracks" : [
            {
               "detectedID" : 1002,
               "detectedTime" : 1537.3,
               "entityID" : 12988,
               "height" : 5004.3067579999997,
               "lla" : [ 120.1373553, -26.818759180000001, -162386.33009999999 ],
               "radarID" : 12988,
               "targetType" : 3,
               "trueID" : 793,
               "velocity" : [ 255.9876391, 51.274665259999999, 147.78781190000001 ]
            }
         ]
      },
      {
         "radarID" : 13009,
         "tracks" : [
            {
               "detectedID" : 1005,
               "detectedTime" : 1537.3,
               "entityID" : 13009,
               "height" : 2191.0503739999999,
               "lla" : [ 119.7330152, -26.53752764, -180658.28 ],
               "radarID" : 13009,
               "targetType" : 3,
               "trueID" : 805,
               "velocity" : [ 269.66993609999997, 122.8224111, 46.827138470000001 ]
            }
         ]
      },
      {
         "radarID" : 13016,
         "tracks" : [
            {
               "detectedID" : 1005,
               "detectedTime" : 1537.3,
               "entityID" : 13016,
               "height" : 2238.766642,
               "lla" : [ 119.7328754, -26.537428810000002, -180619.5736 ],
               "radarID" : 13016,
               "targetType" : 3,
               "trueID" : 805,
               "velocity" : [ 269.66993609999997, 122.8224111, 46.827138470000001 ]
            }
         ]
      }
   ],
   "terminator" : 0
}
