{
   "data" : [
      {
         "radarID" : 13030,
         "tracks" : [
            {
               "detectedID" : 1002,
               "detectedTime" : 382.75,
               "entityID" : 13030,
               "height" : 1814.6097990000001,
               "lla" : [ 123.0330897, -28.756454229999999, 55373.637170000002 ],
               "radarID" : 13030,
               "targetType" : 3,
               "trueID" : 793,
               "velocity" : [ 248.5055413, 63.439303529999997, 155.629209 ]
            }
         ]
      },
      {
         "radarID" : 13037,
         "tracks" : [
            {
               "detectedID" : 1002,
               "detectedTime" : 382.75,
               "entityID" : 13037,
               "height" : 1793.5279829999999,
               "lla" : [ 123.03312870000001, -28.756480010000001, 55355.420080000004 ],
               "radarID" : 13037,
               "targetType" : 3,
               "trueID" : 793,
               "velocity" : [ 248.5055413, 63.439303529999997, 155.629209 ]
            }
         ]
      }
   ],
   "terminator" : 0
}
