{
   "data" : [
      {
         "radarID" : 13093,
         "tracks" : [
            {
               "detectedID" : 1006,
               "detectedTime" : 1540.05,
               "entityID" : 13093,
               "height" : 674.07676100000003,
               "lla" : [ 120.09131790000001, -26.787746559999999, -198575.8088 ],
               "radarID" : 13093,
               "targetType" : 3,
               "trueID" : 811,
               "velocity" : [ 270.42593149999999, 102.7625381, 79.433471150000003 ]
            }
         ]
      }
   ],
   "terminator" : 0
}
