{
   "data" : [
      {
         "radarID" : 13093,
         "tracks" : [
            {
               "detectedID" : 1004,
               "detectedTime" : 1545.8,
               "entityID" : 13093,
               "height" : 600.44262609999998,
               "lla" : [ 119.602418, -26.4445896, -125000.5721 ],
               "radarID" : 13093,
               "targetType" : 3,
               "trueID" : 799,
               "velocity" : [ -15.262657450000001, -165.53401349999999, 249.7309386 ]
            }
         ]
      }
   ],
   "terminator" : 0
}
