{
   "data" : [
      {
         "radarID" : 12931,
         "tracks" : [
            {
               "detectedID" : 1002,
               "detectedTime" : 1547.0,
               "entityID" : 12931,
               "height" : 5004.3814929999999,
               "lla" : [ 120.112708, -26.801707709999999, -164233.481 ],
               "radarID" : 12931,
               "targetType" : 3,
               "trueID" : 793,
               "velocity" : [ 256.04732860000001, 51.171792539999998, 147.72004999999999 ]
            }
         ]
      },
      {
         "radarID" : 12995,
         "tracks" : [
            {
               "detectedID" : 1005,
               "detectedTime" : 1547.0,
               "entityID" : 12995,
               "height" : 5298.9694390000004,
               "lla" : [ 119.70446010000001, -26.517495530000001, -179016.0123 ],
               "radarID" : 12995,
               "targetType" : 3,
               "trueID" : 805,
               "velocity" : [ 269.72865919999998, 122.71920799999999, 46.759452459999999 ]
            }
         ]
      }
   ],
   "terminator" : 0
}
