{
   "data" : [
      {
         "radarID" : 13009,
         "tracks" : [
            {
               "detectedID" : 1005,
               "detectedTime" : 1547.3,
               "entityID" : 13009,
               "height" : 2267.0455609999999,
               "lla" : [ 119.7023927, -26.516125079999998, -182035.97899999999 ],
               "radarID" : 13009,
               "targetType" : 3,
               "trueID" : 805,
               "velocity" : [ 269.73047450000001, 122.7160157, 46.757358920000001 ]
            }
         ]
      },
      {
         "radarID" : 13016,
         "tracks" : [
            {
               "detectedID" : 1005,
               "detectedTime" : 1547.3,
               "entityID" : 13016,
               "height" : 2315.1972820000001,
               "lla" : [ 119.7024808, -26.516185480000001, -181985.73569999999 ],
               "radarID" : 13016,
               "targetType" : 3,
               "trueID" : 805,
               "velocity" : [ 269.73047450000001, 122.7160157, 46.757358920000001 ]
            }
         ]
      }
   ],
   "terminator" : 0
}
