{
   "data" : [
      {
         "radarID" : 13114,
         "tracks" : [
            {
               "detectedID" : 1006,
               "detectedTime" : 1550.0999999999999,
               "entityID" : 13114,
               "height" : 815.13576130000001,
               "lla" : [ 120.06162329999999, -26.767161980000001, -200064.6348 ],
               "radarID" : 13114,
               "targetType" : 3,
               "trueID" : 811,
               "velocity" : [ 270.4871134, 102.6564798, 79.362262000000001 ]
            }
         ]
      }
   ],
   "terminator" : 0
}
