{
   "data" : [
      {
         "radarID" : 12910,
         "tracks" : [
            {
               "detectedID" : 1006,
               "detectedTime" : 1556.3,
               "entityID" : 12910,
               "height" : 2628.9557220000002,
               "lla" : [ 120.04226730000001, -26.753689659999999, -199218.484 ],
               "radarID" : 12910,
               "targetType" : 3,
               "trueID" : 811,
               "velocity" : [ 270.52482739999999, 102.5910394, 79.318323100000001 ]
            }
         ]
      },
      {
         "radarID" : 13002,
         "tracks" : [
            {
               "detectedID" : 1004,
               "detectedTime" : 1556.3,
               "entityID" : 13002,
               "height" : 4137.1270459999996,
               "lla" : [ 119.61329449999999, -26.45216688, -122795.9923 ],
               "radarID" : 13002,
               "targetType" : 3,
               "trueID" : 799,
               "velocity" : [ -15.19821318, -165.64740449999999, 249.65967169999999 ]
            }
         ]
      }
   ],
   "terminator" : 0
}
