{
   "data" : [
      {
         "radarID" : 12931,
         "tracks" : [
            {
               "detectedID" : 1006,
               "detectedTime" : 1557.4000000000001,
               "entityID" : 12931,
               "height" : 5493.172654,
               "lla" : [ 120.0398495, -26.751942280000002, -196636.7084 ],
               "radarID" : 12931,
               "targetType" : 3,
               "trueID" : 811,
               "velocity" : [ 270.5315162, 102.5794281, 79.310526780000004 ]
            }
         ]
      },
      {
         "radarID" : 12938,
         "tracks" : [
            {
               "detectedID" : 1006,
               "detectedTime" : 1557.4000000000001,
               "entityID" : 12938,
               "height" : 5489.2005769999996,
               "lla" : [ 120.0401749, -26.75216824, -196627.8861 ],
               "radarID" : 12938,
               "targetType" : 3,
               "trueID" : 811,
               "velocity" : [ 270.5315162, 102.5794281, 79.310526780000004 ]
            }
         ]
      },
      {
         "radarID" : 12974,
         "tracks" : [
            {
               "detectedID" : 1006,
               "detectedTime" : 1557.4000000000001,
               "entityID" : 12974,
               "height" : 5498.3891160000003,
               "lla" : [ 120.0396501, -26.75180383, -196640.80530000001 ],
               "radarID" : 12974,
               "targetType" : 3,
               "trueID" : 811,
               "velocity" : [ 270.5315162, 102.5794281, 79.310526780000004 ]
            }
         ]
      }
   ],
   "terminator" : 0
}
