{
   "data" : [
      {
         "radarID" : 13072,
         "tracks" : [
            {
               "detectedID" : 1002,
               "detectedTime" : 1558.3,
               "entityID" : 13072,
               "height" : 5002.3625579999998,
               "lla" : [ 120.083842, -26.78172541, -166386.40169999999 ],
               "radarID" : 13072,
               "targetType" : 3,
               "trueID" : 793,
               "velocity" : [ 256.11679659999999, 51.051938040000003, 147.64107200000001 ]
            }
         ]
      }
   ],
   "terminator" : 0
}
