{
   "data" : [
      {
         "radarID" : 13079,
         "tracks" : [
            {
               "detectedID" : 1005,
               "detectedTime" : 1558.5,
               "entityID" : 13079,
               "height" : 5235.4448990000001,
               "lla" : [ 119.66946830000001, -26.493026109999999, -180734.1588 ],
               "radarID" : 13079,
               "targetType" : 3,
               "trueID" : 805,
               "velocity" : [ 269.79820690000003, 122.5968208, 46.67919345 ]
            }
         ]
      },
      {
         "radarID" : 13086,
         "tracks" : [
            {
               "detectedID" : 1005,
               "detectedTime" : 1558.5,
               "entityID" : 13086,
               "height" : 5239.0193259999996,
               "lla" : [ 119.6693878, -26.492969819999999, -180738.78039999999 ],
               "radarID" : 13086,
               "targetType" : 3,
               "trueID" : 805,
               "velocity" : [ 269.79820690000003, 122.5968208, 46.67919345 ]
            }
         ]
      }
   ],
   "terminator" : 0
}
