{
   "data" : [
      {
         "radarID" : 13030,
         "tracks" : [
            {
               "detectedID" : 1001,
               "detectedTime" : 391.35000000000002,
               "entityID" : 13030,
               "height" : 2903.4753390000001,
               "lla" : [ 123.0284628, -28.7554582, -23614.735270000001 ],
               "radarID" : 13030,
               "targetType" : 3,
               "trueID" : 817,
               "velocity" : [ 263.70968779999998, 109.38400439999999, 92.153893830000001 ]
            }
         ]
      },
      {
         "radarID" : 13037,
         "tracks" : [
            {
               "detectedID" : 1001,
               "detectedTime" : 391.35000000000002,
               "entityID" : 13037,
               "height" : 2852.8388249999998,
               "lla" : [ 123.0281358, -28.755247659999998, -23676.78615 ],
               "radarID" : 13037,
               "targetType" : 3,
               "trueID" : 817,
               "velocity" : [ 263.70968779999998, 109.38400439999999, 92.153893830000001 ]
            }
         ]
      },
      {
         "radarID" : 13044,
         "tracks" : [
            {
               "detectedID" : 1001,
               "detectedTime" : 391.35000000000002,
               "entityID" : 13044,
               "height" : 2944.1237620000002,
               "lla" : [ 123.0282314, -28.755307169999998, -23579.27679 ],
               "radarID" : 13044,
               "targetType" : 3,
               "trueID" : 817,
               "velocity" : [ 263.70968779999998, 109.38400439999999, 92.153893830000001 ]
            }
         ]
      }
   ],
   "terminator" : 0
}
