{
   "data" : [
      {
         "radarID" : 13107,
         "tracks" : [
            {
               "detectedID" : 1001,
               "detectedTime" : 1559.45,
               "entityID" : 13107,
               "height" : 5290.8283810000003,
               "lla" : [ 119.62278430000001, -26.461254530000001, -218145.2807 ],
               "radarID" : 13107,
               "targetType" : 3,
               "trueID" : 817,
               "velocity" : [ 271.12026959999997, 97.16421862, 83.981629139999995 ]
            }
         ]
      }
   ],
   "terminator" : 0
}
