{
   "data" : [
      {
         "radarID" : 13023,
         "tracks" : [
            {
               "detectedID" : 1002,
               "detectedTime" : 1559.5,
               "entityID" : 13023,
               "height" : 5005.0749949999999,
               "lla" : [ 120.0808138, -26.77962776, -166586.4711 ],
               "radarID" : 13023,
               "targetType" : 3,
               "trueID" : 793,
               "velocity" : [ 256.12416940000003, 51.039209300000003, 147.63268249999999 ]
            }
         ]
      },
      {
         "radarID" : 13114,
         "tracks" : [
            {
               "detectedID" : 1001,
               "detectedTime" : 1559.5,
               "entityID" : 13114,
               "height" : 1079.112157,
               "lla" : [ 119.62218059999999, -26.460938930000001, -222310.83059999999 ],
               "radarID" : 13114,
               "targetType" : 3,
               "trueID" : 817,
               "velocity" : [ 271.12056949999999, 97.163689070000004, 83.981273700000003 ]
            }
         ]
      }
   ],
   "terminator" : 0
}
