{
   "data" : [
      {
         "radarID" : 13121,
         "tracks" : [
            {
               "detectedID" : 1004,
               "detectedTime" : 1559.6500000000001,
               "entityID" : 13121,
               "height" : 5004.8455059999997,
               "lla" : [ 119.61673999999999, -26.45457279, -122335.7861 ],
               "radarID" : 13121,
               "targetType" : 3,
               "trueID" : 799,
               "velocity" : [ -15.177651689999999, -165.683573, 249.63692140000001 ]
            }
         ]
      },
      {
         "radarID" : 13128,
         "tracks" : [
            {
               "detectedID" : 1004,
               "detectedTime" : 1559.6500000000001,
               "entityID" : 13128,
               "height" : 2888.8649719999999,
               "lla" : [ 119.61660569999999, -26.454531790000001, -124455.6908 ],
               "radarID" : 13128,
               "targetType" : 3,
               "trueID" : 799,
               "velocity" : [ -15.177651689999999, -165.683573, 249.63692140000001 ]
            }
         ]
      }
   ],
   "terminator" : 0
}
