{
   "data" : [
      {
         "radarID" : 13107,
         "tracks" : [
            {
               "detectedID" : 1002,
               "detectedTime" : 1560.2,
               "entityID" : 13107,
               "height" : 5005.4654950000004,
               "lla" : [ 120.0789635, -26.77834696, -166746.93220000001 ],
               "radarID" : 13107,
               "targetType" : 3,
               "trueID" : 793,
               "velocity" : [ 256.12846990000003, 51.031784129999998, 147.62778839999999 ]
            }
         ]
      }
   ],
   "terminator" : 0
}
