{
   "data" : [
      {
         "radarID" : 12903,
         "tracks" : [
            {
               "detectedID" : 1001,
               "detectedTime" : 1566.6500000000001,
               "entityID" : 12903,
               "height" : 5258.3565909999998,
               "lla" : [ 119.6015845, -26.446409710000001, -219363.63649999999 ],
               "radarID" : 12903,
               "targetType" : 3,
               "trueID" : 817,
               "velocity" : [ 271.16343699999999, 97.087957079999995, 83.930441700000003 ]
            }
         ]
      },
      {
         "radarID" : 12917,
         "tracks" : [
            {
               "detectedID" : 1001,
               "detectedTime" : 1566.6500000000001,
               "entityID" : 12917,
               "height" : 3141.2896059999998,
               "lla" : [ 119.6009237, -26.44599874, -221405.32930000001 ],
               "radarID" : 12917,
               "targetType" : 3,
               "trueID" : 817,
               "velocity" : [ 271.16343699999999, 97.087957079999995, 83.930441700000003 ]
            }
         ]
      }
   ],
   "terminator" : 0
}
