{
   "data" : [
      {
         "radarID" : 13009,
         "tracks" : [
            {
               "detectedID" : 1002,
               "detectedTime" : 1567.3,
               "entityID" : 13009,
               "height" : 1433.9059729999999,
               "lla" : [ 120.0595678, -26.764999410000001, -171609.96539999999 ],
               "radarID" : 13009,
               "targetType" : 3,
               "trueID" : 793,
               "velocity" : [ 256.17207330000002, 50.956468639999997, 147.5781393 ]
            },
            {
               "detectedID" : 1005,
               "detectedTime" : 1567.3,
               "entityID" : 13009,
               "height" : 2422.7661640000001,
               "lla" : [ 119.6413508, -26.473418209999998, -184775.16130000001 ],
               "radarID" : 13009,
               "targetType" : 3,
               "trueID" : 805,
               "velocity" : [ 269.85137279999998, 122.5031438, 46.617768570000003 ]
            }
         ]
      },
      {
         "radarID" : 13016,
         "tracks" : [
            {
               "detectedID" : 1002,
               "detectedTime" : 1567.3,
               "entityID" : 13016,
               "height" : 1472.273676,
               "lla" : [ 120.0596369, -26.765046349999999, -171570.399 ],
               "radarID" : 13016,
               "targetType" : 3,
               "trueID" : 793,
               "velocity" : [ 256.17207330000002, 50.956468639999997, 147.5781393 ]
            }
         ]
      }
   ],
   "terminator" : 0
}
