{
   "data" : [
      {
         "radarID" : 12938,
         "tracks" : [
            {
               "detectedID" : 1001,
               "detectedTime" : 1567.45,
               "entityID" : 12938,
               "height" : 5263.0220170000002,
               "lla" : [ 119.5988672, -26.444506029999999, -219505.9785 ],
               "radarID" : 12938,
               "targetType" : 3,
               "trueID" : 817,
               "velocity" : [ 271.16823140000002, 97.079482889999994, 83.924753600000003 ]
            }
         ]
      }
   ],
   "terminator" : 0
}
