{
   "data" : [
      {
         "radarID" : 12931,
         "tracks" : [
            {
               "detectedID" : 1001,
               "detectedTime" : 1567.5,
               "entityID" : 12931,
               "height" : 5254.1724519999998,
               "lla" : [ 119.599345, -26.444841140000001, -219495.00210000001 ],
               "radarID" : 12931,
               "targetType" : 3,
               "trueID" : 817,
               "velocity" : [ 271.1685311, 97.078953249999998, 83.924398089999997 ]
            }
         ]
      },
      {
         "radarID" : 13065,
         "tracks" : [
            {
               "detectedID" : 1004,
               "detectedTime" : 1567.5,
               "entityID" : 13065,
               "height" : 5002.3306389999998,
               "lla" : [ 119.6243431, -26.459929540000001, -123245.024 ],
               "radarID" : 13065,
               "targetType" : 3,
               "trueID" : 799,
               "velocity" : [ -15.12946895, -165.7683097, 249.5835865 ]
            }
         ]
      }
   ],
   "terminator" : 0
}
