{
   "data" : [
      {
         "radarID" : 13058,
         "tracks" : [
            {
               "detectedID" : 1005,
               "detectedTime" : 391.89999999999998,
               "entityID" : 13058,
               "height" : 5661.5559800000001,
               "lla" : [ 123.2023908, -28.867618119999999, -6541.5027419999997 ],
               "radarID" : 13058,
               "targetType" : 3,
               "trueID" : 805,
               "velocity" : [ 262.34564710000001, 134.82410179999999, 54.746899589999998 ]
            },
            {
               "detectedID" : 1006,
               "detectedTime" : 391.89999999999998,
               "entityID" : 13058,
               "height" : 6028.5153170000003,
               "lla" : [ 123.4577896, -29.03198725, -1629.833447 ],
               "radarID" : 13058,
               "targetType" : 3,
               "trueID" : 811,
               "velocity" : [ 263.04275180000002, 114.7233124, 87.447540430000004 ]
            }
         ]
      },
      {
         "radarID" : 13065,
         "tracks" : [
            {
               "detectedID" : 1001,
               "detectedTime" : 391.89999999999998,
               "entityID" : 13065,
               "height" : 5817.5415830000002,
               "lla" : [ 123.02578200000001, -28.753647000000001, -20811.055349999999 ],
               "radarID" : 13065,
               "targetType" : 3,
               "trueID" : 817,
               "velocity" : [ 263.71336580000002, 109.3783249, 92.150109650000005 ]
            }
         ]
      },
      {
         "radarID" : 13086,
         "tracks" : [
            {
               "detectedID" : 1001,
               "detectedTime" : 391.89999999999998,
               "entityID" : 13086,
               "height" : 5820.5323340000004,
               "lla" : [ 123.0259216, -28.753737430000001, -20804.303629999999 ],
               "radarID" : 13086,
               "targetType" : 3,
               "trueID" : 817,
               "velocity" : [ 263.71336580000002, 109.3783249, 92.150109650000005 ]
            }
         ]
      }
   ],
   "terminator" : 0
}
