{
   "data" : [
      {
         "radarID" : 13030,
         "tracks" : [
            {
               "detectedID" : 1002,
               "detectedTime" : 1568.9000000000001,
               "entityID" : 13030,
               "height" : 4131.7246439999999,
               "lla" : [ 120.05653820000001, -26.762834699999999, -169283.0276 ],
               "radarID" : 13030,
               "targetType" : 3,
               "trueID" : 793,
               "velocity" : [ 256.18189539999997, 50.939495370000003, 147.5669484 ]
            }
         ]
      },
      {
         "radarID" : 13037,
         "tracks" : [
            {
               "detectedID" : 1002,
               "detectedTime" : 1568.9000000000001,
               "entityID" : 13037,
               "height" : 4120.7732310000001,
               "lla" : [ 120.05654730000001, -26.762841340000001, -169296.58859999999 ],
               "radarID" : 13037,
               "targetType" : 3,
               "trueID" : 793,
               "velocity" : [ 256.18189539999997, 50.939495370000003, 147.5669484 ]
            }
         ]
      },
      {
         "radarID" : 13065,
         "tracks" : [
            {
               "detectedID" : 1006,
               "detectedTime" : 1568.9000000000001,
               "entityID" : 13065,
               "height" : 5494.9945159999997,
               "lla" : [ 120.0056522, -26.7282124, -198528.89360000001 ],
               "radarID" : 13065,
               "targetType" : 3,
               "trueID" : 811,
               "velocity" : [ 270.60140130000002, 102.458021, 79.229007069999994 ]
            }
         ]
      }
   ],
   "terminator" : 0
}
