{
   "data" : [
      {
         "radarID" : 13079,
         "tracks" : [
            {
               "detectedID" : 1001,
               "detectedTime" : 391.94999999999999,
               "entityID" : 13079,
               "height" : 5819.9247059999998,
               "lla" : [ 123.0257435, -28.753622119999999, -20814.542160000001 ],
               "radarID" : 13079,
               "targetType" : 3,
               "trueID" : 817,
               "velocity" : [ 263.71370020000001, 109.37780859999999, 92.149765639999998 ]
            }
         ]
      }
   ],
   "terminator" : 0
}
