{
   "data" : [
      {
         "radarID" : 13065,
         "tracks" : [
            {
               "detectedID" : 1006,
               "detectedTime" : 392.05000000000001,
               "entityID" : 13065,
               "height" : 6028.3269369999998,
               "lla" : [ 123.4574147, -29.031747129999999, -1652.960961 ],
               "radarID" : 13065,
               "targetType" : 3,
               "trueID" : 811,
               "velocity" : [ 263.04376680000001, 114.72177069999999, 87.446509629999994 ]
            }
         ]
      },
      {
         "radarID" : 13079,
         "tracks" : [
            {
               "detectedID" : 1006,
               "detectedTime" : 392.05000000000001,
               "entityID" : 13079,
               "height" : 6025.5313729999998,
               "lla" : [ 123.45725, -29.0316416, -1662.179214 ],
               "radarID" : 13079,
               "targetType" : 3,
               "trueID" : 811,
               "velocity" : [ 263.04376680000001, 114.72177069999999, 87.446509629999994 ]
            }
         ]
      },
      {
         "radarID" : 13086,
         "tracks" : [
            {
               "detectedID" : 1005,
               "detectedTime" : 392.05000000000001,
               "entityID" : 13086,
               "height" : 5661.585497,
               "lla" : [ 123.2019433, -28.867329590000001, -6564.5764879999997 ],
               "radarID" : 13086,
               "targetType" : 3,
               "trueID" : 805,
               "velocity" : [ 262.34665649999999, 134.82255480000001, 54.745872380000002 ]
            }
         ]
      }
   ],
   "terminator" : 0
}
