{
   "data" : [
      {
         "radarID" : 13086,
         "tracks" : [
            {
               "detectedID" : 1004,
               "detectedTime" : 1577.5999999999999,
               "entityID" : 13086,
               "height" : 5002.7322430000004,
               "lla" : [ 119.6341484, -26.466836449999999, -124413.20909999999 ],
               "radarID" : 13086,
               "targetType" : 3,
               "trueID" : 799,
               "velocity" : [ -15.06747316, -165.8773003, 249.51491440000001 ]
            }
         ]
      }
   ],
   "terminator" : 0
}
