{
   "data" : [
      {
         "radarID" : 12988,
         "tracks" : [
            {
               "detectedID" : 1006,
               "detectedTime" : 1577.8499999999999,
               "entityID" : 12988,
               "height" : 5483.8820299999998,
               "lla" : [ 119.9792468, -26.709876650000002, -199977.72829999999 ],
               "radarID" : 12988,
               "targetType" : 3,
               "trueID" : 811,
               "velocity" : [ 270.65573540000003, 102.363514, 79.165547369999999 ]
            }
         ]
      }
   ],
   "terminator" : 0
}
