{
   "data" : [
      {
         "radarID" : 13009,
         "tracks" : [
            {
               "detectedID" : 1006,
               "detectedTime" : 1577.9000000000001,
               "entityID" : 13009,
               "height" : 1687.677559,
               "lla" : [ 119.97781999999999, -26.708980440000001, -203717.51680000001 ],
               "radarID" : 13009,
               "targetType" : 3,
               "trueID" : 811,
               "velocity" : [ 270.65603879999998, 102.3629859, 79.165192809999994 ]
            },
            {
               "detectedID" : 1001,
               "detectedTime" : 1577.9000000000001,
               "entityID" : 13009,
               "height" : 2756.4532180000001,
               "lla" : [ 119.5674259, -26.422536709999999, -223676.96950000001 ],
               "radarID" : 13009,
               "targetType" : 3,
               "trueID" : 817,
               "velocity" : [ 271.23082390000002, 96.968776230000003, 83.850441939999996 ]
            }
         ]
      },
      {
         "radarID" : 13016,
         "tracks" : [
            {
               "detectedID" : 1006,
               "detectedTime" : 1577.9000000000001,
               "entityID" : 13016,
               "height" : 1738.244066,
               "lla" : [ 119.9777213, -26.708910639999999, -203676.33410000001 ],
               "radarID" : 13016,
               "targetType" : 3,
               "trueID" : 811,
               "velocity" : [ 270.65603879999998, 102.3629859, 79.165192809999994 ]
            },
            {
               "detectedID" : 1001,
               "detectedTime" : 1577.9000000000001,
               "entityID" : 13016,
               "height" : 2820.522618,
               "lla" : [ 119.5674708, -26.422566629999999, -223612.69219999999 ],
               "radarID" : 13016,
               "targetType" : 3,
               "trueID" : 817,
               "velocity" : [ 271.23082390000002, 96.968776230000003, 83.850441939999996 ]
            }
         ]
      }
   ],
   "terminator" : 0
}
