{
   "data" : [
      {
         "radarID" : 13023,
         "tracks" : [
            {
               "detectedID" : 1004,
               "detectedTime" : 1578.5999999999999,
               "entityID" : 13023,
               "height" : 5002.206424,
               "lla" : [ 119.63517899999999, -26.467562099999999, -124526.57180000001 ],
               "radarID" : 13023,
               "targetType" : 3,
               "trueID" : 799,
               "velocity" : [ -15.061334799999999, -165.88808940000001, 249.50811210000001 ]
            }
         ]
      },
      {
         "radarID" : 13065,
         "tracks" : [
            {
               "detectedID" : 1002,
               "detectedTime" : 1578.5999999999999,
               "entityID" : 13065,
               "height" : 5006.1725889999998,
               "lla" : [ 120.0319387, -26.74576321, -170259.98259999999 ],
               "radarID" : 13065,
               "targetType" : 3,
               "trueID" : 793,
               "velocity" : [ 256.24141120000002, 50.836588910000003, 147.49908619999999 ]
            }
         ]
      }
   ],
   "terminator" : 0
}
