{
   "data" : [
      {
         "radarID" : 13093,
         "tracks" : [
            {
               "detectedID" : 1001,
               "detectedTime" : 1579.3,
               "entityID" : 13093,
               "height" : 1059.075425,
               "lla" : [ 119.563659, -26.419940189999998, -225590.04250000001 ],
               "radarID" : 13093,
               "targetType" : 3,
               "trueID" : 817,
               "velocity" : [ 271.23920450000003, 96.953942949999998, 83.840484759999995 ]
            }
         ]
      }
   ],
   "terminator" : 0
}
