{
   "data" : [
      {
         "radarID" : 13128,
         "tracks" : [
            {
               "detectedID" : 1004,
               "detectedTime" : 1579.7,
               "entityID" : 13128,
               "height" : 3048.9724930000002,
               "lla" : [ 119.6361947, -26.468326869999999, -126615.6155 ],
               "radarID" : 13128,
               "targetType" : 3,
               "trueID" : 799,
               "velocity" : [ -15.05458256, -165.89995690000001, 249.50062890000001 ]
            }
         ]
      }
   ],
   "terminator" : 0
}
