{
   "data" : [
      {
         "radarID" : 13093,
         "tracks" : [
            {
               "detectedID" : 1002,
               "detectedTime" : 1579.9000000000001,
               "entityID" : 13093,
               "height" : 164.7732383,
               "lla" : [ 120.0285251, -26.743521220000002, -175367.5595 ],
               "radarID" : 13093,
               "targetType" : 3,
               "trueID" : 793,
               "velocity" : [ 256.24938350000002, 50.822796539999999, 147.48998889999999 ]
            }
         ]
      },
      {
         "radarID" : 13107,
         "tracks" : [
            {
               "detectedID" : 1006,
               "detectedTime" : 1579.9000000000001,
               "entityID" : 13107,
               "height" : 5455.6940510000004,
               "lla" : [ 119.9731901, -26.705670090000002, -200336.8407 ],
               "radarID" : 13107,
               "targetType" : 3,
               "trueID" : 811,
               "velocity" : [ 270.6681739, 102.34186459999999, 79.151009930000001 ]
            }
         ]
      }
   ],
   "terminator" : 0
}
