{
   "data" : [
      {
         "radarID" : 12924,
         "tracks" : [
            {
               "detectedID" : 1006,
               "detectedTime" : 1585.75,
               "entityID" : 12924,
               "height" : 3440.4653899999998,
               "lla" : [ 119.95544700000001, -26.69339102, -203217.5459 ],
               "radarID" : 12924,
               "targetType" : 3,
               "trueID" : 811,
               "velocity" : [ 270.7036554, 102.28007940000001, 79.109520970000005 ]
            }
         ]
      }
   ],
   "terminator" : 0
}
