{
   "data" : [
      {
         "radarID" : 12903,
         "tracks" : [
            {
               "detectedID" : 1002,
               "detectedTime" : 1586.0999999999999,
               "entityID" : 12903,
               "height" : 5007.7694160000001,
               "lla" : [ 120.0128337, -26.732515370000002, -171685.64970000001 ],
               "radarID" : 12903,
               "targetType" : 3,
               "trueID" : 793,
               "velocity" : [ 256.28739200000001, 50.757014980000001, 147.44659419999999 ]
            }
         ]
      },
      {
         "radarID" : 12910,
         "tracks" : [
            {
               "detectedID" : 1002,
               "detectedTime" : 1586.0999999999999,
               "entityID" : 12910,
               "height" : 3784.6440600000001,
               "lla" : [ 120.0126198, -26.73239693, -172866.7481 ],
               "radarID" : 12910,
               "targetType" : 3,
               "trueID" : 793,
               "velocity" : [ 256.28739200000001, 50.757014980000001, 147.44659419999999 ]
            }
         ]
      },
      {
         "radarID" : 12917,
         "tracks" : [
            {
               "detectedID" : 1002,
               "detectedTime" : 1586.0999999999999,
               "entityID" : 12917,
               "height" : 3403.9606600000002,
               "lla" : [ 120.0125331, -26.732345949999999, -173231.14350000001 ],
               "radarID" : 12917,
               "targetType" : 3,
               "trueID" : 793,
               "velocity" : [ 256.28739200000001, 50.757014980000001, 147.44659419999999 ]
            }
         ]
      }
   ],
   "terminator" : 0
}
