{
   "data" : [
      {
         "radarID" : 12903,
         "tracks" : [
            {
               "detectedID" : 1006,
               "detectedTime" : 1586.4000000000001,
               "entityID" : 12903,
               "height" : 5480.5577540000004,
               "lla" : [ 119.9539429, -26.69229575, -201372.7561 ],
               "radarID" : 12903,
               "targetType" : 3,
               "trueID" : 811,
               "velocity" : [ 270.70759650000002, 102.2732139, 79.104910709999999 ]
            }
         ]
      },
      {
         "radarID" : 12910,
         "tracks" : [
            {
               "detectedID" : 1006,
               "detectedTime" : 1586.4000000000001,
               "entityID" : 12910,
               "height" : 2763.5422370000001,
               "lla" : [ 119.9530105, -26.691714300000001, -203991.77470000001 ],
               "radarID" : 12910,
               "targetType" : 3,
               "trueID" : 811,
               "velocity" : [ 270.70759650000002, 102.2732139, 79.104910709999999 ]
            }
         ]
      },
      {
         "radarID" : 12917,
         "tracks" : [
            {
               "detectedID" : 1006,
               "detectedTime" : 1586.4000000000001,
               "entityID" : 12917,
               "height" : 2456.5313449999999,
               "lla" : [ 119.9530858, -26.691774420000002, -204288.19469999999 ],
               "radarID" : 12917,
               "targetType" : 3,
               "trueID" : 811,
               "velocity" : [ 270.70759650000002, 102.2732139, 79.104910709999999 ]
            }
         ]
      }
   ],
   "terminator" : 0
}
