{
   "data" : [
      {
         "radarID" : 13058,
         "tracks" : [
            {
               "detectedID" : 1002,
               "detectedTime" : 1588.7,
               "entityID" : 13058,
               "height" : 5006.2370840000003,
               "lla" : [ 120.0061865, -26.727904689999999, -172180.5907 ],
               "radarID" : 13058,
               "targetType" : 3,
               "trueID" : 793,
               "velocity" : [ 256.30332449999997, 50.729427919999999, 147.42839269999999 ]
            }
         ]
      },
      {
         "radarID" : 13065,
         "tracks" : [
            {
               "detectedID" : 1001,
               "detectedTime" : 1588.7,
               "entityID" : 13065,
               "height" : 5254.2933290000001,
               "lla" : [ 119.53652219999999, -26.40080463, -223009.3413 ],
               "radarID" : 13065,
               "targetType" : 3,
               "trueID" : 817,
               "velocity" : [ 271.2954441, 96.854337200000003, 83.773619949999997 ]
            }
         ]
      },
      {
         "radarID" : 13072,
         "tracks" : [
            {
               "detectedID" : 1006,
               "detectedTime" : 1588.7,
               "entityID" : 13072,
               "height" : 5478.7411240000001,
               "lla" : [ 119.9471303, -26.687560690000002, -201746.77170000001 ],
               "radarID" : 13072,
               "targetType" : 3,
               "trueID" : 811,
               "velocity" : [ 270.72154, 102.2489199, 79.088596910000007 ]
            }
         ]
      },
      {
         "radarID" : 13086,
         "tracks" : [
            {
               "detectedID" : 1002,
               "detectedTime" : 1588.7,
               "entityID" : 13086,
               "height" : 5004.2549310000004,
               "lla" : [ 120.00621270000001, -26.727922889999999, -172178.57990000001 ],
               "radarID" : 13086,
               "targetType" : 3,
               "trueID" : 793,
               "velocity" : [ 256.30332449999997, 50.729427919999999, 147.42839269999999 ]
            }
         ]
      }
   ],
   "terminator" : 0
}
