{
   "data" : [
      {
         "radarID" : 13121,
         "tracks" : [
            {
               "detectedID" : 1004,
               "detectedTime" : 1589.6500000000001,
               "entityID" : 13121,
               "height" : 5004.1484769999997,
               "lla" : [ 119.64591710000001, -26.475124189999999, -125804.18730000001 ],
               "radarID" : 13121,
               "targetType" : 3,
               "trueID" : 799,
               "velocity" : [ -14.99350389, -166.00728380000001, 249.4329099 ]
            }
         ]
      }
   ],
   "terminator" : 0
}
