{
   "data" : [
      {
         "radarID" : 13093,
         "tracks" : [
            {
               "detectedID" : 1002,
               "detectedTime" : 1589.8,
               "entityID" : 13093,
               "height" : 178.30586299999999,
               "lla" : [ 120.0030953, -26.725884350000001, -177238.9265 ],
               "radarID" : 13093,
               "targetType" : 3,
               "trueID" : 793,
               "velocity" : [ 256.31006409999998, 50.71775624, 147.42069140000001 ]
            },
            {
               "detectedID" : 1006,
               "detectedTime" : 1589.8,
               "entityID" : 13093,
               "height" : 749.24598109999999,
               "lla" : [ 119.9436515, -26.685263500000001, -206607.93359999999 ],
               "radarID" : 13093,
               "targetType" : 3,
               "trueID" : 811,
               "velocity" : [ 270.7282075, 102.2373006, 79.080794319999995 ]
            }
         ]
      }
   ],
   "terminator" : 0
}
