{
   "data" : [
      {
         "radarID" : 13107,
         "tracks" : [
            {
               "detectedID" : 1006,
               "detectedTime" : 1589.8499999999999,
               "entityID" : 13107,
               "height" : 5538.4694710000003,
               "lla" : [ 119.94371219999999, -26.685183219999999, -201876.8089 ],
               "radarID" : 13107,
               "targetType" : 3,
               "trueID" : 811,
               "velocity" : [ 270.72851059999999, 102.23677240000001, 79.080439659999996 ]
            }
         ]
      }
   ],
   "terminator" : 0
}
