{
   "data" : [
      {
         "radarID" : 12988,
         "tracks" : [
            {
               "detectedID" : 1002,
               "detectedTime" : 1597.45,
               "entityID" : 12988,
               "height" : 5004.2989109999999,
               "lla" : [ 119.9837953, -26.71236854, -173848.49590000001 ],
               "radarID" : 12988,
               "targetType" : 3,
               "trueID" : 793,
               "velocity" : [ 256.35691550000001, 50.636581390000003, 147.3671214 ]
            }
         ]
      }
   ],
   "terminator" : 0
}
