{
   "data" : [
      {
         "radarID" : 13114,
         "tracks" : [
            {
               "detectedID" : 1002,
               "detectedTime" : 1600.0,
               "entityID" : 13114,
               "height" : 256.54881949999998,
               "lla" : [ 119.97734320000001, -26.708012199999999, -179071.48250000001 ],
               "radarID" : 13114,
               "targetType" : 3,
               "trueID" : 793,
               "velocity" : [ 256.37252530000001, 50.609521690000001, 147.34926050000001 ]
            }
         ]
      }
   ],
   "terminator" : 0
}
