{
   "data" : [
      {
         "radarID" : 12910,
         "tracks" : [
            {
               "detectedID" : 1002,
               "detectedTime" : 1606.0999999999999,
               "entityID" : 12910,
               "height" : 3803.233839,
               "lla" : [ 119.96145079999999, -26.696886429999999, -176657.68350000001 ],
               "radarID" : 12910,
               "targetType" : 3,
               "trueID" : 793,
               "velocity" : [ 256.40985139999998, 50.544787739999997, 147.3065258 ]
            }
         ]
      },
      {
         "radarID" : 12924,
         "tracks" : [
            {
               "detectedID" : 1001,
               "detectedTime" : 1606.0999999999999,
               "entityID" : 12924,
               "height" : 3956.0196150000002,
               "lla" : [ 119.4849533, -26.36464209, -227101.34640000001 ],
               "radarID" : 12924,
               "targetType" : 3,
               "trueID" : 817,
               "velocity" : [ 271.3994075, 96.669910880000003, 83.649805459999996 ]
            }
         ]
      }
   ],
   "terminator" : 0
}
