{
   "data" : [
      {
         "radarID" : 12931,
         "tracks" : [
            {
               "detectedID" : 1006,
               "detectedTime" : 393.75,
               "entityID" : 12931,
               "height" : 6028.3863389999997,
               "lla" : [ 123.4524299, -29.028553509999998, -1939.7743640000001 ],
               "radarID" : 12931,
               "targetType" : 3,
               "trueID" : 811,
               "velocity" : [ 263.05527009999997, 114.70429780000001, 87.434826939999994 ]
            }
         ]
      },
      {
         "radarID" : 12938,
         "tracks" : [
            {
               "detectedID" : 1006,
               "detectedTime" : 393.75,
               "entityID" : 12938,
               "height" : 6026.0637889999998,
               "lla" : [ 123.4523073, -29.02847521, -1955.62399 ],
               "radarID" : 12938,
               "targetType" : 3,
               "trueID" : 811,
               "velocity" : [ 263.05527009999997, 114.70429780000001, 87.434826939999994 ]
            }
         ]
      }
   ],
   "terminator" : 0
}
