{
   "data" : [
      {
         "radarID" : 13002,
         "tracks" : [
            {
               "detectedID" : 1004,
               "detectedTime" : 1606.3499999999999,
               "entityID" : 13002,
               "height" : 3677.181392,
               "lla" : [ 119.6616686, -26.486248029999999, -129044.1588 ],
               "radarID" : 13002,
               "targetType" : 3,
               "trueID" : 799,
               "velocity" : [ -14.89098334, -166.18733750000001, 249.31912779999999 ]
            }
         ]
      }
   ],
   "terminator" : 0
}
