{
   "data" : [
      {
         "radarID" : 13058,
         "tracks" : [
            {
               "detectedID" : 1004,
               "detectedTime" : 1607.75,
               "entityID" : 13058,
               "height" : 5001.2007949999997,
               "lla" : [ 119.6635909, -26.487566619999999, -127903.4645 ],
               "radarID" : 13058,
               "targetType" : 3,
               "trueID" : 799,
               "velocity" : [ -14.88238842, -166.20242709999999, 249.30958219999999 ]
            }
         ]
      }
   ],
   "terminator" : 0
}
