{
   "data" : [
      {
         "radarID" : 12931,
         "tracks" : [
            {
               "detectedID" : 1001,
               "detectedTime" : 394.05000000000001,
               "entityID" : 12931,
               "height" : 5818.9747379999999,
               "lla" : [ 123.0196684, -28.749689799999999, -21176.12847 ],
               "radarID" : 12931,
               "targetType" : 3,
               "trueID" : 817,
               "velocity" : [ 263.7277421, 109.35612260000001, 92.13531639 ]
            }
         ]
      },
      {
         "radarID" : 12938,
         "tracks" : [
            {
               "detectedID" : 1001,
               "detectedTime" : 394.05000000000001,
               "entityID" : 12938,
               "height" : 5818.8362999999999,
               "lla" : [ 123.01966, -28.749684370000001, -21177.65538 ],
               "radarID" : 12938,
               "targetType" : 3,
               "trueID" : 817,
               "velocity" : [ 263.7277421, 109.35612260000001, 92.13531639 ]
            }
         ]
      }
   ],
   "terminator" : 0
}
