{
   "data" : [
      {
         "radarID" : 13009,
         "tracks" : [
            {
               "detectedID" : 1004,
               "detectedTime" : 394.14999999999998,
               "entityID" : 13009,
               "height" : 4370.9771760000003,
               "lla" : [ 122.618854, -28.486981929999999, 33941.681230000002 ],
               "radarID" : 13009,
               "targetType" : 3,
               "trueID" : 799,
               "velocity" : [ 116.3632211, -90.016602809999995, 261.45097440000001 ]
            }
         ]
      },
      {
         "radarID" : 13016,
         "tracks" : [
            {
               "detectedID" : 1004,
               "detectedTime" : 394.14999999999998,
               "entityID" : 13016,
               "height" : 4299.0323269999999,
               "lla" : [ 122.6188666, -28.486991979999999, 33872.159570000003 ],
               "radarID" : 13016,
               "targetType" : 3,
               "trueID" : 799,
               "velocity" : [ 116.3632211, -90.016602809999995, 261.45097440000001 ]
            }
         ]
      }
   ],
   "terminator" : 0
}
