{
   "data" : [
      {
         "radarID" : 12910,
         "tracks" : [
            {
               "detectedID" : 1005,
               "detectedTime" : 1616.3,
               "entityID" : 12910,
               "height" : 5161.0703320000002,
               "lla" : [ 119.49325829999999, -26.369508740000001, -189132.9877 ],
               "radarID" : 12910,
               "targetType" : 3,
               "trueID" : 805,
               "velocity" : [ 270.14656760000003, 121.9811509, 46.275596700000001 ]
            }
         ]
      },
      {
         "radarID" : 12995,
         "tracks" : [
            {
               "detectedID" : 1004,
               "detectedTime" : 1616.3,
               "entityID" : 12995,
               "height" : 4584.6817039999996,
               "lla" : [ 119.67188640000001, -26.49341561, -129306.8993 ],
               "radarID" : 12995,
               "targetType" : 3,
               "trueID" : 799,
               "velocity" : [ -14.829896809999999, -166.2945655, 249.25126209999999 ]
            }
         ]
      }
   ],
   "terminator" : 0
}
