{
   "data" : [
      {
         "radarID" : 13044,
         "tracks" : [
            {
               "detectedID" : 1005,
               "detectedTime" : 401.5,
               "entityID" : 13044,
               "height" : 3062.1060259999999,
               "lla" : [ 123.17448779999999, -28.849689640000001, -10596.6343 ],
               "radarID" : 13044,
               "targetType" : 3,
               "trueID" : 805,
               "velocity" : [ 262.41022090000001, 134.72508120000001, 54.681152419999997 ]
            }
         ]
      }
   ],
   "terminator" : 0
}
