{
   "data" : [
      {
         "radarID" : 13002,
         "tracks" : [
            {
               "detectedID" : 1001,
               "detectedTime" : 1617.7,
               "entityID" : 13002,
               "height" : 2649.2752529999998,
               "lla" : [ 119.45021610000001, -26.340271019999999, -230303.8792 ],
               "radarID" : 13002,
               "targetType" : 3,
               "trueID" : 817,
               "velocity" : [ 271.46861569999999, 96.546924169999997, 83.567231129999996 ]
            }
         ]
      },
      {
         "radarID" : 13079,
         "tracks" : [
            {
               "detectedID" : 1004,
               "detectedTime" : 1617.7,
               "entityID" : 13079,
               "height" : 5001.6981900000001,
               "lla" : [ 119.6732413, -26.494358819999999, -129060.1639 ],
               "radarID" : 13079,
               "targetType" : 3,
               "trueID" : 799,
               "velocity" : [ -14.82130149, -166.30964979999999, 249.2417088 ]
            }
         ]
      },
      {
         "radarID" : 13086,
         "tracks" : [
            {
               "detectedID" : 1004,
               "detectedTime" : 1617.7,
               "entityID" : 13086,
               "height" : 5003.0481890000001,
               "lla" : [ 119.67318330000001, -26.494318209999999, -129062.027 ],
               "radarID" : 13086,
               "targetType" : 3,
               "trueID" : 799,
               "velocity" : [ -14.82130149, -166.30964979999999, 249.2417088 ]
            }
         ]
      }
   ],
   "terminator" : 0
}
