{
   "data" : [
      {
         "radarID" : 13086,
         "tracks" : [
            {
               "detectedID" : 1005,
               "detectedTime" : 1618.45,
               "entityID" : 13086,
               "height" : 5212.0836300000001,
               "lla" : [ 119.48684609999999, -26.365003399999999, -189379.6459 ],
               "radarID" : 13086,
               "targetType" : 3,
               "trueID" : 805,
               "velocity" : [ 270.15948730000002, 121.95823230000001, 46.260577349999998 ]
            }
         ]
      }
   ],
   "terminator" : 0
}
