{
   "data" : [
      {
         "radarID" : 13093,
         "tracks" : [
            {
               "detectedID" : 1003,
               "detectedTime" : 1619.0,
               "entityID" : 13093,
               "height" : 845.20149739999999,
               "lla" : [ 119.4369773, -26.330647450000001, -218740.34220000001 ],
               "radarID" : 13093,
               "targetType" : 3,
               "trueID" : 781,
               "velocity" : [ 250.8657144, 34.599471659999999, 160.83926729999999 ]
            }
         ]
      }
   ],
   "terminator" : 0
}
