{
   "data" : [
      {
         "radarID" : 13023,
         "tracks" : [
            {
               "detectedID" : 1005,
               "detectedTime" : 1619.0999999999999,
               "entityID" : 13023,
               "height" : 5220.0050060000003,
               "lla" : [ 119.48474090000001, -26.363524699999999, -189483.38870000001 ],
               "radarID" : 13023,
               "targetType" : 3,
               "trueID" : 805,
               "velocity" : [ 270.16339269999997, 121.9513032, 46.256036520000002 ]
            }
         ]
      }
   ],
   "terminator" : 0
}
