{
   "data" : [
      {
         "radarID" : 13142,
         "tracks" : [
            {
               "detectedID" : 1002,
               "detectedTime" : 1619.45,
               "entityID" : 13142,
               "height" : 5007.6426369999999,
               "lla" : [ 119.927628, -26.673362170000001, -178017.78520000001 ],
               "radarID" : 13142,
               "targetType" : 3,
               "trueID" : 793,
               "velocity" : [ 256.49146680000001, 50.403101739999997, 147.2129573 ]
            }
         ]
      }
   ],
   "terminator" : 0
}
