{
   "data" : [
      {
         "radarID" : 13093,
         "tracks" : [
            {
               "detectedID" : 1004,
               "detectedTime" : 1625.95,
               "entityID" : 13093,
               "height" : 322.24274359999998,
               "lla" : [ 119.6800435, -26.499263129999999, -134542.1348 ],
               "radarID" : 13093,
               "targetType" : 3,
               "trueID" : 799,
               "velocity" : [ -14.77064931, -166.3985251, 249.18539039999999 ]
            }
         ]
      }
   ],
   "terminator" : 0
}
