{
   "data" : [
      {
         "radarID" : 13135,
         "tracks" : [
            {
               "detectedID" : 1004,
               "detectedTime" : 402.30000000000001,
               "entityID" : 13135,
               "height" : 2995.676841,
               "lla" : [ 122.6151172, -28.484604990000001, 31118.90928 ],
               "radarID" : 13135,
               "targetType" : 3,
               "trueID" : 799,
               "velocity" : [ 116.4182132, -90.102492999999996, 261.39690200000001 ]
            }
         ]
      },
      {
         "radarID" : 13142,
         "tracks" : [
            {
               "detectedID" : 1004,
               "detectedTime" : 402.30000000000001,
               "entityID" : 13142,
               "height" : 4946.4713730000003,
               "lla" : [ 122.61422520000001, -28.483972300000001, 33045.760399999999 ],
               "radarID" : 13142,
               "targetType" : 3,
               "trueID" : 799,
               "velocity" : [ 116.4182132, -90.102492999999996, 261.39690200000001 ]
            }
         ]
      }
   ],
   "terminator" : 0
}
