{
   "data" : [
      {
         "radarID" : 13086,
         "tracks" : [
            {
               "detectedID" : 1005,
               "detectedTime" : 1628.45,
               "entityID" : 13086,
               "height" : 5220.4575729999997,
               "lla" : [ 119.45606410000001, -26.343373410000002, -190836.2542 ],
               "radarID" : 13086,
               "targetType" : 3,
               "trueID" : 805,
               "velocity" : [ 270.21954260000001, 121.8516178, 46.190713610000003 ]
            }
         ]
      }
   ],
   "terminator" : 0
}
