{
   "data" : [
      {
         "radarID" : 13142,
         "tracks" : [
            {
               "detectedID" : 1002,
               "detectedTime" : 1629.45,
               "entityID" : 13142,
               "height" : 5013.9718769999999,
               "lla" : [ 119.90196760000001, -26.65552662, -179966.0814 ],
               "radarID" : 13142,
               "targetType" : 3,
               "trueID" : 793,
               "velocity" : [ 256.55253570000002, 50.296957190000001, 147.14283040000001 ]
            }
         ]
      }
   ],
   "terminator" : 0
}
