{
   "data" : [
      {
         "radarID" : 13044,
         "tracks" : [
            {
               "detectedID" : 1004,
               "detectedTime" : 402.55000000000001,
               "entityID" : 13044,
               "height" : 949.41235189999998,
               "lla" : [ 122.6159292, -28.48518829, 29073.270120000001 ],
               "radarID" : 13044,
               "targetType" : 3,
               "trueID" : 799,
               "velocity" : [ 116.4198998, -90.105127469999999, 261.39524269999998 ]
            }
         ]
      }
   ],
   "terminator" : 0
}
