{
   "data" : [
      {
         "radarID" : 13072,
         "tracks" : [
            {
               "detectedID" : 1005,
               "detectedTime" : 1638.0,
               "entityID" : 13072,
               "height" : 5206.2228269999996,
               "lla" : [ 119.42716609999999, -26.323053739999999, -192198.14300000001 ],
               "radarID" : 13072,
               "targetType" : 3,
               "trueID" : 805,
               "velocity" : [ 270.2768398, 121.7497759, 46.123984129999997 ]
            }
         ]
      }
   ],
   "terminator" : 0
}
