{
   "data" : [
      {
         "radarID" : 13009,
         "tracks" : [
            {
               "detectedID" : 1006,
               "detectedTime" : 403.05000000000001,
               "entityID" : 13009,
               "height" : 3336.7305780000002,
               "lla" : [ 123.4263443, -29.01190471, -6153.6388399999996 ],
               "radarID" : 13009,
               "targetType" : 3,
               "trueID" : 811,
               "velocity" : [ 263.11816959999999, 114.6086978, 87.370905840000006 ]
            }
         ]
      },
      {
         "radarID" : 13016,
         "tracks" : [
            {
               "detectedID" : 1006,
               "detectedTime" : 403.05000000000001,
               "entityID" : 13016,
               "height" : 3265.2553870000002,
               "lla" : [ 123.4263632, -29.011918659999999, -6223.9464459999999 ],
               "radarID" : 13016,
               "targetType" : 3,
               "trueID" : 811,
               "velocity" : [ 263.11816959999999, 114.6086978, 87.370905840000006 ]
            }
         ]
      }
   ],
   "terminator" : 0
}
