{
   "data" : [
      {
         "radarID" : 13107,
         "tracks" : [
            {
               "detectedID" : 1001,
               "detectedTime" : 1639.2,
               "entityID" : 13107,
               "height" : 5217.632764,
               "lla" : [ 119.387698, -26.29623926, -231327.43669999999 ],
               "radarID" : 13107,
               "targetType" : 3,
               "trueID" : 817,
               "velocity" : [ 271.5966765, 96.318898970000006, 83.414117680000004 ]
            }
         ]
      }
   ],
   "terminator" : 0
}
