{
   "data" : [
      {
         "radarID" : 13023,
         "tracks" : [
            {
               "detectedID" : 1002,
               "detectedTime" : 1639.4000000000001,
               "entityID" : 13023,
               "height" : 5013.3836950000004,
               "lla" : [ 119.87648950000001, -26.63780672, -181861.05360000001 ],
               "radarID" : 13023,
               "targetType" : 3,
               "trueID" : 793,
               "velocity" : [ 256.61324289999999, 50.191332559999999, 147.0730217 ]
            }
         ]
      }
   ],
   "terminator" : 0
}
