{
   "data" : [
      {
         "radarID" : 12981,
         "tracks" : [
            {
               "detectedID" : 1006,
               "detectedTime" : 403.14999999999998,
               "entityID" : 12981,
               "height" : 2457.8857109999999,
               "lla" : [ 123.4263399, -29.011924260000001, -7024.2598950000001 ],
               "radarID" : 12981,
               "targetType" : 3,
               "trueID" : 811,
               "velocity" : [ 263.11884570000001, 114.6076697, 87.37021842 ]
            }
         ]
      },
      {
         "radarID" : 12988,
         "tracks" : [
            {
               "detectedID" : 1006,
               "detectedTime" : 403.14999999999998,
               "entityID" : 12988,
               "height" : 6020.2934729999997,
               "lla" : [ 123.42503379999999, -29.01099585, -3557.4345020000001 ],
               "radarID" : 12988,
               "targetType" : 3,
               "trueID" : 811,
               "velocity" : [ 263.11884570000001, 114.6076697, 87.37021842 ]
            }
         ]
      },
      {
         "radarID" : 13058,
         "tracks" : [
            {
               "detectedID" : 1002,
               "detectedTime" : 403.14999999999998,
               "entityID" : 13058,
               "height" : 5006.4998050000004,
               "lla" : [ 122.9817098, -28.72312625, 54623.290710000001 ],
               "radarID" : 13058,
               "targetType" : 3,
               "trueID" : 793,
               "velocity" : [ 248.6441816, 63.22583874, 155.49457949999999 ]
            }
         ]
      }
   ],
   "terminator" : 0
}
