{
   "data" : [
      {
         "radarID" : 13093,
         "tracks" : [
            {
               "detectedID" : 1004,
               "detectedTime" : 1645.95,
               "entityID" : 13093,
               "height" : 267.05258700000002,
               "lla" : [ 119.69937969999999, -26.51286777, -136920.9572 ],
               "radarID" : 13093,
               "targetType" : 3,
               "trueID" : 799,
               "velocity" : [ -14.647847909999999, -166.6138746, 249.0487047 ]
            }
         ]
      }
   ],
   "terminator" : 0
}
