{
   "data" : [
      {
         "radarID" : 12903,
         "tracks" : [
            {
               "detectedID" : 1001,
               "detectedTime" : 1646.75,
               "entityID" : 12903,
               "height" : 5220.914839,
               "lla" : [ 119.3654133, -26.280551989999999, -232564.9566 ],
               "radarID" : 12903,
               "targetType" : 3,
               "trueID" : 817,
               "velocity" : [ 271.64158090000001, 96.238801710000004, 83.360329559999997 ]
            }
         ]
      },
      {
         "radarID" : 12910,
         "tracks" : [
            {
               "detectedID" : 1001,
               "detectedTime" : 1646.75,
               "entityID" : 12910,
               "height" : 4001.6168250000001,
               "lla" : [ 119.3647319, -26.280101760000001, -233744.9056 ],
               "radarID" : 12910,
               "targetType" : 3,
               "trueID" : 817,
               "velocity" : [ 271.64158090000001, 96.238801710000004, 83.360329559999997 ]
            }
         ]
      }
   ],
   "terminator" : 0
}
