{
   "data" : [
      {
         "radarID" : 13002,
         "tracks" : [
            {
               "detectedID" : 1006,
               "detectedTime" : 1647.7,
               "entityID" : 13002,
               "height" : 1817.737989,
               "lla" : [ 119.7708798, -26.564898639999999, -214921.51310000001 ],
               "radarID" : 13002,
               "targetType" : 3,
               "trueID" : 811,
               "velocity" : [ 271.0781394, 101.62531970000001, 78.669795350000001 ]
            }
         ]
      },
      {
         "radarID" : 13065,
         "tracks" : [
            {
               "detectedID" : 1004,
               "detectedTime" : 1647.7,
               "entityID" : 13065,
               "height" : 5003.1951150000004,
               "lla" : [ 119.702406, -26.514876940000001, -132553.71340000001 ],
               "radarID" : 13065,
               "targetType" : 3,
               "trueID" : 799,
               "velocity" : [ -14.63710223, -166.6327106, 249.03673420000001 ]
            }
         ]
      }
   ],
   "terminator" : 0
}
