{
   "data" : [
      {
         "radarID" : 13093,
         "tracks" : [
            {
               "detectedID" : 1005,
               "detectedTime" : 1648.45,
               "entityID" : 13093,
               "height" : 475.6376108,
               "lla" : [ 119.39356359999999, -26.299527919999999, -198402.03450000001 ],
               "radarID" : 13093,
               "targetType" : 3,
               "trueID" : 805,
               "velocity" : [ 270.33947449999999, 121.6383082, 46.05095523 ]
            }
         ]
      }
   ],
   "terminator" : 0
}
