{
   "data" : [
      {
         "radarID" : 12896,
         "tracks" : [
            {
               "detectedID" : 1001,
               "detectedTime" : 1653.75,
               "entityID" : 12896,
               "height" : 5222.6270940000004,
               "lla" : [ 119.3448011, -26.266035259999999, -233712.4926 ],
               "radarID" : 12896,
               "targetType" : 3,
               "trueID" : 817,
               "velocity" : [ 271.68318369999997, 96.164528540000006, 83.310450309999993 ]
            }
         ]
      }
   ],
   "terminator" : 0
}
