{
   "data" : [
      {
         "radarID" : 12974,
         "tracks" : [
            {
               "detectedID" : 1005,
               "detectedTime" : 403.94999999999999,
               "entityID" : 12974,
               "height" : 5659.8878699999996,
               "lla" : [ 123.1661539, -28.844244849999999, -8389.1121879999992 ],
               "radarID" : 12974,
               "targetType" : 3,
               "trueID" : 805,
               "velocity" : [ 262.42669219999999, 134.699806, 54.6643714 ]
            }
         ]
      }
   ],
   "terminator" : 0
}
