{
   "data" : [
      {
         "radarID" : 13002,
         "tracks" : [
            {
               "detectedID" : 1001,
               "detectedTime" : 1657.75,
               "entityID" : 13002,
               "height" : 3000.156708,
               "lla" : [ 119.3320844, -26.257130879999998, -236544.6783 ],
               "radarID" : 13002,
               "targetType" : 3,
               "trueID" : 817,
               "velocity" : [ 271.70694359999999, 96.122082059999997, 83.281943799999993 ]
            }
         ]
      },
      {
         "radarID" : 13065,
         "tracks" : [
            {
               "detectedID" : 1004,
               "detectedTime" : 1657.75,
               "entityID" : 13065,
               "height" : 5002.6651979999997,
               "lla" : [ 119.7122636, -26.521808849999999, -133723.26819999999 ],
               "radarID" : 13065,
               "targetType" : 3,
               "trueID" : 799,
               "velocity" : [ -14.575389639999999, -166.74086070000001, 248.96795660000001 ]
            }
         ]
      }
   ],
   "terminator" : 0
}
