{
   "data" : [
      {
         "radarID" : 12988,
         "tracks" : [
            {
               "detectedID" : 1006,
               "detectedTime" : 1657.8499999999999,
               "entityID" : 12988,
               "height" : 5448.5165580000003,
               "lla" : [ 119.74203660000001, -26.544673899999999, -213014.9302 ],
               "radarID" : 12988,
               "targetType" : 3,
               "trueID" : 811,
               "velocity" : [ 271.13927669999998, 101.51796090000001, 78.597685909999996 ]
            }
         ]
      }
   ],
   "terminator" : 0
}
