{
   "data" : [
      {
         "radarID" : 13135,
         "tracks" : [
            {
               "detectedID" : 1004,
               "detectedTime" : 1659.0,
               "entityID" : 13135,
               "height" : 1876.8780750000001,
               "lla" : [ 119.7129025, -26.522338560000001, -136989.0687 ],
               "radarID" : 13135,
               "targetType" : 3,
               "trueID" : 799,
               "velocity" : [ -14.56771374, -166.75430950000001, 248.95939820000001 ]
            }
         ]
      }
   ],
   "terminator" : 0
}
