{
   "data" : [
      {
         "radarID" : 12931,
         "tracks" : [
            {
               "detectedID" : 1001,
               "detectedTime" : 404.05000000000001,
               "entityID" : 12931,
               "height" : 5812.9375959999998,
               "lla" : [ 122.990782, -28.730984589999998, -22908.42684 ],
               "radarID" : 12931,
               "targetType" : 3,
               "trueID" : 817,
               "velocity" : [ 263.79457280000003, 109.25284120000001, 92.066498089999996 ]
            }
         ]
      },
      {
         "radarID" : 12938,
         "tracks" : [
            {
               "detectedID" : 1001,
               "detectedTime" : 404.05000000000001,
               "entityID" : 12938,
               "height" : 5814.6599050000004,
               "lla" : [ 122.9908507, -28.731028850000001, -22897.087189999998 ],
               "radarID" : 12938,
               "targetType" : 3,
               "trueID" : 817,
               "velocity" : [ 263.79457280000003, 109.25284120000001, 92.066498089999996 ]
            }
         ]
      },
      {
         "radarID" : 12974,
         "tracks" : [
            {
               "detectedID" : 1001,
               "detectedTime" : 404.05000000000001,
               "entityID" : 12974,
               "height" : 5811.9855029999999,
               "lla" : [ 122.99077749999999, -28.73098169, -22910.608540000001 ],
               "radarID" : 12974,
               "targetType" : 3,
               "trueID" : 817,
               "velocity" : [ 263.79457280000003, 109.25284120000001, 92.066498089999996 ]
            }
         ]
      }
   ],
   "terminator" : 0
}
