{
   "data" : [
      {
         "radarID" : 12889,
         "tracks" : [
            {
               "detectedID" : 1001,
               "detectedTime" : 1663.7,
               "entityID" : 12889,
               "height" : 4760.7102860000005,
               "lla" : [ 119.3156089, -26.245475590000002, -235765.1948 ],
               "radarID" : 12889,
               "targetType" : 3,
               "trueID" : 817,
               "velocity" : [ 271.74226859999999, 96.058936650000007, 83.23953487 ]
            }
         ]
      }
   ],
   "terminator" : 0
}
