{
   "data" : [
      {
         "radarID" : 13030,
         "tracks" : [
            {
               "detectedID" : 1002,
               "detectedTime" : 53.799999999999997,
               "entityID" : 13030,
               "height" : 1160.690533,
               "lla" : [ 122.3458918, -28.30693359, 61068.97393 ],
               "radarID" : 13030,
               "targetType" : 3,
               "trueID" : 793,
               "velocity" : [ -145.2494548, -196.42884290000001, 174.12152520000001 ]
            }
         ]
      },
      {
         "radarID" : 13037,
         "tracks" : [
            {
               "detectedID" : 1002,
               "detectedTime" : 53.799999999999997,
               "entityID" : 13037,
               "height" : 1163.8399320000001,
               "lla" : [ 122.34585439999999, -28.30690899, 61066.089760000003 ],
               "radarID" : 13037,
               "targetType" : 3,
               "trueID" : 793,
               "velocity" : [ -145.2494548, -196.42884290000001, 174.12152520000001 ]
            }
         ]
      }
   ],
   "terminator" : 0
}
