{
   "data" : [
      {
         "radarID" : 13093,
         "tracks" : [
            {
               "detectedID" : 1005,
               "detectedTime" : 1668.4000000000001,
               "entityID" : 13093,
               "height" : 544.59979180000005,
               "lla" : [ 119.3327973, -26.2567238, -201182.65849999999 ],
               "radarID" : 13093,
               "targetType" : 3,
               "trueID" : 805,
               "velocity" : [ 270.45886910000002, 121.4254249, 45.911505269999999 ]
            }
         ]
      }
   ],
   "terminator" : 0
}
