{
   "data" : [
      {
         "radarID" : 13107,
         "tracks" : [
            {
               "detectedID" : 1001,
               "detectedTime" : 1669.1500000000001,
               "entityID" : 13107,
               "height" : 5119.6682689999998,
               "lla" : [ 119.2993231, -26.233985029999999, -236332.9682 ],
               "radarID" : 13107,
               "targetType" : 3,
               "trueID" : 817,
               "velocity" : [ 271.7746065, 96.001090989999994, 83.200683949999998 ]
            }
         ]
      }
   ],
   "terminator" : 0
}
