{
   "data" : [
      {
         "radarID" : 13114,
         "tracks" : [
            {
               "detectedID" : 1001,
               "detectedTime" : 1669.2,
               "entityID" : 13114,
               "height" : 1517.52116,
               "lla" : [ 119.29853, -26.233516860000002, -239894.69399999999 ],
               "radarID" : 13114,
               "targetType" : 3,
               "trueID" : 817,
               "velocity" : [ 271.77490310000002, 96.000560269999994, 83.2003275 ]
            }
         ]
      }
   ],
   "terminator" : 0
}
