{
   "data" : [
      {
         "radarID" : 13107,
         "tracks" : [
            {
               "detectedID" : 1006,
               "detectedTime" : 1669.55,
               "entityID" : 13107,
               "height" : 5360.3039170000002,
               "lla" : [ 119.7073573, -26.52045043, -214993.48240000001 ],
               "radarID" : 13107,
               "targetType" : 3,
               "trueID" : 811,
               "velocity" : [ 271.2096737, 101.39417899999999, 78.514542379999995 ]
            }
         ]
      }
   ],
   "terminator" : 0
}
