{
   "data" : [
      {
         "radarID" : 13072,
         "tracks" : [
            {
               "detectedID" : 1005,
               "detectedTime" : 1678.0,
               "entityID" : 13072,
               "height" : 5194.8813360000004,
               "lla" : [ 119.30506389999999, -26.237054010000001, -197949.56570000001 ],
               "radarID" : 13072,
               "targetType" : 3,
               "trueID" : 805,
               "velocity" : [ 270.51623749999999, 121.3229467, 45.844386970000002 ]
            }
         ]
      }
   ],
   "terminator" : 0
}
