{
   "data" : [
      {
         "radarID" : 12896,
         "tracks" : [
            {
               "detectedID" : 1001,
               "detectedTime" : 1683.75,
               "entityID" : 12896,
               "height" : 5206.5641750000004,
               "lla" : [ 119.2562016, -26.203561560000001, -238650.26079999999 ],
               "radarID" : 12896,
               "targetType" : 3,
               "trueID" : 817,
               "velocity" : [ 271.8611487, 95.846097299999997, 83.096579120000001 ]
            }
         ]
      }
   ],
   "terminator" : 0
}
