{
   "data" : [
      {
         "radarID" : 12903,
         "tracks" : [
            {
               "detectedID" : 1006,
               "detectedTime" : 1686.5999999999999,
               "entityID" : 12903,
               "height" : 5435.5259159999996,
               "lla" : [ 119.656745, -26.485059199999998, -217686.33530000001 ],
               "radarID" : 12903,
               "targetType" : 3,
               "trueID" : 811,
               "velocity" : [ 271.31211400000001, 101.2137412, 78.393337500000001 ]
            }
         ]
      },
      {
         "radarID" : 12910,
         "tracks" : [
            {
               "detectedID" : 1006,
               "detectedTime" : 1686.5999999999999,
               "entityID" : 12910,
               "height" : 3302.0243350000001,
               "lla" : [ 119.65606579999999, -26.484636309999999, -219743.6899 ],
               "radarID" : 12910,
               "targetType" : 3,
               "trueID" : 811,
               "velocity" : [ 271.31211400000001, 101.2137412, 78.393337500000001 ]
            }
         ]
      }
   ],
   "terminator" : 0
}
