{
   "data" : [
      {
         "radarID" : 13009,
         "tracks" : [
            {
               "detectedID" : 1005,
               "detectedTime" : 1687.4000000000001,
               "entityID" : 13009,
               "height" : 3472.6141830000001,
               "lla" : [ 119.2759878, -26.216582970000001, -200966.2476 ],
               "radarID" : 13009,
               "targetType" : 3,
               "trueID" : 805,
               "velocity" : [ 270.57235759999998, 121.2225796, 45.778657819999999 ]
            }
         ]
      },
      {
         "radarID" : 13016,
         "tracks" : [
            {
               "detectedID" : 1005,
               "detectedTime" : 1687.4000000000001,
               "entityID" : 13016,
               "height" : 3535.3015359999999,
               "lla" : [ 119.2758869, -26.216510249999999, -200912.04519999999 ],
               "radarID" : 13016,
               "targetType" : 3,
               "trueID" : 805,
               "velocity" : [ 270.57235759999998, 121.2225796, 45.778657819999999 ]
            }
         ]
      }
   ],
   "terminator" : 0
}
