{
   "data" : [
      {
         "radarID" : 13072,
         "tracks" : [
            {
               "detectedID" : 1006,
               "detectedTime" : 412.5,
               "entityID" : 13072,
               "height" : 6015.5416290000003,
               "lla" : [ 123.39783920000001, -28.99355568, -5155.8452360000001 ],
               "radarID" : 13072,
               "targetType" : 3,
               "trueID" : 811,
               "velocity" : [ 263.1820323, 114.51153360000001, 87.30593657 ]
            }
         ]
      }
   ],
   "terminator" : 0
}
