{
   "data" : [
      {
         "radarID" : 13107,
         "tracks" : [
            {
               "detectedID" : 1001,
               "detectedTime" : 1689.0999999999999,
               "entityID" : 13107,
               "height" : 5307.0845479999998,
               "lla" : [ 119.24043810000001, -26.192430730000002, -239421.6992 ],
               "radarID" : 13107,
               "targetType" : 3,
               "trueID" : 817,
               "velocity" : [ 271.89282909999997, 95.789290379999997, 83.058421229999993 ]
            }
         ]
      },
      {
         "radarID" : 13142,
         "tracks" : [
            {
               "detectedID" : 1005,
               "detectedTime" : 1689.0999999999999,
               "entityID" : 13142,
               "height" : 5194.8447269999997,
               "lla" : [ 119.2713317, -26.213254639999999, -199535.06359999999 ],
               "radarID" : 13142,
               "targetType" : 3,
               "trueID" : 805,
               "velocity" : [ 270.58250129999999, 121.20442559999999, 45.766769670000002 ]
            }
         ]
      }
   ],
   "terminator" : 0
}
