{
   "data" : [
      {
         "radarID" : 12924,
         "tracks" : [
            {
               "detectedID" : 1001,
               "detectedTime" : 1696.25,
               "entityID" : 12924,
               "height" : 4347.7093489999997,
               "lla" : [ 119.2188342, -26.17719657, -241517.67069999999 ],
               "radarID" : 12924,
               "targetType" : 3,
               "trueID" : 817,
               "velocity" : [ 271.93514149999999, 95.713361379999995, 83.007416890000002 ]
            }
         ]
      }
   ],
   "terminator" : 0
}
