{
   "data" : [
      {
         "radarID" : 12995,
         "tracks" : [
            {
               "detectedID" : 1004,
               "detectedTime" : 1696.4000000000001,
               "entityID" : 12995,
               "height" : 4439.2641240000003,
               "lla" : [ 119.750125, -26.54843352, -138785.22820000001 ],
               "radarID" : 12995,
               "targetType" : 3,
               "trueID" : 799,
               "velocity" : [ -14.338030120000001, -167.15642840000001, 248.7029339 ]
            }
         ]
      }
   ],
   "terminator" : 0
}
