{
   "data" : [
      {
         "radarID" : 13002,
         "tracks" : [
            {
               "detectedID" : 1002,
               "detectedTime" : 1697.3,
               "entityID" : 13002,
               "height" : 1927.0167550000001,
               "lla" : [ 119.72723740000001, -26.533874390000001, -195864.761 ],
               "radarID" : 13002,
               "targetType" : 3,
               "trueID" : 793,
               "velocity" : [ 256.96538850000002, 49.576479880000001, 146.6661575 ]
            }
         ]
      }
   ],
   "terminator" : 0
}
