{
   "data" : [
      {
         "radarID" : 12995,
         "tracks" : [
            {
               "detectedID" : 1006,
               "detectedTime" : 1697.6500000000001,
               "entityID" : 12995,
               "height" : 5297.029603,
               "lla" : [ 119.6239561, -26.46211443, -219606.37719999999 ],
               "radarID" : 12995,
               "targetType" : 3,
               "trueID" : 811,
               "velocity" : [ 271.37841200000003, 101.0967662, 78.314758339999997 ]
            }
         ]
      }
   ],
   "terminator" : 0
}
