{
   "data" : [
      {
         "radarID" : 13002,
         "tracks" : [
            {
               "detectedID" : 1001,
               "detectedTime" : 1697.75,
               "entityID" : 13002,
               "height" : 3372.5974839999999,
               "lla" : [ 119.21419, -26.173940380000001, -242727.06520000001 ],
               "radarID" : 13002,
               "targetType" : 3,
               "trueID" : 817,
               "velocity" : [ 271.94401440000001, 95.697430850000003, 82.996715469999998 ]
            }
         ]
      }
   ],
   "terminator" : 0
}
