{
   "data" : [
      {
         "radarID" : 13107,
         "tracks" : [
            {
               "detectedID" : 1005,
               "detectedTime" : 1698.4000000000001,
               "entityID" : 13107,
               "height" : 5151.7439489999997,
               "lla" : [ 119.2429597, -26.193224189999999, -200898.98430000001 ],
               "radarID" : 13107,
               "targetType" : 3,
               "trueID" : 805,
               "velocity" : [ 270.63796300000001, 121.10509860000001, 45.70172925 ]
            }
         ]
      }
   ],
   "terminator" : 0
}
