{
   "data" : [
      {
         "radarID" : 13114,
         "tracks" : [
            {
               "detectedID" : 1002,
               "detectedTime" : 1699.5,
               "entityID" : 13114,
               "height" : 475.05174790000001,
               "lla" : [ 119.7220401, -26.530285689999999, -197778.75380000001 ],
               "radarID" : 13114,
               "targetType" : 3,
               "trueID" : 793,
               "velocity" : [ 256.97873129999999, 49.553110459999999, 146.6506765 ]
            },
            {
               "detectedID" : 1006,
               "detectedTime" : 1699.5,
               "entityID" : 13114,
               "height" : 1132.3886789999999,
               "lla" : [ 119.6179959, -26.45804721, -224021.81969999999 ],
               "radarID" : 13114,
               "targetType" : 3,
               "trueID" : 811,
               "velocity" : [ 271.38950449999999, 101.07717940000001, 78.301600480000005 ]
            }
         ]
      }
   ],
   "terminator" : 0
}
