{
   "data" : [
      {
         "radarID" : 12924,
         "tracks" : [
            {
               "detectedID" : 1002,
               "detectedTime" : 1705.8,
               "entityID" : 12924,
               "height" : 4787.7354340000002,
               "lla" : [ 119.70622090000001, -26.519130669999999, -194690.33470000001 ],
               "radarID" : 12924,
               "targetType" : 3,
               "trueID" : 793,
               "velocity" : [ 257.01692489999999, 49.486186050000001, 146.60633580000001 ]
            }
         ]
      }
   ],
   "terminator" : 0
}
