{
   "data" : [
      {
         "radarID" : 13093,
         "tracks" : [
            {
               "detectedID" : 1004,
               "detectedTime" : 1706.2,
               "entityID" : 13093,
               "height" : 134.99848030000001,
               "lla" : [ 119.7574511, -26.553692380000001, -144091.527 ],
               "radarID" : 13093,
               "targetType" : 3,
               "trueID" : 799,
               "velocity" : [ -14.27783906, -167.26170959999999, 248.6356045 ]
            }
         ]
      }
   ],
   "terminator" : 0
}
