{
   "data" : [
      {
         "radarID" : 12995,
         "tracks" : [
            {
               "detectedID" : 1006,
               "detectedTime" : 413.25,
               "entityID" : 12995,
               "height" : 5894.8125600000003,
               "lla" : [ 123.39575859999999, -28.99222408, -5400.657674 ],
               "radarID" : 12995,
               "targetType" : 3,
               "trueID" : 811,
               "velocity" : [ 263.18709849999999, 114.5038212, 87.300779539999994 ]
            }
         ]
      },
      {
         "radarID" : 13009,
         "tracks" : [
            {
               "detectedID" : 1005,
               "detectedTime" : 413.25,
               "entityID" : 13009,
               "height" : 2685.2501579999998,
               "lla" : [ 123.1390505, -28.826825150000001, -12718.71768 ],
               "radarID" : 13009,
               "targetType" : 3,
               "trueID" : 805,
               "velocity" : [ 262.4891839, 134.6038471, 54.600665390000003 ]
            }
         ]
      },
      {
         "radarID" : 13016,
         "tracks" : [
            {
               "detectedID" : 1005,
               "detectedTime" : 413.25,
               "entityID" : 13016,
               "height" : 2620.9258589999999,
               "lla" : [ 123.1392106, -28.826930000000001, -12767.363380000001 ],
               "radarID" : 13016,
               "targetType" : 3,
               "trueID" : 805,
               "velocity" : [ 262.4891839, 134.6038471, 54.600665390000003 ]
            }
         ]
      }
   ],
   "terminator" : 0
}
