{
   "data" : [
      {
         "radarID" : 13065,
         "tracks" : [
            {
               "detectedID" : 1005,
               "detectedTime" : 1708.3,
               "entityID" : 13065,
               "height" : 5183.9453899999999,
               "lla" : [ 119.21276930000001, -26.171894640000001, -202286.31349999999 ],
               "radarID" : 13065,
               "targetType" : 3,
               "trueID" : 805,
               "velocity" : [ 270.69694620000001, 120.9993381, 45.632482959999997 ]
            }
         ]
      }
   ],
   "terminator" : 0
}
