{
   "data" : [
      {
         "radarID" : 13114,
         "tracks" : [
            {
               "detectedID" : 1005,
               "detectedTime" : 1708.5,
               "entityID" : 13114,
               "height" : 671.8710595,
               "lla" : [ 119.2107049, -26.170548069999999, -206781.9878 ],
               "radarID" : 13114,
               "targetType" : 3,
               "trueID" : 805,
               "velocity" : [ 270.69813720000002, 120.9972013, 45.631083949999997 ]
            }
         ]
      }
   ],
   "terminator" : 0
}
