{
   "data" : [
      {
         "radarID" : 12931,
         "tracks" : [
            {
               "detectedID" : 1006,
               "detectedTime" : 413.75,
               "entityID" : 12931,
               "height" : 6017.379559,
               "lla" : [ 123.3942775, -28.99127068, -5364.6218790000003 ],
               "radarID" : 12931,
               "targetType" : 3,
               "trueID" : 811,
               "velocity" : [ 263.1904758, 114.49867949999999, 87.297341459999998 ]
            }
         ]
      },
      {
         "radarID" : 12938,
         "tracks" : [
            {
               "detectedID" : 1006,
               "detectedTime" : 413.75,
               "entityID" : 12938,
               "height" : 6016.9263920000003,
               "lla" : [ 123.3942461, -28.991250600000001, -5368.4996099999998 ],
               "radarID" : 12938,
               "targetType" : 3,
               "trueID" : 811,
               "velocity" : [ 263.1904758, 114.49867949999999, 87.297341459999998 ]
            }
         ]
      },
      {
         "radarID" : 12974,
         "tracks" : [
            {
               "detectedID" : 1006,
               "detectedTime" : 413.75,
               "entityID" : 12974,
               "height" : 6019.7451520000004,
               "lla" : [ 123.3943359, -28.991308029999999, -5355.1819949999999 ],
               "radarID" : 12974,
               "targetType" : 3,
               "trueID" : 811,
               "velocity" : [ 263.1904758, 114.49867949999999, 87.297341459999998 ]
            }
         ]
      }
   ],
   "terminator" : 0
}
