{
   "data" : [
      {
         "radarID" : 12995,
         "tracks" : [
            {
               "detectedID" : 1005,
               "detectedTime" : 1717.1500000000001,
               "entityID" : 12995,
               "height" : 5577.3102980000003,
               "lla" : [ 119.185773, -26.152800509999999, -203169.92689999999 ],
               "radarID" : 12995,
               "targetType" : 3,
               "trueID" : 805,
               "velocity" : [ 270.74962410000001, 120.9047724, 45.570572509999998 ]
            }
         ]
      }
   ],
   "terminator" : 0
}
