{
   "data" : [
      {
         "radarID" : 12995,
         "tracks" : [
            {
               "detectedID" : 1006,
               "detectedTime" : 1717.6500000000001,
               "entityID" : 12995,
               "height" : 5283.9317700000001,
               "lla" : [ 119.5645683, -26.42050815, -222855.57920000001 ],
               "radarID" : 12995,
               "targetType" : 3,
               "trueID" : 811,
               "velocity" : [ 271.49822230000001, 100.8849776, 78.172479640000006 ]
            }
         ]
      }
   ],
   "terminator" : 0
}
