{
   "data" : [
      {
         "radarID" : 13009,
         "tracks" : [
            {
               "detectedID" : 1004,
               "detectedTime" : 414.14999999999998,
               "entityID" : 13009,
               "height" : 4164.1657729999997,
               "lla" : [ 122.6088488, -28.480521530000001, 30194.833780000001 ],
               "radarID" : 13009,
               "targetType" : 3,
               "trueID" : 799,
               "velocity" : [ 116.4981411, -90.227353449999995, 261.31821179999997 ]
            }
         ]
      },
      {
         "radarID" : 13016,
         "tracks" : [
            {
               "detectedID" : 1004,
               "detectedTime" : 414.14999999999998,
               "entityID" : 13016,
               "height" : 4092.464782,
               "lla" : [ 122.6088355, -28.480515100000002, 30105.871179999998 ],
               "radarID" : 13016,
               "targetType" : 3,
               "trueID" : 799,
               "velocity" : [ 116.4981411, -90.227353449999995, 261.31821179999997 ]
            }
         ]
      }
   ],
   "terminator" : 0
}
