{
   "data" : [
      {
         "radarID" : 12924,
         "tracks" : [
            {
               "detectedID" : 1002,
               "detectedTime" : 1725.8499999999999,
               "entityID" : 12924,
               "height" : 4770.1903400000001,
               "lla" : [ 119.6549606, -26.483313599999999, -198521.0074 ],
               "radarID" : 12924,
               "targetType" : 3,
               "trueID" : 793,
               "velocity" : [ 257.13832760000003, 49.273168040000002, 146.46513379999999 ]
            }
         ]
      }
   ],
   "terminator" : 0
}
