{
   "data" : [
      {
         "radarID" : 12995,
         "tracks" : [
            {
               "detectedID" : 1005,
               "detectedTime" : 1727.1500000000001,
               "entityID" : 12995,
               "height" : 4380.682785,
               "lla" : [ 119.1552255, -26.131221480000001, -205748.38399999999 ],
               "radarID" : 12995,
               "targetType" : 3,
               "trueID" : 805,
               "velocity" : [ 270.80909079999998, 120.7978933, 45.500607590000001 ]
            }
         ]
      }
   ],
   "terminator" : 0
}
