{
   "data" : [
      {
         "radarID" : 12931,
         "tracks" : [
            {
               "detectedID" : 1002,
               "detectedTime" : 1727.25,
               "entityID" : 12931,
               "height" : 5006.4828770000004,
               "lla" : [ 119.6513971, -26.480816239999999, -198558.43109999999 ],
               "radarID" : 12931,
               "targetType" : 3,
               "trueID" : 793,
               "velocity" : [ 257.14679599999999, 49.258292349999998, 146.45526939999999 ]
            }
         ]
      },
      {
         "radarID" : 12938,
         "tracks" : [
            {
               "detectedID" : 1002,
               "detectedTime" : 1727.25,
               "entityID" : 12938,
               "height" : 5009.2401760000002,
               "lla" : [ 119.651185, -26.48066764, -198562.92629999999 ],
               "radarID" : 12938,
               "targetType" : 3,
               "trueID" : 793,
               "velocity" : [ 257.14679599999999, 49.258292349999998, 146.45526939999999 ]
            }
         ]
      },
      {
         "radarID" : 13002,
         "tracks" : [
            {
               "detectedID" : 1005,
               "detectedTime" : 1727.25,
               "entityID" : 13002,
               "height" : 3591.3342640000001,
               "lla" : [ 119.15442710000001, -26.130675719999999, -206537.51749999999 ],
               "radarID" : 13002,
               "targetType" : 3,
               "trueID" : 805,
               "velocity" : [ 270.80968519999999, 120.79682440000001, 45.499907890000003 ]
            }
         ]
      }
   ],
   "terminator" : 0
}
