{
   "data" : [
      {
         "radarID" : 12995,
         "tracks" : [
            {
               "detectedID" : 1002,
               "detectedTime" : 1727.3,
               "entityID" : 12995,
               "height" : 4975.6080330000004,
               "lla" : [ 119.6513513, -26.480784960000001, -198592.171 ],
               "radarID" : 12995,
               "targetType" : 3,
               "trueID" : 793,
               "velocity" : [ 257.1470984, 49.257761070000001, 146.45491709999999 ]
            }
         ]
      }
   ],
   "terminator" : 0
}
