{
   "data" : [
      {
         "radarID" : 13086,
         "tracks" : [
            {
               "detectedID" : 1004,
               "detectedTime" : 1728.05,
               "entityID" : 13086,
               "height" : 5003.3977109999996,
               "lla" : [ 119.7810374, -26.57013087, -141949.30919999999 ],
               "radarID" : 13086,
               "targetType" : 3,
               "trueID" : 799,
               "velocity" : [ -14.14362787, -167.49631389999999, 248.4852966 ]
            }
         ]
      }
   ],
   "terminator" : 0
}
