{
   "data" : [
      {
         "radarID" : 13044,
         "tracks" : [
            {
               "detectedID" : 1004,
               "detectedTime" : 1728.45,
               "entityID" : 13044,
               "height" : 3242.8050309999999,
               "lla" : [ 119.78099949999999, -26.570149900000001, -143745.4228 ],
               "radarID" : 13044,
               "targetType" : 3,
               "trueID" : 799,
               "velocity" : [ -14.14117079, -167.5006071, 248.48254249999999 ]
            }
         ]
      },
      {
         "radarID" : 13114,
         "tracks" : [
            {
               "detectedID" : 1005,
               "detectedTime" : 1728.45,
               "entityID" : 13114,
               "height" : 751.9675661,
               "lla" : [ 119.1498591, -26.127514519999998, -209545.40270000001 ],
               "radarID" : 13114,
               "targetType" : 3,
               "trueID" : 805,
               "velocity" : [ 270.81681709999998, 120.78399709999999, 45.4915114 ]
            }
         ]
      }
   ],
   "terminator" : 0
}
