{
   "data" : [
      {
         "radarID" : 13051,
         "tracks" : [
            {
               "detectedID" : 1001,
               "detectedTime" : 421.69999999999999,
               "entityID" : 13051,
               "height" : 2142.3995920000002,
               "lla" : [ 122.9411229, -28.698892619999999, -29569.99307 ],
               "radarID" : 13051,
               "targetType" : 3,
               "trueID" : 817,
               "velocity" : [ 263.91238679999998, 109.0704911, 91.944983969999996 ]
            }
         ]
      },
      {
         "radarID" : 13058,
         "tracks" : [
            {
               "detectedID" : 1001,
               "detectedTime" : 421.69999999999999,
               "entityID" : 13058,
               "height" : 5803.7662730000002,
               "lla" : [ 122.9398614, -28.69797943, -25947.008600000001 ],
               "radarID" : 13058,
               "targetType" : 3,
               "trueID" : 817,
               "velocity" : [ 263.91238679999998, 109.0704911, 91.944983969999996 ]
            }
         ]
      }
   ],
   "terminator" : 0
}
