{
   "data" : [
      {
         "radarID" : 12924,
         "tracks" : [
            {
               "detectedID" : 1002,
               "detectedTime" : 1735.8499999999999,
               "entityID" : 12924,
               "height" : 4763.9282249999997,
               "lla" : [ 119.6292914, -26.465362120000002, -200429.0043 ],
               "radarID" : 12924,
               "targetType" : 3,
               "trueID" : 793,
               "velocity" : [ 257.19879209999999, 49.166908489999997, 146.39465989999999 ]
            }
         ]
      }
   ],
   "terminator" : 0
}
