{
   "data" : [
      {
         "radarID" : 13023,
         "tracks" : [
            {
               "detectedID" : 1004,
               "detectedTime" : 1739.05,
               "entityID" : 13023,
               "height" : 5003.9792369999996,
               "lla" : [ 119.79188360000001, -26.577744840000001, -143238.32310000001 ],
               "radarID" : 13023,
               "targetType" : 3,
               "trueID" : 799,
               "velocity" : [ -14.076056550000001, -167.6143534, 248.40952709999999 ]
            }
         ]
      },
      {
         "radarID" : 13114,
         "tracks" : [
            {
               "detectedID" : 1001,
               "detectedTime" : 1739.05,
               "entityID" : 13114,
               "height" : 1884.7537,
               "lla" : [ 119.09224519999999, -26.087711930000001, -250947.89129999999 ],
               "radarID" : 13114,
               "targetType" : 3,
               "trueID" : 817,
               "velocity" : [ 272.18778320000001, 95.258623549999996, 82.701906359999995 ]
            }
         ]
      }
   ],
   "terminator" : 0
}
