{
   "data" : [
      {
         "radarID" : 13107,
         "tracks" : [
            {
               "detectedID" : 1006,
               "detectedTime" : 1739.3,
               "entityID" : 13107,
               "height" : 5420.2817219999997,
               "lla" : [ 119.5002623, -26.375390549999999, -226225.43359999999 ],
               "radarID" : 13107,
               "targetType" : 3,
               "trueID" : 811,
               "velocity" : [ 271.62764679999998, 100.6556167, 78.018384690000005 ]
            }
         ]
      }
   ],
   "terminator" : 0
}
