{
   "data" : [
      {
         "radarID" : 12903,
         "tracks" : [
            {
               "detectedID" : 1002,
               "detectedTime" : 1746.45,
               "entityID" : 12903,
               "height" : 5010.1781080000001,
               "lla" : [ 119.6020884, -26.446320549999999, -202206.29380000001 ],
               "radarID" : 12903,
               "targetType" : 3,
               "trueID" : 793,
               "velocity" : [ 257.26282250000003, 49.054261629999999, 146.31992199999999 ]
            }
         ]
      },
      {
         "radarID" : 12917,
         "tracks" : [
            {
               "detectedID" : 1002,
               "detectedTime" : 1746.45,
               "entityID" : 12917,
               "height" : 3718.1500299999998,
               "lla" : [ 119.60193750000001, -26.44624662, -203448.10389999999 ],
               "radarID" : 12917,
               "targetType" : 3,
               "trueID" : 793,
               "velocity" : [ 257.26282250000003, 49.054261629999999, 146.31992199999999 ]
            }
         ]
      },
      {
         "radarID" : 12995,
         "tracks" : [
            {
               "detectedID" : 1004,
               "detectedTime" : 1746.45,
               "entityID" : 12995,
               "height" : 5340.4902249999996,
               "lla" : [ 119.79912419999999, -26.58281873, -143782.49909999999 ],
               "radarID" : 12995,
               "targetType" : 3,
               "trueID" : 799,
               "velocity" : [ -14.030597589999999, -167.69373619999999, 248.35851740000001 ]
            }
         ]
      },
      {
         "radarID" : 13093,
         "tracks" : [
            {
               "detectedID" : 1004,
               "detectedTime" : 1746.45,
               "entityID" : 13093,
               "height" : 75.467632289999997,
               "lla" : [ 119.7957165, -26.580567219999999, -148903.80170000001 ],
               "radarID" : 13093,
               "targetType" : 3,
               "trueID" : 799,
               "velocity" : [ -14.030597589999999, -167.69373619999999, 248.35851740000001 ]
            }
         ]
      }
   ],
   "terminator" : 0
}
