{
   "data" : [
      {
         "radarID" : 13030,
         "tracks" : [
            {
               "detectedID" : 1004,
               "detectedTime" : 1748.45,
               "entityID" : 13030,
               "height" : 3299.410167,
               "lla" : [ 119.8005273, -26.583856740000002, -146052.21950000001 ],
               "radarID" : 13030,
               "targetType" : 3,
               "trueID" : 799,
               "velocity" : [ -14.018311130000001, -167.71518739999999, 248.34472579999999 ]
            }
         ]
      },
      {
         "radarID" : 13037,
         "tracks" : [
            {
               "detectedID" : 1004,
               "detectedTime" : 1748.45,
               "entityID" : 13037,
               "height" : 3304.4507640000002,
               "lla" : [ 119.80058649999999, -26.583897660000002, -146037.21220000001 ],
               "radarID" : 13037,
               "targetType" : 3,
               "trueID" : 799,
               "velocity" : [ -14.018311130000001, -167.71518739999999, 248.34472579999999 ]
            }
         ]
      },
      {
         "radarID" : 13114,
         "tracks" : [
            {
               "detectedID" : 1005,
               "detectedTime" : 1748.45,
               "entityID" : 13114,
               "height" : 837.86930370000005,
               "lla" : [ 119.08886320000001, -26.08431685, -212306.0148 ],
               "radarID" : 13114,
               "targetType" : 3,
               "trueID" : 805,
               "velocity" : [ 270.93555609999999, 120.5701518, 45.351548379999997 ]
            }
         ]
      }
   ],
   "terminator" : 0
}
