{
   "data" : [
      {
         "radarID" : 12995,
         "tracks" : [
            {
               "detectedID" : 1002,
               "detectedTime" : 1757.3499999999999,
               "entityID" : 12995,
               "height" : 4646.2093809999997,
               "lla" : [ 119.5742333, -26.42682598, -204623.39129999999 ],
               "radarID" : 12995,
               "targetType" : 3,
               "trueID" : 793,
               "velocity" : [ 257.3285985, 48.938414080000001, 146.24303069999999 ]
            }
         ]
      }
   ],
   "terminator" : 0
}
