{
   "data" : [
      {
         "radarID" : 12995,
         "tracks" : [
            {
               "detectedID" : 1006,
               "detectedTime" : 1757.7,
               "entityID" : 12995,
               "height" : 5061.7403679999998,
               "lla" : [ 119.44558050000001, -26.336986490000001, -229540.52489999999 ],
               "radarID" : 12995,
               "targetType" : 3,
               "trueID" : 811,
               "velocity" : [ 271.73742170000003, 100.4606048, 77.887357940000001 ]
            }
         ]
      }
   ],
   "terminator" : 0
}
