{
   "data" : [
      {
         "radarID" : 12995,
         "tracks" : [
            {
               "detectedID" : 1001,
               "detectedTime" : 1757.75,
               "entityID" : 12995,
               "height" : 4745.1016339999996,
               "lla" : [ 119.0375919, -26.048901699999998, -251181.5692 ],
               "radarID" : 12995,
               "targetType" : 3,
               "trueID" : 817,
               "velocity" : [ 272.29782139999998, 95.059820070000001, 82.568317669999999 ]
            }
         ]
      },
      {
         "radarID" : 13002,
         "tracks" : [
            {
               "detectedID" : 1006,
               "detectedTime" : 1757.75,
               "entityID" : 13002,
               "height" : 2675.0263869999999,
               "lla" : [ 119.44446189999999, -26.336259389999999, -231887.00159999999 ],
               "radarID" : 13002,
               "targetType" : 3,
               "trueID" : 811,
               "velocity" : [ 271.73771970000001, 100.4600748, 77.887001810000001 ]
            },
            {
               "detectedID" : 1001,
               "detectedTime" : 1757.75,
               "entityID" : 13002,
               "height" : 3973.8172239999999,
               "lla" : [ 119.0371258, -26.048590229999999, -251946.72880000001 ],
               "radarID" : 13002,
               "targetType" : 3,
               "trueID" : 817,
               "velocity" : [ 272.29782139999998, 95.059820070000001, 82.568317669999999 ]
            }
         ]
      }
   ],
   "terminator" : 0
}
