{
   "data" : [
      {
         "radarID" : 12896,
         "tracks" : [
            {
               "detectedID" : 1001,
               "detectedTime" : 1763.8499999999999,
               "entityID" : 12896,
               "height" : 5164.2764139999999,
               "lla" : [ 119.01943180000001, -26.036009580000002, -251798.13769999999 ],
               "radarID" : 12896,
               "targetType" : 3,
               "trueID" : 817,
               "velocity" : [ 272.33367079999999, 94.994953789999997, 82.524726639999997 ]
            }
         ]
      }
   ],
   "terminator" : 0
}
