{
   "data" : [
      {
         "radarID" : 12924,
         "tracks" : [
            {
               "detectedID" : 1002,
               "detectedTime" : 1765.95,
               "entityID" : 12924,
               "height" : 4753.6427780000004,
               "lla" : [ 119.551968, -26.411224749999999, -206162.6587 ],
               "radarID" : 12924,
               "targetType" : 3,
               "trueID" : 793,
               "velocity" : [ 257.38044739999998, 48.847002430000003, 146.1823369 ]
            }
         ]
      }
   ],
   "terminator" : 0
}
