{
   "data" : [
      {
         "radarID" : 12924,
         "tracks" : [
            {
               "detectedID" : 1001,
               "detectedTime" : 1766.4000000000001,
               "entityID" : 12924,
               "height" : 4730.283539,
               "lla" : [ 119.0119262, -26.030694180000001, -252609.9197 ],
               "radarID" : 12924,
               "targetType" : 3,
               "trueID" : 817,
               "velocity" : [ 272.3486504, 94.967835239999999, 82.506502119999993 ]
            }
         ]
      }
   ],
   "terminator" : 0
}
