{
   "data" : [
      {
         "radarID" : 13107,
         "tracks" : [
            {
               "detectedID" : 1004,
               "detectedTime" : 1766.5999999999999,
               "entityID" : 13107,
               "height" : 5134.0918769999998,
               "lla" : [ 119.8191825, -26.59689719, -146349.74609999999 ],
               "radarID" : 13107,
               "targetType" : 3,
               "trueID" : 799,
               "velocity" : [ -13.90680643, -167.90978870000001, 248.2194666 ]
            }
         ]
      }
   ],
   "terminator" : 0
}
