{
   "data" : [
      {
         "radarID" : 12910,
         "tracks" : [
            {
               "detectedID" : 1006,
               "detectedTime" : 1766.7,
               "entityID" : 12910,
               "height" : 3833.4398350000001,
               "lla" : [ 119.41861040000001, -26.3180537, -232177.19889999999 ],
               "radarID" : 12910,
               "targetType" : 3,
               "trueID" : 811,
               "velocity" : [ 271.791042, 100.3651914, 77.823247429999995 ]
            }
         ]
      }
   ],
   "terminator" : 0
}
