{
   "data" : [
      {
         "radarID" : 13072,
         "tracks" : [
            {
               "detectedID" : 1004,
               "detectedTime" : 1767.5,
               "entityID" : 13072,
               "height" : 5001.2901080000001,
               "lla" : [ 119.819785, -26.597324090000001, -146587.9179 ],
               "radarID" : 13072,
               "targetType" : 3,
               "trueID" : 799,
               "velocity" : [ -13.90127704, -167.91943509999999, 248.2132507 ]
            }
         ]
      }
   ],
   "terminator" : 0
}
