{
   "data" : [
      {
         "radarID" : 13128,
         "tracks" : [
            {
               "detectedID" : 1004,
               "detectedTime" : 1769.8499999999999,
               "entityID" : 13128,
               "height" : 4847.3394600000001,
               "lla" : [ 119.8220666, -26.59892881, -147027.13529999999 ],
               "radarID" : 13128,
               "targetType" : 3,
               "trueID" : 799,
               "velocity" : [ -13.886839070000001, -167.9446216, 248.19701810000001 ]
            }
         ]
      }
   ],
   "terminator" : 0
}
