{
   "data" : [
      {
         "radarID" : 12910,
         "tracks" : [
            {
               "detectedID" : 1006,
               "detectedTime" : 1776.75,
               "entityID" : 12910,
               "height" : 3907.1247039999998,
               "lla" : [ 119.38862349999999, -26.296954150000001, -233729.326 ],
               "radarID" : 12910,
               "targetType" : 3,
               "trueID" : 811,
               "velocity" : [ 271.85086059999998, 100.25862530000001, 77.751640829999999 ]
            }
         ]
      },
      {
         "radarID" : 13107,
         "tracks" : [
            {
               "detectedID" : 1004,
               "detectedTime" : 1776.75,
               "entityID" : 13107,
               "height" : 4629.7966539999998,
               "lla" : [ 119.828039, -26.603125800000001, -148049.1342 ],
               "radarID" : 13107,
               "targetType" : 3,
               "trueID" : 799,
               "velocity" : [ -13.84444588, -168.01856119999999, 248.149339 ]
            }
         ]
      }
   ],
   "terminator" : 0
}
