{
   "data" : [
      {
         "radarID" : 12910,
         "tracks" : [
            {
               "detectedID" : 1001,
               "detectedTime" : 1776.9000000000001,
               "entityID" : 12910,
               "height" : 5066.4408219999996,
               "lla" : [ 118.98053109999999, -26.00839929, -254009.9601 ],
               "radarID" : 12910,
               "targetType" : 3,
               "trueID" : 817,
               "velocity" : [ 272.41028999999997, 94.856156189999993, 82.431447349999999 ]
            }
         ]
      }
   ],
   "terminator" : 0
}
