{
   "data" : [
      {
         "radarID" : 13009,
         "tracks" : [
            {
               "detectedID" : 1002,
               "detectedTime" : 1777.6500000000001,
               "entityID" : 13009,
               "height" : 2748.7163430000001,
               "lla" : [ 119.52115689999999, -26.3896759, -210357.6599 ],
               "radarID" : 13009,
               "targetType" : 3,
               "trueID" : 793,
               "velocity" : [ 257.45091860000002, 48.722627330000002, 146.0997265 ]
            }
         ]
      },
      {
         "radarID" : 13016,
         "tracks" : [
            {
               "detectedID" : 1002,
               "detectedTime" : 1777.6500000000001,
               "entityID" : 13016,
               "height" : 2809.1880700000002,
               "lla" : [ 119.5212667, -26.389751459999999, -210292.95360000001 ],
               "radarID" : 13016,
               "targetType" : 3,
               "trueID" : 793,
               "velocity" : [ 257.45091860000002, 48.722627330000002, 146.0997265 ]
            }
         ]
      }
   ],
   "terminator" : 0
}
