{
   "data" : [
      {
         "radarID" : 12896,
         "tracks" : [
            {
               "detectedID" : 1006,
               "detectedTime" : 1783.7,
               "entityID" : 12896,
               "height" : 5396.5210459999998,
               "lla" : [ 119.36833900000001, -26.28263827, -233417.0624 ],
               "radarID" : 12896,
               "targetType" : 3,
               "trueID" : 811,
               "velocity" : [ 271.89219220000001, 100.1849173, 77.702111630000005 ]
            }
         ]
      }
   ],
   "terminator" : 0
}
