{
   "data" : [
      {
         "radarID" : 12889,
         "tracks" : [
            {
               "detectedID" : 1001,
               "detectedTime" : 1793.8,
               "entityID" : 12889,
               "height" : 3524.640402,
               "lla" : [ 118.9313817, -25.973517319999999, -258200.5577 ],
               "radarID" : 12889,
               "targetType" : 3,
               "trueID" : 817,
               "velocity" : [ 272.50936150000001, 94.676357379999999, 82.310602189999997 ]
            }
         ]
      }
   ],
   "terminator" : 0
}
