{
   "data" : [
      {
         "radarID" : 12910,
         "tracks" : [
            {
               "detectedID" : 1002,
               "detectedTime" : 1806.55,
               "entityID" : 12910,
               "height" : 4298.1461170000002,
               "lla" : [ 119.4477107, -26.338093539999999, -214315.14050000001 ],
               "radarID" : 12910,
               "targetType" : 3,
               "trueID" : 793,
               "velocity" : [ 257.62465509999998, 48.415347269999998, 145.89548060000001 ]
            }
         ]
      },
      {
         "radarID" : 12917,
         "tracks" : [
            {
               "detectedID" : 1002,
               "detectedTime" : 1806.55,
               "entityID" : 12917,
               "height" : 3930.1156820000001,
               "lla" : [ 119.44734080000001, -26.337842269999999, -214673.8683 ],
               "radarID" : 12917,
               "targetType" : 3,
               "trueID" : 793,
               "velocity" : [ 257.62465509999998, 48.415347269999998, 145.89548060000001 ]
            }
         ]
      },
      {
         "radarID" : 12995,
         "tracks" : [
            {
               "detectedID" : 1004,
               "detectedTime" : 1806.55,
               "entityID" : 12995,
               "height" : 5279.0110780000005,
               "lla" : [ 119.8581641, -26.62422969, -150931.5361 ],
               "radarID" : 12995,
               "targetType" : 3,
               "trueID" : 799,
               "velocity" : [ -13.661341609999999, -168.33768810000001, 247.94311949999999 ]
            }
         ]
      }
   ],
   "terminator" : 0
}
