{
   "data" : [
      {
         "radarID" : 12995,
         "tracks" : [
            {
               "detectedID" : 1001,
               "detectedTime" : 1807.75,
               "entityID" : 12995,
               "height" : 5979.9978060000003,
               "lla" : [ 118.8898489, -25.943918759999999, -258149.07999999999 ],
               "radarID" : 12995,
               "targetType" : 3,
               "trueID" : 817,
               "velocity" : [ 272.59101029999999, 94.527898289999996, 82.210811609999993 ]
            }
         ]
      },
      {
         "radarID" : 13002,
         "tracks" : [
            {
               "detectedID" : 1006,
               "detectedTime" : 1807.75,
               "entityID" : 13002,
               "height" : 3120.8111739999999,
               "lla" : [ 119.2959944, -26.231715170000001, -239507.86410000001 ],
               "radarID" : 13002,
               "targetType" : 3,
               "trueID" : 811,
               "velocity" : [ 272.0349938, 99.929773920000002, 77.530654920000003 ]
            }
         ]
      }
   ],
   "terminator" : 0
}
