{
   "data" : [
      {
         "radarID" : 13093,
         "tracks" : [
            {
               "detectedID" : 1006,
               "detectedTime" : 1809.0999999999999,
               "entityID" : 13093,
               "height" : 1496.5209339999999,
               "lla" : [ 119.2920118, -26.2289484, -241346.2273 ],
               "radarID" : 13093,
               "targetType" : 3,
               "trueID" : 811,
               "velocity" : [ 272.04299939999999, 99.915448179999999, 77.521027579999995 ]
            }
         ]
      }
   ],
   "terminator" : 0
}
