{
   "data" : [
      {
         "radarID" : 13023,
         "tracks" : [
            {
               "detectedID" : 1004,
               "detectedTime" : 1809.2,
               "entityID" : 13023,
               "height" : 5007.1084989999999,
               "lla" : [ 119.8606868, -26.6260054, -151529.72529999999 ],
               "radarID" : 13023,
               "targetType" : 3,
               "trueID" : 799,
               "velocity" : [ -13.64505769, -168.36605059999999, 247.9247575 ]
            }
         ]
      },
      {
         "radarID" : 13114,
         "tracks" : [
            {
               "detectedID" : 1006,
               "detectedTime" : 1809.2,
               "entityID" : 13114,
               "height" : 1565.6963350000001,
               "lla" : [ 119.2918129, -26.22880657, -241296.22510000001 ],
               "radarID" : 13114,
               "targetType" : 3,
               "trueID" : 811,
               "velocity" : [ 272.0435923, 99.914386989999997, 77.520314429999999 ]
            }
         ]
      }
   ],
   "terminator" : 0
}
