{
   "data" : [
      {
         "radarID" : 12896,
         "tracks" : [
            {
               "detectedID" : 1006,
               "detectedTime" : 1813.75,
               "entityID" : 12896,
               "height" : 5376.0228559999996,
               "lla" : [ 119.2786973, -26.219458979999999, -238308.3278 ],
               "radarID" : 12896,
               "targetType" : 3,
               "trueID" : 811,
               "velocity" : [ 272.0705658, 99.866100880000005, 77.487864329999994 ]
            }
         ]
      }
   ],
   "terminator" : 0
}
