{
   "data" : [
      {
         "radarID" : 12917,
         "tracks" : [
            {
               "detectedID" : 1001,
               "detectedTime" : 1817.0,
               "entityID" : 12917,
               "height" : 5095.912018,
               "lla" : [ 118.8621101, -25.924197729999999, -260514.59880000001 ],
               "radarID" : 12917,
               "targetType" : 3,
               "trueID" : 817,
               "velocity" : [ 272.6450858, 94.429435100000006, 82.144622440000006 ]
            }
         ]
      }
   ],
   "terminator" : 0
}
