{
   "data" : [
      {
         "radarID" : 12995,
         "tracks" : [
            {
               "detectedID" : 1005,
               "detectedTime" : 1817.25,
               "entityID" : 12995,
               "height" : 5415.8417330000002,
               "lla" : [ 118.88022580000001, -25.936015080000001, -217569.0716 ],
               "radarID" : 12995,
               "targetType" : 3,
               "trueID" : 805,
               "velocity" : [ 271.34219350000001, 119.83371030000001, 44.869765829999999 ]
            }
         ]
      }
   ],
   "terminator" : 0
}
