{
   "data" : [
      {
         "radarID" : 13023,
         "tracks" : [
            {
               "detectedID" : 1004,
               "detectedTime" : 432.25,
               "entityID" : 13023,
               "height" : 4962.199611,
               "lla" : [ 122.5998503, -28.47468636, 27762.326089999999 ],
               "radarID" : 13023,
               "targetType" : 3,
               "trueID" : 799,
               "velocity" : [ 116.6201567, -90.418017039999995, 261.19785839999997 ]
            }
         ]
      }
   ],
   "terminator" : 0
}
