{
   "data" : [
      {
         "radarID" : 12995,
         "tracks" : [
            {
               "detectedID" : 1006,
               "detectedTime" : 1817.7,
               "entityID" : 12995,
               "height" : 5929.9671740000003,
               "lla" : [ 119.267233, -26.211355659999999, -238380.17739999999 ],
               "radarID" : 12995,
               "targetType" : 3,
               "trueID" : 811,
               "velocity" : [ 272.09397230000002, 99.82417848, 77.459690469999998 ]
            }
         ]
      },
      {
         "radarID" : 13009,
         "tracks" : [
            {
               "detectedID" : 1002,
               "detectedTime" : 1817.7,
               "entityID" : 13009,
               "height" : 3070.0631920000001,
               "lla" : [ 119.41820869999999, -26.317395470000001, -217659.24969999999 ],
               "radarID" : 13009,
               "targetType" : 3,
               "trueID" : 793,
               "velocity" : [ 257.69155799999999, 48.296770610000003, 145.8166071 ]
            }
         ]
      },
      {
         "radarID" : 13016,
         "tracks" : [
            {
               "detectedID" : 1002,
               "detectedTime" : 1817.7,
               "entityID" : 13016,
               "height" : 3133.9504160000001,
               "lla" : [ 119.4185694, -26.317647470000001, -217574.0068 ],
               "radarID" : 13016,
               "targetType" : 3,
               "trueID" : 793,
               "velocity" : [ 257.69155799999999, 48.296770610000003, 145.8166071 ]
            }
         ]
      }
   ],
   "terminator" : 0
}
