{
   "data" : [
      {
         "radarID" : 13114,
         "tracks" : [
            {
               "detectedID" : 1004,
               "detectedTime" : 1818.75,
               "entityID" : 13114,
               "height" : 17.423986620000001,
               "lla" : [ 119.86397839999999, -26.628468909999999, -158073.8279 ],
               "radarID" : 13114,
               "targetType" : 3,
               "trueID" : 799,
               "velocity" : [ -13.58637257, -168.4682406, 247.85855319999999 ]
            }
         ]
      }
   ],
   "terminator" : 0
}
