{
   "data" : [
      {
         "radarID" : 13114,
         "tracks" : [
            {
               "detectedID" : 1001,
               "detectedTime" : 1818.9000000000001,
               "entityID" : 13114,
               "height" : 2388.9889950000002,
               "lla" : [ 118.8561586, -25.920028030000001, -263462.17019999999 ],
               "radarID" : 13114,
               "targetType" : 3,
               "trueID" : 817,
               "velocity" : [ 272.6561868, 94.409208000000007, 82.131024870000005 ]
            }
         ]
      }
   ],
   "terminator" : 0
}
