{
   "data" : [
      {
         "radarID" : 13114,
         "tracks" : [
            {
               "detectedID" : 1002,
               "detectedTime" : 1819.1500000000001,
               "entityID" : 13114,
               "height" : 923.04767600000002,
               "lla" : [ 119.4146138, -26.31492386, -220059.61629999999 ],
               "radarID" : 13114,
               "targetType" : 3,
               "trueID" : 793,
               "velocity" : [ 257.7002531, 48.281349349999999, 145.80634699999999 ]
            }
         ]
      }
   ],
   "terminator" : 0
}
