{
   "data" : [
      {
         "radarID" : 12889,
         "tracks" : [
            {
               "detectedID" : 1001,
               "detectedTime" : 1823.8499999999999,
               "entityID" : 12889,
               "height" : 3273.8110630000001,
               "lla" : [ 118.8425666, -25.910325319999998, -263314.09000000003 ],
               "radarID" : 12889,
               "targetType" : 3,
               "trueID" : 817,
               "velocity" : [ 272.68509769999997, 94.356507519999994, 82.095596509999993 ]
            }
         ]
      }
   ],
   "terminator" : 0
}
