{
   "data" : [
      {
         "radarID" : 13009,
         "tracks" : [
            {
               "detectedID" : 1006,
               "detectedTime" : 1827.95,
               "entityID" : 13009,
               "height" : 3848.951305,
               "lla" : [ 119.2360623, -26.18940306, -242062.3438 ],
               "radarID" : 13009,
               "targetType" : 3,
               "trueID" : 811,
               "velocity" : [ 272.15466679999997, 99.715376539999994, 77.386568580000002 ]
            }
         ]
      },
      {
         "radarID" : 13016,
         "tracks" : [
            {
               "detectedID" : 1006,
               "detectedTime" : 1827.95,
               "entityID" : 13016,
               "height" : 3924.4369590000001,
               "lla" : [ 119.2362562, -26.189537990000002, -241975.01079999999 ],
               "radarID" : 13016,
               "targetType" : 3,
               "trueID" : 811,
               "velocity" : [ 272.15466679999997, 99.715376539999994, 77.386568580000002 ]
            }
         ]
      }
   ],
   "terminator" : 0
}
