{
   "data" : [
      {
         "radarID" : 13058,
         "tracks" : [
            {
               "detectedID" : 1004,
               "detectedTime" : 1828.3499999999999,
               "entityID" : 13058,
               "height" : 5002.8548650000002,
               "lla" : [ 119.87965389999999, -26.639295829999998, -153779.90909999999 ],
               "radarID" : 13058,
               "targetType" : 3,
               "trueID" : 799,
               "velocity" : [ -13.527377749999999, -168.57093090000001, 247.7919517 ]
            }
         ]
      },
      {
         "radarID" : 13072,
         "tracks" : [
            {
               "detectedID" : 1002,
               "detectedTime" : 1828.3499999999999,
               "entityID" : 13072,
               "height" : 5003.8203940000003,
               "lla" : [ 119.3917304, -26.298732869999998, -217773.28690000001 ],
               "radarID" : 13072,
               "targetType" : 3,
               "trueID" : 793,
               "velocity" : [ 257.75539479999998, 48.183498810000003, 145.74123270000001 ]
            }
         ]
      },
      {
         "radarID" : 13079,
         "tracks" : [
            {
               "detectedID" : 1004,
               "detectedTime" : 1828.3499999999999,
               "entityID" : 13079,
               "height" : 5002.2452439999997,
               "lla" : [ 119.8796454, -26.639289900000001, -153780.46299999999 ],
               "radarID" : 13079,
               "targetType" : 3,
               "trueID" : 799,
               "velocity" : [ -13.527377749999999, -168.57093090000001, 247.7919517 ]
            }
         ]
      },
      {
         "radarID" : 13086,
         "tracks" : [
            {
               "detectedID" : 1004,
               "detectedTime" : 1828.3499999999999,
               "entityID" : 13086,
               "height" : 5002.3361409999998,
               "lla" : [ 119.8796459, -26.639290219999999, -153780.39449999999 ],
               "radarID" : 13086,
               "targetType" : 3,
               "trueID" : 799,
               "velocity" : [ -13.527377749999999, -168.57093090000001, 247.7919517 ]
            }
         ]
      }
   ],
   "terminator" : 0
}
