{
   "data" : [
      {
         "radarID" : 13009,
         "tracks" : [
            {
               "detectedID" : 1006,
               "detectedTime" : 433.05000000000001,
               "entityID" : 13009,
               "height" : 3052.5511160000001,
               "lla" : [ 123.3393087, -28.956056400000001, -11533.550209999999 ],
               "radarID" : 13009,
               "targetType" : 3,
               "trueID" : 811,
               "velocity" : [ 263.32072890000001, 114.30016259999999, 87.164594510000001 ]
            }
         ]
      },
      {
         "radarID" : 13016,
         "tracks" : [
            {
               "detectedID" : 1006,
               "detectedTime" : 433.05000000000001,
               "entityID" : 13016,
               "height" : 2984.3226960000002,
               "lla" : [ 123.3393636, -28.956093379999999, -11597.26953 ],
               "radarID" : 13016,
               "targetType" : 3,
               "trueID" : 811,
               "velocity" : [ 263.32072890000001, 114.30016259999999, 87.164594510000001 ]
            }
         ]
      }
   ],
   "terminator" : 0
}
