{
   "data" : [
      {
         "radarID" : 13002,
         "tracks" : [
            {
               "detectedID" : 1005,
               "detectedTime" : 1837.3,
               "entityID" : 13002,
               "height" : 4715.264236,
               "lla" : [ 118.8188954, -25.89234244, -221081.63560000001 ],
               "radarID" : 13002,
               "targetType" : 3,
               "trueID" : 805,
               "velocity" : [ 271.46016530000003, 119.6188564, 44.729272659999999 ]
            }
         ]
      }
   ],
   "terminator" : 0
}
