{
   "data" : [
      {
         "radarID" : 13065,
         "tracks" : [
            {
               "detectedID" : 1004,
               "detectedTime" : 1838.25,
               "entityID" : 13065,
               "height" : 5000.7433719999999,
               "lla" : [ 119.889534, -26.646216599999999, -154946.44620000001 ],
               "radarID" : 13065,
               "targetType" : 3,
               "trueID" : 799,
               "velocity" : [ -13.46653678, -168.67679369999999, 247.72321579999999 ]
            }
         ]
      }
   ],
   "terminator" : 0
}
