{
   "data" : [
      {
         "radarID" : 13009,
         "tracks" : [
            {
               "detectedID" : 1004,
               "detectedTime" : 1847.0,
               "entityID" : 13009,
               "height" : 1956.7861109999999,
               "lla" : [ 119.89692650000001, -26.651474449999998, -158980.97289999999 ],
               "radarID" : 13009,
               "targetType" : 3,
               "trueID" : 799,
               "velocity" : [ -13.41276105, -168.77032840000001, 247.66241969999999 ]
            }
         ]
      },
      {
         "radarID" : 13016,
         "tracks" : [
            {
               "detectedID" : 1004,
               "detectedTime" : 1847.0,
               "entityID" : 13016,
               "height" : 1993.6139290000001,
               "lla" : [ 119.8971748, -26.651646499999998, -158936.52830000001 ],
               "radarID" : 13016,
               "targetType" : 3,
               "trueID" : 799,
               "velocity" : [ -13.41276105, -168.77032840000001, 247.66241969999999 ]
            }
         ]
      }
   ],
   "terminator" : 0
}
