{
   "data" : [
      {
         "radarID" : 12995,
         "tracks" : [
            {
               "detectedID" : 1006,
               "detectedTime" : 1847.7,
               "entityID" : 12995,
               "height" : 5623.8124690000004,
               "lla" : [ 119.1779471, -26.14829353, -243499.34659999999 ],
               "radarID" : 12995,
               "targetType" : 3,
               "trueID" : 811,
               "velocity" : [ 272.27143699999999, 99.505668900000003, 77.245624269999993 ]
            }
         ]
      }
   ],
   "terminator" : 0
}
