{
   "data" : [
      {
         "radarID" : 13093,
         "tracks" : [
            {
               "detectedID" : 1004,
               "detectedTime" : 1848.45,
               "entityID" : 13093,
               "height" : 27.522006090000001,
               "lla" : [ 119.89369929999999, -26.649287009999998, -161443.41639999999 ],
               "radarID" : 13093,
               "targetType" : 3,
               "trueID" : 799,
               "velocity" : [ -13.40384944, -168.78582560000001, 247.65234079999999 ]
            }
         ]
      }
   ],
   "terminator" : 0
}
