{
   "data" : [
      {
         "radarID" : 13107,
         "tracks" : [
            {
               "detectedID" : 1001,
               "detectedTime" : 1858.8,
               "entityID" : 13107,
               "height" : 5112.3295749999997,
               "lla" : [ 118.73864, -25.836173779999999, -267281.36989999999 ],
               "radarID" : 13107,
               "targetType" : 3,
               "trueID" : 817,
               "velocity" : [ 272.88880790000002, 93.984263490000004, 81.845322139999993 ]
            }
         ]
      }
   ],
   "terminator" : 0
}
