{
   "data" : [
      {
         "radarID" : 13107,
         "tracks" : [
            {
               "detectedID" : 1004,
               "detectedTime" : 1859.05,
               "entityID" : 13107,
               "height" : 5576.5588749999997,
               "lla" : [ 119.9108897, -26.661152269999999, -156747.81529999999 ],
               "radarID" : 13107,
               "targetType" : 3,
               "trueID" : 799,
               "velocity" : [ -13.33870089, -168.8990915, 247.5786258 ]
            },
            {
               "detectedID" : 1006,
               "detectedTime" : 1859.05,
               "entityID" : 13107,
               "height" : 5196.9605810000003,
               "lla" : [ 119.14413589999999, -26.124388159999999, -245732.22959999999 ],
               "radarID" : 13107,
               "targetType" : 3,
               "trueID" : 811,
               "velocity" : [ 272.33843680000001, 99.385114770000001, 77.164595599999998 ]
            }
         ]
      }
   ],
   "terminator" : 0
}
