{
   "data" : [
      {
         "radarID" : 12896,
         "tracks" : [
            {
               "detectedID" : 1006,
               "detectedTime" : 1863.8,
               "entityID" : 12896,
               "height" : 5358.019859,
               "lla" : [ 119.13000150000001, -26.114381269999999, -246345.51800000001 ],
               "radarID" : 12896,
               "targetType" : 3,
               "trueID" : 811,
               "velocity" : [ 272.36645340000001, 99.334654240000006, 77.130678360000005 ]
            }
         ]
      }
   ],
   "terminator" : 0
}
