{
   "data" : [
      {
         "radarID" : 13065,
         "tracks" : [
            {
               "detectedID" : 1004,
               "detectedTime" : 1868.3499999999999,
               "entityID" : 13065,
               "height" : 5002.432871,
               "lla" : [ 119.9191127, -26.666929119999999, -158529.91409999999 ],
               "radarID" : 13065,
               "targetType" : 3,
               "trueID" : 799,
               "velocity" : [ -13.28153983, -168.9984312, 247.51390050000001 ]
            }
         ]
      }
   ],
   "terminator" : 0
}
