{
   "data" : [
      {
         "radarID" : 13114,
         "tracks" : [
            {
               "detectedID" : 1002,
               "detectedTime" : 1869.05,
               "entityID" : 13114,
               "height" : 1169.6332090000001,
               "lla" : [ 119.28613319999999, -26.22448185, -229286.19510000001 ],
               "radarID" : 13114,
               "targetType" : 3,
               "trueID" : 793,
               "velocity" : [ 257.99875960000003, 47.750506819999998, 145.4528416 ]
            }
         ]
      }
   ],
   "terminator" : 0
}
