{
   "data" : [
      {
         "radarID" : 13107,
         "tracks" : [
            {
               "detectedID" : 1004,
               "detectedTime" : 1879.4000000000001,
               "entityID" : 13107,
               "height" : 5145.0305010000002,
               "lla" : [ 119.93010750000001, -26.674620319999999, -159685.3161 ],
               "radarID" : 13107,
               "targetType" : 3,
               "trueID" : 799,
               "velocity" : [ -13.21361974, -169.11642119999999, 247.43693400000001 ]
            }
         ]
      },
      {
         "radarID" : 13135,
         "tracks" : [
            {
               "detectedID" : 1004,
               "detectedTime" : 1879.4000000000001,
               "entityID" : 13135,
               "height" : 3147.2802750000001,
               "lla" : [ 119.929742, -26.67441715, -161701.1238 ],
               "radarID" : 13135,
               "targetType" : 3,
               "trueID" : 799,
               "velocity" : [ -13.21361974, -169.11642119999999, 247.43693400000001 ]
            }
         ]
      },
      {
         "radarID" : 13142,
         "tracks" : [
            {
               "detectedID" : 1004,
               "detectedTime" : 1879.4000000000001,
               "entityID" : 13142,
               "height" : 5001.1764569999996,
               "lla" : [ 119.930128, -26.674637669999999, -159805.0111 ],
               "radarID" : 13142,
               "targetType" : 3,
               "trueID" : 799,
               "velocity" : [ -13.21361974, -169.11642119999999, 247.43693400000001 ]
            }
         ]
      }
   ],
   "terminator" : 0
}
