{
   "data" : [
      {
         "radarID" : 13051,
         "tracks" : [
            {
               "detectedID" : 1001,
               "detectedTime" : 441.64999999999998,
               "entityID" : 13051,
               "height" : 2041.3205069999999,
               "lla" : [ 122.8835794, -28.661550080000001, -33097.319819999997 ],
               "radarID" : 13051,
               "targetType" : 3,
               "trueID" : 817,
               "velocity" : [ 264.04533470000001, 108.864289, 91.807558619999995 ]
            }
         ]
      },
      {
         "radarID" : 13058,
         "tracks" : [
            {
               "detectedID" : 1001,
               "detectedTime" : 441.64999999999998,
               "entityID" : 13058,
               "height" : 5795.1945230000001,
               "lla" : [ 122.882341, -28.660648370000001, -29381.648509999999 ],
               "radarID" : 13058,
               "targetType" : 3,
               "trueID" : 817,
               "velocity" : [ 264.04533470000001, 108.864289, 91.807558619999995 ]
            }
         ]
      }
   ],
   "terminator" : 0
}
