{
   "data" : [
      {
         "radarID" : 12995,
         "tracks" : [
            {
               "detectedID" : 1002,
               "detectedTime" : 1887.55,
               "entityID" : 12995,
               "height" : 4659.9680969999999,
               "lla" : [ 119.2392059, -26.191298719999999, -229345.7843 ],
               "radarID" : 12995,
               "targetType" : 3,
               "trueID" : 793,
               "velocity" : [ 258.10906920000002, 47.553632630000003, 145.3215759 ]
            }
         ]
      }
   ],
   "terminator" : 0
}
