{
   "data" : [
      {
         "radarID" : 13114,
         "tracks" : [
            {
               "detectedID" : 1005,
               "detectedTime" : 1888.25,
               "entityID" : 13114,
               "height" : 1595.7484850000001,
               "lla" : [ 118.6621892, -25.780521740000001, -231358.6525 ],
               "radarID" : 13114,
               "targetType" : 3,
               "trueID" : 805,
               "velocity" : [ 271.75886750000001, 119.0724013, 44.372076819999997 ]
            }
         ]
      }
   ],
   "terminator" : 0
}
