{
   "data" : [
      {
         "radarID" : 13135,
         "tracks" : [
            {
               "detectedID" : 1004,
               "detectedTime" : 1889.45,
               "entityID" : 13135,
               "height" : 3221.6130029999999,
               "lla" : [ 119.9396836, -26.681372100000001, -162825.0405 ],
               "radarID" : 13135,
               "targetType" : 3,
               "trueID" : 799,
               "velocity" : [ -13.151843530000001, -169.22369320000001, 247.36687470000001 ]
            }
         ]
      }
   ],
   "terminator" : 0
}
