{
   "data" : [
      {
         "radarID" : 12896,
         "tracks" : [
            {
               "detectedID" : 1001,
               "detectedTime" : 1894.0,
               "entityID" : 12896,
               "height" : 5104.9856449999997,
               "lla" : [ 118.6344055, -25.761679059999999, -272995.95209999999 ],
               "radarID" : 12896,
               "targetType" : 3,
               "trueID" : 817,
               "velocity" : [ 273.09323419999998, 93.609096620000003, 81.593029560000005 ]
            }
         ]
      }
   ],
   "terminator" : 0
}
