{
   "data" : [
      {
         "radarID" : 13002,
         "tracks" : [
            {
               "detectedID" : 1002,
               "detectedTime" : 1897.5999999999999,
               "entityID" : 13002,
               "height" : 3312.8989310000002,
               "lla" : [ 119.2126741, -26.172604849999999, -232574.61619999999 ],
               "radarID" : 13002,
               "targetType" : 3,
               "trueID" : 793,
               "velocity" : [ 258.16891279999999, 47.446666229999998, 145.25021960000001 ]
            }
         ]
      }
   ],
   "terminator" : 0
}
