{
   "data" : [
      {
         "radarID" : 13093,
         "tracks" : [
            {
               "detectedID" : 1005,
               "detectedTime" : 1898.0999999999999,
               "entityID" : 13093,
               "height" : 1742.908903,
               "lla" : [ 118.6320944, -25.758984680000001, -232600.1151 ],
               "radarID" : 13093,
               "targetType" : 3,
               "trueID" : 805,
               "velocity" : [ 271.81643550000001, 118.9666775, 44.302991220000003 ]
            }
         ]
      }
   ],
   "terminator" : 0
}
