{
   "data" : [
      {
         "radarID" : 12889,
         "tracks" : [
            {
               "detectedID" : 1001,
               "detectedTime" : 1903.95,
               "entityID" : 12889,
               "height" : 2665.528691,
               "lla" : [ 118.60536999999999, -25.740957439999999, -276891.51189999998 ],
               "radarID" : 12889,
               "targetType" : 3,
               "trueID" : 817,
               "velocity" : [ 273.15088470000001, 93.503000569999998, 81.521672339999995 ]
            }
         ]
      }
   ],
   "terminator" : 0
}
