{
   "data" : [
      {
         "radarID" : 13002,
         "tracks" : [
            {
               "detectedID" : 1002,
               "detectedTime" : 1907.5999999999999,
               "entityID" : 13002,
               "height" : 3397.1149049999999,
               "lla" : [ 119.1868535, -26.154367610000001, -234395.8224 ],
               "radarID" : 13002,
               "targetType" : 3,
               "trueID" : 793,
               "velocity" : [ 258.22840200000002, 47.34022083, 145.17918549999999 ]
            }
         ]
      }
   ],
   "terminator" : 0
}
