{
   "data" : [
      {
         "radarID" : 13002,
         "tracks" : [
            {
               "detectedID" : 1006,
               "detectedTime" : 1907.8,
               "entityID" : 13002,
               "height" : 4118.6375109999999,
               "lla" : [ 118.9985499, -26.021233070000001, -254600.56630000001 ],
               "radarID" : 13002,
               "targetType" : 3,
               "trueID" : 811,
               "velocity" : [ 272.62533059999998, 98.866996619999995, 76.816314109999993 ]
            }
         ]
      },
      {
         "radarID" : 13009,
         "tracks" : [
            {
               "detectedID" : 1002,
               "detectedTime" : 1907.8,
               "entityID" : 13009,
               "height" : 3874.074286,
               "lla" : [ 119.18666210000001, -26.154220760000001, -233958.8848 ],
               "radarID" : 13009,
               "targetType" : 3,
               "trueID" : 793,
               "velocity" : [ 258.22959120000002, 47.338091810000002, 145.17776449999999 ]
            }
         ]
      },
      {
         "radarID" : 13016,
         "tracks" : [
            {
               "detectedID" : 1002,
               "detectedTime" : 1907.8,
               "entityID" : 13016,
               "height" : 3949.4748340000001,
               "lla" : [ 119.18644810000001, -26.15406772, -233903.29699999999 ],
               "radarID" : 13016,
               "targetType" : 3,
               "trueID" : 793,
               "velocity" : [ 258.22959120000002, 47.338091810000002, 145.17776449999999 ]
            }
         ]
      }
   ],
   "terminator" : 0
}
