{
   "data" : [
      {
         "radarID" : 13107,
         "tracks" : [
            {
               "detectedID" : 1001,
               "detectedTime" : 1908.75,
               "entityID" : 13107,
               "height" : 4987.6617550000001,
               "lla" : [ 118.5906457, -25.730357179999999, -275502.33069999999 ],
               "radarID" : 13107,
               "targetType" : 3,
               "trueID" : 817,
               "velocity" : [ 273.17867480000001, 93.451811059999997, 81.487242179999996 ]
            }
         ]
      }
   ],
   "terminator" : 0
}
