{
   "data" : [
      {
         "radarID" : 12889,
         "tracks" : [
            {
               "detectedID" : 1006,
               "detectedTime" : 1913.8,
               "entityID" : 12889,
               "height" : 3643.7607499999999,
               "lla" : [ 118.9815698, -26.009188630000001, -255954.05669999999 ],
               "radarID" : 12889,
               "targetType" : 3,
               "trueID" : 811,
               "velocity" : [ 272.66054179999998, 98.803192480000007, 76.773420630000004 ]
            },
            {
               "detectedID" : 1002,
               "detectedTime" : 1913.8,
               "entityID" : 12889,
               "height" : 4740.5209269999996,
               "lla" : [ 119.17144639999999, -26.14344955, -234283.34299999999 ],
               "radarID" : 12889,
               "targetType" : 3,
               "trueID" : 793,
               "velocity" : [ 258.2652569, 47.274219029999998, 145.13512779999999 ]
            }
         ]
      }
   ],
   "terminator" : 0
}
