{
   "data" : [
      {
         "radarID" : 13002,
         "tracks" : [
            {
               "detectedID" : 1006,
               "detectedTime" : 1917.8,
               "entityID" : 13002,
               "height" : 4226.0713859999996,
               "lla" : [ 118.96880729999999, -26.00011027, -256096.03339999999 ],
               "radarID" : 13002,
               "targetType" : 3,
               "trueID" : 811,
               "velocity" : [ 272.68400389999999, 98.760652039999997, 76.744821560000005 ]
            }
         ]
      },
      {
         "radarID" : 13009,
         "tracks" : [
            {
               "detectedID" : 1002,
               "detectedTime" : 1917.8,
               "entityID" : 13009,
               "height" : 3969.774997,
               "lla" : [ 119.16107890000001, -26.136140470000001, -235748.7868 ],
               "radarID" : 13009,
               "targetType" : 3,
               "trueID" : 793,
               "velocity" : [ 258.28902269999998, 47.231634909999997, 145.10669669999999 ]
            }
         ]
      },
      {
         "radarID" : 13016,
         "tracks" : [
            {
               "detectedID" : 1002,
               "detectedTime" : 1917.8,
               "entityID" : 13016,
               "height" : 4045.763606,
               "lla" : [ 119.16098940000001, -26.136075340000001, -235683.31450000001 ],
               "radarID" : 13016,
               "targetType" : 3,
               "trueID" : 793,
               "velocity" : [ 258.28902269999998, 47.231634909999997, 145.10669669999999 ]
            }
         ]
      }
   ],
   "terminator" : 0
}
