{
   "data" : [
      {
         "radarID" : 13072,
         "tracks" : [
            {
               "detectedID" : 1004,
               "detectedTime" : 1918.05,
               "entityID" : 13072,
               "height" : 5000.7421759999997,
               "lla" : [ 119.96822, -26.701286549999999, -164459.85949999999 ],
               "radarID" : 13072,
               "targetType" : 3,
               "trueID" : 799,
               "velocity" : [ -12.97602841, -169.52875449999999, 247.1671987 ]
            }
         ]
      }
   ],
   "terminator" : 0
}
