{
   "data" : [
      {
         "radarID" : 13058,
         "tracks" : [
            {
               "detectedID" : 1004,
               "detectedTime" : 1918.5999999999999,
               "entityID" : 13058,
               "height" : 5006.9176820000002,
               "lla" : [ 119.968643, -26.701582899999998, -164533.3548 ],
               "radarID" : 13058,
               "targetType" : 3,
               "trueID" : 799,
               "velocity" : [ -12.97264715, -169.53461799999999, 247.16335430000001 ]
            }
         ]
      },
      {
         "radarID" : 13079,
         "tracks" : [
            {
               "detectedID" : 1004,
               "detectedTime" : 1918.5999999999999,
               "entityID" : 13079,
               "height" : 5002.7861149999999,
               "lla" : [ 119.9687424, -26.70165197, -164526.54639999999 ],
               "radarID" : 13079,
               "targetType" : 3,
               "trueID" : 799,
               "velocity" : [ -12.97264715, -169.53461799999999, 247.16335430000001 ]
            }
         ]
      },
      {
         "radarID" : 13086,
         "tracks" : [
            {
               "detectedID" : 1004,
               "detectedTime" : 1918.5999999999999,
               "entityID" : 13086,
               "height" : 5001.501225,
               "lla" : [ 119.96878390000001, -26.70168078, -164523.64110000001 ],
               "radarID" : 13086,
               "targetType" : 3,
               "trueID" : 799,
               "velocity" : [ -12.97264715, -169.53461799999999, 247.16335430000001 ]
            }
         ]
      }
   ],
   "terminator" : 0
}
