{
   "data" : [
      {
         "radarID" : 13030,
         "tracks" : [
            {
               "detectedID" : 1004,
               "detectedTime" : 1918.8,
               "entityID" : 13030,
               "height" : 3974.5358970000002,
               "lla" : [ 119.96867349999999, -26.701630909999999, -165577.75459999999 ],
               "radarID" : 13030,
               "targetType" : 3,
               "trueID" : 799,
               "velocity" : [ -12.971417600000001, -169.53675010000001, 247.16195640000001 ]
            }
         ]
      },
      {
         "radarID" : 13037,
         "tracks" : [
            {
               "detectedID" : 1004,
               "detectedTime" : 1918.8,
               "entityID" : 13037,
               "height" : 3967.6377859999998,
               "lla" : [ 119.96865680000001, -26.70161955, -165587.26610000001 ],
               "radarID" : 13037,
               "targetType" : 3,
               "trueID" : 799,
               "velocity" : [ -12.971417600000001, -169.53675010000001, 247.16195640000001 ]
            }
         ]
      },
      {
         "radarID" : 13114,
         "tracks" : [
            {
               "detectedID" : 1001,
               "detectedTime" : 1918.8,
               "entityID" : 13114,
               "height" : 3146.3158570000001,
               "lla" : [ 118.5604067, -25.708739420000001, -278926.68449999997 ],
               "radarID" : 13114,
               "targetType" : 3,
               "trueID" : 817,
               "velocity" : [ 273.2368156, 93.344617159999999, 81.415140190000002 ]
            }
         ]
      }
   ],
   "terminator" : 0
}
