{
   "data" : [
      {
         "radarID" : 13135,
         "tracks" : [
            {
               "detectedID" : 1004,
               "detectedTime" : 1929.5,
               "entityID" : 13135,
               "height" : 3532.2218370000001,
               "lla" : [ 119.9793542, -26.709109789999999, -167304.29749999999 ],
               "radarID" : 13135,
               "targetType" : 3,
               "trueID" : 799,
               "velocity" : [ -12.905635070000001, -169.65079840000001, 247.08713280000001 ]
            }
         ]
      }
   ],
   "terminator" : 0
}
