{
   "data" : [
      {
         "radarID" : 12917,
         "tracks" : [
            {
               "detectedID" : 1006,
               "detectedTime" : 1937.0,
               "entityID" : 12917,
               "height" : 4923.758648,
               "lla" : [ 118.9120207, -25.959730839999999, -258484.13939999999 ],
               "radarID" : 12917,
               "targetType" : 3,
               "trueID" : 811,
               "velocity" : [ 272.79648789999999, 98.556409619999997, 76.607508060000001 ]
            }
         ]
      },
      {
         "radarID" : 12931,
         "tracks" : [
            {
               "detectedID" : 1004,
               "detectedTime" : 1937.0,
               "entityID" : 12931,
               "height" : 5005.1410249999999,
               "lla" : [ 119.98686410000001, -26.714321559999998, -166730.80069999999 ],
               "radarID" : 12931,
               "targetType" : 3,
               "trueID" : 799,
               "velocity" : [ -12.859524110000001, -169.73071279999999, 247.03464890000001 ]
            }
         ]
      }
   ],
   "terminator" : 0
}
