{
   "data" : [
      {
         "radarID" : 13114,
         "tracks" : [
            {
               "detectedID" : 1005,
               "detectedTime" : 1938.2,
               "entityID" : 13114,
               "height" : 1933.3166799999999,
               "lla" : [ 118.50961100000001, -25.671196120000001, -238060.34020000001 ],
               "radarID" : 13114,
               "targetType" : 3,
               "trueID" : 805,
               "velocity" : [ 272.05019970000001, 118.5360038, 44.021638660000001 ]
            }
         ]
      }
   ],
   "terminator" : 0
}
