{
   "data" : [
      {
         "radarID" : 12995,
         "tracks" : [
            {
               "detectedID" : 1004,
               "detectedTime" : 1946.8499999999999,
               "entityID" : 12995,
               "height" : 4770.9279619999998,
               "lla" : [ 119.9967283, -26.721221140000001, -168132.8584 ],
               "radarID" : 12995,
               "targetType" : 3,
               "trueID" : 799,
               "velocity" : [ -12.798962899999999, -169.8356345, 246.96567329999999 ]
            }
         ]
      }
   ],
   "terminator" : 0
}
