{
   "data" : [
      {
         "radarID" : 12896,
         "tracks" : [
            {
               "detectedID" : 1006,
               "detectedTime" : 1953.9000000000001,
               "entityID" : 12896,
               "height" : 5315.810332,
               "lla" : [ 118.86157470000001, -25.92382366, -260820.06789999999 ],
               "radarID" : 12896,
               "targetType" : 3,
               "trueID" : 811,
               "velocity" : [ 272.89531369999997, 98.376567629999997, 76.486591630000007 ]
            },
            {
               "detectedID" : 1002,
               "detectedTime" : 1953.9000000000001,
               "entityID" : 12896,
               "height" : 5013.3169909999997,
               "lla" : [ 119.0681436, -26.070357940000001, -241581.16130000001 ],
               "radarID" : 12896,
               "targetType" : 3,
               "trueID" : 793,
               "velocity" : [ 258.50310130000003, 46.847228800000003, 144.8498663 ]
            }
         ]
      }
   ],
   "terminator" : 0
}
