{
   "data" : [
      {
         "radarID" : 12924,
         "tracks" : [
            {
               "detectedID" : 1002,
               "detectedTime" : 1956.3,
               "entityID" : 12924,
               "height" : 4983.4403789999997,
               "lla" : [ 119.0617316, -26.065816980000001, -242085.53959999999 ],
               "radarID" : 12924,
               "targetType" : 3,
               "trueID" : 793,
               "velocity" : [ 258.5173077, 46.821667150000003, 144.83277630000001 ]
            }
         ]
      }
   ],
   "terminator" : 0
}
