{
   "data" : [
      {
         "radarID" : 13002,
         "tracks" : [
            {
               "detectedID" : 1006,
               "detectedTime" : 1967.8,
               "entityID" : 13002,
               "height" : 4784.520786,
               "lla" : [ 118.8199942, -25.89421789, -263545.90379999997 ],
               "radarID" : 13002,
               "targetType" : 3,
               "trueID" : 811,
               "velocity" : [ 272.97646750000001, 98.228603930000006, 76.387103260000004 ]
            }
         ]
      }
   ],
   "terminator" : 0
}
