{
   "data" : [
      {
         "radarID" : 12896,
         "tracks" : [
            {
               "detectedID" : 1001,
               "detectedTime" : 1974.1500000000001,
               "entityID" : 12896,
               "height" : 5066.7071919999998,
               "lla" : [ 118.39676590000001, -25.591210700000001, -285992.85369999998 ],
               "radarID" : 12896,
               "targetType" : 3,
               "trueID" : 817,
               "velocity" : [ 273.5559409, 92.753862789999999, 81.017702479999997 ]
            }
         ]
      }
   ],
   "terminator" : 0
}
