{
   "data" : [
      {
         "radarID" : 13142,
         "tracks" : [
            {
               "detectedID" : 1004,
               "detectedTime" : 1969.5,
               "entityID" : 13142,
               "height" : 5013.8632559999996,
               "lla" : [ 120.01910100000001, -26.736847730000001, -170666.68109999999 ],
               "radarID" : 13142,
               "targetType" : 3,
               "trueID" : 799,
               "velocity" : [ -12.6596937, -170.07676079999999, 246.8068629 ]
            }
         ]
      }
   ],
   "terminator" : 0
}
