{
   "data" : [
      {
         "radarID" : 13023,
         "tracks" : [
            {
               "detectedID" : 1002,
               "detectedTime" : 63.100000000000001,
               "entityID" : 13023,
               "height" : 4578.596399,
               "lla" : [ 122.3664462, -28.320399460000001, 64339.40094 ],
               "radarID" : 13023,
               "targetType" : 3,
               "trueID" : 793,
               "velocity" : [ -145.18728239999999, -196.52784840000001, 174.06164960000001 ]
            },
            {
               "detectedID" : 1004,
               "detectedTime" : 63.100000000000001,
               "entityID" : 13023,
               "height" : 4823.5783419999998,
               "lla" : [ 122.7837889, -28.593350709999999, 92444.888690000007 ],
               "radarID" : 13023,
               "targetType" : 3,
               "trueID" : 799,
               "velocity" : [ 114.11504650000001, -86.516651289999999, 263.6145391 ]
            }
         ]
      }
   ],
   "terminator" : 0
}
