{
   "data" : [
      {
         "radarID" : 13009,
         "tracks" : [
            {
               "detectedID" : 1004,
               "detectedTime" : 1987.4000000000001,
               "entityID" : 13009,
               "height" : 1469.454747,
               "lla" : [ 120.0355744, -26.748444679999999, -176257.33660000001 ],
               "radarID" : 13009,
               "targetType" : 3,
               "trueID" : 799,
               "velocity" : [ -12.549622129999999, -170.2671813, 246.68115850000001 ]
            }
         ]
      },
      {
         "radarID" : 13016,
         "tracks" : [
            {
               "detectedID" : 1004,
               "detectedTime" : 1987.4000000000001,
               "entityID" : 13016,
               "height" : 1509.561334,
               "lla" : [ 120.03573400000001, -26.748554479999999, -176211.45060000001 ],
               "radarID" : 13016,
               "targetType" : 3,
               "trueID" : 799,
               "velocity" : [ -12.549622129999999, -170.2671813, 246.68115850000001 ]
            }
         ]
      }
   ],
   "terminator" : 0
}
