{
   "data" : [
      {
         "radarID" : 13135,
         "tracks" : [
            {
               "detectedID" : 1004,
               "detectedTime" : 1989.55,
               "entityID" : 13135,
               "height" : 4040.8287289999998,
               "lla" : [ 120.03900489999999, -26.750771619999998, -174016.76370000001 ],
               "radarID" : 13135,
               "targetType" : 3,
               "trueID" : 799,
               "velocity" : [ -12.536400710000001, -170.2900448, 246.66604810000001 ]
            }
         ]
      },
      {
         "radarID" : 13142,
         "tracks" : [
            {
               "detectedID" : 1004,
               "detectedTime" : 1989.55,
               "entityID" : 13142,
               "height" : 5004.9839920000004,
               "lla" : [ 120.03908939999999, -26.750804609999999, -173012.74919999999 ],
               "radarID" : 13142,
               "targetType" : 3,
               "trueID" : 799,
               "velocity" : [ -12.536400710000001, -170.2900448, 246.66604810000001 ]
            }
         ]
      }
   ],
   "terminator" : 0
}
