{
   "data" : [
      {
         "radarID" : 12903,
         "tracks" : [
            {
               "detectedID" : 1004,
               "detectedTime" : 1996.0999999999999,
               "entityID" : 12903,
               "height" : 5009.9162720000004,
               "lla" : [ 120.0454462, -26.755243650000001, -173825.3602 ],
               "radarID" : 12903,
               "targetType" : 3,
               "trueID" : 799,
               "velocity" : [ -12.496120830000001, -170.35968779999999, 246.6199987 ]
            }
         ]
      },
      {
         "radarID" : 12910,
         "tracks" : [
            {
               "detectedID" : 1004,
               "detectedTime" : 1996.0999999999999,
               "entityID" : 12910,
               "height" : 3556.9397389999999,
               "lla" : [ 120.0451951, -26.755105159999999, -175226.38930000001 ],
               "radarID" : 12910,
               "targetType" : 3,
               "trueID" : 799,
               "velocity" : [ -12.496120830000001, -170.35968779999999, 246.6199987 ]
            }
         ]
      },
      {
         "radarID" : 12917,
         "tracks" : [
            {
               "detectedID" : 1004,
               "detectedTime" : 1996.0999999999999,
               "entityID" : 12917,
               "height" : 3188.6017940000002,
               "lla" : [ 120.0450819, -26.755035620000001, -175582.04380000001 ],
               "radarID" : 12917,
               "targetType" : 3,
               "trueID" : 799,
               "velocity" : [ -12.496120830000001, -170.35968779999999, 246.6199987 ]
            }
         ]
      }
   ],
   "terminator" : 0
}
