{
   "data" : [
      {
         "radarID" : 12938,
         "tracks" : [
            {
               "detectedID" : 1004,
               "detectedTime" : 1997.05,
               "entityID" : 12938,
               "height" : 5001.1799650000003,
               "lla" : [ 120.046694, -26.756113809999999, -173940.68040000001 ],
               "radarID" : 12938,
               "targetType" : 3,
               "trueID" : 799,
               "velocity" : [ -12.49027862, -170.36978730000001, 246.6133178 ]
            }
         ]
      },
      {
         "radarID" : 12974,
         "tracks" : [
            {
               "detectedID" : 1004,
               "detectedTime" : 1997.05,
               "entityID" : 12974,
               "height" : 5009.2974649999996,
               "lla" : [ 120.0462886, -26.7558322, -173945.9975 ],
               "radarID" : 12974,
               "targetType" : 3,
               "trueID" : 799,
               "velocity" : [ -12.49027862, -170.36978730000001, 246.6133178 ]
            }
         ]
      }
   ],
   "terminator" : 0
}
