{
   "data" : [
      {
         "radarID" : 12995,
         "tracks" : [
            {
               "detectedID" : 1006,
               "detectedTime" : 2007.75,
               "entityID" : 12995,
               "height" : 6046.6843950000002,
               "lla" : [ 118.7010561, -25.809316389999999, -268714.1116 ],
               "radarID" : 12995,
               "targetType" : 3,
               "trueID" : 811,
               "velocity" : [ 273.2090637, 97.803109190000001, 76.100981149999996 ]
            }
         ]
      }
   ],
   "terminator" : 0
}
