{
   "data" : [
      {
         "radarID" : 13093,
         "tracks" : [
            {
               "detectedID" : 1001,
               "detectedTime" : 2018.5999999999999,
               "entityID" : 13093,
               "height" : 4054.4698490000001,
               "lla" : [ 118.264432, -25.495926560000001, -294162.80190000002 ],
               "radarID" : 13093,
               "targetType" : 3,
               "trueID" : 817,
               "velocity" : [ 273.81090219999999, 92.278954490000004, 80.698106569999993 ]
            }
         ]
      }
   ],
   "terminator" : 0
}
