{
   "data" : [
      {
         "radarID" : 13093,
         "tracks" : [
            {
               "detectedID" : 1005,
               "detectedTime" : 2028.05,
               "entityID" : 13093,
               "height" : 2750.2391400000001,
               "lla" : [ 118.23497500000001, -25.473496749999999, -249855.70550000001 ],
               "radarID" : 13093,
               "targetType" : 3,
               "trueID" : 805,
               "velocity" : [ 272.570492, 117.56946600000001, 43.390638930000001 ]
            }
         ]
      },
      {
         "radarID" : 13107,
         "tracks" : [
            {
               "detectedID" : 1005,
               "detectedTime" : 2028.05,
               "entityID" : 13107,
               "height" : 5001.7424220000003,
               "lla" : [ 118.2358107, -25.474044930000002, -247648.63269999999 ],
               "radarID" : 13107,
               "targetType" : 3,
               "trueID" : 805,
               "velocity" : [ 272.570492, 117.56946600000001, 43.390638930000001 ]
            }
         ]
      }
   ],
   "terminator" : 0
}
