{
   "data" : [
      {
         "radarID" : 13107,
         "tracks" : [
            {
               "detectedID" : 1001,
               "detectedTime" : 2028.6500000000001,
               "entityID" : 13107,
               "height" : 5092.7519549999997,
               "lla" : [ 118.2349011, -25.474594939999999, -294766.26140000002 ],
               "radarID" : 13107,
               "targetType" : 3,
               "trueID" : 817,
               "velocity" : [ 273.86838740000002, 92.171514590000001, 80.625791719999995 ]
            }
         ]
      }
   ],
   "terminator" : 0
}
