{
   "data" : [
      {
         "radarID" : 13093,
         "tracks" : [
            {
               "detectedID" : 1004,
               "detectedTime" : 2030.05,
               "entityID" : 13093,
               "height" : 307.43829460000001,
               "lla" : [ 120.0794233, -26.779074080000001, -182598.41930000001 ],
               "radarID" : 13093,
               "targetType" : 3,
               "trueID" : 799,
               "velocity" : [ -12.287325259999999, -170.72039889999999, 246.3809388 ]
            }
         ]
      }
   ],
   "terminator" : 0
}
