{
   "data" : [
      {
         "radarID" : 12889,
         "tracks" : [
            {
               "detectedID" : 1006,
               "detectedTime" : 2033.95,
               "entityID" : 12889,
               "height" : 2702.0039609999999,
               "lla" : [ 118.6232885, -25.75378663, -276027.20939999999 ],
               "radarID" : 12889,
               "targetType" : 3,
               "trueID" : 811,
               "velocity" : [ 273.36108250000001, 97.523874770000006, 75.913189900000006 ]
            }
         ]
      },
      {
         "radarID" : 12896,
         "tracks" : [
            {
               "detectedID" : 1002,
               "detectedTime" : 2033.95,
               "entityID" : 12896,
               "height" : 5005.9043860000002,
               "lla" : [ 118.86085629999999, -25.923206889999999, -256787.50289999999 ],
               "radarID" : 12896,
               "targetType" : 3,
               "trueID" : 793,
               "velocity" : [ 258.97526740000001, 45.994145869999997, 144.27872139999999 ]
            }
         ]
      }
   ],
   "terminator" : 0
}
