{
   "data" : [
      {
         "radarID" : 12924,
         "tracks" : [
            {
               "detectedID" : 1004,
               "detectedTime" : 2035.5999999999999,
               "entityID" : 12924,
               "height" : 4292.218852,
               "lla" : [ 120.084834, -26.782745940000002, -179284.27489999999 ],
               "radarID" : 12924,
               "targetType" : 3,
               "trueID" : 799,
               "velocity" : [ -12.25318963, -170.7793245, 246.34179850000001 ]
            }
         ]
      }
   ],
   "terminator" : 0
}
