{
   "data" : [
      {
         "radarID" : 13065,
         "tracks" : [
            {
               "detectedID" : 1003,
               "detectedTime" : 453.55000000000001,
               "entityID" : 13065,
               "height" : 967.66160869999999,
               "lla" : [ 122.22910039999999, -28.231145489999999, 8526.6786780000002 ],
               "radarID" : 13065,
               "targetType" : 3,
               "trueID" : 781,
               "velocity" : [ 243.48977869999999, 46.948645140000004, 168.8447582 ]
            }
         ]
      },
      {
         "radarID" : 13072,
         "tracks" : [
            {
               "detectedID" : 1004,
               "detectedTime" : 453.55000000000001,
               "entityID" : 13072,
               "height" : 4959.4895370000004,
               "lla" : [ 122.5885104, -28.467350830000001, 23914.608909999999 ],
               "radarID" : 13072,
               "targetType" : 3,
               "trueID" : 799,
               "velocity" : [ 116.76364, -90.642311500000005, 261.05597820000003 ]
            }
         ]
      }
   ],
   "terminator" : 0
}
