{
   "data" : [
      {
         "radarID" : 13058,
         "tracks" : [
            {
               "detectedID" : 1004,
               "detectedTime" : 2038.8499999999999,
               "entityID" : 13058,
               "height" : 5008.5566170000002,
               "lla" : [ 120.0880081, -26.78494238, -178995.56140000001 ],
               "radarID" : 13058,
               "targetType" : 3,
               "trueID" : 799,
               "velocity" : [ -12.23319996, -170.81382500000001, 246.3188706 ]
            }
         ]
      }
   ],
   "terminator" : 0
}
