{
   "data" : [
      {
         "radarID" : 13107,
         "tracks" : [
            {
               "detectedID" : 1003,
               "detectedTime" : 2039.8,
               "entityID" : 13107,
               "height" : 1608.2500339999999,
               "lla" : [ 119.847246, -26.618754320000001, -234165.97769999999 ],
               "radarID" : 13107,
               "targetType" : 3,
               "trueID" : 781,
               "velocity" : [ -221.4494626, -182.89997769999999, 86.647179489999999 ]
            }
         ]
      }
   ],
   "terminator" : 0
}
