{
   "data" : [
      {
         "radarID" : 13030,
         "tracks" : [
            {
               "detectedID" : 1004,
               "detectedTime" : 2049.0500000000002,
               "entityID" : 13030,
               "height" : 4768.7761689999998,
               "lla" : [ 120.0981625, -26.79203004, -180469.3842 ],
               "radarID" : 13030,
               "targetType" : 3,
               "trueID" : 799,
               "velocity" : [ -12.17046152, -170.922077, 246.24687499999999 ]
            }
         ]
      },
      {
         "radarID" : 13037,
         "tracks" : [
            {
               "detectedID" : 1004,
               "detectedTime" : 2049.0500000000002,
               "entityID" : 13037,
               "height" : 4751.8868179999999,
               "lla" : [ 120.09817580000001, -26.792039580000001, -180480.68419999999 ],
               "radarID" : 13037,
               "targetType" : 3,
               "trueID" : 799,
               "velocity" : [ -12.17046152, -170.922077, 246.24687499999999 ]
            }
         ]
      },
      {
         "radarID" : 13044,
         "tracks" : [
            {
               "detectedID" : 1004,
               "detectedTime" : 2049.0500000000002,
               "entityID" : 13044,
               "height" : 4783.8208990000003,
               "lla" : [ 120.09820499999999, -26.79205868, -180437.217 ],
               "radarID" : 13044,
               "targetType" : 3,
               "trueID" : 799,
               "velocity" : [ -12.17046152, -170.922077, 246.24687499999999 ]
            }
         ]
      }
   ],
   "terminator" : 0
}
