{
   "data" : [
      {
         "radarID" : 12889,
         "tracks" : [
            {
               "detectedID" : 1001,
               "detectedTime" : 2054.25,
               "entityID" : 12889,
               "height" : 1768.9104130000001,
               "lla" : [ 118.1593252, -25.420087540000001, -301977.10460000002 ],
               "radarID" : 12889,
               "targetType" : 3,
               "trueID" : 817,
               "velocity" : [ 274.01455750000002, 91.897714089999994, 80.441484549999998 ]
            }
         ]
      }
   ],
   "terminator" : 0
}
