{
   "data" : [
      {
         "radarID" : 13030,
         "tracks" : [
            {
               "detectedID" : 1001,
               "detectedTime" : 461.19999999999999,
               "entityID" : 13030,
               "height" : 2619.6250639999998,
               "lla" : [ 122.8268429, -28.624663829999999, -35902.75707 ],
               "radarID" : 13030,
               "targetType" : 3,
               "trueID" : 817,
               "velocity" : [ 264.17539169999998, 108.6621291, 91.67281002 ]
            }
         ]
      },
      {
         "radarID" : 13037,
         "tracks" : [
            {
               "detectedID" : 1001,
               "detectedTime" : 461.19999999999999,
               "entityID" : 13037,
               "height" : 2571.6350619999998,
               "lla" : [ 122.8267939, -28.624633129999999, -35950.694530000001 ],
               "radarID" : 13037,
               "targetType" : 3,
               "trueID" : 817,
               "velocity" : [ 264.17539169999998, 108.6621291, 91.67281002 ]
            }
         ]
      },
      {
         "radarID" : 13044,
         "tracks" : [
            {
               "detectedID" : 1001,
               "detectedTime" : 461.19999999999999,
               "entityID" : 13044,
               "height" : 2658.7092480000001,
               "lla" : [ 122.8265928, -28.624499929999999, -35867.46789 ],
               "radarID" : 13044,
               "targetType" : 3,
               "trueID" : 817,
               "velocity" : [ 264.17539169999998, 108.6621291, 91.67281002 ]
            }
         ]
      }
   ],
   "terminator" : 0
}
