{
   "data" : [
      {
         "radarID" : 13135,
         "tracks" : [
            {
               "detectedID" : 1004,
               "detectedTime" : 2059.6500000000001,
               "entityID" : 13135,
               "height" : 4696.8386899999996,
               "lla" : [ 120.1087175, -26.799390710000001, -181811.3462 ],
               "radarID" : 13135,
               "targetType" : 3,
               "trueID" : 799,
               "velocity" : [ -12.105260149999999, -171.03453200000001, 246.17199579999999 ]
            }
         ]
      }
   ],
   "terminator" : 0
}
