{
   "data" : [
      {
         "radarID" : 12931,
         "tracks" : [
            {
               "detectedID" : 1004,
               "detectedTime" : 2067.1999999999998,
               "entityID" : 12931,
               "height" : 5004.3217020000002,
               "lla" : [ 120.11621340000001, -26.804608300000002, -182425.75200000001 ],
               "radarID" : 12931,
               "targetType" : 3,
               "trueID" : 799,
               "velocity" : [ -12.058817940000001, -171.11460339999999, 246.1186247 ]
            }
         ]
      },
      {
         "radarID" : 12938,
         "tracks" : [
            {
               "detectedID" : 1004,
               "detectedTime" : 2067.1999999999998,
               "entityID" : 12938,
               "height" : 5005.090698,
               "lla" : [ 120.1161407, -26.80455787, -182427.07320000001 ],
               "radarID" : 12938,
               "targetType" : 3,
               "trueID" : 799,
               "velocity" : [ -12.058817940000001, -171.11460339999999, 246.1186247 ]
            }
         ]
      },
      {
         "radarID" : 12974,
         "tracks" : [
            {
               "detectedID" : 1004,
               "detectedTime" : 2067.1999999999998,
               "entityID" : 12974,
               "height" : 5003.3431060000003,
               "lla" : [ 120.1163026, -26.80467015, -182423.47810000001 ],
               "radarID" : 12974,
               "targetType" : 3,
               "trueID" : 799,
               "velocity" : [ -12.058817940000001, -171.11460339999999, 246.1186247 ]
            }
         ]
      }
   ],
   "terminator" : 0
}
