{
   "data" : [
      {
         "radarID" : 12995,
         "tracks" : [
            {
               "detectedID" : 1004,
               "detectedTime" : 2067.25,
               "entityID" : 12995,
               "height" : 4975.6394819999996,
               "lla" : [ 120.1163706, -26.804718090000001, -182453.80480000001 ],
               "radarID" : 12995,
               "targetType" : 3,
               "trueID" : 799,
               "velocity" : [ -12.05851037, -171.11513360000001, 246.11827109999999 ]
            }
         ]
      }
   ],
   "terminator" : 0
}
