{
   "data" : [
      {
         "radarID" : 13072,
         "tracks" : [
            {
               "detectedID" : 1004,
               "detectedTime" : 2068.6500000000001,
               "entityID" : 13072,
               "height" : 5002.0605580000001,
               "lla" : [ 120.11776860000001, -26.805691920000001, -182598.67550000001 ],
               "radarID" : 13072,
               "targetType" : 3,
               "trueID" : 799,
               "velocity" : [ -12.04989842, -171.1299789, 246.10837100000001 ]
            }
         ]
      },
      {
         "radarID" : 13114,
         "tracks" : [
            {
               "detectedID" : 1001,
               "detectedTime" : 2068.6500000000001,
               "entityID" : 13114,
               "height" : 4545.9475920000004,
               "lla" : [ 118.1159567, -25.388655459999999, -301722.8259 ],
               "radarID" : 13114,
               "targetType" : 3,
               "trueID" : 817,
               "velocity" : [ 274.09662329999998, 91.743606510000006, 80.337735609999996 ]
            }
         ]
      }
   ],
   "terminator" : 0
}
