{
   "data" : [
      {
         "radarID" : 13107,
         "tracks" : [
            {
               "detectedID" : 1003,
               "detectedTime" : 2069.9000000000001,
               "entityID" : 13107,
               "height" : 1956.8369749999999,
               "lla" : [ 119.9361171, -26.68068182, -232224.79740000001 ],
               "radarID" : 13107,
               "targetType" : 3,
               "trueID" : 781,
               "velocity" : [ -221.26987700000001, -183.2188419, 86.432039979999999 ]
            }
         ]
      }
   ],
   "terminator" : 0
}
