{
   "data" : [
      {
         "radarID" : 13093,
         "tracks" : [
            {
               "detectedID" : 1003,
               "detectedTime" : 2069.8499999999999,
               "entityID" : 13093,
               "height" : 1639.622179,
               "lla" : [ 119.9359346, -26.680562550000001, -232526.41089999999 ],
               "radarID" : 13093,
               "targetType" : 3,
               "trueID" : 781,
               "velocity" : [ -221.27017570000001, -183.2183125, 86.432397499999993 ]
            }
         ]
      }
   ],
   "terminator" : 0
}
