{
   "data" : [
      {
         "radarID" : 12896,
         "tracks" : [
            {
               "detectedID" : 1006,
               "detectedTime" : 2074.0500000000002,
               "entityID" : 12896,
               "height" : 5260.1417899999997,
               "lla" : [ 118.50301949999999, -25.6675346, -280014.03480000002 ],
               "radarID" : 12896,
               "targetType" : 3,
               "trueID" : 811,
               "velocity" : [ 273.59295070000002, 97.096211690000004, 75.625544579999996 ]
            }
         ]
      }
   ],
   "terminator" : 0
}
