{
   "data" : [
      {
         "radarID" : 12903,
         "tracks" : [
            {
               "detectedID" : 1004,
               "detectedTime" : 2076.1999999999998,
               "entityID" : 12903,
               "height" : 5000.6255440000004,
               "lla" : [ 120.125433, -26.81103324, -183519.27770000001 ],
               "radarID" : 12903,
               "targetType" : 3,
               "trueID" : 799,
               "velocity" : [ -12.00345463, -171.2100241, 246.0549628 ]
            }
         ]
      },
      {
         "radarID" : 12917,
         "tracks" : [
            {
               "detectedID" : 1004,
               "detectedTime" : 2076.1999999999998,
               "entityID" : 12917,
               "height" : 2523.9975920000002,
               "lla" : [ 120.1247712, -26.810635730000001, -185905.22459999999 ],
               "radarID" : 12917,
               "targetType" : 3,
               "trueID" : 799,
               "velocity" : [ -12.00345463, -171.2100241, 246.0549628 ]
            }
         ]
      }
   ],
   "terminator" : 0
}
