{
   "data" : [
      {
         "radarID" : 13114,
         "tracks" : [
            {
               "detectedID" : 1001,
               "detectedTime" : 2078.6500000000001,
               "entityID" : 13114,
               "height" : 4651.4479979999996,
               "lla" : [ 118.0861644, -25.367089960000001, -303242.3567 ],
               "radarID" : 13114,
               "targetType" : 3,
               "trueID" : 817,
               "velocity" : [ 274.15355879999998, 91.636526549999999, 80.265641579999993 ]
            }
         ]
      }
   ],
   "terminator" : 0
}
