{
   "data" : [
      {
         "radarID" : 12896,
         "tracks" : [
            {
               "detectedID" : 1001,
               "detectedTime" : 2084.3499999999999,
               "entityID" : 12896,
               "height" : 5010.0428149999998,
               "lla" : [ 118.0693393, -25.35489716, -303804.46980000002 ],
               "radarID" : 12896,
               "targetType" : 3,
               "trueID" : 817,
               "velocity" : [ 274.18599999999998, 91.575453330000002, 80.224520720000001 ]
            }
         ]
      }
   ],
   "terminator" : 0
}
