{
   "data" : [
      {
         "radarID" : 12995,
         "tracks" : [
            {
               "detectedID" : 1004,
               "detectedTime" : 2087.3000000000002,
               "entityID" : 12995,
               "height" : 4980.5466120000001,
               "lla" : [ 120.1363691, -26.818654370000001, -184882.82870000001 ],
               "radarID" : 12995,
               "targetType" : 3,
               "trueID" : 799,
               "velocity" : [ -11.935170619999999, -171.3276669, 245.97638559999999 ]
            }
         ]
      }
   ],
   "terminator" : 0
}
