{
   "data" : [
      {
         "radarID" : 13072,
         "tracks" : [
            {
               "detectedID" : 1004,
               "detectedTime" : 2088.6999999999998,
               "entityID" : 13072,
               "height" : 5002.3296460000001,
               "lla" : [ 120.1377651, -26.819626499999998, -185033.1024 ],
               "radarID" : 13072,
               "targetType" : 3,
               "trueID" : 799,
               "velocity" : [ -11.92655802, -171.34250130000001, 245.9664702 ]
            }
         ]
      },
      {
         "radarID" : 13107,
         "tracks" : [
            {
               "detectedID" : 1006,
               "detectedTime" : 2088.6999999999998,
               "entityID" : 13107,
               "height" : 5349.0126780000001,
               "lla" : [ 118.4592315, -25.636096439999999, -282258.83750000002 ],
               "radarID" : 13107,
               "targetType" : 3,
               "trueID" : 811,
               "velocity" : [ 273.67741860000001, 96.93988487, 75.520389660000006 ]
            }
         ]
      }
   ],
   "terminator" : 0
}
