{
   "data" : [
      {
         "radarID" : 12896,
         "tracks" : [
            {
               "detectedID" : 1002,
               "detectedTime" : 2093.9000000000001,
               "entityID" : 12896,
               "height" : 5005.3586240000004,
               "lla" : [ 118.8195425, -25.893968149999999, -266358.10820000002 ],
               "radarID" : 12896,
               "targetType" : 3,
               "trueID" : 793,
               "velocity" : [ 10.90197717, -163.3501023, 251.3919071 ]
            }
         ]
      }
   ],
   "terminator" : 0
}
