{
   "data" : [
      {
         "radarID" : 12938,
         "tracks" : [
            {
               "detectedID" : 1004,
               "detectedTime" : 2097.25,
               "entityID" : 12938,
               "height" : 5001.0713759999999,
               "lla" : [ 120.14644989999999, -26.825676080000001, -186069.01019999999 ],
               "radarID" : 12938,
               "targetType" : 3,
               "trueID" : 799,
               "velocity" : [ -11.87395867, -171.43308110000001, 245.90589220000001 ]
            }
         ]
      }
   ],
   "terminator" : 0
}
