{
   "data" : [
      {
         "radarID" : 13114,
         "tracks" : [
            {
               "detectedID" : 1005,
               "detectedTime" : 2098.0999999999999,
               "entityID" : 13114,
               "height" : 3249.936897,
               "lla" : [ 118.0208607, -25.318555270000001, -259123.3554 ],
               "radarID" : 13114,
               "targetType" : 3,
               "trueID" : 805,
               "velocity" : [ 272.97278990000001, 116.8144157, 42.898114499999998 ]
            }
         ]
      }
   ],
   "terminator" : 0
}
