{
   "data" : [
      {
         "radarID" : 13093,
         "tracks" : [
            {
               "detectedID" : 1001,
               "detectedTime" : 2098.5500000000002,
               "entityID" : 13093,
               "height" : 4890.7545520000003,
               "lla" : [ 118.02725839999999, -25.324407619999999, -306174.73340000003 ],
               "radarID" : 13093,
               "targetType" : 3,
               "trueID" : 817,
               "velocity" : [ 269.2925161, 79.993804280000006, 93.206865820000004 ]
            }
         ]
      }
   ],
   "terminator" : 0
}
