{
   "data" : [
      {
         "radarID" : 13114,
         "tracks" : [
            {
               "detectedID" : 1002,
               "detectedTime" : 2098.9499999999998,
               "entityID" : 13114,
               "height" : 2637.5106019999998,
               "lla" : [ 118.82276760000001, -25.896348549999999, -269355.46260000003 ],
               "radarID" : 13114,
               "targetType" : 3,
               "trueID" : 793,
               "velocity" : [ 10.93165247, -163.4040311, 251.35556800000001 ]
            }
         ]
      }
   ],
   "terminator" : 0
}
