{
   "data" : [
      {
         "radarID" : 12896,
         "tracks" : [
            {
               "detectedID" : 1001,
               "detectedTime" : 2104.4000000000001,
               "entityID" : 12896,
               "height" : 5002.4744049999999,
               "lla" : [ 118.0206056, -25.319599050000001, -307096.34539999999 ],
               "radarID" : 12896,
               "targetType" : 3,
               "trueID" : 817,
               "velocity" : [ 96.62160566, -113.35488100000001, 244.64466730000001 ]
            }
         ]
      }
   ],
   "terminator" : 0
}
