{
   "data" : [
      {
         "radarID" : 12889,
         "tracks" : [
            {
               "detectedID" : 1002,
               "detectedTime" : 2103.8000000000002,
               "entityID" : 12889,
               "height" : 3011.8770490000002,
               "lla" : [ 118.82725720000001, -25.899559490000001, -269569.49560000002 ],
               "radarID" : 12889,
               "targetType" : 3,
               "trueID" : 793,
               "velocity" : [ 10.96015184, -163.45581540000001, 251.32065470000001 ]
            }
         ]
      }
   ],
   "terminator" : 0
}
