{
   "data" : [
      {
         "radarID" : 12903,
         "tracks" : [
            {
               "detectedID" : 1004,
               "detectedTime" : 2106.1999999999998,
               "entityID" : 12903,
               "height" : 5001.6585340000001,
               "lla" : [ 120.15533000000001, -26.831861400000001, -187164.01240000001 ],
               "radarID" : 12903,
               "targetType" : 3,
               "trueID" : 799,
               "velocity" : [ -11.818896730000001, -171.52786850000001, 245.84243739999999 ]
            }
         ]
      },
      {
         "radarID" : 12910,
         "tracks" : [
            {
               "detectedID" : 1004,
               "detectedTime" : 2106.1999999999998,
               "entityID" : 12910,
               "height" : 2608.5613010000002,
               "lla" : [ 120.1546077, -26.831420319999999, -189469.5025 ],
               "radarID" : 12910,
               "targetType" : 3,
               "trueID" : 799,
               "velocity" : [ -11.818896730000001, -171.52786850000001, 245.84243739999999 ]
            }
         ]
      },
      {
         "radarID" : 12917,
         "tracks" : [
            {
               "detectedID" : 1004,
               "detectedTime" : 2106.1999999999998,
               "entityID" : 12917,
               "height" : 2298.895563,
               "lla" : [ 120.1545558, -26.831392050000002, -189768.8364 ],
               "radarID" : 12917,
               "targetType" : 3,
               "trueID" : 799,
               "velocity" : [ -11.818896730000001, -171.52786850000001, 245.84243739999999 ]
            }
         ]
      }
   ],
   "terminator" : 0
}
