{
   "data" : [
      {
         "radarID" : 13002,
         "tracks" : [
            {
               "detectedID" : 1002,
               "detectedTime" : 2107.8499999999999,
               "entityID" : 13002,
               "height" : 4822.699149,
               "lla" : [ 118.8294585, -25.901102600000002, -268475.34210000001 ],
               "radarID" : 13002,
               "targetType" : 3,
               "trueID" : 793,
               "velocity" : [ 10.9839498, -163.49905129999999, 251.29149029999999 ]
            }
         ]
      }
   ],
   "terminator" : 0
}
