{
   "data" : [
      {
         "radarID" : 12903,
         "tracks" : [
            {
               "detectedID" : 1003,
               "detectedTime" : 2106.8000000000002,
               "entityID" : 12903,
               "height" : 1806.027763,
               "lla" : [ 120.0450419, -26.756429740000002, -230374.0944 ],
               "radarID" : 12903,
               "targetType" : 3,
               "trueID" : 781,
               "velocity" : [ -221.0491203, -183.60923510000001, 86.168063680000003 ]
            }
         ]
      },
      {
         "radarID" : 12917,
         "tracks" : [
            {
               "detectedID" : 1003,
               "detectedTime" : 2106.8000000000002,
               "entityID" : 12917,
               "height" : 1586.5530189999999,
               "lla" : [ 120.0450817, -26.756462880000001, -230583.59669999999 ],
               "radarID" : 12917,
               "targetType" : 3,
               "trueID" : 781,
               "velocity" : [ -221.0491203, -183.60923510000001, 86.168063680000003 ]
            }
         ]
      }
   ],
   "terminator" : 0
}
