{
   "data" : [
      {
         "radarID" : 13093,
         "tracks" : [
            {
               "detectedID" : 1003,
               "detectedTime" : 2110.0,
               "entityID" : 13093,
               "height" : 1721.68641,
               "lla" : [ 120.05455360000001, -26.763037440000002, -230285.94339999999 ],
               "radarID" : 13093,
               "targetType" : 3,
               "trueID" : 781,
               "velocity" : [ -221.029945, -183.6430641, 86.145159309999997 ]
            }
         ]
      },
      {
         "radarID" : 13107,
         "tracks" : [
            {
               "detectedID" : 1003,
               "detectedTime" : 2110.0,
               "entityID" : 13107,
               "height" : 1892.0462649999999,
               "lla" : [ 120.05455069999999, -26.76303111, -230120.37119999999 ],
               "radarID" : 13107,
               "targetType" : 3,
               "trueID" : 781,
               "velocity" : [ -221.029945, -183.6430641, 86.145159309999997 ]
            }
         ]
      }
   ],
   "terminator" : 0
}
