{
   "data" : [
      {
         "radarID" : 12896,
         "tracks" : [
            {
               "detectedID" : 1002,
               "detectedTime" : 2113.8499999999999,
               "entityID" : 12896,
               "height" : 5004.3116170000003,
               "lla" : [ 118.8338894, -25.90428241, -269123.05949999997 ],
               "radarID" : 12896,
               "targetType" : 3,
               "trueID" : 793,
               "velocity" : [ 11.019205189999999, -163.56309340000001, 251.2482669 ]
            }
         ]
      }
   ],
   "terminator" : 0
}
