{
   "data" : [
      {
         "radarID" : 12910,
         "tracks" : [
            {
               "detectedID" : 1003,
               "detectedTime" : 2116.75,
               "entityID" : 12910,
               "height" : 1734.5047910000001,
               "lla" : [ 120.07457909999999, -26.77693936, -229902.13589999999 ],
               "radarID" : 12910,
               "targetType" : 3,
               "trueID" : 781,
               "velocity" : [ -220.9894807, -183.71440810000001, 86.096839059999994 ]
            }
         ]
      }
   ],
   "terminator" : 0
}
