{
   "data" : [
      {
         "radarID" : 12924,
         "tracks" : [
            {
               "detectedID" : 1002,
               "detectedTime" : 2116.5500000000002,
               "entityID" : 12924,
               "height" : 4806.6014939999995,
               "lla" : [ 118.83582699999999, -25.905679880000001, -269677.53810000001 ],
               "radarID" : 12924,
               "targetType" : 3,
               "trueID" : 793,
               "velocity" : [ 11.0350698, -163.59190799999999, 251.22880979999999 ]
            }
         ]
      }
   ],
   "terminator" : 0
}
