{
   "data" : [
      {
         "radarID" : 13114,
         "tracks" : [
            {
               "detectedID" : 1005,
               "detectedTime" : 2118.0999999999999,
               "entityID" : 13114,
               "height" : 3440.7141809999998,
               "lla" : [ 117.95949950000001, -25.274019710000001, -261732.32320000001 ],
               "radarID" : 13114,
               "targetType" : 3,
               "trueID" : 805,
               "velocity" : [ 273.08711840000001, 116.598589, 42.757394570000002 ]
            }
         ]
      }
   ],
   "terminator" : 0
}
