{
   "data" : [
      {
         "radarID" : 13093,
         "tracks" : [
            {
               "detectedID" : 1003,
               "detectedTime" : 2120.0,
               "entityID" : 13093,
               "height" : 1745.3866559999999,
               "lla" : [ 120.0840738, -26.783528369999999, -229717.50440000001 ],
               "radarID" : 13093,
               "targetType" : 3,
               "trueID" : 781,
               "velocity" : [ -220.96999, -183.74875230000001, 86.073570700000005 ]
            }
         ]
      }
   ],
   "terminator" : 0
}
