{
   "data" : [
      {
         "radarID" : 13079,
         "tracks" : [
            {
               "detectedID" : 1004,
               "detectedTime" : 2129.0999999999999,
               "entityID" : 13079,
               "height" : 5006.7363519999999,
               "lla" : [ 120.1781196, -26.8477292, -189952.40100000001 ],
               "radarID" : 13079,
               "targetType" : 3,
               "trueID" : 799,
               "velocity" : [ -11.678003670000001, -171.77025660000001, 245.6798795 ]
            }
         ]
      }
   ],
   "terminator" : 0
}
