{
   "data" : [
      {
         "radarID" : 12896,
         "tracks" : [
            {
               "detectedID" : 1002,
               "detectedTime" : 2133.8000000000002,
               "entityID" : 12896,
               "height" : 5003.6660599999996,
               "lla" : [ 118.8482679, -25.914616250000002, -271890.39419999998 ],
               "radarID" : 12896,
               "targetType" : 3,
               "trueID" : 793,
               "velocity" : [ 11.13642222, -163.77593820000001, 251.10440489999999 ]
            }
         ]
      }
   ],
   "terminator" : 0
}
