{
   "data" : [
      {
         "radarID" : 12903,
         "tracks" : [
            {
               "detectedID" : 1003,
               "detectedTime" : 2136.8000000000002,
               "entityID" : 12903,
               "height" : 1876.28199,
               "lla" : [ 120.1338026, -26.818013969999999, -228677.73180000001 ],
               "radarID" : 12903,
               "targetType" : 3,
               "trueID" : 781,
               "velocity" : [ -220.86915640000001, -183.9262161, 85.953259399999993 ]
            }
         ]
      },
      {
         "radarID" : 12917,
         "tracks" : [
            {
               "detectedID" : 1003,
               "detectedTime" : 2136.8000000000002,
               "entityID" : 12917,
               "height" : 1393.250417,
               "lla" : [ 120.13363529999999, -26.817910189999999, -229145.20689999999 ],
               "radarID" : 12917,
               "targetType" : 3,
               "trueID" : 781,
               "velocity" : [ -220.86915640000001, -183.9262161, 85.953259399999993 ]
            }
         ]
      }
   ],
   "terminator" : 0
}
