{
   "data" : [
      {
         "radarID" : 12988,
         "tracks" : [
            {
               "detectedID" : 1004,
               "detectedTime" : 464.35000000000002,
               "entityID" : 12988,
               "height" : 4974.0824009999997,
               "lla" : [ 122.58337210000001, -28.46403003, 22023.98934 ],
               "radarID" : 12988,
               "targetType" : 3,
               "trueID" : 799,
               "velocity" : [ 116.83635, -90.756007589999996, 260.98393520000002 ]
            }
         ]
      }
   ],
   "terminator" : 0
}
