{
   "data" : [
      {
         "radarID" : 13107,
         "tracks" : [
            {
               "detectedID" : 1006,
               "detectedTime" : 2148.6500000000001,
               "entityID" : 13107,
               "height" : 4482.5994879999998,
               "lla" : [ 118.2799275, -25.507081800000002, -292585.93420000002 ],
               "radarID" : 13107,
               "targetType" : 3,
               "trueID" : 811,
               "velocity" : [ 274.02172350000001, 96.299695229999998, 75.089704499999996 ]
            }
         ]
      }
   ],
   "terminator" : 0
}
