{
   "data" : [
      {
         "radarID" : 13030,
         "tracks" : [
            {
               "detectedID" : 1002,
               "detectedTime" : 63.75,
               "entityID" : 13030,
               "height" : 1163.2431790000001,
               "lla" : [ 122.3687855, -28.322024339999999, 60968.273009999997 ],
               "radarID" : 13030,
               "targetType" : 3,
               "trueID" : 793,
               "velocity" : [ -145.18293600000001, -196.53476670000001, 174.05746339999999 ]
            }
         ]
      },
      {
         "radarID" : 13037,
         "tracks" : [
            {
               "detectedID" : 1002,
               "detectedTime" : 63.75,
               "entityID" : 13037,
               "height" : 1165.9531950000001,
               "lla" : [ 122.36879570000001, -28.32203084, 60977.181069999999 ],
               "radarID" : 13037,
               "targetType" : 3,
               "trueID" : 793,
               "velocity" : [ -145.18293600000001, -196.53476670000001, 174.05746339999999 ]
            }
         ]
      }
   ],
   "terminator" : 0
}
