{
   "data" : [
      {
         "radarID" : 12995,
         "tracks" : [
            {
               "detectedID" : 1003,
               "detectedTime" : 2158.3000000000002,
               "entityID" : 12995,
               "height" : 1680.4804999999999,
               "lla" : [ 120.19739199999999, -26.862064570000001, -227691.3958 ],
               "radarID" : 12995,
               "targetType" : 3,
               "trueID" : 781,
               "velocity" : [ -220.7399139, -184.15315820000001, 85.799212049999994 ]
            }
         ]
      }
   ],
   "terminator" : 0
}
