{
   "data" : [
      {
         "radarID" : 13002,
         "tracks" : [
            {
               "detectedID" : 1003,
               "detectedTime" : 2158.3499999999999,
               "entityID" : 13002,
               "height" : 1316.3429229999999,
               "lla" : [ 120.19734579999999, -26.86204214, -228054.13959999999 ],
               "radarID" : 13002,
               "targetType" : 3,
               "trueID" : 781,
               "velocity" : [ -220.73961299999999, -184.15368570000001, 85.798853699999995 ]
            }
         ]
      }
   ],
   "terminator" : 0
}
