{
   "data" : [
      {
         "radarID" : 13002,
         "tracks" : [
            {
               "detectedID" : 1004,
               "detectedTime" : 2157.6999999999998,
               "entityID" : 13002,
               "height" : 953.90110230000005,
               "lla" : [ 120.20526460000001, -26.86672699, -197426.19330000001 ],
               "radarID" : 13002,
               "targetType" : 3,
               "trueID" : 799,
               "velocity" : [ -11.50202457, -172.07269339999999, 245.47645840000001 ]
            }
         ]
      }
   ],
   "terminator" : 0
}
