{
   "data" : [
      {
         "radarID" : 13093,
         "tracks" : [
            {
               "detectedID" : 1003,
               "detectedTime" : 2170.1500000000001,
               "entityID" : 13093,
               "height" : 1886.928259,
               "lla" : [ 120.2324036, -26.886283970000001, -226859.61670000001 ],
               "radarID" : 13093,
               "targetType" : 3,
               "trueID" : 781,
               "velocity" : [ -220.66858439999999, -184.27815889999999, 85.714269720000004 ]
            }
         ]
      }
   ],
   "terminator" : 0
}
