{
   "data" : [
      {
         "radarID" : 13107,
         "tracks" : [
            {
               "detectedID" : 1003,
               "detectedTime" : 2170.1999999999998,
               "entityID" : 13107,
               "height" : 2078.8538020000001,
               "lla" : [ 120.2325285, -26.886365439999999, -226669.31289999999 ],
               "radarID" : 13107,
               "targetType" : 3,
               "trueID" : 781,
               "velocity" : [ -220.66828330000001, -184.27868620000001, 85.713911260000003 ]
            }
         ]
      }
   ],
   "terminator" : 0
}
