{
   "data" : [
      {
         "radarID" : 13016,
         "tracks" : [
            {
               "detectedID" : 1004,
               "detectedTime" : 2178.0999999999999,
               "entityID" : 13016,
               "height" : 1299.2634969999999,
               "lla" : [ 120.225987, -26.881130420000002, -199592.21599999999 ],
               "radarID" : 13016,
               "targetType" : 3,
               "trueID" : 799,
               "velocity" : [ -11.37648991, -172.28822479999999, 245.33108870000001 ]
            }
         ]
      }
   ],
   "terminator" : 0
}
