{
   "data" : [
      {
         "radarID" : 12988,
         "tracks" : [
            {
               "detectedID" : 1004,
               "detectedTime" : 2177.9499999999998,
               "entityID" : 12988,
               "height" : 5001.0654969999996,
               "lla" : [ 120.2271039, -26.88180814, -195920.92869999999 ],
               "radarID" : 12988,
               "targetType" : 3,
               "trueID" : 799,
               "velocity" : [ -11.37741299, -172.2866406, 245.3321584 ]
            }
         ]
      },
      {
         "radarID" : 12995,
         "tracks" : [
            {
               "detectedID" : 1002,
               "detectedTime" : 2177.9499999999998,
               "entityID" : 12995,
               "height" : 4848.0223450000003,
               "lla" : [ 118.8802752, -25.937611650000001, -278163.11719999998 ],
               "radarID" : 12995,
               "targetType" : 3,
               "trueID" : 793,
               "velocity" : [ 11.39578779, -164.24645000000001, 250.78524619999999 ]
            }
         ]
      }
   ],
   "terminator" : 0
}
