{
   "data" : [
      {
         "radarID" : 13093,
         "tracks" : [
            {
               "detectedID" : 1004,
               "detectedTime" : 2180.25,
               "entityID" : 13093,
               "height" : 892.35149879999994,
               "lla" : [ 120.2296094, -26.88365494, -200253.36350000001 ],
               "radarID" : 13093,
               "targetType" : 3,
               "trueID" : 799,
               "velocity" : [ -11.363258999999999, -172.3109307, 245.31575470000001 ]
            }
         ]
      }
   ],
   "terminator" : 0
}
