{
   "data" : [
      {
         "radarID" : 13107,
         "tracks" : [
            {
               "detectedID" : 1004,
               "detectedTime" : 2180.3000000000002,
               "entityID" : 13107,
               "height" : 5128.4445660000001,
               "lla" : [ 120.22941400000001, -26.88341149, -196089.9975 ],
               "radarID" : 13107,
               "targetType" : 3,
               "trueID" : 799,
               "velocity" : [ -11.36295131, -172.3114587, 245.31539810000001 ]
            }
         ]
      },
      {
         "radarID" : 13114,
         "tracks" : [
            {
               "detectedID" : 1004,
               "detectedTime" : 2180.3000000000002,
               "entityID" : 13114,
               "height" : 1055.8362299999999,
               "lla" : [ 120.22971029999999, -26.883720570000001, -200092.45569999999 ],
               "radarID" : 13114,
               "targetType" : 3,
               "trueID" : 799,
               "velocity" : [ -11.36295131, -172.3114587, 245.31539810000001 ]
            }
         ]
      }
   ],
   "terminator" : 0
}
