{
   "data" : [
      {
         "radarID" : 13072,
         "tracks" : [
            {
               "detectedID" : 1004,
               "detectedTime" : 2189.0,
               "entityID" : 13072,
               "height" : 5002.857,
               "lla" : [ 120.2381424, -26.889482959999999, -197276.46590000001 ],
               "radarID" : 13072,
               "targetType" : 3,
               "trueID" : 799,
               "velocity" : [ -11.309411259999999, -172.4033202, 245.2533229 ]
            }
         ]
      }
   ],
   "terminator" : 0
}
