{
   "data" : [
      {
         "radarID" : 13093,
         "tracks" : [
            {
               "detectedID" : 1006,
               "detectedTime" : 2198.5999999999999,
               "entityID" : 13093,
               "height" : 4495.588436,
               "lla" : [ 118.13022239999999, -25.39896409, -300494.05440000002 ],
               "radarID" : 13093,
               "targetType" : 3,
               "trueID" : 811,
               "velocity" : [ 274.30693760000003, 95.765709759999993, 74.730400739999993 ]
            }
         ]
      },
      {
         "radarID" : 13107,
         "tracks" : [
            {
               "detectedID" : 1006,
               "detectedTime" : 2198.5999999999999,
               "entityID" : 13107,
               "height" : 6436.5127279999997,
               "lla" : [ 118.1307121, -25.399270390000002, -298609.7611 ],
               "radarID" : 13107,
               "targetType" : 3,
               "trueID" : 811,
               "velocity" : [ 274.30693760000003, 95.765709759999993, 74.730400739999993 ]
            }
         ]
      }
   ],
   "terminator" : 0
}
