{
   "data" : [
      {
         "radarID" : 12910,
         "tracks" : [
            {
               "detectedID" : 1003,
               "detectedTime" : 2206.6999999999998,
               "entityID" : 12910,
               "height" : 1169.1379240000001,
               "lla" : [ 120.34034870000001, -26.96086837, -225545.79579999999 ],
               "radarID" : 12910,
               "targetType" : 3,
               "trueID" : 781,
               "velocity" : [ -220.44814819999999, -184.6633454, 85.452108490000001 ]
            }
         ]
      },
      {
         "radarID" : 12924,
         "tracks" : [
            {
               "detectedID" : 1002,
               "detectedTime" : 2206.6999999999998,
               "entityID" : 12924,
               "height" : 4085.9128860000001,
               "lla" : [ 118.9008795, -25.952424690000001, -282898.36310000002 ],
               "radarID" : 12924,
               "targetType" : 3,
               "trueID" : 793,
               "velocity" : [ 11.56465414, -164.5524557, 250.57683069999999 ]
            }
         ]
      }
   ],
   "terminator" : 0
}
