{
   "data" : [
      {
         "radarID" : 12903,
         "tracks" : [
            {
               "detectedID" : 1004,
               "detectedTime" : 2206.3499999999999,
               "entityID" : 12903,
               "height" : 5002.5052900000001,
               "lla" : [ 120.255555, -26.901585610000001, -199408.0263 ],
               "radarID" : 12903,
               "targetType" : 3,
               "trueID" : 799,
               "velocity" : [ -11.20263396, -172.58642789999999, 245.12940639999999 ]
            }
         ]
      },
      {
         "radarID" : 12917,
         "tracks" : [
            {
               "detectedID" : 1004,
               "detectedTime" : 2206.3499999999999,
               "entityID" : 12917,
               "height" : 1638.70174,
               "lla" : [ 120.25469289999999, -26.901073629999999, -202649.62220000001 ],
               "radarID" : 12917,
               "targetType" : 3,
               "trueID" : 799,
               "velocity" : [ -11.20263396, -172.58642789999999, 245.12940639999999 ]
            }
         ]
      }
   ],
   "terminator" : 0
}
