{
   "data" : [
      {
         "radarID" : 13065,
         "tracks" : [
            {
               "detectedID" : 1004,
               "detectedTime" : 2209.0999999999999,
               "entityID" : 13065,
               "height" : 5009.2567499999996,
               "lla" : [ 120.25825089999999, -26.90345937, -199752.5668 ],
               "radarID" : 13065,
               "targetType" : 3,
               "trueID" : 799,
               "velocity" : [ -11.185708999999999, -172.6154401, 245.1097504 ]
            }
         ]
      },
      {
         "radarID" : 13107,
         "tracks" : [
            {
               "detectedID" : 1002,
               "detectedTime" : 2209.0999999999999,
               "entityID" : 13107,
               "height" : 5363.5123299999996,
               "lla" : [ 118.90289129999999, -25.953835680000001, -282015.96010000003 ],
               "radarID" : 13107,
               "targetType" : 3,
               "trueID" : 793,
               "velocity" : [ 11.578749739999999, -164.57798679999999, 250.55941179999999 ]
            }
         ]
      }
   ],
   "terminator" : 0
}
