{
   "data" : [
      {
         "radarID" : 12917,
         "tracks" : [
            {
               "detectedID" : 1002,
               "detectedTime" : 2217.25,
               "entityID" : 12917,
               "height" : 4528.7193370000005,
               "lla" : [ 118.9086576, -25.957995799999999, -283950.40529999998 ],
               "radarID" : 12917,
               "targetType" : 3,
               "trueID" : 793,
               "velocity" : [ 11.62661481, -164.66467, 250.5002361 ]
            }
         ]
      }
   ],
   "terminator" : 0
}
