{
   "data" : [
      {
         "radarID" : 12924,
         "tracks" : [
            {
               "detectedID" : 1004,
               "detectedTime" : 2215.5999999999999,
               "entityID" : 12924,
               "height" : 2540.0848529999998,
               "lla" : [ 120.2644569, -26.907833480000001, -202894.791 ],
               "radarID" : 12924,
               "targetType" : 3,
               "trueID" : 799,
               "velocity" : [ -11.145703920000001, -172.68400260000001, 245.06327450000001 ]
            }
         ]
      }
   ],
   "terminator" : 0
}
