{
   "data" : [
      {
         "radarID" : 13093,
         "tracks" : [
            {
               "detectedID" : 1005,
               "detectedTime" : 2218.0,
               "entityID" : 13093,
               "height" : 4423.0216220000002,
               "lla" : [ 117.73429710000001, -25.11014106, -274113.77409999998 ],
               "radarID" : 13093,
               "targetType" : 3,
               "trueID" : 805,
               "velocity" : [ -42.707635570000001, -177.7661914, 237.85550040000001 ]
            }
         ]
      }
   ],
   "terminator" : 0
}
