{
   "data" : [
      {
         "radarID" : 13107,
         "tracks" : [
            {
               "detectedID" : 1006,
               "detectedTime" : 2218.5999999999999,
               "entityID" : 13107,
               "height" : 5140.1870360000003,
               "lla" : [ 118.07065129999999, -25.35582853, -303003.60369999998 ],
               "radarID" : 13107,
               "targetType" : 3,
               "trueID" : 811,
               "velocity" : [ 274.42071440000001, 95.55175371, 74.586418679999994 ]
            }
         ]
      }
   ],
   "terminator" : 0
}
