{
   "data" : [
      {
         "radarID" : 13114,
         "tracks" : [
            {
               "detectedID" : 1002,
               "detectedTime" : 2219.1500000000001,
               "entityID" : 13114,
               "height" : 3397.7891519999998,
               "lla" : [ 118.9098547, -25.958884959999999, -285330.69280000002 ],
               "radarID" : 13114,
               "targetType" : 3,
               "trueID" : 793,
               "velocity" : [ 11.63777327, -164.68487479999999, 250.48643519999999 ]
            }
         ]
      }
   ],
   "terminator" : 0
}
