{
   "data" : [
      {
         "radarID" : 12995,
         "tracks" : [
            {
               "detectedID" : 1002,
               "detectedTime" : 2228.0500000000002,
               "entityID" : 12995,
               "height" : 5413.5946709999998,
               "lla" : [ 118.91665639999999, -25.963713169999998, -284615.7451 ],
               "radarID" : 12995,
               "targetType" : 3,
               "trueID" : 793,
               "velocity" : [ 11.690040420000001, -164.7795007, 250.42176240000001 ]
            }
         ]
      },
      {
         "radarID" : 13093,
         "tracks" : [
            {
               "detectedID" : 1005,
               "detectedTime" : 2228.0500000000002,
               "entityID" : 13093,
               "height" : 4414.8654319999996,
               "lla" : [ 117.74667580000001, -25.119214400000001, -275206.2622 ],
               "radarID" : 13093,
               "targetType" : 3,
               "trueID" : 805,
               "velocity" : [ -42.650334290000004, -177.87513000000001, 237.78432900000001 ]
            }
         ]
      },
      {
         "radarID" : 13107,
         "tracks" : [
            {
               "detectedID" : 1005,
               "detectedTime" : 2228.0500000000002,
               "entityID" : 13107,
               "height" : 7621.0106089999999,
               "lla" : [ 117.74736540000001, -25.11963974, -272116.28590000002 ],
               "radarID" : 13107,
               "targetType" : 3,
               "trueID" : 805,
               "velocity" : [ -42.650334290000004, -177.87513000000001, 237.78432900000001 ]
            }
         ]
      }
   ],
   "terminator" : 0
}
