{
   "data" : [
      {
         "radarID" : 13009,
         "tracks" : [
            {
               "detectedID" : 1003,
               "detectedTime" : 2228.75,
               "entityID" : 13009,
               "height" : 1591.3906320000001,
               "lla" : [ 120.4056496, -27.005878729999999, -223944.13709999999 ],
               "radarID" : 13009,
               "targetType" : 3,
               "trueID" : 781,
               "velocity" : [ -220.31484990000001, -184.89545559999999, 85.293829860000002 ]
            }
         ]
      },
      {
         "radarID" : 13016,
         "tracks" : [
            {
               "detectedID" : 1003,
               "detectedTime" : 2228.75,
               "entityID" : 13016,
               "height" : 1640.1975689999999,
               "lla" : [ 120.405742, -27.00594087, -223884.90909999999 ],
               "radarID" : 13016,
               "targetType" : 3,
               "trueID" : 781,
               "velocity" : [ -220.31484990000001, -184.89545559999999, 85.293829860000002 ]
            }
         ]
      }
   ],
   "terminator" : 0
}
