{
   "data" : [
      {
         "radarID" : 13002,
         "tracks" : [
            {
               "detectedID" : 1003,
               "detectedTime" : 2228.5999999999999,
               "entityID" : 13002,
               "height" : 1081.508057,
               "lla" : [ 120.40516049999999, -27.005554650000001, -224442.9204 ],
               "radarID" : 13002,
               "targetType" : 3,
               "trueID" : 781,
               "velocity" : [ -220.31575749999999, -184.89387730000001, 85.294906900000001 ]
            }
         ]
      },
      {
         "radarID" : 13107,
         "tracks" : [
            {
               "detectedID" : 1006,
               "detectedTime" : 2228.5999999999999,
               "entityID" : 13107,
               "height" : 5910.6606330000004,
               "lla" : [ 118.04081290000001, -25.334191000000001, -303842.739 ],
               "radarID" : 13107,
               "targetType" : 3,
               "trueID" : 811,
               "velocity" : [ 274.47751210000001, 95.444744, 74.514402669999996 ]
            }
         ]
      }
   ],
   "terminator" : 0
}
