{
   "data" : [
      {
         "radarID" : 13114,
         "tracks" : [
            {
               "detectedID" : 1004,
               "detectedTime" : 2230.3499999999999,
               "entityID" : 13114,
               "height" : 1345.688932,
               "lla" : [ 120.2799649, -26.918636580000001, -205951.38519999999 ],
               "radarID" : 13114,
               "targetType" : 3,
               "trueID" : 799,
               "velocity" : [ -11.054919780000001, -172.8395261, 244.95772479999999 ]
            }
         ]
      }
   ],
   "terminator" : 0
}
