{
   "data" : [
      {
         "radarID" : 12910,
         "tracks" : [
            {
               "detectedID" : 1004,
               "detectedTime" : 2236.3499999999999,
               "entityID" : 12910,
               "height" : 1708.957834,
               "lla" : [ 120.2847168, -26.921930039999999, -206271.20110000001 ],
               "radarID" : 12910,
               "targetType" : 3,
               "trueID" : 799,
               "velocity" : [ -11.01798932, -172.9027658, 244.91475550000001 ]
            }
         ]
      }
   ],
   "terminator" : 0
}
