{
   "data" : [
      {
         "radarID" : 12917,
         "tracks" : [
            {
               "detectedID" : 1002,
               "detectedTime" : 2237.3000000000002,
               "entityID" : 12917,
               "height" : 4446.1928690000004,
               "lla" : [ 118.92315360000001, -25.968400330000001, -286835.51059999998 ],
               "radarID" : 12917,
               "targetType" : 3,
               "trueID" : 793,
               "velocity" : [ 11.744360589999999, -164.87781680000001, 250.35449969999999 ]
            }
         ]
      }
   ],
   "terminator" : 0
}
