{
   "data" : [
      {
         "radarID" : 12889,
         "tracks" : [
            {
               "detectedID" : 1006,
               "detectedTime" : 2244.4000000000001,
               "entityID" : 12889,
               "height" : 1544.0735239999999,
               "lla" : [ 117.9938587, -25.3002489, -310391.65279999998 ],
               "radarID" : 12889,
               "targetType" : 3,
               "trueID" : 811,
               "velocity" : [ 274.56712900000002, 95.275625649999995, 74.400583470000001 ]
            }
         ]
      }
   ],
   "terminator" : 0
}
