{
   "data" : [
      {
         "radarID" : 12995,
         "tracks" : [
            {
               "detectedID" : 1004,
               "detectedTime" : 2248.0,
               "entityID" : 12995,
               "height" : 5038.9717069999997,
               "lla" : [ 120.2974035, -26.930652590000001, -204497.7947 ],
               "radarID" : 12995,
               "targetType" : 3,
               "trueID" : 799,
               "velocity" : [ -10.94628048, -173.02551639999999, 244.83126770000001 ]
            }
         ]
      }
   ],
   "terminator" : 0
}
