{
   "data" : [
      {
         "radarID" : 12988,
         "tracks" : [
            {
               "detectedID" : 1004,
               "detectedTime" : 474.35000000000002,
               "entityID" : 12988,
               "height" : 4978.0002610000001,
               "lla" : [ 122.57832929999999, -28.460768720000001, 20242.414769999999 ],
               "radarID" : 12988,
               "targetType" : 3,
               "trueID" : 799,
               "velocity" : [ 116.90364940000001, -90.861264480000003, 260.9171657 ]
            }
         ]
      }
   ],
   "terminator" : 0
}
