{
   "data" : [
      {
         "radarID" : 12910,
         "tracks" : [
            {
               "detectedID" : 1003,
               "detectedTime" : 2256.6500000000001,
               "entityID" : 12910,
               "height" : 904.32644930000004,
               "lla" : [ 120.4881863, -27.062704490000002, -223053.22219999999 ],
               "radarID" : 12910,
               "targetType" : 3,
               "trueID" : 781,
               "velocity" : [ -220.14584959999999, -185.1888586, 85.09342848 ]
            }
         ]
      }
   ],
   "terminator" : 0
}
