{
   "data" : [
      {
         "radarID" : 13093,
         "tracks" : [
            {
               "detectedID" : 1004,
               "detectedTime" : 2260.3000000000002,
               "entityID" : 13093,
               "height" : 1334.562236,
               "lla" : [ 120.310013, -26.93950019, -209652.1385 ],
               "radarID" : 13093,
               "targetType" : 3,
               "trueID" : 799,
               "velocity" : [ -10.87056761, -173.15505859999999, 244.74304169999999 ]
            }
         ]
      }
   ],
   "terminator" : 0
}
