{
   "data" : [
      {
         "radarID" : 12924,
         "tracks" : [
            {
               "detectedID" : 1003,
               "detectedTime" : 2265.5500000000002,
               "entityID" : 12924,
               "height" : 1247.5153620000001,
               "lla" : [ 120.51475979999999, -27.080963279999999, -222225.01980000001 ],
               "radarID" : 12924,
               "targetType" : 3,
               "trueID" : 781,
               "velocity" : [ -220.0918599, -185.2823855, 85.029470520000004 ]
            }
         ]
      }
   ],
   "terminator" : 0
}
