{
   "data" : [
      {
         "radarID" : 12917,
         "tracks" : [
            {
               "detectedID" : 1002,
               "detectedTime" : 2267.3499999999999,
               "entityID" : 12917,
               "height" : 4332.4617509999998,
               "lla" : [ 118.94512279999999, -25.98416117, -291147.42920000001 ],
               "radarID" : 12917,
               "targetType" : 3,
               "trueID" : 793,
               "velocity" : [ 11.92081054, -165.19699270000001, 250.13565890000001 ]
            }
         ]
      }
   ],
   "terminator" : 0
}
