{
   "data" : [
      {
         "radarID" : 12889,
         "tracks" : [
            {
               "detectedID" : 1001,
               "detectedTime" : 2274.0999999999999,
               "entityID" : 12889,
               "height" : 659.32708019999995,
               "lla" : [ 117.9618243, -25.277776750000001, -341975.97970000003 ],
               "radarID" : 12889,
               "targetType" : 3,
               "trueID" : 817,
               "velocity" : [ 102.1695084, -120.5482737, 255.0088337 ]
            }
         ]
      }
   ],
   "terminator" : 0
}
