{
   "data" : [
      {
         "radarID" : 12896,
         "tracks" : [
            {
               "detectedID" : 1005,
               "detectedTime" : 2274.75,
               "entityID" : 12896,
               "height" : 5006.3785010000001,
               "lla" : [ 117.8053567, -25.162174870000001, -279614.84749999997 ],
               "radarID" : 12896,
               "targetType" : 3,
               "trueID" : 805,
               "velocity" : [ -42.38394813, -178.3808129, 237.4529144 ]
            }
         ]
      }
   ],
   "terminator" : 0
}
