{
   "data" : [
      {
         "radarID" : 13093,
         "tracks" : [
            {
               "detectedID" : 1004,
               "detectedTime" : 2280.3000000000002,
               "entityID" : 13093,
               "height" : 1459.44181,
               "lla" : [ 120.3302003, -26.953505710000002, -212002.06940000001 ],
               "radarID" : 13093,
               "targetType" : 3,
               "trueID" : 799,
               "velocity" : [ -10.74745051, -173.36557099999999, 244.59940950000001 ]
            }
         ]
      }
   ],
   "terminator" : 0
}
