{
   "data" : [
      {
         "radarID" : 13107,
         "tracks" : [
            {
               "detectedID" : 1004,
               "detectedTime" : 2280.3499999999999,
               "entityID" : 13107,
               "height" : 4975.0230179999999,
               "lla" : [ 120.3299878, -26.953268869999999, -208556.72169999999 ],
               "radarID" : 13107,
               "targetType" : 3,
               "trueID" : 799,
               "velocity" : [ -10.74714271, -173.366097, 244.5990501 ]
            }
         ]
      },
      {
         "radarID" : 13114,
         "tracks" : [
            {
               "detectedID" : 1004,
               "detectedTime" : 2280.3499999999999,
               "entityID" : 13114,
               "height" : 1670.6432199999999,
               "lla" : [ 120.33028160000001, -26.953556540000001, -211798.67180000001 ],
               "radarID" : 13114,
               "targetType" : 3,
               "trueID" : 799,
               "velocity" : [ -10.74714271, -173.366097, 244.5990501 ]
            }
         ]
      }
   ],
   "terminator" : 0
}
