{
   "data" : [
      {
         "radarID" : 12995,
         "tracks" : [
            {
               "detectedID" : 1003,
               "detectedTime" : 2278.75,
               "entityID" : 12995,
               "height" : 2184.3498519999998,
               "lla" : [ 120.5539192, -27.107839250000001, -220596.60320000001 ],
               "radarID" : 12995,
               "targetType" : 3,
               "trueID" : 781,
               "velocity" : [ -220.0117147, -185.42103929999999, 84.934584259999994 ]
            }
         ]
      }
   ],
   "terminator" : 0
}
