{
   "data" : [
      {
         "radarID" : 13093,
         "tracks" : [
            {
               "detectedID" : 1002,
               "detectedTime" : 2289.1999999999998,
               "entityID" : 13093,
               "height" : 3807.1162420000001,
               "lla" : [ 118.9608609, -25.995460510000001, -294741.47930000001 ],
               "radarID" : 13093,
               "targetType" : 3,
               "trueID" : 793,
               "velocity" : [ 12.049094419999999, -165.4288622, 249.9762206 ]
            }
         ]
      },
      {
         "radarID" : 13107,
         "tracks" : [
            {
               "detectedID" : 1002,
               "detectedTime" : 2289.1999999999998,
               "entityID" : 13107,
               "height" : 4936.3838930000002,
               "lla" : [ 118.9610579, -25.99557218, -293650.97110000002 ],
               "radarID" : 13107,
               "targetType" : 3,
               "trueID" : 793,
               "velocity" : [ 12.049094419999999, -165.4288622, 249.9762206 ]
            }
         ]
      }
   ],
   "terminator" : 0
}
