{
   "data" : [
      {
         "radarID" : 12910,
         "tracks" : [
            {
               "detectedID" : 1003,
               "detectedTime" : 2296.5999999999999,
               "entityID" : 12910,
               "height" : 717.88750719999996,
               "lla" : [ 120.6065084, -27.143963710000001, -221022.2689 ],
               "radarID" : 12910,
               "targetType" : 3,
               "trueID" : 781,
               "velocity" : [ -219.90320249999999, -185.60842260000001, 84.806220379999999 ]
            }
         ]
      }
   ],
   "terminator" : 0
}
