{
   "data" : [
      {
         "radarID" : 13030,
         "tracks" : [
            {
               "detectedID" : 1003,
               "detectedTime" : 482.30000000000001,
               "entityID" : 13030,
               "height" : 327.10430209999998,
               "lla" : [ 122.16156460000001, -28.186621689999999, 2293.6813609999999 ],
               "radarID" : 13030,
               "targetType" : 3,
               "trueID" : 781,
               "velocity" : [ 243.6806565, 46.645494059999997, 168.65329980000001 ]
            }
         ]
      },
      {
         "radarID" : 13037,
         "tracks" : [
            {
               "detectedID" : 1003,
               "detectedTime" : 482.30000000000001,
               "entityID" : 13037,
               "height" : 314.72080699999998,
               "lla" : [ 122.16158110000001, -28.18663287, 2282.0458359999998 ],
               "radarID" : 13037,
               "targetType" : 3,
               "trueID" : 781,
               "velocity" : [ 243.6806565, 46.645494059999997, 168.65329980000001 ]
            }
         ]
      },
      {
         "radarID" : 13135,
         "tracks" : [
            {
               "detectedID" : 1002,
               "detectedTime" : 482.30000000000001,
               "entityID" : 13135,
               "height" : 3535.837845,
               "lla" : [ 122.7868241, -28.596687370000001, 37993.146439999997 ],
               "radarID" : 13135,
               "targetType" : 3,
               "trueID" : 793,
               "velocity" : [ 249.17991979999999, 62.397082150000003, 154.9708737 ]
            }
         ]
      },
      {
         "radarID" : 13142,
         "tracks" : [
            {
               "detectedID" : 1002,
               "detectedTime" : 482.30000000000001,
               "entityID" : 13142,
               "height" : 5010.285578,
               "lla" : [ 122.7867396, -28.59659495, 39476.137970000003 ],
               "radarID" : 13142,
               "targetType" : 3,
               "trueID" : 793,
               "velocity" : [ 249.17991979999999, 62.397082150000003, 154.9708737 ]
            }
         ]
      }
   ],
   "terminator" : 0
}
