{
   "data" : [
      {
         "radarID" : 12995,
         "tracks" : [
            {
               "detectedID" : 1003,
               "detectedTime" : 2298.8499999999999,
               "entityID" : 12995,
               "height" : 2176.5790280000001,
               "lla" : [ 120.61351310000001, -27.14873025, -219488.2733 ],
               "radarID" : 12995,
               "targetType" : 3,
               "trueID" : 781,
               "velocity" : [ -219.88951349999999, -185.63203300000001, 84.790035829999994 ]
            }
         ]
      },
      {
         "radarID" : 13002,
         "tracks" : [
            {
               "detectedID" : 1003,
               "detectedTime" : 2298.8499999999999,
               "entityID" : 13002,
               "height" : 916.24039809999999,
               "lla" : [ 120.61328210000001, -27.148604370000001, -220726.462 ],
               "radarID" : 13002,
               "targetType" : 3,
               "trueID" : 781,
               "velocity" : [ -219.88951349999999, -185.63203300000001, 84.790035829999994 ]
            }
         ]
      }
   ],
   "terminator" : 0
}
