{
   "data" : [
      {
         "radarID" : 12896,
         "tracks" : [
            {
               "detectedID" : 1001,
               "detectedTime" : 2304.1500000000001,
               "entityID" : 12896,
               "height" : 5000.8254109999998,
               "lla" : [ 117.950305, -25.269436899999999, -343500.13030000002 ],
               "radarID" : 12896,
               "targetType" : 3,
               "trueID" : 817,
               "velocity" : [ 102.340018, -120.8695694, 254.78828050000001 ]
            }
         ]
      }
   ],
   "terminator" : 0
}
