{
   "data" : [
      {
         "radarID" : 12910,
         "tracks" : [
            {
               "detectedID" : 1002,
               "detectedTime" : 2307.3499999999999,
               "entityID" : 12910,
               "height" : 4428.5228319999997,
               "lla" : [ 118.97381540000001, -26.004732449999999, -296700.70750000002 ],
               "radarID" : 12910,
               "targetType" : 3,
               "trueID" : 793,
               "velocity" : [ 12.15564442, -165.62133309999999, 249.84357969999999 ]
            }
         ]
      }
   ],
   "terminator" : 0
}
