{
   "data" : [
      {
         "radarID" : 13072,
         "tracks" : [
            {
               "detectedID" : 1006,
               "detectedTime" : 482.44999999999999,
               "entityID" : 13072,
               "height" : 5988.2604810000003,
               "lla" : [ 123.1948012, -28.862984610000002, -17064.200239999998 ],
               "radarID" : 13072,
               "targetType" : 3,
               "trueID" : 811,
               "velocity" : [ 263.65313579999997, 113.7916166, 86.824489439999994 ]
            }
         ]
      }
   ],
   "terminator" : 0
}
