{
   "data" : [
      {
         "radarID" : 13072,
         "tracks" : [
            {
               "detectedID" : 1004,
               "detectedTime" : 2309.3000000000002,
               "entityID" : 13072,
               "height" : 5005.2941600000004,
               "lla" : [ 120.3591928, -26.973523799999999, -212114.39739999999 ],
               "radarID" : 13072,
               "targetType" : 3,
               "trueID" : 799,
               "velocity" : [ -10.56891602, -173.67053799999999, 244.39075729999999 ]
            }
         ]
      },
      {
         "radarID" : 13114,
         "tracks" : [
            {
               "detectedID" : 1002,
               "detectedTime" : 2309.3000000000002,
               "entityID" : 13114,
               "height" : 4102.9784289999998,
               "lla" : [ 118.9755584, -26.005988779999999, -297307.99790000002 ],
               "radarID" : 13114,
               "targetType" : 3,
               "trueID" : 793,
               "velocity" : [ 12.16709135, -165.64200450000001, 249.82931819999999 ]
            }
         ]
      }
   ],
   "terminator" : 0
}
