{
   "data" : [
      {
         "radarID" : 13009,
         "tracks" : [
            {
               "detectedID" : 1003,
               "detectedTime" : 2309.0,
               "entityID" : 13009,
               "height" : 1401.3481770000001,
               "lla" : [ 120.6434548, -27.169274250000001, -219690.7395 ],
               "radarID" : 13009,
               "targetType" : 3,
               "trueID" : 781,
               "velocity" : [ -219.82773080000001, -185.7385161, 84.717013800000004 ]
            }
         ]
      },
      {
         "radarID" : 13016,
         "tracks" : [
            {
               "detectedID" : 1003,
               "detectedTime" : 2309.0,
               "entityID" : 13016,
               "height" : 1444.923446,
               "lla" : [ 120.64347220000001, -27.16928497, -219645.8155 ],
               "radarID" : 13016,
               "targetType" : 3,
               "trueID" : 781,
               "velocity" : [ -219.82773080000001, -185.7385161, 84.717013800000004 ]
            }
         ]
      }
   ],
   "terminator" : 0
}
