{
   "data" : [
      {
         "radarID" : 13002,
         "tracks" : [
            {
               "detectedID" : 1003,
               "detectedTime" : 2318.9499999999998,
               "entityID" : 13002,
               "height" : 881.79844049999997,
               "lla" : [ 120.6728803, -27.18944406, -219645.50829999999 ],
               "radarID" : 13002,
               "targetType" : 3,
               "trueID" : 781,
               "velocity" : [ -219.76711710000001, -185.84285969999999, 84.645411949999996 ]
            }
         ]
      }
   ],
   "terminator" : 0
}
