{
   "data" : [
      {
         "radarID" : 13065,
         "tracks" : [
            {
               "detectedID" : 1004,
               "detectedTime" : 2319.25,
               "entityID" : 13065,
               "height" : 5009.505322,
               "lla" : [ 120.3692471, -26.980494060000002, -213347.59539999999 ],
               "radarID" : 13065,
               "targetType" : 3,
               "trueID" : 799,
               "velocity" : [ -10.50765625, -173.7750978, 244.319063 ]
            }
         ]
      },
      {
         "radarID" : 13093,
         "tracks" : [
            {
               "detectedID" : 1002,
               "detectedTime" : 2319.25,
               "entityID" : 13093,
               "height" : 4045.8648480000002,
               "lla" : [ 118.98279530000001, -26.011176330000001, -298752.09169999999 ],
               "radarID" : 13093,
               "targetType" : 3,
               "trueID" : 793,
               "velocity" : [ 12.225498310000001, -165.74745970000001, 249.75651500000001 ]
            }
         ]
      },
      {
         "radarID" : 13107,
         "tracks" : [
            {
               "detectedID" : 1002,
               "detectedTime" : 2319.25,
               "entityID" : 13107,
               "height" : 5636.6452010000003,
               "lla" : [ 118.9830353, -26.011306709999999, -297212.58189999999 ],
               "radarID" : 13107,
               "targetType" : 3,
               "trueID" : 793,
               "velocity" : [ 12.225498310000001, -165.74745970000001, 249.75651500000001 ]
            }
         ]
      }
   ],
   "terminator" : 0
}
