{
   "data" : [
      {
         "radarID" : 13093,
         "tracks" : [
            {
               "detectedID" : 1002,
               "detectedTime" : 2329.25,
               "entityID" : 13093,
               "height" : 4128.0834000000004,
               "lla" : [ 118.99010680000001, -26.01641322, -300085.06319999998 ],
               "radarID" : 13093,
               "targetType" : 3,
               "trueID" : 793,
               "velocity" : [ 12.284195779999999, -165.85340769999999, 249.68329069999999 ]
            }
         ]
      },
      {
         "radarID" : 13107,
         "tracks" : [
            {
               "detectedID" : 1002,
               "detectedTime" : 2329.25,
               "entityID" : 13107,
               "height" : 5090.256077,
               "lla" : [ 118.9902725, -26.016506450000001, -299146.4227 ],
               "radarID" : 13107,
               "targetType" : 3,
               "trueID" : 793,
               "velocity" : [ 12.284195779999999, -165.85340769999999, 249.68329069999999 ]
            }
         ]
      }
   ],
   "terminator" : 0
}
