{
   "data" : [
      {
         "radarID" : 12896,
         "tracks" : [
            {
               "detectedID" : 1006,
               "detectedTime" : 2334.6999999999998,
               "entityID" : 12896,
               "height" : 5138.0729140000003,
               "lla" : [ 117.7226787, -25.102854440000002, -321237.55849999998 ],
               "radarID" : 12896,
               "targetType" : 3,
               "trueID" : 811,
               "velocity" : [ 275.07640659999998, 94.308073829999998, 73.749289849999997 ]
            }
         ]
      }
   ],
   "terminator" : 0
}
