{
   "data" : [
      {
         "radarID" : 13107,
         "tracks" : [
            {
               "detectedID" : 1004,
               "detectedTime" : 2330.3499999999999,
               "entityID" : 13107,
               "height" : 4826.0354299999999,
               "lla" : [ 120.380442, -26.98825793, -214899.16649999999 ],
               "radarID" : 13107,
               "targetType" : 3,
               "trueID" : 799,
               "velocity" : [ -10.43931385, -173.89169709999999, 244.23901900000001 ]
            }
         ]
      },
      {
         "radarID" : 13114,
         "tracks" : [
            {
               "detectedID" : 1004,
               "detectedTime" : 2330.3499999999999,
               "entityID" : 13114,
               "height" : 2031.2141590000001,
               "lla" : [ 120.38077079999999, -26.98855666, -217642.76389999999 ],
               "radarID" : 13114,
               "targetType" : 3,
               "trueID" : 799,
               "velocity" : [ -10.43931385, -173.89169709999999, 244.23901900000001 ]
            }
         ]
      }
   ],
   "terminator" : 0
}
