{
   "data" : [
      {
         "radarID" : 12889,
         "tracks" : [
            {
               "detectedID" : 1002,
               "detectedTime" : 2333.25,
               "entityID" : 12889,
               "height" : 2146.1542439999998,
               "lla" : [ 118.99411499999999, -26.01932652, -302440.98019999999 ],
               "radarID" : 12889,
               "targetType" : 3,
               "trueID" : 793,
               "velocity" : [ 12.30767393, -165.89577650000001, 249.6539855 ]
            }
         ]
      }
   ],
   "terminator" : 0
}
