{
   "data" : [
      {
         "radarID" : 12896,
         "tracks" : [
            {
               "detectedID" : 1002,
               "detectedTime" : 2333.3499999999999,
               "entityID" : 12896,
               "height" : 5003.4737130000003,
               "lla" : [ 118.99328, -26.01866313, -299800.59850000002 ],
               "radarID" : 12896,
               "targetType" : 3,
               "trueID" : 793,
               "velocity" : [ 12.308260880000001, -165.8968357, 249.65325279999999 ]
            }
         ]
      }
   ],
   "terminator" : 0
}
