{
   "data" : [
      {
         "radarID" : 12903,
         "tracks" : [
            {
               "detectedID" : 1003,
               "detectedTime" : 2336.6500000000001,
               "entityID" : 12903,
               "height" : 2357.1932839999999,
               "lla" : [ 120.7256132, -27.225494399999999, -217213.0091 ],
               "radarID" : 12903,
               "targetType" : 3,
               "trueID" : 781,
               "velocity" : [ -219.65917339999999, -186.02837479999999, 84.517994139999999 ]
            },
            {
               "detectedID" : 1004,
               "detectedTime" : 2336.6500000000001,
               "entityID" : 12903,
               "height" : 5002.1689550000001,
               "lla" : [ 120.38679209999999, -26.992653910000001, -215509.4871 ],
               "radarID" : 12903,
               "targetType" : 3,
               "trueID" : 799,
               "velocity" : [ -10.400523809999999, -173.95785369999999, 244.19355899999999 ]
            }
         ]
      },
      {
         "radarID" : 12917,
         "tracks" : [
            {
               "detectedID" : 1003,
               "detectedTime" : 2336.6500000000001,
               "entityID" : 12917,
               "height" : 428.73894200000001,
               "lla" : [ 120.7251756, -27.225244050000001, -219074.89019999999 ],
               "radarID" : 12917,
               "targetType" : 3,
               "trueID" : 781,
               "velocity" : [ -219.65917339999999, -186.02837479999999, 84.517994139999999 ]
            },
            {
               "detectedID" : 1004,
               "detectedTime" : 2336.6500000000001,
               "entityID" : 12917,
               "height" : 992.87881919999995,
               "lla" : [ 120.3855396, -26.991891599999999, -219380.21780000001 ],
               "radarID" : 12917,
               "targetType" : 3,
               "trueID" : 799,
               "velocity" : [ -10.400523809999999, -173.95785369999999, 244.19355899999999 ]
            }
         ]
      }
   ],
   "terminator" : 0
}
