{
   "data" : [
      {
         "radarID" : 12931,
         "tracks" : [
            {
               "detectedID" : 1004,
               "detectedTime" : 2337.9000000000001,
               "entityID" : 12931,
               "height" : 5001.4437669999998,
               "lla" : [ 120.3881827, -26.993617010000001, -215660.6936 ],
               "radarID" : 12931,
               "targetType" : 3,
               "trueID" : 799,
               "velocity" : [ -10.392827280000001, -173.97097819999999, 244.1845366 ]
            }
         ]
      }
   ],
   "terminator" : 0
}
