{
   "data" : [
      {
         "radarID" : 12931,
         "tracks" : [
            {
               "detectedID" : 1003,
               "detectedTime" : 2338.1500000000001,
               "entityID" : 12931,
               "height" : 2362.8842300000001,
               "lla" : [ 120.7300233, -27.22851047, -217127.17989999999 ],
               "radarID" : 12931,
               "targetType" : 3,
               "trueID" : 781,
               "velocity" : [ -219.65001860000001, -186.04409050000001, 84.507193330000007 ]
            }
         ]
      },
      {
         "radarID" : 12938,
         "tracks" : [
            {
               "detectedID" : 1003,
               "detectedTime" : 2338.1500000000001,
               "entityID" : 12938,
               "height" : 2362.8428859999999,
               "lla" : [ 120.7300183, -27.228507019999999, -217127.42019999999 ],
               "radarID" : 12938,
               "targetType" : 3,
               "trueID" : 781,
               "velocity" : [ -219.65001860000001, -186.04409050000001, 84.507193330000007 ]
            }
         ]
      },
      {
         "radarID" : 12974,
         "tracks" : [
            {
               "detectedID" : 1003,
               "detectedTime" : 2338.1500000000001,
               "entityID" : 12974,
               "height" : 2361.0325680000001,
               "lla" : [ 120.73011339999999, -27.228572010000001, -217122.26519999999 ],
               "radarID" : 12974,
               "targetType" : 3,
               "trueID" : 781,
               "velocity" : [ -219.65001860000001, -186.04409050000001, 84.507193330000007 ]
            }
         ]
      }
   ],
   "terminator" : 0
}
