{
   "data" : [
      {
         "radarID" : 12981,
         "tracks" : [
            {
               "detectedID" : 1006,
               "detectedTime" : 483.14999999999998,
               "entityID" : 12981,
               "height" : 1839.8924219999999,
               "lla" : [ 123.1940706, -28.862619479999999, -21222.294610000001 ],
               "radarID" : 12981,
               "targetType" : 3,
               "trueID" : 811,
               "velocity" : [ 263.65783579999999, 113.7844061, 86.819666760000004 ]
            }
         ]
      },
      {
         "radarID" : 13065,
         "tracks" : [
            {
               "detectedID" : 1004,
               "detectedTime" : 483.14999999999998,
               "entityID" : 13065,
               "height" : 4977.6498929999998,
               "lla" : [ 122.5738384, -28.457863549999999, 18675.635869999998 ],
               "radarID" : 13065,
               "targetType" : 3,
               "trueID" : 799,
               "velocity" : [ 116.96285399999999, -90.953877840000004, 260.85835789999999 ]
            }
         ]
      },
      {
         "radarID" : 13079,
         "tracks" : [
            {
               "detectedID" : 1002,
               "detectedTime" : 483.14999999999998,
               "entityID" : 13079,
               "height" : 5006.7137570000004,
               "lla" : [ 122.7842146, -28.59495218, 39290.740409999999 ],
               "radarID" : 13079,
               "targetType" : 3,
               "trueID" : 793,
               "velocity" : [ 249.1856544, 62.388177460000001, 154.96523790000001 ]
            }
         ]
      },
      {
         "radarID" : 13086,
         "tracks" : [
            {
               "detectedID" : 1002,
               "detectedTime" : 483.14999999999998,
               "entityID" : 13086,
               "height" : 5008.7816229999999,
               "lla" : [ 122.78428959999999, -28.59500096, 39298.693610000002 ],
               "radarID" : 13086,
               "targetType" : 3,
               "trueID" : 793,
               "velocity" : [ 249.1856544, 62.388177460000001, 154.96523790000001 ]
            }
         ]
      }
   ],
   "terminator" : 0
}
