{
   "data" : [
      {
         "radarID" : 12896,
         "tracks" : [
            {
               "detectedID" : 1005,
               "detectedTime" : 2344.6500000000001,
               "entityID" : 12896,
               "height" : 5004.7530690000003,
               "lla" : [ 117.8930201, -25.226278539999999, -287112.01449999999 ],
               "radarID" : 12896,
               "targetType" : 3,
               "trueID" : 805,
               "velocity" : [ -41.98485616, -179.13608149999999, 236.95471330000001 ]
            }
         ]
      }
   ],
   "terminator" : 0
}
