{
   "data" : [
      {
         "radarID" : 12896,
         "tracks" : [
            {
               "detectedID" : 1006,
               "detectedTime" : 2344.75,
               "entityID" : 12896,
               "height" : 5133.4203850000004,
               "lla" : [ 117.6925258, -25.08084508, -322814.67499999999 ],
               "radarID" : 12896,
               "targetType" : 3,
               "trueID" : 811,
               "velocity" : [ 275.13278159999999, 94.200283529999993, 73.676720090000003 ]
            }
         ]
      }
   ],
   "terminator" : 0
}
