{
   "data" : [
      {
         "radarID" : 13009,
         "tracks" : [
            {
               "detectedID" : 1004,
               "detectedTime" : 2348.6500000000001,
               "entityID" : 13009,
               "height" : 1499.7769109999999,
               "lla" : [ 120.3980564, -27.00055184, -220457.07980000001 ],
               "radarID" : 13009,
               "targetType" : 3,
               "trueID" : 799,
               "velocity" : [ -10.32663582, -174.08382349999999, 244.10690890000001 ]
            }
         ]
      },
      {
         "radarID" : 13016,
         "tracks" : [
            {
               "detectedID" : 1004,
               "detectedTime" : 2348.6500000000001,
               "entityID" : 13016,
               "height" : 1548.181977,
               "lla" : [ 120.39800529999999, -27.000515539999999, -220417.05619999999 ],
               "radarID" : 13016,
               "targetType" : 3,
               "trueID" : 799,
               "velocity" : [ -10.32663582, -174.08382349999999, 244.10690890000001 ]
            }
         ]
      }
   ],
   "terminator" : 0
}
