{
   "data" : [
      {
         "radarID" : 12889,
         "tracks" : [
            {
               "detectedID" : 1005,
               "detectedTime" : 2354.5999999999999,
               "entityID" : 12889,
               "height" : 2422.6758620000001,
               "lla" : [ 117.905766, -25.235650069999998, -290581.11660000001 ],
               "radarID" : 12889,
               "targetType" : 3,
               "trueID" : 805,
               "velocity" : [ -41.928011230000003, -179.2434317, 236.8835876 ]
            }
         ]
      },
      {
         "radarID" : 12896,
         "tracks" : [
            {
               "detectedID" : 1005,
               "detectedTime" : 2354.5999999999999,
               "entityID" : 12896,
               "height" : 5006.2383360000003,
               "lla" : [ 117.9055425, -25.23542565, -288172.5576 ],
               "radarID" : 12896,
               "targetType" : 3,
               "trueID" : 805,
               "velocity" : [ -41.928011230000003, -179.2434317, 236.8835876 ]
            }
         ]
      }
   ],
   "terminator" : 0
}
