{
   "data" : [
      {
         "radarID" : 13107,
         "tracks" : [
            {
               "detectedID" : 1004,
               "detectedTime" : 2350.3499999999999,
               "entityID" : 13107,
               "height" : 4971.5470299999997,
               "lla" : [ 120.40067929999999, -27.002276009999999, -217245.94469999999 ],
               "radarID" : 13107,
               "targetType" : 3,
               "trueID" : 799,
               "velocity" : [ -10.31616812, -174.10166469999999, 244.09462719999999 ]
            }
         ]
      },
      {
         "radarID" : 13114,
         "tracks" : [
            {
               "detectedID" : 1004,
               "detectedTime" : 2350.3499999999999,
               "entityID" : 13114,
               "height" : 2184.896201,
               "lla" : [ 120.4008949, -27.00249633, -219974.22459999999 ],
               "radarID" : 13114,
               "targetType" : 3,
               "trueID" : 799,
               "velocity" : [ -10.31616812, -174.10166469999999, 244.09462719999999 ]
            }
         ]
      }
   ],
   "terminator" : 0
}
