{
   "data" : [
      {
         "radarID" : 12903,
         "tracks" : [
            {
               "detectedID" : 1003,
               "detectedTime" : 2356.6500000000001,
               "entityID" : 12903,
               "height" : 2404.9448320000001,
               "lla" : [ 120.7849851, -27.266073280000001, -216049.8265 ],
               "radarID" : 12903,
               "targetType" : 3,
               "trueID" : 781,
               "velocity" : [ -219.53702079999999, -186.2378406, 84.373948819999995 ]
            }
         ]
      },
      {
         "radarID" : 12917,
         "tracks" : [
            {
               "detectedID" : 1003,
               "detectedTime" : 2356.6500000000001,
               "entityID" : 12917,
               "height" : 363.25950790000002,
               "lla" : [ 120.7844588, -27.26576562, -218021.53289999999 ],
               "radarID" : 12917,
               "targetType" : 3,
               "trueID" : 781,
               "velocity" : [ -219.53702079999999, -186.2378406, 84.373948819999995 ]
            }
         ]
      }
   ],
   "terminator" : 0
}
