{
   "data" : [
      {
         "radarID" : 12917,
         "tracks" : [
            {
               "detectedID" : 1002,
               "detectedTime" : 2357.5500000000002,
               "entityID" : 12917,
               "height" : 4070.7623800000001,
               "lla" : [ 119.01047749999999, -26.031008329999999, -304128.41409999999 ],
               "radarID" : 12917,
               "targetType" : 3,
               "trueID" : 793,
               "velocity" : [ 12.450293289999999, -166.15303919999999, 249.4757659 ]
            }
         ]
      }
   ],
   "terminator" : 0
}
