{
   "data" : [
      {
         "radarID" : 13114,
         "tracks" : [
            {
               "detectedID" : 1004,
               "detectedTime" : 2360.4000000000001,
               "entityID" : 13114,
               "height" : 2264.7052950000002,
               "lla" : [ 120.41111770000001, -27.009574829999998, -221149.7867 ],
               "radarID" : 13114,
               "targetType" : 3,
               "trueID" : 799,
               "velocity" : [ -10.254284370000001, -174.20711460000001, 244.02198849999999 ]
            }
         ]
      }
   ],
   "terminator" : 0
}
