{
   "data" : [
      {
         "radarID" : 12896,
         "tracks" : [
            {
               "detectedID" : 1001,
               "detectedTime" : 2364.0,
               "entityID" : 12896,
               "height" : 5000.2322400000003,
               "lla" : [ 117.92906960000001, -25.254271800000001, -354513.82770000002 ],
               "radarID" : 12896,
               "targetType" : 3,
               "trueID" : 817,
               "velocity" : [ 102.6790005, -121.5087511, 254.34749120000001 ]
            }
         ]
      }
   ],
   "terminator" : 0
}
