{
   "data" : [
      {
         "radarID" : 12889,
         "tracks" : [
            {
               "detectedID" : 1002,
               "detectedTime" : 2363.1999999999998,
               "entityID" : 12889,
               "height" : 2087.785034,
               "lla" : [ 119.0158974, -26.034930970000001, -306741.27260000003 ],
               "radarID" : 12889,
               "targetType" : 3,
               "trueID" : 793,
               "velocity" : [ 12.483451199999999, -166.21282389999999, 249.43428119999999 ]
            }
         ]
      }
   ],
   "terminator" : 0
}
