{
   "data" : [
      {
         "radarID" : 12910,
         "tracks" : [
            {
               "detectedID" : 1003,
               "detectedTime" : 2366.5,
               "entityID" : 12910,
               "height" : 445.8078908,
               "lla" : [ 120.8137488, -27.285762949999999, -217387.99950000001 ],
               "radarID" : 12910,
               "targetType" : 3,
               "trueID" : 781,
               "velocity" : [ -219.47678959999999, -186.3409418, 84.302979039999997 ]
            }
         ]
      }
   ],
   "terminator" : 0
}
