{
   "data" : [
      {
         "radarID" : 12910,
         "tracks" : [
            {
               "detectedID" : 1002,
               "detectedTime" : 2367.5,
               "entityID" : 12910,
               "height" : 4242.3964159999996,
               "lla" : [ 119.0178284, -26.036267720000001, -305368.0552 ],
               "radarID" : 12910,
               "targetType" : 3,
               "trueID" : 793,
               "velocity" : [ 12.50868577, -166.25831579999999, 249.4026969 ]
            }
         ]
      }
   ],
   "terminator" : 0
}
