{
   "data" : [
      {
         "radarID" : 13093,
         "tracks" : [
            {
               "detectedID" : 1002,
               "detectedTime" : 2369.3000000000002,
               "entityID" : 13093,
               "height" : 4471.2715159999998,
               "lla" : [ 119.0194382, -26.03741351, -305416.80900000001 ],
               "radarID" : 13093,
               "targetType" : 3,
               "trueID" : 793,
               "velocity" : [ 12.51924891, -166.27735680000001, 249.38947250000001 ]
            }
         ]
      },
      {
         "radarID" : 13107,
         "tracks" : [
            {
               "detectedID" : 1002,
               "detectedTime" : 2369.3000000000002,
               "entityID" : 13107,
               "height" : 4779.4815090000002,
               "lla" : [ 119.0195037, -26.037451919999999, -305105.739 ],
               "radarID" : 13107,
               "targetType" : 3,
               "trueID" : 793,
               "velocity" : [ 12.51924891, -166.27735680000001, 249.38947250000001 ]
            }
         ]
      }
   ],
   "terminator" : 0
}
