{
   "data" : [
      {
         "radarID" : 13009,
         "tracks" : [
            {
               "detectedID" : 1004,
               "detectedTime" : 2368.75,
               "entityID" : 13009,
               "height" : 1556.2326720000001,
               "lla" : [ 120.41834919999999, -27.01460582, -222917.97080000001 ],
               "radarID" : 13009,
               "targetType" : 3,
               "trueID" : 799,
               "velocity" : [ -10.202866999999999, -174.2946973, 243.9615953 ]
            }
         ]
      },
      {
         "radarID" : 13016,
         "tracks" : [
            {
               "detectedID" : 1004,
               "detectedTime" : 2368.75,
               "entityID" : 13016,
               "height" : 1604.4975930000001,
               "lla" : [ 120.4184381, -27.014665529999998, -222859.49609999999 ],
               "radarID" : 13016,
               "targetType" : 3,
               "trueID" : 799,
               "velocity" : [ -10.202866999999999, -174.2946973, 243.9615953 ]
            }
         ]
      }
   ],
   "terminator" : 0
}
