{
   "data" : [
      {
         "radarID" : 12917,
         "tracks" : [
            {
               "detectedID" : 1001,
               "detectedTime" : 484.10000000000002,
               "entityID" : 12917,
               "height" : 4862.6743710000001,
               "lla" : [ 122.7599632, -28.58107717, -37571.506889999997 ],
               "radarID" : 12917,
               "targetType" : 3,
               "trueID" : 817,
               "velocity" : [ 264.32745119999998, 108.4252122, 91.514872639999993 ]
            }
         ]
      },
      {
         "radarID" : 13002,
         "tracks" : [
            {
               "detectedID" : 1004,
               "detectedTime" : 484.10000000000002,
               "entityID" : 13002,
               "height" : 4439.2624509999996,
               "lla" : [ 122.5736065, -28.457729220000001, 17971.277529999999 ],
               "radarID" : 13002,
               "targetType" : 3,
               "trueID" : 799,
               "velocity" : [ 116.96924439999999, -90.963875209999998, 260.85200650000002 ]
            }
         ]
      },
      {
         "radarID" : 13009,
         "tracks" : [
            {
               "detectedID" : 1004,
               "detectedTime" : 484.10000000000002,
               "entityID" : 13009,
               "height" : 3483.0229629999999,
               "lla" : [ 122.5737287, -28.457832589999999, 17050.083979999999 ],
               "radarID" : 13009,
               "targetType" : 3,
               "trueID" : 799,
               "velocity" : [ 116.96924439999999, -90.963875209999998, 260.85200650000002 ]
            }
         ]
      },
      {
         "radarID" : 13016,
         "tracks" : [
            {
               "detectedID" : 1004,
               "detectedTime" : 484.10000000000002,
               "entityID" : 13016,
               "height" : 3417.222925,
               "lla" : [ 122.57373459999999, -28.4578381, 16984.47926 ],
               "radarID" : 13016,
               "targetType" : 3,
               "trueID" : 799,
               "velocity" : [ 116.96924439999999, -90.963875209999998, 260.85200650000002 ]
            }
         ]
      }
   ],
   "terminator" : 0
}
