{
   "data" : [
      {
         "radarID" : 12889,
         "tracks" : [
            {
               "detectedID" : 1005,
               "detectedTime" : 2394.5,
               "entityID" : 12889,
               "height" : 2171.2006179999998,
               "lla" : [ 117.95602890000001, -25.272347960000001, -295110.7415 ],
               "radarID" : 12889,
               "targetType" : 3,
               "trueID" : 805,
               "velocity" : [ -41.69997137, -179.6735113, 236.59784809999999 ]
            }
         ]
      }
   ],
   "terminator" : 0
}
