{
   "data" : [
      {
         "radarID" : 13065,
         "tracks" : [
            {
               "detectedID" : 1001,
               "detectedTime" : 72.299999999999997,
               "entityID" : 13065,
               "height" : 5976.7514190000002,
               "lla" : [ 123.94496030000001, -29.342045500000001, 34577.75722 ],
               "radarID" : 13065,
               "targetType" : 3,
               "trueID" : 817,
               "velocity" : [ 261.54645479999999, 112.66627699999999, 94.338549929999999 ]
            },
            {
               "detectedID" : 1005,
               "detectedTime" : 72.299999999999997,
               "entityID" : 13065,
               "height" : 5787.16374,
               "lla" : [ 124.16305149999999, -29.479867309999999, 42932.861140000001 ],
               "radarID" : 13065,
               "targetType" : 3,
               "trueID" : 805,
               "velocity" : [ 260.16550059999997, 138.10493270000001, 56.929253279999998 ]
            }
         ]
      }
   ],
   "terminator" : 0
}
