{
   "data" : [
      {
         "radarID" : 12931,
         "tracks" : [
            {
               "detectedID" : 1003,
               "detectedTime" : 2408.3499999999999,
               "entityID" : 12931,
               "height" : 2532.2655949999998,
               "lla" : [ 120.9383768, -27.370658250000002, -213034.08309999999 ],
               "radarID" : 12931,
               "targetType" : 3,
               "trueID" : 781,
               "velocity" : [ -219.22036, -186.7785442, 84.001245240000003 ]
            }
         ]
      },
      {
         "radarID" : 12974,
         "tracks" : [
            {
               "detectedID" : 1003,
               "detectedTime" : 2408.3499999999999,
               "entityID" : 12974,
               "height" : 2532.3373980000001,
               "lla" : [ 120.93840640000001, -27.370678309999999, -213031.81839999999 ],
               "radarID" : 12974,
               "targetType" : 3,
               "trueID" : 781,
               "velocity" : [ -219.22036, -186.7785442, 84.001245240000003 ]
            }
         ]
      }
   ],
   "terminator" : 0
}
