{
   "data" : [
      {
         "radarID" : 13002,
         "tracks" : [
            {
               "detectedID" : 1004,
               "detectedTime" : 2408.75,
               "entityID" : 13002,
               "height" : 1141.939269,
               "lla" : [ 120.4588619, -27.04265715, -228310.1139 ],
               "radarID" : 13002,
               "targetType" : 3,
               "trueID" : 799,
               "velocity" : [ -9.9565372070000002, -174.71387770000001, 243.6717634 ]
            }
         ]
      }
   ],
   "terminator" : 0
}
