{
   "data" : [
      {
         "radarID" : 12889,
         "tracks" : [
            {
               "detectedID" : 1006,
               "detectedTime" : 2414.9499999999998,
               "entityID" : 12889,
               "height" : 1063.452865,
               "lla" : [ 117.48176719999999, -24.926709809999998, -337537.64760000003 ],
               "radarID" : 12889,
               "targetType" : 3,
               "trueID" : 811,
               "velocity" : [ 275.52485910000001, 93.44676844, 73.169348110000001 ]
            }
         ]
      }
   ],
   "terminator" : 0
}
