{
   "data" : [
      {
         "radarID" : 12910,
         "tracks" : [
            {
               "detectedID" : 1003,
               "detectedTime" : 2416.4000000000001,
               "entityID" : 12910,
               "height" : 293.74864780000001,
               "lla" : [ 120.9618359, -27.386677859999999, -214729.7738 ],
               "radarID" : 12910,
               "targetType" : 3,
               "trueID" : 781,
               "velocity" : [ -219.1709376, -186.86263579999999, 83.943168009999994 ]
            }
         ]
      }
   ],
   "terminator" : 0
}
