{
   "data" : [
      {
         "radarID" : 13009,
         "tracks" : [
            {
               "detectedID" : 1004,
               "detectedTime" : 2418.9000000000001,
               "entityID" : 13009,
               "height" : 1720.5089829999999,
               "lla" : [ 120.4694396, -27.049958239999999, -229004.0252 ],
               "radarID" : 13009,
               "targetType" : 3,
               "trueID" : 799,
               "velocity" : [ -9.894026062, -174.8201454, 243.59808090000001 ]
            }
         ]
      },
      {
         "radarID" : 13016,
         "tracks" : [
            {
               "detectedID" : 1004,
               "detectedTime" : 2418.9000000000001,
               "entityID" : 13016,
               "height" : 1770.2734599999999,
               "lla" : [ 120.4694293, -27.04994993, -228957.84280000001 ],
               "radarID" : 13016,
               "targetType" : 3,
               "trueID" : 799,
               "velocity" : [ -9.894026062, -174.8201454, 243.59808090000001 ]
            }
         ]
      }
   ],
   "terminator" : 0
}
