{
   "data" : [
      {
         "radarID" : 12910,
         "tracks" : [
            {
               "detectedID" : 1004,
               "detectedTime" : 2426.8000000000002,
               "entityID" : 12910,
               "height" : 824.87597779999999,
               "lla" : [ 120.4767119, -27.05501164, -230798.57550000001 ],
               "radarID" : 12910,
               "targetType" : 3,
               "trueID" : 799,
               "velocity" : [ -9.8453706879999991, -174.90282830000001, 243.54069329999999 ]
            }
         ]
      }
   ],
   "terminator" : 0
}
