{
   "data" : [
      {
         "radarID" : 12903,
         "tracks" : [
            {
               "detectedID" : 1004,
               "detectedTime" : 2426.9499999999998,
               "entityID" : 12903,
               "height" : 5000.5629660000004,
               "lla" : [ 120.4783611, -27.05604082, -226779.9215 ],
               "radarID" : 12903,
               "targetType" : 3,
               "trueID" : 799,
               "velocity" : [ -9.8444468399999998, -174.90439799999999, 243.5396034 ]
            }
         ]
      },
      {
         "radarID" : 12917,
         "tracks" : [
            {
               "detectedID" : 1004,
               "detectedTime" : 2426.9499999999998,
               "entityID" : 12917,
               "height" : 686.37220400000001,
               "lla" : [ 120.47674600000001, -27.055039369999999, -230959.3455 ],
               "radarID" : 12917,
               "targetType" : 3,
               "trueID" : 799,
               "velocity" : [ -9.8444468399999998, -174.90439799999999, 243.5396034 ]
            }
         ]
      }
   ],
   "terminator" : 0
}
