{
   "data" : [
      {
         "radarID" : 12889,
         "tracks" : [
            {
               "detectedID" : 1006,
               "detectedTime" : 2425.0,
               "entityID" : 12889,
               "height" : 1047.7891480000001,
               "lla" : [ 117.4515557, -24.904545209999998, -339121.45760000002 ],
               "radarID" : 12889,
               "targetType" : 3,
               "trueID" : 811,
               "velocity" : [ 275.5807456, 93.338808540000002, 73.096644589999997 ]
            }
         ]
      },
      {
         "radarID" : 12896,
         "tracks" : [
            {
               "detectedID" : 1006,
               "detectedTime" : 2425.0,
               "entityID" : 12896,
               "height" : 5095.5200260000001,
               "lla" : [ 117.4515828, -24.904468649999998, -335379.88510000001 ],
               "radarID" : 12896,
               "targetType" : 3,
               "trueID" : 811,
               "velocity" : [ 275.5807456, 93.338808540000002, 73.096644589999997 ]
            }
         ]
      },
      {
         "radarID" : 12924,
         "tracks" : [
            {
               "detectedID" : 1003,
               "detectedTime" : 2425.0,
               "entityID" : 12924,
               "height" : 817.76076350000005,
               "lla" : [ 120.9879121, -27.404398130000001, -213721.06820000001 ],
               "radarID" : 12924,
               "targetType" : 3,
               "trueID" : 781,
               "velocity" : [ -219.11810389999999, -186.9524433, 83.881109309999999 ]
            }
         ]
      }
   ],
   "terminator" : 0
}
