{
   "data" : [
      {
         "radarID" : 13135,
         "tracks" : [
            {
               "detectedID" : 1004,
               "detectedTime" : 492.05000000000001,
               "entityID" : 13135,
               "height" : 3007.2348069999998,
               "lla" : [ 122.5701062, -28.4555054, 15133.60045 ],
               "radarID" : 13135,
               "targetType" : 3,
               "trueID" : 799,
               "velocity" : [ 117.0227143, -91.047532889999999, 260.79883260000003 ]
            }
         ]
      },
      {
         "radarID" : 13142,
         "tracks" : [
            {
               "detectedID" : 1004,
               "detectedTime" : 492.05000000000001,
               "entityID" : 13142,
               "height" : 4982.5640679999997,
               "lla" : [ 122.5693349, -28.454950289999999, 17088.97825 ],
               "radarID" : 13142,
               "targetType" : 3,
               "trueID" : 799,
               "velocity" : [ 117.0227143, -91.047532889999999, 260.79883260000003 ]
            }
         ]
      }
   ],
   "terminator" : 0
}
