{
   "data" : [
      {
         "radarID" : 12931,
         "tracks" : [
            {
               "detectedID" : 1003,
               "detectedTime" : 2428.4000000000001,
               "entityID" : 12931,
               "height" : 2579.632153,
               "lla" : [ 120.9980262, -27.411229259999999, -211852.17050000001 ],
               "radarID" : 12931,
               "targetType" : 3,
               "trueID" : 781,
               "velocity" : [ -219.09720619999999, -186.9879402, 83.856570640000001 ]
            }
         ]
      },
      {
         "radarID" : 12974,
         "tracks" : [
            {
               "detectedID" : 1003,
               "detectedTime" : 2428.4000000000001,
               "entityID" : 12974,
               "height" : 2581.2015510000001,
               "lla" : [ 120.99794850000001, -27.411176560000001, -211857.20079999999 ],
               "radarID" : 12974,
               "targetType" : 3,
               "trueID" : 781,
               "velocity" : [ -219.09720619999999, -186.9879402, 83.856570640000001 ]
            }
         ]
      }
   ],
   "terminator" : 0
}
