{
   "data" : [
      {
         "radarID" : 12995,
         "tracks" : [
            {
               "detectedID" : 1004,
               "detectedTime" : 2428.8000000000002,
               "entityID" : 12995,
               "height" : 5071.310845,
               "lla" : [ 120.4802163, -27.05732205, -226945.98149999999 ],
               "radarID" : 12995,
               "targetType" : 3,
               "trueID" : 799,
               "velocity" : [ -9.8330526809999999, -174.9237569, 243.52615950000001 ]
            }
         ]
      },
      {
         "radarID" : 13002,
         "tracks" : [
            {
               "detectedID" : 1004,
               "detectedTime" : 2428.8000000000002,
               "entityID" : 13002,
               "height" : 1195.571459,
               "lla" : [ 120.47927420000001, -27.056774480000001, -230770.10060000001 ],
               "radarID" : 13002,
               "targetType" : 3,
               "trueID" : 799,
               "velocity" : [ -9.8330526809999999, -174.9237569, 243.52615950000001 ]
            }
         ]
      }
   ],
   "terminator" : 0
}
