{
   "data" : [
      {
         "radarID" : 12903,
         "tracks" : [
            {
               "detectedID" : 1004,
               "detectedTime" : 2437.0,
               "entityID" : 12903,
               "height" : 5001.2414589999998,
               "lla" : [ 120.488529, -27.063071669999999, -228040.3003 ],
               "radarID" : 12903,
               "targetType" : 3,
               "trueID" : 799,
               "velocity" : [ -9.7825480490000007, -175.0095475, 243.46654810000001 ]
            }
         ]
      },
      {
         "radarID" : 12917,
         "tracks" : [
            {
               "detectedID" : 1004,
               "detectedTime" : 2437.0,
               "entityID" : 12917,
               "height" : 659.46205310000005,
               "lla" : [ 120.4868836, -27.062050429999999, -232248.6489 ],
               "radarID" : 12917,
               "targetType" : 3,
               "trueID" : 799,
               "velocity" : [ -9.7825480490000007, -175.0095475, 243.46654810000001 ]
            }
         ]
      }
   ],
   "terminator" : 0
}
