{
   "data" : [
      {
         "radarID" : 12924,
         "tracks" : [
            {
               "detectedID" : 1003,
               "detectedTime" : 2434.9499999999998,
               "entityID" : 12924,
               "height" : 802.89794830000005,
               "lla" : [ 121.01748360000001, -27.424496510000001, -213170.56520000001 ],
               "radarID" : 12924,
               "targetType" : 3,
               "trueID" : 781,
               "velocity" : [ -219.05693170000001, -187.05631059999999, 83.809291470000005 ]
            }
         ]
      }
   ],
   "terminator" : 0
}
