{
   "data" : [
      {
         "radarID" : 12995,
         "tracks" : [
            {
               "detectedID" : 1004,
               "detectedTime" : 2438.8000000000002,
               "entityID" : 12995,
               "height" : 5103.4975880000002,
               "lla" : [ 120.4903783, -27.064347609999999, -228169.2899 ],
               "radarID" : 12995,
               "targetType" : 3,
               "trueID" : 799,
               "velocity" : [ -9.7714614930000003, -175.02837600000001, 243.4534578 ]
            }
         ]
      }
   ],
   "terminator" : 0
}
