{
   "data" : [
      {
         "radarID" : 12924,
         "tracks" : [
            {
               "detectedID" : 1004,
               "detectedTime" : 2445.6999999999998,
               "entityID" : 12924,
               "height" : 967.66355940000005,
               "lla" : [ 120.4967642, -27.068867959999999, -232961.3737 ],
               "radarID" : 12924,
               "targetType" : 3,
               "trueID" : 799,
               "velocity" : [ -9.7289624549999996, -175.10054049999999, 243.40326210000001 ]
            }
         ]
      }
   ],
   "terminator" : 0
}
