{
   "data" : [
      {
         "radarID" : 12896,
         "tracks" : [
            {
               "detectedID" : 1005,
               "detectedTime" : 2444.4499999999998,
               "entityID" : 12896,
               "height" : 5003.1026780000002,
               "lla" : [ 118.0187174, -25.317990099999999, -297894.43359999999 ],
               "radarID" : 12896,
               "targetType" : 3,
               "trueID" : 805,
               "velocity" : [ -41.41429334, -180.21101469999999, 236.23896049999999 ]
            }
         ]
      }
   ],
   "terminator" : 0
}
