{
   "data" : [
      {
         "radarID" : 13093,
         "tracks" : [
            {
               "detectedID" : 1005,
               "detectedTime" : 2448.5,
               "entityID" : 13093,
               "height" : 4579.0313669999996,
               "lla" : [ 118.02363029999999, -25.321580999999998, -298753.84080000001 ],
               "radarID" : 13093,
               "targetType" : 3,
               "trueID" : 805,
               "velocity" : [ -41.391120569999998, -180.2545519, 236.2098043 ]
            }
         ]
      },
      {
         "radarID" : 13107,
         "tracks" : [
            {
               "detectedID" : 1005,
               "detectedTime" : 2448.5,
               "entityID" : 13107,
               "height" : 4486.3070289999996,
               "lla" : [ 118.0238896, -25.321770860000001, -298812.36290000001 ],
               "radarID" : 13107,
               "targetType" : 3,
               "trueID" : 805,
               "velocity" : [ -41.391120569999998, -180.2545519, 236.2098043 ]
            }
         ]
      }
   ],
   "terminator" : 0
}
