{
   "data" : [
      {
         "radarID" : 13030,
         "tracks" : [
            {
               "detectedID" : 1002,
               "detectedTime" : 492.55000000000001,
               "entityID" : 13030,
               "height" : 1194.524549,
               "lla" : [ 122.7623376, -28.580814289999999, 33722.303480000002 ],
               "radarID" : 13030,
               "targetType" : 3,
               "trueID" : 793,
               "velocity" : [ 249.24904549999999, 62.289695649999999, 154.90289580000001 ]
            }
         ]
      },
      {
         "radarID" : 13037,
         "tracks" : [
            {
               "detectedID" : 1002,
               "detectedTime" : 492.55000000000001,
               "entityID" : 13037,
               "height" : 1174.2352330000001,
               "lla" : [ 122.76232, -28.580803299999999, 33701.305460000003 ],
               "radarID" : 13037,
               "targetType" : 3,
               "trueID" : 793,
               "velocity" : [ 249.24904549999999, 62.289695649999999, 154.90289580000001 ]
            }
         ]
      },
      {
         "radarID" : 13044,
         "tracks" : [
            {
               "detectedID" : 1002,
               "detectedTime" : 492.55000000000001,
               "entityID" : 13044,
               "height" : 1210.759229,
               "lla" : [ 122.7623126, -28.580797610000001, 33736.654090000004 ],
               "radarID" : 13044,
               "targetType" : 3,
               "trueID" : 793,
               "velocity" : [ 249.24904549999999, 62.289695649999999, 154.90289580000001 ]
            }
         ]
      },
      {
         "radarID" : 13072,
         "tracks" : [
            {
               "detectedID" : 1005,
               "detectedTime" : 492.55000000000001,
               "entityID" : 13072,
               "height" : 5626.4920819999998,
               "lla" : [ 122.8993978, -28.67155949, -21966.535159999999 ],
               "radarID" : 13072,
               "targetType" : 3,
               "trueID" : 805,
               "velocity" : [ 263.02000779999997, 133.78457800000001, 54.057026999999998 ]
            }
         ]
      }
   ],
   "terminator" : 0
}
