{
   "data" : [
      {
         "radarID" : 12896,
         "tracks" : [
            {
               "detectedID" : 1001,
               "detectedTime" : 2453.5999999999999,
               "entityID" : 12896,
               "height" : 5000.0160480000004,
               "lla" : [ 117.8971669, -25.231477819999999, -371086.46669999999 ],
               "radarID" : 12896,
               "targetType" : 3,
               "trueID" : 817,
               "velocity" : [ 103.18493960000001, -122.4638113, 253.6838252 ]
            }
         ]
      }
   ],
   "terminator" : 0
}
