{
   "data" : [
      {
         "radarID" : 13093,
         "tracks" : [
            {
               "detectedID" : 1004,
               "detectedTime" : 2450.3499999999999,
               "entityID" : 13093,
               "height" : 2748.5389070000001,
               "lla" : [ 120.50228749999999, -27.072640329999999, -231923.32699999999 ],
               "radarID" : 13093,
               "targetType" : 3,
               "trueID" : 799,
               "velocity" : [ -9.7003212839999993, -175.14916249999999, 243.36942010000001 ]
            }
         ]
      }
   ],
   "terminator" : 0
}
