{
   "data" : [
      {
         "radarID" : 12910,
         "tracks" : [
            {
               "detectedID" : 1002,
               "detectedTime" : 2457.6999999999998,
               "entityID" : 12910,
               "height" : 4060.516607,
               "lla" : [ 119.0838191, -26.08349583, -318367.65039999998 ],
               "radarID" : 12910,
               "targetType" : 3,
               "trueID" : 793,
               "velocity" : [ 13.037894100000001, -167.21099820000001, 248.73780450000001 ]
            }
         ]
      }
   ],
   "terminator" : 0
}
