{
   "data" : [
      {
         "radarID" : 12910,
         "tracks" : [
            {
               "detectedID" : 1003,
               "detectedTime" : 2466.1999999999998,
               "entityID" : 12910,
               "height" : 177.01325249999999,
               "lla" : [ 121.1097523, -27.487135259999999, -212021.23379999999 ],
               "radarID" : 12910,
               "targetType" : 3,
               "trueID" : 781,
               "velocity" : [ -218.86449540000001, -187.38226330000001, 83.583611110000007 ]
            }
         ]
      }
   ],
   "terminator" : 0
}
