{
   "data" : [
      {
         "radarID" : 12910,
         "tracks" : [
            {
               "detectedID" : 1002,
               "detectedTime" : 2467.6999999999998,
               "entityID" : 12910,
               "height" : 4046.5484750000001,
               "lla" : [ 119.09142060000001, -26.08893003, -319796.19709999999 ],
               "radarID" : 12910,
               "targetType" : 3,
               "trueID" : 793,
               "velocity" : [ 13.09654914, -167.31643, 248.6638145 ]
            }
         ]
      }
   ],
   "terminator" : 0
}
