{
   "data" : [
      {
         "radarID" : 13009,
         "tracks" : [
            {
               "detectedID" : 1004,
               "detectedTime" : 2469.0,
               "entityID" : 13009,
               "height" : 1920.9599049999999,
               "lla" : [ 120.5204574, -27.08522112, -235099.38279999999 ],
               "radarID" : 13009,
               "targetType" : 3,
               "trueID" : 799,
               "velocity" : [ -9.5854444870000002, -175.3440885, 243.23357060000001 ]
            }
         ]
      },
      {
         "radarID" : 13016,
         "tracks" : [
            {
               "detectedID" : 1004,
               "detectedTime" : 2469.0,
               "entityID" : 13016,
               "height" : 1971.772097,
               "lla" : [ 120.52045320000001, -27.085217010000001, -235051.29560000001 ],
               "radarID" : 13016,
               "targetType" : 3,
               "trueID" : 799,
               "velocity" : [ -9.5854444870000002, -175.3440885, 243.23357060000001 ]
            }
         ]
      }
   ],
   "terminator" : 0
}
