{
   "data" : [
      {
         "radarID" : 12896,
         "tracks" : [
            {
               "detectedID" : 1005,
               "detectedTime" : 2474.4000000000001,
               "entityID" : 12896,
               "height" : 5004.372805,
               "lla" : [ 118.0566079, -25.34558822, -301136.81809999997 ],
               "radarID" : 12896,
               "targetType" : 3,
               "trueID" : 805,
               "velocity" : [ -41.242895109999999, -180.53281820000001, 236.0231454 ]
            }
         ]
      }
   ],
   "terminator" : 0
}
