{
   "data" : [
      {
         "radarID" : 13009,
         "tracks" : [
            {
               "detectedID" : 1005,
               "detectedTime" : 493.30000000000001,
               "entityID" : 13009,
               "height" : 2061.6344680000002,
               "lla" : [ 122.89825399999999, -28.670906930000001, -25543.135610000001 ],
               "radarID" : 13009,
               "targetType" : 3,
               "trueID" : 805,
               "velocity" : [ 263.02501080000002, 133.7768207, 54.051881780000002 ]
            }
         ]
      },
      {
         "radarID" : 13016,
         "tracks" : [
            {
               "detectedID" : 1005,
               "detectedTime" : 493.30000000000001,
               "entityID" : 13016,
               "height" : 2004.506973,
               "lla" : [ 122.8982073, -28.670878089999999, -25605.083310000002 ],
               "radarID" : 13016,
               "targetType" : 3,
               "trueID" : 805,
               "velocity" : [ 263.02501080000002, 133.7768207, 54.051881780000002 ]
            }
         ]
      }
   ],
   "terminator" : 0
}
