{
   "data" : [
      {
         "radarID" : 13009,
         "tracks" : [
            {
               "detectedID" : 1003,
               "detectedTime" : 2479.5999999999999,
               "entityID" : 13009,
               "height" : 1299.5259169999999,
               "lla" : [ 121.15013879999999, -27.514476290000001, -210209.7868 ],
               "radarID" : 13009,
               "targetType" : 3,
               "trueID" : 781,
               "velocity" : [ -218.7818331, -187.52190999999999, 83.486782300000002 ]
            }
         ]
      },
      {
         "radarID" : 13016,
         "tracks" : [
            {
               "detectedID" : 1003,
               "detectedTime" : 2479.5999999999999,
               "entityID" : 13016,
               "height" : 1331.6238109999999,
               "lla" : [ 121.150139, -27.514475730000001, -210184.16140000001 ],
               "radarID" : 13016,
               "targetType" : 3,
               "trueID" : 781,
               "velocity" : [ -218.7818331, -187.52190999999999, 83.486782300000002 ]
            }
         ]
      }
   ],
   "terminator" : 0
}
