{
   "data" : [
      {
         "radarID" : 12896,
         "tracks" : [
            {
               "detectedID" : 1005,
               "detectedTime" : 2484.4000000000001,
               "entityID" : 12896,
               "height" : 5002.7056419999999,
               "lla" : [ 118.06921680000001, -25.354767760000001, -302235.87030000001 ],
               "radarID" : 12896,
               "targetType" : 3,
               "trueID" : 805,
               "velocity" : [ -41.185649400000003, -180.64018429999999, 235.95098239999999 ]
            }
         ]
      }
   ],
   "terminator" : 0
}
