{
   "data" : [
      {
         "radarID" : 12903,
         "tracks" : [
            {
               "detectedID" : 1004,
               "detectedTime" : 2487.1999999999998,
               "entityID" : 12903,
               "height" : 5000.7989749999997,
               "lla" : [ 120.5396355, -27.098386099999999, -234350.7432 ],
               "radarID" : 12903,
               "targetType" : 3,
               "trueID" : 799,
               "velocity" : [ -9.4733331419999995, -175.53418009999999, 243.10081769999999 ]
            }
         ]
      },
      {
         "radarID" : 12917,
         "tracks" : [
            {
               "detectedID" : 1004,
               "detectedTime" : 2487.1999999999998,
               "entityID" : 12917,
               "height" : 546.22700020000002,
               "lla" : [ 120.53779969999999, -27.097238910000002, -238682.31820000001 ],
               "radarID" : 12917,
               "targetType" : 3,
               "trueID" : 799,
               "velocity" : [ -9.4733331419999995, -175.53418009999999, 243.10081769999999 ]
            }
         ]
      }
   ],
   "terminator" : 0
}
