{
   "data" : [
      {
         "radarID" : 13114,
         "tracks" : [
            {
               "detectedID" : 1005,
               "detectedTime" : 2488.6500000000001,
               "entityID" : 13114,
               "height" : 4655.174857,
               "lla" : [ 118.0745761, -25.35867695, -303024.51449999999 ],
               "radarID" : 13114,
               "targetType" : 3,
               "trueID" : 805,
               "velocity" : [ -41.161317310000001, -180.68580259999999, 235.92029740000001 ]
            }
         ]
      }
   ],
   "terminator" : 0
}
