{
   "data" : [
      {
         "radarID" : 13093,
         "tracks" : [
            {
               "detectedID" : 1004,
               "detectedTime" : 2490.3499999999999,
               "entityID" : 13093,
               "height" : 3111.5827199999999,
               "lla" : [ 120.5430494, -27.1007921, -236602.3401 ],
               "radarID" : 13093,
               "targetType" : 3,
               "trueID" : 799,
               "velocity" : [ -9.4539286180000008, -175.56706740000001, 243.07782309999999 ]
            }
         ]
      }
   ],
   "terminator" : 0
}
