{
   "data" : [
      {
         "radarID" : 12931,
         "tracks" : [
            {
               "detectedID" : 1004,
               "detectedTime" : 2498.3000000000002,
               "entityID" : 12931,
               "height" : 5004.8456169999999,
               "lla" : [ 120.5508674, -27.10614245, -235755.6544 ],
               "radarID" : 12931,
               "targetType" : 3,
               "trueID" : 799,
               "velocity" : [ -9.4049544600000008, -175.6500514, 243.01976519999999 ]
            }
         ]
      },
      {
         "radarID" : 12938,
         "tracks" : [
            {
               "detectedID" : 1004,
               "detectedTime" : 2498.3000000000002,
               "entityID" : 12938,
               "height" : 5004.0955590000003,
               "lla" : [ 120.550907, -27.106169569999999, -235752.93900000001 ],
               "radarID" : 12938,
               "targetType" : 3,
               "trueID" : 799,
               "velocity" : [ -9.4049544600000008, -175.6500514, 243.01976519999999 ]
            }
         ]
      },
      {
         "radarID" : 12974,
         "tracks" : [
            {
               "detectedID" : 1004,
               "detectedTime" : 2498.3000000000002,
               "entityID" : 12974,
               "height" : 5006.6732389999997,
               "lla" : [ 120.5508521, -27.106131919999999, -235755.6777 ],
               "radarID" : 12974,
               "targetType" : 3,
               "trueID" : 799,
               "velocity" : [ -9.4049544600000008, -175.6500514, 243.01976519999999 ]
            }
         ]
      }
   ],
   "terminator" : 0
}
