{
   "data" : [
      {
         "radarID" : 12995,
         "tracks" : [
            {
               "detectedID" : 1004,
               "detectedTime" : 2499.0,
               "entityID" : 12995,
               "height" : 5038.5414570000003,
               "lla" : [ 120.5516722, -27.106696769999999, -235803.9192 ],
               "radarID" : 12995,
               "targetType" : 3,
               "trueID" : 799,
               "velocity" : [ -9.4006422119999993, -175.65735699999999, 243.01465150000001 ]
            }
         ]
      }
   ],
   "terminator" : 0
}
