{
   "data" : [
      {
         "radarID" : 12995,
         "tracks" : [
            {
               "detectedID" : 1003,
               "detectedTime" : 2499.8000000000002,
               "entityID" : 12995,
               "height" : 2779.6339899999998,
               "lla" : [ 121.21031790000001, -27.55517231, -207613.95310000001 ],
               "radarID" : 12995,
               "targetType" : 3,
               "trueID" : 781,
               "velocity" : [ -218.6570566, -187.73228520000001, 83.34075077 ]
            }
         ]
      },
      {
         "radarID" : 13002,
         "tracks" : [
            {
               "detectedID" : 1003,
               "detectedTime" : 2499.8000000000002,
               "entityID" : 13002,
               "height" : 828.14800190000005,
               "lla" : [ 121.2102589, -27.55518318, -209528.77160000001 ],
               "radarID" : 13002,
               "targetType" : 3,
               "trueID" : 781,
               "velocity" : [ -218.6570566, -187.73228520000001, 83.34075077 ]
            }
         ]
      }
   ],
   "terminator" : 0
}
