{
   "data" : [
      {
         "radarID" : 12910,
         "tracks" : [
            {
               "detectedID" : 1004,
               "detectedTime" : 2507.1500000000001,
               "entityID" : 12910,
               "height" : 606.20521719999999,
               "lla" : [ 120.5582149, -27.111333380000001, -241132.28460000001 ],
               "radarID" : 12910,
               "targetType" : 3,
               "trueID" : 799,
               "velocity" : [ -9.3504346510000005, -175.74240069999999, 242.9550945 ]
            }
         ]
      }
   ],
   "terminator" : 0
}
