{
   "data" : [
      {
         "radarID" : 13009,
         "tracks" : [
            {
               "detectedID" : 1004,
               "detectedTime" : 2509.0999999999999,
               "entityID" : 13009,
               "height" : 2106.7262599999999,
               "lla" : [ 120.5614303, -27.113511519999999, -239964.54380000001 ],
               "radarID" : 13009,
               "targetType" : 3,
               "trueID" : 799,
               "velocity" : [ -9.3384216119999994, -175.76274480000001, 242.94083939999999 ]
            }
         ]
      },
      {
         "radarID" : 13016,
         "tracks" : [
            {
               "detectedID" : 1004,
               "detectedTime" : 2509.0999999999999,
               "entityID" : 13016,
               "height" : 2158.4375190000001,
               "lla" : [ 120.5614233, -27.113505419999999, -239916.65700000001 ],
               "radarID" : 13016,
               "targetType" : 3,
               "trueID" : 799,
               "velocity" : [ -9.3384216119999994, -175.76274480000001, 242.94083939999999 ]
            }
         ]
      }
   ],
   "terminator" : 0
}
