{
   "data" : [
      {
         "radarID" : 13002,
         "tracks" : [
            {
               "detectedID" : 1004,
               "detectedTime" : 2519.0999999999999,
               "entityID" : 13002,
               "height" : 1507.2369060000001,
               "lla" : [ 120.5715055, -27.120481519999998, -241815.47579999999 ],
               "radarID" : 13002,
               "targetType" : 3,
               "trueID" : 799,
               "velocity" : [ -9.2768151569999997, -175.86704979999999, 242.86770369999999 ]
            }
         ]
      },
      {
         "radarID" : 13016,
         "tracks" : [
            {
               "detectedID" : 1004,
               "detectedTime" : 2519.0999999999999,
               "entityID" : 13016,
               "height" : 2208.373157,
               "lla" : [ 120.57166700000001, -27.120574149999999, -241125.2175 ],
               "radarID" : 13016,
               "targetType" : 3,
               "trueID" : 799,
               "velocity" : [ -9.2768151569999997, -175.86704979999999, 242.86770369999999 ]
            }
         ]
      }
   ],
   "terminator" : 0
}
