{
   "data" : [
      {
         "radarID" : 12988,
         "tracks" : [
            {
               "detectedID" : 1004,
               "detectedTime" : 2518.9000000000001,
               "entityID" : 12988,
               "height" : 5004.2269679999999,
               "lla" : [ 120.57200709999999, -27.120734070000001, -238347.1078 ],
               "radarID" : 12988,
               "targetType" : 3,
               "trueID" : 799,
               "velocity" : [ -9.2780473049999994, -175.86496410000001, 242.86916690000001 ]
            }
         ]
      }
   ],
   "terminator" : 0
}
