{
   "data" : [
      {
         "radarID" : 12903,
         "tracks" : [
            {
               "detectedID" : 1004,
               "detectedTime" : 2527.4000000000001,
               "entityID" : 12903,
               "height" : 5000.8734899999999,
               "lla" : [ 120.5806374, -27.126689710000001, -239424.76139999999 ],
               "radarID" : 12903,
               "targetType" : 3,
               "trueID" : 799,
               "velocity" : [ -9.2256803630000004, -175.9535932, 242.8069601 ]
            }
         ]
      },
      {
         "radarID" : 12917,
         "tracks" : [
            {
               "detectedID" : 1004,
               "detectedTime" : 2527.4000000000001,
               "entityID" : 12917,
               "height" : 481.30136900000002,
               "lla" : [ 120.57871729999999, -27.125488050000001, -243831.79430000001 ],
               "radarID" : 12917,
               "targetType" : 3,
               "trueID" : 799,
               "velocity" : [ -9.2256803630000004, -175.9535932, 242.8069601 ]
            }
         ]
      }
   ],
   "terminator" : 0
}
