{
   "data" : [
      {
         "radarID" : 13030,
         "tracks" : [
            {
               "detectedID" : 1001,
               "detectedTime" : 501.10000000000002,
               "entityID" : 13030,
               "height" : 2488.1638309999998,
               "lla" : [ 122.71147190000001, -28.549536799999998, -42880.6826 ],
               "radarID" : 13030,
               "targetType" : 3,
               "trueID" : 817,
               "velocity" : [ 264.44013569999998, 108.2492543, 91.397557680000006 ]
            }
         ]
      },
      {
         "radarID" : 13037,
         "tracks" : [
            {
               "detectedID" : 1001,
               "detectedTime" : 501.10000000000002,
               "entityID" : 13037,
               "height" : 2441.5964920000001,
               "lla" : [ 122.71151500000001, -28.54956615, -42926.091760000003 ],
               "radarID" : 13037,
               "targetType" : 3,
               "trueID" : 817,
               "velocity" : [ 264.44013569999998, 108.2492543, 91.397557680000006 ]
            }
         ]
      },
      {
         "radarID" : 13044,
         "tracks" : [
            {
               "detectedID" : 1001,
               "detectedTime" : 501.10000000000002,
               "entityID" : 13044,
               "height" : 2527.565341,
               "lla" : [ 122.7116292, -28.549638560000002, -42839.849580000002 ],
               "radarID" : 13044,
               "targetType" : 3,
               "trueID" : 817,
               "velocity" : [ 264.44013569999998, 108.2492543, 91.397557680000006 ]
            }
         ]
      }
   ],
   "terminator" : 0
}
