{
   "data" : [
      {
         "radarID" : 12995,
         "tracks" : [
            {
               "detectedID" : 1004,
               "detectedTime" : 2529.0999999999999,
               "entityID" : 12995,
               "height" : 4985.3069210000003,
               "lla" : [ 120.58239140000001, -27.127900310000001, -239656.2585 ],
               "radarID" : 12995,
               "targetType" : 3,
               "trueID" : 799,
               "velocity" : [ -9.2152068109999998, -175.97131569999999, 242.79451399999999 ]
            }
         ]
      },
      {
         "radarID" : 13002,
         "tracks" : [
            {
               "detectedID" : 1004,
               "detectedTime" : 2529.0999999999999,
               "entityID" : 13002,
               "height" : 1548.978527,
               "lla" : [ 120.58174649999999, -27.127547230000001, -243040.8867 ],
               "radarID" : 13002,
               "targetType" : 3,
               "trueID" : 799,
               "velocity" : [ -9.2152068109999998, -175.97131569999999, 242.79451399999999 ]
            }
         ]
      }
   ],
   "terminator" : 0
}
