{
   "data" : [
      {
         "radarID" : 12931,
         "tracks" : [
            {
               "detectedID" : 1004,
               "detectedTime" : 2538.4000000000001,
               "entityID" : 12931,
               "height" : 5004.5628930000003,
               "lla" : [ 120.59184879999999, -27.134424660000001, -240818.88570000001 ],
               "radarID" : 12931,
               "targetType" : 3,
               "trueID" : 799,
               "velocity" : [ -9.1579093480000004, -176.06824779999999, 242.72639910000001 ]
            }
         ]
      },
      {
         "radarID" : 12938,
         "tracks" : [
            {
               "detectedID" : 1004,
               "detectedTime" : 2538.4000000000001,
               "entityID" : 12938,
               "height" : 5006.1136340000003,
               "lla" : [ 120.59172479999999, -27.134339749999999, -240827.073 ],
               "radarID" : 12938,
               "targetType" : 3,
               "trueID" : 799,
               "velocity" : [ -9.1579093480000004, -176.06824779999999, 242.72639910000001 ]
            }
         ]
      },
      {
         "radarID" : 12974,
         "tracks" : [
            {
               "detectedID" : 1004,
               "detectedTime" : 2538.4000000000001,
               "entityID" : 12974,
               "height" : 5007.4054230000002,
               "lla" : [ 120.59178319999999, -27.134379729999999, -240822.4448 ],
               "radarID" : 12974,
               "targetType" : 3,
               "trueID" : 799,
               "velocity" : [ -9.1579093480000004, -176.06824779999999, 242.72639910000001 ]
            }
         ]
      }
   ],
   "terminator" : 0
}
