{
   "data" : [
      {
         "radarID" : 12889,
         "tracks" : [
            {
               "detectedID" : 1002,
               "detectedTime" : 2552.5999999999999,
               "entityID" : 12889,
               "height" : 2016.6271469999999,
               "lla" : [ 119.1553823, -26.134674489999998, -333821.1923 ],
               "radarID" : 12889,
               "targetType" : 3,
               "trueID" : 793,
               "velocity" : [ 13.594404559999999, -168.21003970000001, 248.03341449999999 ]
            }
         ]
      }
   ],
   "terminator" : 0
}
