{
   "data" : [
      {
         "radarID" : 13079,
         "tracks" : [
            {
               "detectedID" : 1001,
               "detectedTime" : 501.69999999999999,
               "entityID" : 13079,
               "height" : 5765.8140880000001,
               "lla" : [ 122.708906, -28.547778130000001, -39714.34042 ],
               "radarID" : 13079,
               "targetType" : 3,
               "trueID" : 817,
               "velocity" : [ 264.44410970000001, 108.2430428, 91.393416079999994 ]
            }
         ]
      },
      {
         "radarID" : 13086,
         "tracks" : [
            {
               "detectedID" : 1001,
               "detectedTime" : 501.69999999999999,
               "entityID" : 13086,
               "height" : 5765.5609119999999,
               "lla" : [ 122.7088933, -28.547769840000001, -39714.874360000002 ],
               "radarID" : 13086,
               "targetType" : 3,
               "trueID" : 817,
               "velocity" : [ 264.44410970000001, 108.2430428, 91.393416079999994 ]
            }
         ]
      }
   ],
   "terminator" : 0
}
