{
   "data" : [
      {
         "radarID" : 12896,
         "tracks" : [
            {
               "detectedID" : 1005,
               "detectedTime" : 2554.1999999999998,
               "entityID" : 12896,
               "height" : 5002.5590300000003,
               "lla" : [ 118.15771770000001, -25.419127110000002, -309853.95400000003 ],
               "radarID" : 12896,
               "targetType" : 3,
               "trueID" : 805,
               "velocity" : [ -40.785830429999997, -181.38846989999999, 235.44583030000001 ]
            }
         ]
      }
   ],
   "terminator" : 0
}
