{
   "data" : [
      {
         "radarID" : 12889,
         "tracks" : [
            {
               "detectedID" : 1006,
               "detectedTime" : 2555.5500000000002,
               "entityID" : 12889,
               "height" : 975.64068699999996,
               "lla" : [ 117.0583717, -24.614792390000002, -359446.29009999998 ],
               "radarID" : 12889,
               "targetType" : 3,
               "trueID" : 811,
               "velocity" : [ 276.30118140000002, 91.934424640000003, 72.150666900000004 ]
            }
         ]
      },
      {
         "radarID" : 12896,
         "tracks" : [
            {
               "detectedID" : 1006,
               "detectedTime" : 2555.5500000000002,
               "entityID" : 12896,
               "height" : 5035.9088609999999,
               "lla" : [ 117.05893810000001, -24.61511544, -355681.30009999999 ],
               "radarID" : 12896,
               "targetType" : 3,
               "trueID" : 811,
               "velocity" : [ 276.30118140000002, 91.934424640000003, 72.150666900000004 ]
            }
         ]
      }
   ],
   "terminator" : 0
}
