{
   "data" : [
      {
         "radarID" : 13065,
         "tracks" : [
            {
               "detectedID" : 1006,
               "detectedTime" : 501.89999999999998,
               "entityID" : 13065,
               "height" : 5976.7120839999998,
               "lla" : [ 123.13815030000001, -28.826439610000001, -20383.45651 ],
               "radarID" : 13065,
               "targetType" : 3,
               "trueID" : 811,
               "velocity" : [ 263.78362290000001, 113.5912221, 86.690452590000007 ]
            }
         ]
      },
      {
         "radarID" : 13079,
         "tracks" : [
            {
               "detectedID" : 1006,
               "detectedTime" : 501.89999999999998,
               "entityID" : 13079,
               "height" : 5978.0685620000004,
               "lla" : [ 123.13814429999999, -28.826435669999999, -20382.369589999998 ],
               "radarID" : 13079,
               "targetType" : 3,
               "trueID" : 811,
               "velocity" : [ 263.78362290000001, 113.5912221, 86.690452590000007 ]
            }
         ]
      },
      {
         "radarID" : 13086,
         "tracks" : [
            {
               "detectedID" : 1006,
               "detectedTime" : 501.89999999999998,
               "entityID" : 13086,
               "height" : 5978.0083729999997,
               "lla" : [ 123.1381555, -28.826442950000001, -20382.152620000001 ],
               "radarID" : 13086,
               "targetType" : 3,
               "trueID" : 811,
               "velocity" : [ 263.78362290000001, 113.5912221, 86.690452590000007 ]
            }
         ]
      }
   ],
   "terminator" : 0
}
