{
   "data" : [
      {
         "radarID" : 12988,
         "tracks" : [
            {
               "detectedID" : 1004,
               "detectedTime" : 2579.0,
               "entityID" : 12988,
               "height" : 5005.1373359999998,
               "lla" : [ 120.63345510000001, -27.16311198, -245960.2769 ],
               "radarID" : 12988,
               "targetType" : 3,
               "trueID" : 799,
               "velocity" : [ -8.9077527219999997, -176.49101769999999, 242.4284897 ]
            }
         ]
      }
   ],
   "terminator" : 0
}
