{
   "data" : [
      {
         "radarID" : 13107,
         "tracks" : [
            {
               "detectedID" : 1001,
               "detectedTime" : 502.44999999999999,
               "entityID" : 13107,
               "height" : 6217.2785599999997,
               "lla" : [ 122.7066761, -28.546312350000001, -39398.183989999998 ],
               "radarID" : 13107,
               "targetType" : 3,
               "trueID" : 817,
               "velocity" : [ 264.44907699999999, 108.2352783, 91.388238979999997 ]
            }
         ]
      },
      {
         "radarID" : 13114,
         "tracks" : [
            {
               "detectedID" : 1001,
               "detectedTime" : 502.44999999999999,
               "entityID" : 13114,
               "height" : 5550.9478449999997,
               "lla" : [ 122.706718, -28.546356840000001, -40062.557699999998 ],
               "radarID" : 13114,
               "targetType" : 3,
               "trueID" : 817,
               "velocity" : [ 264.44907699999999, 108.2352783, 91.388238979999997 ]
            }
         ]
      }
   ],
   "terminator" : 0
}
