{
   "data" : [
      {
         "radarID" : 12889,
         "tracks" : [
            {
               "detectedID" : 1005,
               "detectedTime" : 2594.0500000000002,
               "entityID" : 12889,
               "height" : 1250.745144,
               "lla" : [ 118.2091246, -25.456544950000001, -317697.19910000003 ],
               "radarID" : 12889,
               "targetType" : 3,
               "trueID" : 805,
               "velocity" : [ -40.557376779999998, -181.81479089999999, 235.15629060000001 ]
            }
         ]
      }
   ],
   "terminator" : 0
}
