{
   "data" : [
      {
         "radarID" : 12896,
         "tracks" : [
            {
               "detectedID" : 1005,
               "detectedTime" : 2594.0999999999999,
               "entityID" : 12896,
               "height" : 5000.7337230000003,
               "lla" : [ 118.2083731, -25.45591142, -314242.87430000002 ],
               "radarID" : 12896,
               "targetType" : 3,
               "trueID" : 805,
               "velocity" : [ -40.557090049999999, -181.81532540000001, 235.1559268 ]
            }
         ]
      }
   ],
   "terminator" : 0
}
