{
   "data" : [
      {
         "radarID" : 12995,
         "tracks" : [
            {
               "detectedID" : 1003,
               "detectedTime" : 2610.3000000000002,
               "entityID" : 12995,
               "height" : 2783.3913240000002,
               "lla" : [ 121.5200001, -27.76390207, -201648.60459999999 ],
               "radarID" : 12995,
               "targetType" : 3,
               "trueID" : 781,
               "velocity" : [ -218.01035719999999, -188.8146697, 82.586346860000006 ]
            }
         ]
      }
   ],
   "terminator" : 0
}
