{
   "data" : [
      {
         "radarID" : 12924,
         "tracks" : [
            {
               "detectedID" : 1004,
               "detectedTime" : 2615.8499999999999,
               "entityID" : 12924,
               "height" : 287.68159889999998,
               "lla" : [ 120.6699895, -27.188403709999999, -255098.2316 ],
               "radarID" : 12924,
               "targetType" : 3,
               "trueID" : 799,
               "velocity" : [ -8.6806739050000008, -176.87418149999999, 242.15732449999999 ]
            }
         ]
      }
   ],
   "terminator" : 0
}
