{
   "data" : [
      {
         "radarID" : 12896,
         "tracks" : [
            {
               "detectedID" : 1006,
               "detectedTime" : 2615.75,
               "entityID" : 12896,
               "height" : 5007.8983040000003,
               "lla" : [ 116.8776206, -24.480691369999999, -364991.30930000002 ],
               "radarID" : 12896,
               "targetType" : 3,
               "trueID" : 811,
               "velocity" : [ 276.63007260000001, 91.285306239999997, 71.713288879999993 ]
            }
         ]
      }
   ],
   "terminator" : 0
}
