{
   "data" : [
      {
         "radarID" : 12931,
         "tracks" : [
            {
               "detectedID" : 1003,
               "detectedTime" : 2619.0,
               "entityID" : 12931,
               "height" : 3002.4278899999999,
               "lla" : [ 121.5200052, -27.76390001, -201443.0895 ],
               "radarID" : 12931,
               "targetType" : 3,
               "trueID" : 781,
               "velocity" : [ -218.01035719999999, -188.8146697, 82.586346860000006 ]
            }
         ]
      },
      {
         "radarID" : 12938,
         "tracks" : [
            {
               "detectedID" : 1003,
               "detectedTime" : 2619.0,
               "entityID" : 12938,
               "height" : 3002.286634,
               "lla" : [ 121.5200064, -27.763900849999999, -201442.82519999999 ],
               "radarID" : 12938,
               "targetType" : 3,
               "trueID" : 781,
               "velocity" : [ -218.01035719999999, -188.8146697, 82.586346860000006 ]
            }
         ]
      },
      {
         "radarID" : 12974,
         "tracks" : [
            {
               "detectedID" : 1003,
               "detectedTime" : 2619.0,
               "entityID" : 12974,
               "height" : 3003.2473450000002,
               "lla" : [ 121.51999189999999, -27.763891130000001, -201444.43419999999 ],
               "radarID" : 12974,
               "targetType" : 3,
               "trueID" : 781,
               "velocity" : [ -218.01035719999999, -188.8146697, 82.586346860000006 ]
            }
         ]
      }
   ],
   "terminator" : 0
}
