{
   "data" : [
      {
         "radarID" : 12889,
         "tracks" : [
            {
               "detectedID" : 1002,
               "detectedTime" : 2622.4000000000001,
               "entityID" : 12889,
               "height" : 2118.6448260000002,
               "lla" : [ 119.20708500000001, -26.171570509999999, -343794.27860000002 ],
               "radarID" : 12889,
               "targetType" : 3,
               "trueID" : 793,
               "velocity" : [ 14.00354561, -168.94269829999999, 247.51215199999999 ]
            }
         ]
      }
   ],
   "terminator" : 0
}
