{
   "data" : [
      {
         "radarID" : 13093,
         "tracks" : [
            {
               "detectedID" : 1004,
               "detectedTime" : 2620.4000000000001,
               "entityID" : 13093,
               "height" : 4447.4260100000001,
               "lla" : [ 120.67593170000001, -27.19238726, -251780.6684 ],
               "radarID" : 13093,
               "targetType" : 3,
               "trueID" : 799,
               "velocity" : [ -8.6526337810000005, -176.92145550000001, 242.1237917 ]
            }
         ]
      },
      {
         "radarID" : 13107,
         "tracks" : [
            {
               "detectedID" : 1004,
               "detectedTime" : 2620.4000000000001,
               "entityID" : 13107,
               "height" : 5587.7897350000003,
               "lla" : [ 120.6759057, -27.1923399, -250673.07560000001 ],
               "radarID" : 13107,
               "targetType" : 3,
               "trueID" : 799,
               "velocity" : [ -8.6526337810000005, -176.92145550000001, 242.1237917 ]
            }
         ]
      },
      {
         "radarID" : 13114,
         "tracks" : [
            {
               "detectedID" : 1004,
               "detectedTime" : 2620.4000000000001,
               "entityID" : 13114,
               "height" : 4819.2497100000001,
               "lla" : [ 120.6757526, -27.192254770000002, -251415.1813 ],
               "radarID" : 13114,
               "targetType" : 3,
               "trueID" : 799,
               "velocity" : [ -8.6526337810000005, -176.92145550000001, 242.1237917 ]
            }
         ]
      }
   ],
   "terminator" : 0
}
