{
   "data" : [
      {
         "radarID" : 12889,
         "tracks" : [
            {
               "detectedID" : 1005,
               "detectedTime" : 2623.9499999999998,
               "entityID" : 12889,
               "height" : 1161.2756019999999,
               "lla" : [ 118.2472525, -25.484207860000001, -321074.7635 ],
               "radarID" : 12889,
               "targetType" : 3,
               "trueID" : 805,
               "velocity" : [ -40.385874690000001, -182.13424029999999, 234.93850180000001 ]
            }
         ]
      }
   ],
   "terminator" : 0
}
