{
   "data" : [
      {
         "radarID" : 12988,
         "tracks" : [
            {
               "detectedID" : 1003,
               "detectedTime" : 2629.6500000000001,
               "entityID" : 12988,
               "height" : 3004.122343,
               "lla" : [ 121.5200323, -27.763918159999999, -201440.0079 ],
               "radarID" : 12988,
               "targetType" : 3,
               "trueID" : 781,
               "velocity" : [ -218.01035719999999, -188.8146697, 82.586346860000006 ]
            }
         ]
      }
   ],
   "terminator" : 0
}
