{
   "data" : [
      {
         "radarID" : 12903,
         "tracks" : [
            {
               "detectedID" : 1004,
               "detectedTime" : 2638.0999999999999,
               "entityID" : 12903,
               "height" : 5000.7380620000004,
               "lla" : [ 120.6940469, -27.204843459999999, -253488.97219999999 ],
               "radarID" : 12903,
               "targetType" : 3,
               "trueID" : 799,
               "velocity" : [ -8.5435504879999993, -177.10527980000001, 241.9932388 ]
            }
         ]
      },
      {
         "radarID" : 12917,
         "tracks" : [
            {
               "detectedID" : 1004,
               "detectedTime" : 2638.0999999999999,
               "entityID" : 12917,
               "height" : 421.078192,
               "lla" : [ 120.69214359999999, -27.203659949999999, -257992.0099 ],
               "radarID" : 12917,
               "targetType" : 3,
               "trueID" : 799,
               "velocity" : [ -8.5435504879999993, -177.10527980000001, 241.9932388 ]
            }
         ]
      }
   ],
   "terminator" : 0
}
