{
   "data" : [
      {
         "radarID" : 12924,
         "tracks" : [
            {
               "detectedID" : 1003,
               "detectedTime" : 2634.0999999999999,
               "entityID" : 12924,
               "height" : 762.41689029999998,
               "lla" : [ 121.52035050000001, -27.764188470000001, -203561.80960000001 ],
               "radarID" : 12924,
               "targetType" : 3,
               "trueID" : 781,
               "velocity" : [ -218.01035719999999, -188.8146697, 82.586346860000006 ]
            }
         ]
      }
   ],
   "terminator" : 0
}
