{
   "data" : [
      {
         "radarID" : 12931,
         "tracks" : [
            {
               "detectedID" : 1004,
               "detectedTime" : 2638.6500000000001,
               "entityID" : 12931,
               "height" : 5006.0935559999998,
               "lla" : [ 120.6945607, -27.20519736, -253563.83730000001 ],
               "radarID" : 12931,
               "targetType" : 3,
               "trueID" : 799,
               "velocity" : [ -8.5401607869999996, -177.11098989999999, 241.98917929999999 ]
            }
         ]
      },
      {
         "radarID" : 12938,
         "tracks" : [
            {
               "detectedID" : 1004,
               "detectedTime" : 2638.6500000000001,
               "entityID" : 12938,
               "height" : 5004.3229240000001,
               "lla" : [ 120.6946525, -27.205260039999999, -253556.1078 ],
               "radarID" : 12938,
               "targetType" : 3,
               "trueID" : 799,
               "velocity" : [ -8.5401607869999996, -177.11098989999999, 241.98917929999999 ]
            }
         ]
      },
      {
         "radarID" : 12974,
         "tracks" : [
            {
               "detectedID" : 1004,
               "detectedTime" : 2638.6500000000001,
               "entityID" : 12974,
               "height" : 5006.271581,
               "lla" : [ 120.69458590000001, -27.20521454, -253561.32149999999 ],
               "radarID" : 12974,
               "targetType" : 3,
               "trueID" : 799,
               "velocity" : [ -8.5401607869999996, -177.11098989999999, 241.98917929999999 ]
            }
         ]
      }
   ],
   "terminator" : 0
}
