{
   "data" : [
      {
         "radarID" : 12917,
         "tracks" : [
            {
               "detectedID" : 1003,
               "detectedTime" : 2643.6500000000001,
               "entityID" : 12917,
               "height" : 19.674811519999999,
               "lla" : [ 121.5222763, -27.765497679999999, -204120.5526 ],
               "radarID" : 12917,
               "targetType" : 3,
               "trueID" : 781,
               "velocity" : [ -218.01035719999999, -188.8146697, 82.586346860000006 ]
            }
         ]
      }
   ],
   "terminator" : 0
}
