{
   "data" : [
      {
         "radarID" : 12995,
         "tracks" : [
            {
               "detectedID" : 1003,
               "detectedTime" : 2650.3000000000002,
               "entityID" : 12995,
               "height" : 3032.1691959999998,
               "lla" : [ 121.52003670000001, -27.763920410000001, -201411.49710000001 ],
               "radarID" : 12995,
               "targetType" : 3,
               "trueID" : 781,
               "velocity" : [ -218.01035719999999, -188.8146697, 82.586346860000006 ]
            }
         ]
      }
   ],
   "terminator" : 0
}
