{
   "data" : [
      {
         "radarID" : 12910,
         "tracks" : [
            {
               "detectedID" : 1004,
               "detectedTime" : 2658.0,
               "entityID" : 12910,
               "height" : 442.92733229999999,
               "lla" : [ 120.7126021, -27.217737670000002, -260502.80489999999 ],
               "radarID" : 12910,
               "targetType" : 3,
               "trueID" : 799,
               "velocity" : [ -8.4209006239999997, -177.31180789999999, 241.8462553 ]
            }
         ]
      }
   ],
   "terminator" : 0
}
