{
   "data" : [
      {
         "radarID" : 12889,
         "tracks" : [
            {
               "detectedID" : 1006,
               "detectedTime" : 2655.9000000000001,
               "entityID" : 12889,
               "height" : 911.41754690000005,
               "lla" : [ 116.8557146, -24.464630889999999, -374453.41950000002 ],
               "radarID" : 12889,
               "targetType" : 3,
               "trueID" : 811,
               "velocity" : [ -9.0051179670000003, -171.01214519999999, 246.32042960000001 ]
            }
         ]
      },
      {
         "radarID" : 12924,
         "tracks" : [
            {
               "detectedID" : 1004,
               "detectedTime" : 2655.9000000000001,
               "entityID" : 12924,
               "height" : 187.31956969999999,
               "lla" : [ 120.7107589, -27.216470080000001, -260296.37210000001 ],
               "radarID" : 12924,
               "targetType" : 3,
               "trueID" : 799,
               "velocity" : [ -8.4338440020000007, -177.29002070000001, 241.8617763 ]
            }
         ]
      }
   ],
   "terminator" : 0
}
