{
   "data" : [
      {
         "radarID" : 12917,
         "tracks" : [
            {
               "detectedID" : 1002,
               "detectedTime" : 2658.1999999999998,
               "entityID" : 12917,
               "height" : 4027.6304810000001,
               "lla" : [ 119.23211809999999, -26.189383530000001, -347252.1274 ],
               "radarID" : 12917,
               "targetType" : 3,
               "trueID" : 793,
               "velocity" : [ 14.213335219999999, -169.3177724, 247.24375230000001 ]
            }
         ]
      }
   ],
   "terminator" : 0
}
