{
   "data" : [
      {
         "radarID" : 12988,
         "tracks" : [
            {
               "detectedID" : 1003,
               "detectedTime" : 2679.6500000000001,
               "entityID" : 12988,
               "height" : 3005.1500110000002,
               "lla" : [ 121.520027, -27.763914669999998, -201442.8867 ],
               "radarID" : 12988,
               "targetType" : 3,
               "trueID" : 781,
               "velocity" : [ -218.01035719999999, -188.8146697, 82.586346860000006 ]
            }
         ]
      }
   ],
   "terminator" : 0
}
