{
   "data" : [
      {
         "radarID" : 12903,
         "tracks" : [
            {
               "detectedID" : 1004,
               "detectedTime" : 2678.3499999999999,
               "entityID" : 12903,
               "height" : 5000.9508939999996,
               "lla" : [ 120.7354421, -27.23332151, -258636.7163 ],
               "radarID" : 12903,
               "targetType" : 3,
               "trueID" : 799,
               "velocity" : [ -8.2954675309999999, -177.5228492, 241.69572450000001 ]
            }
         ]
      }
   ],
   "terminator" : 0
}
