{
   "data" : [
      {
         "radarID" : 12896,
         "tracks" : [
            {
               "detectedID" : 1005,
               "detectedTime" : 2693.75,
               "entityID" : 12896,
               "height" : 5001.8930350000001,
               "lla" : [ 118.3356144, -25.548135389999999, -325227.60129999998 ],
               "radarID" : 12896,
               "targetType" : 3,
               "trueID" : 805,
               "velocity" : [ -39.985213049999999, -182.87855669999999, 234.4282752 ]
            }
         ]
      }
   ],
   "terminator" : 0
}
