{
   "data" : [
      {
         "radarID" : 12988,
         "tracks" : [
            {
               "detectedID" : 1003,
               "detectedTime" : 2699.6500000000001,
               "entityID" : 12988,
               "height" : 3006.8565899999999,
               "lla" : [ 121.5200181, -27.763908870000002, -201447.6666 ],
               "radarID" : 12988,
               "targetType" : 3,
               "trueID" : 781,
               "velocity" : [ -218.01035719999999, -188.8146697, 82.586346860000006 ]
            }
         ]
      }
   ],
   "terminator" : 1
}
