{
   "data" : [
      {
         "radarID" : 13030,
         "tracks" : [
            {
               "detectedID" : 1004,
               "detectedTime" : 73.599999999999994,
               "entityID" : 13030,
               "height" : 2116.302956,
               "lla" : [ 122.77928679999999, -28.590524380000002, 87943.199680000005 ],
               "radarID" : 13030,
               "targetType" : 3,
               "trueID" : 799,
               "velocity" : [ 114.1867848, -86.627994020000003, 263.54690060000001 ]
            }
         ]
      },
      {
         "radarID" : 13037,
         "tracks" : [
            {
               "detectedID" : 1004,
               "detectedTime" : 73.599999999999994,
               "entityID" : 13037,
               "height" : 2115.63843,
               "lla" : [ 122.7793379, -28.590557480000001, 87950.480280000003 ],
               "radarID" : 13037,
               "targetType" : 3,
               "trueID" : 799,
               "velocity" : [ 114.1867848, -86.627994020000003, 263.54690060000001 ]
            }
         ]
      }
   ],
   "terminator" : 0
}
