{
   "data" : [
      {
         "radarID" : 13107,
         "tracks" : [
            {
               "detectedID" : 1001,
               "detectedTime" : 512.45000000000005,
               "entityID" : 13107,
               "height" : 6520.1538700000001,
               "lla" : [ 122.6777293, -28.527419779999999, -40812.609389999998 ],
               "radarID" : 13107,
               "targetType" : 3,
               "trueID" : 817,
               "velocity" : [ 264.51527529999998, 108.1317384, 91.319200050000006 ]
            }
         ]
      }
   ],
   "terminator" : 0
}
