{
   "data" : [
      {
         "radarID" : 13051,
         "tracks" : [
            {
               "detectedID" : 1004,
               "detectedTime" : 512.79999999999995,
               "entityID" : 13051,
               "height" : 993.04863369999998,
               "lla" : [ 122.5603352, -28.449240140000001, 9460.5135389999996 ],
               "radarID" : 13051,
               "targetType" : 3,
               "trueID" : 799,
               "velocity" : [ 117.1622189, -91.265858989999998, 260.65985010000003 ]
            }
         ]
      },
      {
         "radarID" : 13058,
         "tracks" : [
            {
               "detectedID" : 1004,
               "detectedTime" : 512.79999999999995,
               "entityID" : 13058,
               "height" : 4989.8895620000003,
               "lla" : [ 122.5589724, -28.448247110000001, 13386.689609999999 ],
               "radarID" : 13058,
               "targetType" : 3,
               "trueID" : 799,
               "velocity" : [ 117.1622189, -91.265858989999998, 260.65985010000003 ]
            }
         ]
      }
   ],
   "terminator" : 0
}
