{
   "data" : [
      {
         "radarID" : 13065,
         "tracks" : [
            {
               "detectedID" : 1004,
               "detectedTime" : 73.900000000000006,
               "entityID" : 13065,
               "height" : 4835.1365070000002,
               "lla" : [ 122.7786428, -28.590038230000001, 90608.167749999993 ],
               "radarID" : 13065,
               "targetType" : 3,
               "trueID" : 799,
               "velocity" : [ 114.188834, -86.631174920000007, 263.54496719999997 ]
            }
         ]
      }
   ],
   "terminator" : 0
}
