{
   "data" : [
      {
         "radarID" : 13072,
         "tracks" : [
            {
               "detectedID" : 1005,
               "detectedTime" : 522.54999999999995,
               "entityID" : 13072,
               "height" : 5612.4773759999998,
               "lla" : [ 122.8088472, -28.61269107, -26563.04304 ],
               "radarID" : 13072,
               "targetType" : 3,
               "trueID" : 805,
               "velocity" : [ 263.2198727, 133.4741569, 53.851165770000001 ]
            }
         ]
      }
   ],
   "terminator" : 0
}
