{
   "data" : [
      {
         "radarID" : 13065,
         "tracks" : [
            {
               "detectedID" : 1004,
               "detectedTime" : 523.0,
               "entityID" : 13065,
               "height" : 4991.1979490000003,
               "lla" : [ 122.5535969, -28.444767250000002, 11545.21758 ],
               "radarID" : 13065,
               "targetType" : 3,
               "trueID" : 799,
               "velocity" : [ 117.23077739999999, -91.373185960000001, 260.59141529999999 ]
            }
         ]
      }
   ],
   "terminator" : 0
}
