{
   "data" : [
      {
         "radarID" : 12995,
         "tracks" : [
            {
               "detectedID" : 1006,
               "detectedTime" : 523.29999999999995,
               "entityID" : 12995,
               "height" : 6348.8296360000004,
               "lla" : [ 123.0757954, -28.786147740000001, -23648.51988 ],
               "radarID" : 12995,
               "targetType" : 3,
               "trueID" : 811,
               "velocity" : [ 263.92693750000001, 113.37062779999999, 86.542893539999994 ]
            }
         ]
      },
      {
         "radarID" : 13009,
         "tracks" : [
            {
               "detectedID" : 1005,
               "detectedTime" : 523.29999999999995,
               "entityID" : 13009,
               "height" : 1850.5073669999999,
               "lla" : [ 122.8077622, -28.612080290000002, -30333.713240000001 ],
               "radarID" : 13009,
               "targetType" : 3,
               "trueID" : 805,
               "velocity" : [ 263.22486259999999, 133.46639300000001, 53.846017850000003 ]
            }
         ]
      },
      {
         "radarID" : 13016,
         "tracks" : [
            {
               "detectedID" : 1005,
               "detectedTime" : 523.29999999999995,
               "entityID" : 13016,
               "height" : 1796.5788130000001,
               "lla" : [ 122.80777139999999, -28.61208766, -30386.758379999999 ],
               "radarID" : 13016,
               "targetType" : 3,
               "trueID" : 805,
               "velocity" : [ 263.22486259999999, 133.46639300000001, 53.846017850000003 ]
            }
         ]
      }
   ],
   "terminator" : 0
}
