{
   "data" : [
      {
         "radarID" : 13030,
         "tracks" : [
            {
               "detectedID" : 1006,
               "detectedTime" : 531.29999999999995,
               "entityID" : 13030,
               "height" : 3167.7748150000002,
               "lla" : [ 123.0532731, -28.771665899999999, -28174.646349999999 ],
               "radarID" : 13030,
               "targetType" : 3,
               "trueID" : 811,
               "velocity" : [ 263.98044449999998, 113.28813340000001, 86.487708679999997 ]
            }
         ]
      },
      {
         "radarID" : 13037,
         "tracks" : [
            {
               "detectedID" : 1006,
               "detectedTime" : 531.29999999999995,
               "entityID" : 13037,
               "height" : 3115.6097089999998,
               "lla" : [ 123.05329039999999, -28.771678529999999, -28229.094690000002 ],
               "radarID" : 13037,
               "targetType" : 3,
               "trueID" : 811,
               "velocity" : [ 263.98044449999998, 113.28813340000001, 86.487708679999997 ]
            }
         ]
      },
      {
         "radarID" : 13044,
         "tracks" : [
            {
               "detectedID" : 1006,
               "detectedTime" : 531.29999999999995,
               "entityID" : 13044,
               "height" : 3211.6718500000002,
               "lla" : [ 123.05343809999999, -28.771771699999999, -28127.365600000001 ],
               "radarID" : 13044,
               "targetType" : 3,
               "trueID" : 811,
               "velocity" : [ 263.98044449999998, 113.28813340000001, 86.487708679999997 ]
            }
         ]
      },
      {
         "radarID" : 13142,
         "tracks" : [
            {
               "detectedID" : 1001,
               "detectedTime" : 531.29999999999995,
               "entityID" : 13142,
               "height" : 5763.3136080000004,
               "lla" : [ 122.6241057, -28.492422000000001, -44784.339930000002 ],
               "radarID" : 13142,
               "targetType" : 3,
               "trueID" : 817,
               "velocity" : [ 264.6399002, 107.9365013, 91.189006599999999 ]
            }
         ]
      }
   ],
   "terminator" : 0
}
