{
   "data" : [
      {
         "radarID" : 13065,
         "tracks" : [
            {
               "detectedID" : 1004,
               "detectedTime" : 532.95000000000005,
               "entityID" : 13065,
               "height" : 4996.7140879999997,
               "lla" : [ 122.54872520000001, -28.441615710000001, 9775.4998739999992 ],
               "radarID" : 13065,
               "targetType" : 3,
               "trueID" : 799,
               "velocity" : [ 117.29767200000001, -91.47792862, 260.52455680000003 ]
            }
         ]
      }
   ],
   "terminator" : 0
}
