{
   "data" : [
      {
         "radarID" : 13016,
         "tracks" : [
            {
               "detectedID" : 1006,
               "detectedTime" : 533.04999999999995,
               "entityID" : 13016,
               "height" : 2138.5235560000001,
               "lla" : [ 123.0487589, -28.768770709999998, -29404.530780000001 ],
               "radarID" : 13016,
               "targetType" : 3,
               "trueID" : 811,
               "velocity" : [ 263.99214419999998, 113.2700856, 86.475635359999998 ]
            }
         ]
      },
      {
         "radarID" : 13051,
         "tracks" : [
            {
               "detectedID" : 1002,
               "detectedTime" : 533.04999999999995,
               "entityID" : 13051,
               "height" : 1304.6485729999999,
               "lla" : [ 122.6619972, -28.515424960000001, 26090.311109999999 ],
               "radarID" : 13051,
               "targetType" : 3,
               "trueID" : 793,
               "velocity" : [ 249.5216083, 61.865250590000002, 154.63394769999999 ]
            }
         ]
      },
      {
         "radarID" : 13058,
         "tracks" : [
            {
               "detectedID" : 1002,
               "detectedTime" : 533.04999999999995,
               "entityID" : 13058,
               "height" : 5006.3270060000004,
               "lla" : [ 122.6608102, -28.514556710000001, 29728.80056 ],
               "radarID" : 13058,
               "targetType" : 3,
               "trueID" : 793,
               "velocity" : [ 249.5216083, 61.865250590000002, 154.63394769999999 ]
            }
         ]
      }
   ],
   "terminator" : 0
}
