{
   "data" : [
      {
         "radarID" : 12917,
         "tracks" : [
            {
               "detectedID" : 1001,
               "detectedTime" : 534.14999999999998,
               "entityID" : 12917,
               "height" : 4418.3954000000003,
               "lla" : [ 122.6153826, -28.486754319999999, -46586.376190000003 ],
               "radarID" : 12917,
               "targetType" : 3,
               "trueID" : 817,
               "velocity" : [ 264.65872460000003, 107.9069753, 91.169315920000003 ]
            }
         ]
      }
   ],
   "terminator" : 0
}
