{
   "data" : [
      {
         "radarID" : 12931,
         "tracks" : [
            {
               "detectedID" : 1002,
               "detectedTime" : 534.64999999999998,
               "entityID" : 12931,
               "height" : 5014.2708430000002,
               "lla" : [ 122.6568226, -28.51195512, 29412.144499999999 ],
               "radarID" : 12931,
               "targetType" : 3,
               "trueID" : 793,
               "velocity" : [ 249.53235760000001, 61.848477899999999, 154.623311 ]
            }
         ]
      },
      {
         "radarID" : 12938,
         "tracks" : [
            {
               "detectedID" : 1002,
               "detectedTime" : 534.64999999999998,
               "entityID" : 12938,
               "height" : 5013.9757719999998,
               "lla" : [ 122.6568127, -28.51194873, 29409.021809999998 ],
               "radarID" : 12938,
               "targetType" : 3,
               "trueID" : 793,
               "velocity" : [ 249.53235760000001, 61.848477899999999, 154.623311 ]
            }
         ]
      }
   ],
   "terminator" : 0
}
