{
   "data" : [
      {
         "radarID" : 13030,
         "tracks" : [
            {
               "detectedID" : 1002,
               "detectedTime" : 542.45000000000005,
               "entityID" : 13030,
               "height" : 968.9524308,
               "lla" : [ 122.6389949, -28.50042315, 23937.118460000002 ],
               "radarID" : 13030,
               "targetType" : 3,
               "trueID" : 793,
               "velocity" : [ 249.5847401, 61.766706149999997, 154.5714447 ]
            }
         ]
      },
      {
         "radarID" : 13037,
         "tracks" : [
            {
               "detectedID" : 1002,
               "detectedTime" : 542.45000000000005,
               "entityID" : 13037,
               "height" : 949.09287570000004,
               "lla" : [ 122.6389811, -28.50041465, 23917.225780000001 ],
               "radarID" : 13037,
               "targetType" : 3,
               "trueID" : 793,
               "velocity" : [ 249.5847401, 61.766706149999997, 154.5714447 ]
            }
         ]
      },
      {
         "radarID" : 13093,
         "tracks" : [
            {
               "detectedID" : 1001,
               "detectedTime" : 542.45000000000005,
               "entityID" : 13093,
               "height" : 4781.3804810000001,
               "lla" : [ 122.5918635, -28.471369360000001, -47633.305390000001 ],
               "radarID" : 13093,
               "targetType" : 3,
               "trueID" : 817,
               "velocity" : [ 264.71351950000002, 107.82097659999999, 91.111961769999994 ]
            }
         ]
      },
      {
         "radarID" : 13107,
         "tracks" : [
            {
               "detectedID" : 1001,
               "detectedTime" : 542.45000000000005,
               "entityID" : 13107,
               "height" : 7006.5576160000001,
               "lla" : [ 122.5909264, -28.47069943, -45470.692819999997 ],
               "radarID" : 13107,
               "targetType" : 3,
               "trueID" : 817,
               "velocity" : [ 264.71351950000002, 107.82097659999999, 91.111961769999994 ]
            }
         ]
      }
   ],
   "terminator" : 0
}
