{
   "data" : [
      {
         "radarID" : 12910,
         "tracks" : [
            {
               "detectedID" : 1006,
               "detectedTime" : 544.0,
               "entityID" : 12910,
               "height" : 5549.5632770000002,
               "lla" : [ 123.0156167, -28.74723505, -27958.543089999999 ],
               "radarID" : 12910,
               "targetType" : 3,
               "trueID" : 811,
               "velocity" : [ 264.0653102, 113.1571409, 86.400077510000003 ]
            }
         ]
      }
   ],
   "terminator" : 0
}
