{
   "data" : [
      {
         "radarID" : 12910,
         "tracks" : [
            {
               "detectedID" : 1001,
               "detectedTime" : 544.20000000000005,
               "entityID" : 12910,
               "height" : 4562.9470709999996,
               "lla" : [ 122.5862314, -28.467691200000001, -48170.628470000003 ],
               "radarID" : 12910,
               "targetType" : 3,
               "trueID" : 817,
               "velocity" : [ 264.72506750000002, 107.8028422, 91.099867250000003 ]
            }
         ]
      }
   ],
   "terminator" : 0
}
