{
   "data" : [
      {
         "radarID" : 12931,
         "tracks" : [
            {
               "detectedID" : 1005,
               "detectedTime" : 544.29999999999995,
               "entityID" : 12931,
               "height" : 5607.6953240000003,
               "lla" : [ 122.7433506, -28.570031520000001, -29876.625769999999 ],
               "radarID" : 12931,
               "targetType" : 3,
               "trueID" : 805,
               "velocity" : [ 263.36444790000002, 133.2489362, 53.701849029999998 ]
            }
         ]
      },
      {
         "radarID" : 12938,
         "tracks" : [
            {
               "detectedID" : 1005,
               "detectedTime" : 544.29999999999995,
               "entityID" : 12938,
               "height" : 5607.1207780000004,
               "lla" : [ 122.7433321, -28.57001953, -29881.157350000001 ],
               "radarID" : 12938,
               "targetType" : 3,
               "trueID" : 805,
               "velocity" : [ 263.36444790000002, 133.2489362, 53.701849029999998 ]
            }
         ]
      },
      {
         "radarID" : 12974,
         "tracks" : [
            {
               "detectedID" : 1005,
               "detectedTime" : 544.29999999999995,
               "entityID" : 12974,
               "height" : 5604.8145329999998,
               "lla" : [ 122.74330500000001, -28.570002070000001, -29890.114229999999 ],
               "radarID" : 12974,
               "targetType" : 3,
               "trueID" : 805,
               "velocity" : [ 263.36444790000002, 133.2489362, 53.701849029999998 ]
            }
         ]
      },
      {
         "radarID" : 12988,
         "tracks" : [
            {
               "detectedID" : 1004,
               "detectedTime" : 544.29999999999995,
               "entityID" : 12988,
               "height" : 5006.3447990000004,
               "lla" : [ 122.5429659, -28.43788795, 7746.1184270000003 ],
               "radarID" : 12988,
               "targetType" : 3,
               "trueID" : 799,
               "velocity" : [ 135.1627957, -73.798624450000005, 250.36149789999999 ]
            }
         ]
      }
   ],
   "terminator" : 0
}
