{
   "data" : [
      {
         "radarID" : 13051,
         "tracks" : [
            {
               "detectedID" : 1001,
               "detectedTime" : 551.39999999999998,
               "entityID" : 13051,
               "height" : 1585.370377,
               "lla" : [ 122.5664596, -28.454834720000001, -52372.112330000004 ],
               "radarID" : 13051,
               "targetType" : 3,
               "trueID" : 817,
               "velocity" : [ 264.7725605, 107.7282247, 91.050100430000001 ]
            }
         ]
      }
   ],
   "terminator" : 0
}
