{
   "data" : [
      {
         "radarID" : 13065,
         "tracks" : [
            {
               "detectedID" : 1004,
               "detectedTime" : 552.89999999999998,
               "entityID" : 13065,
               "height" : 5001.7995300000002,
               "lla" : [ 122.5217712, -28.424007620000001, 6506.5755740000004 ],
               "radarID" : 13065,
               "targetType" : 3,
               "trueID" : 799,
               "velocity" : [ 258.04843440000002, 151.69010779999999, 20.02789714 ]
            }
         ]
      }
   ],
   "terminator" : 0
}
