{
   "data" : [
      {
         "radarID" : 13037,
         "tracks" : [
            {
               "detectedID" : 1002,
               "detectedTime" : 83.700000000000003,
               "entityID" : 13037,
               "height" : 1173.7115269999999,
               "lla" : [ 122.41473190000001, -28.352285989999999, 60776.745519999997 ],
               "radarID" : 13037,
               "targetType" : 3,
               "trueID" : 793,
               "velocity" : [ -145.04946910000001, -196.747016, 173.92890270000001 ]
            }
         ]
      }
   ],
   "terminator" : 0
}
