{
   "data" : [
      {
         "radarID" : 13086,
         "tracks" : [
            {
               "detectedID" : 1003,
               "detectedTime" : 83.799999999999997,
               "entityID" : 13086,
               "height" : 3640.0328,
               "lla" : [ 122.5882932, -28.466062749999999, 69779.141610000006 ],
               "radarID" : 13086,
               "targetType" : 3,
               "trueID" : 781,
               "velocity" : [ -11.38840869, -178.96111500000001, 240.50618170000001 ]
            }
         ]
      }
   ],
   "terminator" : 0
}
