{
   "data" : [
      {
         "radarID" : 13030,
         "tracks" : [
            {
               "detectedID" : 1005,
               "detectedTime" : 561.20000000000005,
               "entityID" : 13030,
               "height" : 2168.8285270000001,
               "lla" : [ 122.6932559, -28.537447799999999, -35879.871879999999 ],
               "radarID" : 13030,
               "targetType" : 3,
               "trueID" : 805,
               "velocity" : [ 263.4765946, 133.07384149999999, 53.585789239999997 ]
            }
         ]
      },
      {
         "radarID" : 13037,
         "tracks" : [
            {
               "detectedID" : 1005,
               "detectedTime" : 561.20000000000005,
               "entityID" : 13037,
               "height" : 2125.3147370000002,
               "lla" : [ 122.6932458, -28.537442330000001, -35924.346290000001 ],
               "radarID" : 13037,
               "targetType" : 3,
               "trueID" : 805,
               "velocity" : [ 263.4765946, 133.07384149999999, 53.585789239999997 ]
            }
         ]
      },
      {
         "radarID" : 13044,
         "tracks" : [
            {
               "detectedID" : 1005,
               "detectedTime" : 561.20000000000005,
               "entityID" : 13044,
               "height" : 2205.3088459999999,
               "lla" : [ 122.6933346, -28.53749831, -35842.581570000002 ],
               "radarID" : 13044,
               "targetType" : 3,
               "trueID" : 805,
               "velocity" : [ 263.4765946, 133.07384149999999, 53.585789239999997 ]
            }
         ]
      }
   ],
   "terminator" : 0
}
