{
   "data" : [
      {
         "radarID" : 13030,
         "tracks" : [
            {
               "detectedID" : 1006,
               "detectedTime" : 561.25,
               "entityID" : 13030,
               "height" : 3034.4558419999998,
               "lla" : [ 122.9662364, -28.715311610000001, -33381.465600000003 ],
               "radarID" : 13030,
               "targetType" : 3,
               "trueID" : 811,
               "velocity" : [ 264.18043, 112.97915380000001, 86.281001399999994 ]
            }
         ]
      },
      {
         "radarID" : 13037,
         "tracks" : [
            {
               "detectedID" : 1006,
               "detectedTime" : 561.25,
               "entityID" : 13037,
               "height" : 2983.0883819999999,
               "lla" : [ 122.9662558, -28.71532547, -33431.793160000001 ],
               "radarID" : 13037,
               "targetType" : 3,
               "trueID" : 811,
               "velocity" : [ 264.18043, 112.97915380000001, 86.281001399999994 ]
            }
         ]
      },
      {
         "radarID" : 13044,
         "tracks" : [
            {
               "detectedID" : 1006,
               "detectedTime" : 561.25,
               "entityID" : 13044,
               "height" : 3077.534881,
               "lla" : [ 122.9663582, -28.71538954, -33336.287490000002 ],
               "radarID" : 13044,
               "targetType" : 3,
               "trueID" : 811,
               "velocity" : [ 264.18043, 112.97915380000001, 86.281001399999994 ]
            }
         ]
      },
      {
         "radarID" : 13142,
         "tracks" : [
            {
               "detectedID" : 1001,
               "detectedTime" : 561.25,
               "entityID" : 13142,
               "height" : 5734.8903499999997,
               "lla" : [ 122.535856, -28.434693339999999, -49957.228969999996 ],
               "radarID" : 13142,
               "targetType" : 3,
               "trueID" : 817,
               "velocity" : [ 264.83748439999999, 107.626124, 90.981999680000001 ]
            }
         ]
      }
   ],
   "terminator" : 0
}
