{
   "data" : [
      {
         "radarID" : 13058,
         "tracks" : [
            {
               "detectedID" : 1006,
               "detectedTime" : 561.60000000000002,
               "entityID" : 13058,
               "height" : 5947.9086349999998,
               "lla" : [ 122.9643098, -28.71398666, -30538.170050000001 ],
               "radarID" : 13058,
               "targetType" : 3,
               "trueID" : 811,
               "velocity" : [ 264.18276400000002, 112.97554169999999, 86.278584769999995 ]
            }
         ]
      }
   ],
   "terminator" : 0
}
