{
   "data" : [
      {
         "radarID" : 13093,
         "tracks" : [
            {
               "detectedID" : 1001,
               "detectedTime" : 562.45000000000005,
               "entityID" : 13093,
               "height" : 4566.3353630000001,
               "lla" : [ 122.53411749999999, -28.433585910000001, -51264.881000000001 ],
               "radarID" : 13093,
               "targetType" : 3,
               "trueID" : 817,
               "velocity" : [ 264.84539009999997, 107.6136838, 90.973701809999994 ]
            }
         ]
      },
      {
         "radarID" : 13107,
         "tracks" : [
            {
               "detectedID" : 1001,
               "detectedTime" : 562.45000000000005,
               "entityID" : 13107,
               "height" : 5118.8039900000003,
               "lla" : [ 122.53334769999999, -28.43306767, -50760.12401 ],
               "radarID" : 13107,
               "targetType" : 3,
               "trueID" : 817,
               "velocity" : [ 264.84539009999997, 107.6136838, 90.973701809999994 ]
            }
         ]
      }
   ],
   "terminator" : 0
}
