{
   "data" : [
      {
         "radarID" : 13107,
         "tracks" : [
            {
               "detectedID" : 1005,
               "detectedTime" : 562.54999999999995,
               "entityID" : 13107,
               "height" : 5415.1044750000001,
               "lla" : [ 122.68833410000001, -28.534151470000001, -32849.428 ],
               "radarID" : 13107,
               "targetType" : 3,
               "trueID" : 805,
               "velocity" : [ 263.48554589999998, 133.05985100000001, 53.576516730000002 ]
            }
         ]
      }
   ],
   "terminator" : 0
}
