{
   "data" : [
      {
         "radarID" : 12938,
         "tracks" : [
            {
               "detectedID" : 1005,
               "detectedTime" : 564.35000000000002,
               "entityID" : 12938,
               "height" : 5598.4453780000003,
               "lla" : [ 122.68284250000001, -28.53056239, -32948.687480000001 ],
               "radarID" : 12938,
               "targetType" : 3,
               "trueID" : 805,
               "velocity" : [ 263.49747930000001, 133.0411962, 53.564153040000001 ]
            }
         ]
      },
      {
         "radarID" : 12974,
         "tracks" : [
            {
               "detectedID" : 1005,
               "detectedTime" : 564.35000000000002,
               "entityID" : 12974,
               "height" : 5598.2480530000003,
               "lla" : [ 122.6828641, -28.530576400000001, -32945.34491 ],
               "radarID" : 12974,
               "targetType" : 3,
               "trueID" : 805,
               "velocity" : [ 263.49747930000001, 133.0411962, 53.564153040000001 ]
            }
         ]
      },
      {
         "radarID" : 12988,
         "tracks" : [
            {
               "detectedID" : 1004,
               "detectedTime" : 564.35000000000002,
               "entityID" : 12988,
               "height" : 5007.7394249999998,
               "lla" : [ 122.4868656, -28.401119430000001, 4999.2134379999998 ],
               "radarID" : 12988,
               "targetType" : 3,
               "trueID" : 799,
               "velocity" : [ 258.12469270000003, 151.57042580000001, 19.951166730000001 ]
            },
            {
               "detectedID" : 1002,
               "detectedTime" : 564.35000000000002,
               "entityID" : 12988,
               "height" : 5012.5655969999998,
               "lla" : [ 122.583277, -28.463924710000001, 23731.810560000002 ],
               "radarID" : 12988,
               "targetType" : 3,
               "trueID" : 793,
               "velocity" : [ 249.73163410000001, 61.537073100000001, 154.4257088 ]
            }
         ]
      }
   ],
   "terminator" : 0
}
