{
   "data" : [
      {
         "radarID" : 13051,
         "tracks" : [
            {
               "detectedID" : 1001,
               "detectedTime" : 571.29999999999995,
               "entityID" : 13051,
               "height" : 1520.9036599999999,
               "lla" : [ 122.5088818, -28.417134959999999, -55842.599289999998 ],
               "radarID" : 13051,
               "targetType" : 3,
               "trueID" : 817,
               "velocity" : [ 264.9036681, 107.5219266, 90.912495989999996 ]
            }
         ]
      },
      {
         "radarID" : 13058,
         "tracks" : [
            {
               "detectedID" : 1001,
               "detectedTime" : 571.29999999999995,
               "entityID" : 13058,
               "height" : 5732.6873169999999,
               "lla" : [ 122.50767140000001, -28.416232440000002, -51665.074619999999 ],
               "radarID" : 13058,
               "targetType" : 3,
               "trueID" : 817,
               "velocity" : [ 264.9036681, 107.5219266, 90.912495989999996 ]
            }
         ]
      }
   ],
   "terminator" : 0
}
