{
   "data" : [
      {
         "radarID" : 13142,
         "tracks" : [
            {
               "detectedID" : 1005,
               "detectedTime" : 571.39999999999998,
               "entityID" : 13142,
               "height" : 5597.4432420000003,
               "lla" : [ 122.66126749999999, -28.516474850000002, -34022.652190000001 ],
               "radarID" : 13142,
               "targetType" : 3,
               "trueID" : 805,
               "velocity" : [ 263.54420049999999, 132.96812249999999, 53.51572487 ]
            }
         ]
      }
   ],
   "terminator" : 0
}
