{
   "data" : [
      {
         "radarID" : 13065,
         "tracks" : [
            {
               "detectedID" : 1006,
               "detectedTime" : 571.75,
               "entityID" : 13065,
               "height" : 5942.7991149999998,
               "lla" : [ 122.9347235, -28.69480149, -32262.73171 ],
               "radarID" : 13065,
               "targetType" : 3,
               "trueID" : 811,
               "velocity" : [ 264.2504179, 112.8707777, 86.208492399999997 ]
            }
         ]
      },
      {
         "radarID" : 13086,
         "tracks" : [
            {
               "detectedID" : 1006,
               "detectedTime" : 571.75,
               "entityID" : 13086,
               "height" : 5952.6440670000002,
               "lla" : [ 122.9351444, -28.695074609999999, -32242.565170000002 ],
               "radarID" : 13086,
               "targetType" : 3,
               "trueID" : 811,
               "velocity" : [ 264.2504179, 112.8707777, 86.208492399999997 ]
            }
         ]
      }
   ],
   "terminator" : 0
}
