{
   "data" : [
      {
         "radarID" : 13135,
         "tracks" : [
            {
               "detectedID" : 1003,
               "detectedTime" : 92.849999999999994,
               "entityID" : 13135,
               "height" : 3107.1870909999998,
               "lla" : [ 122.5978271, -28.472348360000002, 68289.003949999998 ],
               "radarID" : 13135,
               "targetType" : 3,
               "trueID" : 781,
               "velocity" : [ -11.326659960000001, -179.0526352, 240.44097110000001 ]
            }
         ]
      },
      {
         "radarID" : 13142,
         "tracks" : [
            {
               "detectedID" : 1003,
               "detectedTime" : 92.849999999999994,
               "entityID" : 13142,
               "height" : 3473.5192499999998,
               "lla" : [ 122.5980083, -28.47245753, 68674.842990000005 ],
               "radarID" : 13142,
               "targetType" : 3,
               "trueID" : 781,
               "velocity" : [ -11.326659960000001, -179.0526352, 240.44097110000001 ]
            }
         ]
      }
   ],
   "terminator" : 0
}
