{
   "data" : [
      {
         "radarID" : 13009,
         "tracks" : [
            {
               "detectedID" : 1006,
               "detectedTime" : 573.10000000000002,
               "entityID" : 13009,
               "height" : 1893.8249470000001,
               "lla" : [ 122.93242100000001, -28.69341124, -36409.289049999999 ],
               "radarID" : 13009,
               "targetType" : 3,
               "trueID" : 811,
               "velocity" : [ 264.25941169999999, 112.8568417, 86.199168279999995 ]
            }
         ]
      },
      {
         "radarID" : 13016,
         "tracks" : [
            {
               "detectedID" : 1006,
               "detectedTime" : 573.10000000000002,
               "entityID" : 13016,
               "height" : 1839.5952480000001,
               "lla" : [ 122.9323148, -28.693343779999999, -36472.759400000003 ],
               "radarID" : 13016,
               "targetType" : 3,
               "trueID" : 811,
               "velocity" : [ 264.25941169999999, 112.8568417, 86.199168279999995 ]
            }
         ]
      },
      {
         "radarID" : 13079,
         "tracks" : [
            {
               "detectedID" : 1002,
               "detectedTime" : 573.10000000000002,
               "entityID" : 13079,
               "height" : 5005.8504540000004,
               "lla" : [ 122.5615792, -28.449738750000002, 22049.660759999999 ],
               "radarID" : 13079,
               "targetType" : 3,
               "trueID" : 793,
               "velocity" : [ 249.79025050000001, 61.445306979999998, 154.36743509999999 ]
            }
         ]
      },
      {
         "radarID" : 13086,
         "tracks" : [
            {
               "detectedID" : 1002,
               "detectedTime" : 573.10000000000002,
               "entityID" : 13086,
               "height" : 5007.4199349999999,
               "lla" : [ 122.5616467, -28.449782840000001, 22056.152989999999 ],
               "radarID" : 13086,
               "targetType" : 3,
               "trueID" : 793,
               "velocity" : [ 249.79025050000001, 61.445306979999998, 154.36743509999999 ]
            }
         ]
      }
   ],
   "terminator" : 0
}
