{
   "data" : [
      {
         "radarID" : 12917,
         "tracks" : [
            {
               "detectedID" : 1006,
               "detectedTime" : 574.0,
               "entityID" : 12917,
               "height" : 5054.6953540000004,
               "lla" : [ 122.92846969999999, -28.690767099999999, -33506.437089999999 ],
               "radarID" : 12917,
               "targetType" : 3,
               "trueID" : 811,
               "velocity" : [ 264.26540699999998, 112.8475507, 86.192952009999999 ]
            }
         ]
      },
      {
         "radarID" : 12931,
         "tracks" : [
            {
               "detectedID" : 1006,
               "detectedTime" : 574.0,
               "entityID" : 12931,
               "height" : 5942.8709129999997,
               "lla" : [ 122.9282438, -28.690598000000001, -32643.415959999998 ],
               "radarID" : 12931,
               "targetType" : 3,
               "trueID" : 811,
               "velocity" : [ 264.26540699999998, 112.8475507, 86.192952009999999 ]
            }
         ]
      },
      {
         "radarID" : 12938,
         "tracks" : [
            {
               "detectedID" : 1006,
               "detectedTime" : 574.0,
               "entityID" : 12938,
               "height" : 5942.8837089999997,
               "lla" : [ 122.9282393, -28.690595099999999, -32644.02851 ],
               "radarID" : 12938,
               "targetType" : 3,
               "trueID" : 811,
               "velocity" : [ 264.26540699999998, 112.8475507, 86.192952009999999 ]
            }
         ]
      },
      {
         "radarID" : 12974,
         "tracks" : [
            {
               "detectedID" : 1006,
               "detectedTime" : 574.0,
               "entityID" : 12974,
               "height" : 5944.892812,
               "lla" : [ 122.92829089999999, -28.69062838, -32634.439770000001 ],
               "radarID" : 12974,
               "targetType" : 3,
               "trueID" : 811,
               "velocity" : [ 264.26540699999998, 112.8475507, 86.192952009999999 ]
            }
         ]
      }
   ],
   "terminator" : 0
}
