{
   "data" : [
      {
         "radarID" : 13065,
         "tracks" : [
            {
               "detectedID" : 1005,
               "detectedTime" : 581.75,
               "entityID" : 13065,
               "height" : 5591.3047390000002,
               "lla" : [ 122.63038400000001, -28.496297630000001, -35592.140370000001 ],
               "radarID" : 13065,
               "targetType" : 3,
               "trueID" : 805,
               "velocity" : [ 263.61273870000002, 132.86081770000001, 53.444617489999999 ]
            },
            {
               "detectedID" : 1006,
               "detectedTime" : 581.75,
               "entityID" : 13065,
               "height" : 5939.6516190000002,
               "lla" : [ 122.9057146, -28.67597769, -33956.650970000002 ],
               "radarID" : 13065,
               "targetType" : 3,
               "trueID" : 811,
               "velocity" : [ 264.31701320000002, 112.7675371, 86.139416600000004 ]
            }
         ]
      },
      {
         "radarID" : 13079,
         "tracks" : [
            {
               "detectedID" : 1006,
               "detectedTime" : 581.75,
               "entityID" : 13079,
               "height" : 5939.1789010000002,
               "lla" : [ 122.9056662, -28.675946230000001, -33958.613400000002 ],
               "radarID" : 13079,
               "targetType" : 3,
               "trueID" : 811,
               "velocity" : [ 264.31701320000002, 112.7675371, 86.139416600000004 ]
            }
         ]
      },
      {
         "radarID" : 13086,
         "tracks" : [
            {
               "detectedID" : 1006,
               "detectedTime" : 581.75,
               "entityID" : 13086,
               "height" : 5944.154826,
               "lla" : [ 122.9058643, -28.676074880000002, -33948.528160000002 ],
               "radarID" : 13086,
               "targetType" : 3,
               "trueID" : 811,
               "velocity" : [ 264.31701320000002, 112.7675371, 86.139416600000004 ]
            }
         ]
      }
   ],
   "terminator" : 0
}
