{
   "data" : [
      {
         "radarID" : 13079,
         "tracks" : [
            {
               "detectedID" : 1005,
               "detectedTime" : 581.79999999999995,
               "entityID" : 13079,
               "height" : 5591.9060730000001,
               "lla" : [ 122.630257, -28.496214680000001, -35598.968480000003 ],
               "radarID" : 13079,
               "targetType" : 3,
               "trueID" : 805,
               "velocity" : [ 263.61306960000002, 132.86029919999999, 53.444273950000003 ]
            }
         ]
      },
      {
         "radarID" : 13086,
         "tracks" : [
            {
               "detectedID" : 1005,
               "detectedTime" : 581.79999999999995,
               "entityID" : 13086,
               "height" : 5592.5776370000003,
               "lla" : [ 122.63028850000001, -28.496235259999999, -35597.509030000001 ],
               "radarID" : 13086,
               "targetType" : 3,
               "trueID" : 805,
               "velocity" : [ 263.61306960000002, 132.86029919999999, 53.444273950000003 ]
            }
         ]
      }
   ],
   "terminator" : 0
}
