{
   "data" : [
      {
         "radarID" : 13030,
         "tracks" : [
            {
               "detectedID" : 1005,
               "detectedTime" : 591.10000000000002,
               "entityID" : 13030,
               "height" : 2049.4201889999999,
               "lla" : [ 122.6031064, -28.47855556, -40545.81381 ],
               "radarID" : 13030,
               "targetType" : 3,
               "trueID" : 805,
               "velocity" : [ 263.67460119999998, 132.7638536, 53.380369459999997 ]
            }
         ]
      },
      {
         "radarID" : 13037,
         "tracks" : [
            {
               "detectedID" : 1005,
               "detectedTime" : 591.10000000000002,
               "entityID" : 13037,
               "height" : 2007.1755459999999,
               "lla" : [ 122.603157, -28.478589769999999, -40586.148690000002 ],
               "radarID" : 13037,
               "targetType" : 3,
               "trueID" : 805,
               "velocity" : [ 263.67460119999998, 132.7638536, 53.380369459999997 ]
            }
         ]
      },
      {
         "radarID" : 13044,
         "tracks" : [
            {
               "detectedID" : 1005,
               "detectedTime" : 591.10000000000002,
               "entityID" : 13044,
               "height" : 2084.612365,
               "lla" : [ 122.6030482, -28.478516590000002, -40511.21297 ],
               "radarID" : 13044,
               "targetType" : 3,
               "trueID" : 805,
               "velocity" : [ 263.67460119999998, 132.7638536, 53.380369459999997 ]
            }
         ]
      }
   ],
   "terminator" : 0
}
