{
   "data" : [
      {
         "radarID" : 13044,
         "tracks" : [
            {
               "detectedID" : 1003,
               "detectedTime" : 591.45000000000005,
               "entityID" : 13044,
               "height" : 190.44151769999999,
               "lla" : [ 121.90435119999999, -28.01634498, -19095.14171 ],
               "radarID" : 13044,
               "targetType" : 3,
               "trueID" : 781,
               "velocity" : [ 244.40125280000001, 45.493832269999999, 167.92361020000001 ]
            }
         ]
      }
   ],
   "terminator" : 0
}
