{
   "data" : [
      {
         "radarID" : 13037,
         "tracks" : [
            {
               "detectedID" : 1004,
               "detectedTime" : 591.89999999999998,
               "entityID" : 13037,
               "height" : 682.31729580000001,
               "lla" : [ 122.404383, -28.347069739999998, -2929.5881319999999 ],
               "radarID" : 13037,
               "targetType" : 3,
               "trueID" : 799,
               "velocity" : [ 258.30787270000002, 151.2822778, 19.766520870000001 ]
            }
         ]
      },
      {
         "radarID" : 13135,
         "tracks" : [
            {
               "detectedID" : 1004,
               "detectedTime" : 591.89999999999998,
               "entityID" : 13135,
               "height" : 2693.9133510000001,
               "lla" : [ 122.4034384, -28.346397710000002, -944.96433830000001 ],
               "radarID" : 13135,
               "targetType" : 3,
               "trueID" : 799,
               "velocity" : [ 258.30787270000002, 151.2822778, 19.766520870000001 ]
            }
         ]
      }
   ],
   "terminator" : 0
}
