{
   "data" : [
      {
         "radarID" : 13009,
         "tracks" : [
            {
               "detectedID" : 1005,
               "detectedTime" : 593.39999999999998,
               "entityID" : 13009,
               "height" : 1407.9375669999999,
               "lla" : [ 122.5965729, -28.47429614, -41412.318169999999 ],
               "radarID" : 13009,
               "targetType" : 3,
               "trueID" : 805,
               "velocity" : [ 263.68981100000002, 132.73999749999999, 53.364563539999999 ]
            }
         ]
      },
      {
         "radarID" : 13016,
         "tracks" : [
            {
               "detectedID" : 1005,
               "detectedTime" : 593.39999999999998,
               "entityID" : 13016,
               "height" : 1361.1009919999999,
               "lla" : [ 122.5966153, -28.47432499, -41454.786399999997 ],
               "radarID" : 13016,
               "targetType" : 3,
               "trueID" : 805,
               "velocity" : [ 263.68981100000002, 132.73999749999999, 53.364563539999999 ]
            }
         ]
      }
   ],
   "terminator" : 0
}
