{
   "data" : [
      {
         "radarID" : 12931,
         "tracks" : [
            {
               "detectedID" : 1005,
               "detectedTime" : 594.45000000000005,
               "entityID" : 12931,
               "height" : 5588.2907759999998,
               "lla" : [ 122.59209509999999, -28.471261500000001, -37527.520320000003 ],
               "radarID" : 12931,
               "targetType" : 3,
               "trueID" : 805,
               "velocity" : [ 263.6967535, 132.72910619999999, 53.357347590000003 ]
            }
         ]
      },
      {
         "radarID" : 12938,
         "tracks" : [
            {
               "detectedID" : 1005,
               "detectedTime" : 594.45000000000005,
               "entityID" : 12938,
               "height" : 5588.5363719999996,
               "lla" : [ 122.5920976, -28.471263100000002, -37526.575700000001 ],
               "radarID" : 12938,
               "targetType" : 3,
               "trueID" : 805,
               "velocity" : [ 263.6967535, 132.72910619999999, 53.357347590000003 ]
            }
         ]
      },
      {
         "radarID" : 12974,
         "tracks" : [
            {
               "detectedID" : 1005,
               "detectedTime" : 594.45000000000005,
               "entityID" : 12974,
               "height" : 5588.1923020000004,
               "lla" : [ 122.5920965, -28.47126244, -37527.485990000001 ],
               "radarID" : 12974,
               "targetType" : 3,
               "trueID" : 805,
               "velocity" : [ 263.6967535, 132.72910619999999, 53.357347590000003 ]
            }
         ]
      },
      {
         "radarID" : 12988,
         "tracks" : [
            {
               "detectedID" : 1004,
               "detectedTime" : 594.45000000000005,
               "entityID" : 12988,
               "height" : 5005.4168309999995,
               "lla" : [ 122.3950234, -28.3408075, 1012.439327 ],
               "radarID" : 12988,
               "targetType" : 3,
               "trueID" : 799,
               "velocity" : [ 258.32480579999998, 151.25559430000001, 19.74942854 ]
            }
         ]
      }
   ],
   "terminator" : 0
}
