{
   "data" : [
      {
         "radarID" : 12931,
         "tracks" : [
            {
               "detectedID" : 1004,
               "detectedTime" : 594.79999999999995,
               "entityID" : 12931,
               "height" : 5009.93876,
               "lla" : [ 122.39395570000001, -28.340105430000001, 970.70390099999997 ],
               "radarID" : 12931,
               "targetType" : 3,
               "trueID" : 799,
               "velocity" : [ 258.32712959999998, 151.2519317, 19.747082509999998 ]
            }
         ]
      },
      {
         "radarID" : 12938,
         "tracks" : [
            {
               "detectedID" : 1004,
               "detectedTime" : 594.79999999999995,
               "entityID" : 12938,
               "height" : 5012.9899519999999,
               "lla" : [ 122.3939573, -28.340106120000002, 986.27539420000005 ],
               "radarID" : 12938,
               "targetType" : 3,
               "trueID" : 799,
               "velocity" : [ 258.32712959999998, 151.2519317, 19.747082509999998 ]
            }
         ]
      },
      {
         "radarID" : 12974,
         "tracks" : [
            {
               "detectedID" : 1004,
               "detectedTime" : 594.79999999999995,
               "entityID" : 12974,
               "height" : 5004.8078939999996,
               "lla" : [ 122.39398079999999, -28.340122359999999, 954.97604920000003 ],
               "radarID" : 12974,
               "targetType" : 3,
               "trueID" : 799,
               "velocity" : [ 258.32712959999998, 151.2519317, 19.747082509999998 ]
            }
         ]
      }
   ],
   "terminator" : 0
}
