{
   "data" : [
      {
         "radarID" : 13079,
         "tracks" : [
            {
               "detectedID" : 1001,
               "detectedTime" : 601.45000000000005,
               "entityID" : 13079,
               "height" : 5717.9675340000003,
               "lla" : [ 122.42041690000001, -28.358999740000002, -56834.087030000002 ],
               "radarID" : 13079,
               "targetType" : 3,
               "trueID" : 817,
               "velocity" : [ 265.10186449999998, 107.2091915, 90.703862749999999 ]
            }
         ]
      },
      {
         "radarID" : 13086,
         "tracks" : [
            {
               "detectedID" : 1001,
               "detectedTime" : 601.45000000000005,
               "entityID" : 13086,
               "height" : 5717.1106390000004,
               "lla" : [ 122.42037740000001, -28.35897379, -56835.367859999998 ],
               "radarID" : 13086,
               "targetType" : 3,
               "trueID" : 817,
               "velocity" : [ 265.10186449999998, 107.2091915, 90.703862749999999 ]
            }
         ]
      }
   ],
   "terminator" : 0
}
