{
   "data" : [
      {
         "radarID" : 13065,
         "tracks" : [
            {
               "detectedID" : 1001,
               "detectedTime" : 102.3,
               "entityID" : 13065,
               "height" : 5962.6393760000001,
               "lla" : [ 123.8589794, -29.28755846, 29361.53614 ],
               "radarID" : 13065,
               "targetType" : 3,
               "trueID" : 817,
               "velocity" : [ 261.75237440000001, 112.35870749999999, 94.134028490000006 ]
            },
            {
               "detectedID" : 1005,
               "detectedTime" : 102.3,
               "entityID" : 13065,
               "height" : 5770.5566589999999,
               "lla" : [ 124.072728, -29.422907859999999, 38242.499080000001 ],
               "radarID" : 13065,
               "targetType" : 3,
               "trueID" : 805,
               "velocity" : [ 260.37264709999999, 137.7982782, 56.724943119999999 ]
            }
         ]
      }
   ],
   "terminator" : 0
}
