{
   "data" : [
      {
         "radarID" : 13079,
         "tracks" : [
            {
               "detectedID" : 1002,
               "detectedTime" : 14.1,
               "entityID" : 13079,
               "height" : 4515.2302410000002,
               "lla" : [ 122.25618, -28.247638670000001, 64768.094349999999 ],
               "radarID" : 13079,
               "targetType" : 3,
               "trueID" : 793,
               "velocity" : [ -107.9335823, -145.39954180000001, 129.34293439999999 ]
            }
         ]
      },
      {
         "radarID" : 13086,
         "tracks" : [
            {
               "detectedID" : 1002,
               "detectedTime" : 14.1,
               "entityID" : 13086,
               "height" : 4513.3478590000004,
               "lla" : [ 122.25615879999999, -28.24762484, 64762.20336 ],
               "radarID" : 13086,
               "targetType" : 3,
               "trueID" : 793,
               "velocity" : [ -107.9335823, -145.39954180000001, 129.34293439999999 ]
            }
         ]
      }
   ],
   "terminator" : 0
}
