{
   "data" : [
      {
         "radarID" : 13135,
         "tracks" : [
            {
               "detectedID" : 1002,
               "detectedTime" : 102.90000000000001,
               "entityID" : 13135,
               "height" : 2701.3083270000002,
               "lla" : [ 122.4585215, -28.381060420000001, 62059.780720000002 ],
               "radarID" : 13135,
               "targetType" : 3,
               "trueID" : 793,
               "velocity" : [ -144.92090010000001, -196.9511215, 173.80502999999999 ]
            }
         ]
      },
      {
         "radarID" : 13142,
         "tracks" : [
            {
               "detectedID" : 1002,
               "detectedTime" : 102.90000000000001,
               "entityID" : 13142,
               "height" : 4632.4518740000003,
               "lla" : [ 122.4577659, -28.380516310000001, 63966.686399999999 ],
               "radarID" : 13142,
               "targetType" : 3,
               "trueID" : 793,
               "velocity" : [ -144.92090010000001, -196.9511215, 173.80502999999999 ]
            }
         ]
      }
   ],
   "terminator" : 0
}
