{
   "data" : [
      {
         "radarID" : 13030,
         "tracks" : [
            {
               "detectedID" : 1006,
               "detectedTime" : 611.14999999999998,
               "entityID" : 13030,
               "height" : 2839.6617259999998,
               "lla" : [ 122.8208552, -28.62091818, -42023.896119999998 ],
               "radarID" : 13030,
               "targetType" : 3,
               "trueID" : 811,
               "velocity" : [ 264.5124654, 112.46386630000001, 85.936223119999994 ]
            }
         ]
      },
      {
         "radarID" : 13037,
         "tracks" : [
            {
               "detectedID" : 1006,
               "detectedTime" : 611.14999999999998,
               "entityID" : 13037,
               "height" : 2789.7916580000001,
               "lla" : [ 122.8208561, -28.620920030000001, -42073.630449999997 ],
               "radarID" : 13037,
               "targetType" : 3,
               "trueID" : 811,
               "velocity" : [ 264.5124654, 112.46386630000001, 85.936223119999994 ]
            }
         ]
      },
      {
         "radarID" : 13044,
         "tracks" : [
            {
               "detectedID" : 1006,
               "detectedTime" : 611.14999999999998,
               "entityID" : 13044,
               "height" : 2880.9034670000001,
               "lla" : [ 122.82074900000001, -28.620847919999999, -41984.126830000001 ],
               "radarID" : 13044,
               "targetType" : 3,
               "trueID" : 811,
               "velocity" : [ 264.5124654, 112.46386630000001, 85.936223119999994 ]
            }
         ]
      }
   ],
   "terminator" : 0
}
