{
   "data" : [
      {
         "radarID" : 13051,
         "tracks" : [
            {
               "detectedID" : 1005,
               "detectedTime" : 611.5,
               "entityID" : 13051,
               "height" : 1331.391783,
               "lla" : [ 122.5419981, -28.438579699999998, -44330.00578 ],
               "radarID" : 13051,
               "targetType" : 3,
               "trueID" : 805,
               "velocity" : [ 263.80939760000001, 132.55220689999999, 53.240155970000004 ]
            },
            {
               "detectedID" : 1006,
               "detectedTime" : 611.5,
               "entityID" : 13051,
               "height" : 2081.3843200000001,
               "lla" : [ 122.8202294, -28.620530559999999, -42813.834410000003 ],
               "radarID" : 13051,
               "targetType" : 3,
               "trueID" : 811,
               "velocity" : [ 264.51478909999997, 112.46024989999999, 85.933803159999997 ]
            }
         ]
      },
      {
         "radarID" : 13058,
         "tracks" : [
            {
               "detectedID" : 1005,
               "detectedTime" : 611.5,
               "entityID" : 13058,
               "height" : 5581.2869639999999,
               "lla" : [ 122.54067860000001, -28.437605720000001, -40120.546920000001 ],
               "radarID" : 13058,
               "targetType" : 3,
               "trueID" : 805,
               "velocity" : [ 263.80939760000001, 132.55220689999999, 53.240155970000004 ]
            },
            {
               "detectedID" : 1006,
               "detectedTime" : 611.5,
               "entityID" : 13058,
               "height" : 5927.0235780000003,
               "lla" : [ 122.819051, -28.619664100000001, -39003.87066 ],
               "radarID" : 13058,
               "targetType" : 3,
               "trueID" : 811,
               "velocity" : [ 264.51478909999997, 112.46024989999999, 85.933803159999997 ]
            }
         ]
      }
   ],
   "terminator" : 0
}
