{
   "data" : [
      {
         "radarID" : 13051,
         "tracks" : [
            {
               "detectedID" : 1002,
               "detectedTime" : 613.0,
               "entityID" : 13051,
               "height" : 879.00899679999998,
               "lla" : [ 122.46407910000001, -28.386007630000002, 10359.18361 ],
               "radarID" : 13051,
               "targetType" : 3,
               "trueID" : 793,
               "velocity" : [ 250.05700340000001, 61.026725470000002, 154.10137520000001 ]
            }
         ]
      },
      {
         "radarID" : 13065,
         "tracks" : [
            {
               "detectedID" : 1004,
               "detectedTime" : 613.0,
               "entityID" : 13065,
               "height" : 5001.4530109999996,
               "lla" : [ 122.33843160000001, -28.303578940000001, -1434.5008539999999 ],
               "radarID" : 13065,
               "targetType" : 3,
               "trueID" : 799,
               "velocity" : [ 258.44787409999998, 151.06141969999999, 19.62508167 ]
            }
         ]
      }
   ],
   "terminator" : 0
}
