{
   "data" : [
      {
         "radarID" : 12988,
         "tracks" : [
            {
               "detectedID" : 1002,
               "detectedTime" : 614.45000000000005,
               "entityID" : 12988,
               "height" : 5013.7632460000004,
               "lla" : [ 122.4590651, -28.382615879999999, 14137.26749 ],
               "radarID" : 12988,
               "targetType" : 3,
               "trueID" : 793,
               "velocity" : [ 250.0666808, 61.011509920000002, 154.09169610000001 ]
            }
         ]
      }
   ],
   "terminator" : 0
}
