{
   "data" : [
      {
         "radarID" : 13030,
         "tracks" : [
            {
               "detectedID" : 1003,
               "detectedTime" : 103.45,
               "entityID" : 13030,
               "height" : 1392.5064090000001,
               "lla" : [ 122.60970759999999, -28.480202240000001, 65503.57488 ],
               "radarID" : 13030,
               "targetType" : 3,
               "trueID" : 781,
               "velocity" : [ -11.254337960000001, -179.1597812, 240.3645411 ]
            }
         ]
      },
      {
         "radarID" : 13037,
         "tracks" : [
            {
               "detectedID" : 1003,
               "detectedTime" : 103.45,
               "entityID" : 13037,
               "height" : 1388.8873140000001,
               "lla" : [ 122.6097182, -28.480209210000002, 65500.23648 ],
               "radarID" : 13037,
               "targetType" : 3,
               "trueID" : 781,
               "velocity" : [ -11.254337960000001, -179.1597812, 240.3645411 ]
            }
         ]
      },
      {
         "radarID" : 13044,
         "tracks" : [
            {
               "detectedID" : 1003,
               "detectedTime" : 103.45,
               "entityID" : 13044,
               "height" : 1395.1465209999999,
               "lla" : [ 122.6098415, -28.480289509999999, 65519.47421 ],
               "radarID" : 13044,
               "targetType" : 3,
               "trueID" : 781,
               "velocity" : [ -11.254337960000001, -179.1597812, 240.3645411 ]
            }
         ]
      }
   ],
   "terminator" : 0
}
