{
   "data" : [
      {
         "radarID" : 12931,
         "tracks" : [
            {
               "detectedID" : 1004,
               "detectedTime" : 614.85000000000002,
               "entityID" : 12931,
               "height" : 5009.4080279999998,
               "lla" : [ 122.33279090000001, -28.299865489999998, -1677.227265 ],
               "radarID" : 12931,
               "targetType" : 3,
               "trueID" : 799,
               "velocity" : [ 258.4601371, 151.0420483, 19.612679669999999 ]
            }
         ]
      },
      {
         "radarID" : 12938,
         "tracks" : [
            {
               "detectedID" : 1004,
               "detectedTime" : 614.85000000000002,
               "entityID" : 12938,
               "height" : 5008.6778039999999,
               "lla" : [ 122.33279400000001, -28.299867630000001, -1681.7384280000001 ],
               "radarID" : 12938,
               "targetType" : 3,
               "trueID" : 799,
               "velocity" : [ 258.4601371, 151.0420483, 19.612679669999999 ]
            }
         ]
      },
      {
         "radarID" : 12974,
         "tracks" : [
            {
               "detectedID" : 1004,
               "detectedTime" : 614.85000000000002,
               "entityID" : 12974,
               "height" : 4998.3055999999997,
               "lla" : [ 122.3328566, -28.299909580000001, -1707.951554 ],
               "radarID" : 12974,
               "targetType" : 3,
               "trueID" : 799,
               "velocity" : [ 258.4601371, 151.0420483, 19.612679669999999 ]
            }
         ]
      }
   ],
   "terminator" : 0
}
