{
   "data" : [
      {
         "radarID" : 13023,
         "tracks" : [
            {
               "detectedID" : 1006,
               "detectedTime" : 621.39999999999998,
               "entityID" : 13023,
               "height" : 5919.6839600000003,
               "lla" : [ 122.7893974, -28.600367970000001, -40701.772069999999 ],
               "radarID" : 13023,
               "targetType" : 3,
               "trueID" : 811,
               "velocity" : [ 264.580489, 112.3579445, 85.865343089999996 ]
            }
         ]
      },
      {
         "radarID" : 13079,
         "tracks" : [
            {
               "detectedID" : 1001,
               "detectedTime" : 621.39999999999998,
               "entityID" : 13079,
               "height" : 5708.9257319999997,
               "lla" : [ 122.3626732, -28.321059179999999, -60250.828520000003 ],
               "radarID" : 13079,
               "targetType" : 3,
               "trueID" : 817,
               "velocity" : [ 265.23271670000003, 107.0021397, 90.565711280000002 ]
            }
         ]
      },
      {
         "radarID" : 13086,
         "tracks" : [
            {
               "detectedID" : 1001,
               "detectedTime" : 621.39999999999998,
               "entityID" : 13086,
               "height" : 5705.4713849999998,
               "lla" : [ 122.3625258, -28.320962170000001, -60255.473530000003 ],
               "radarID" : 13086,
               "targetType" : 3,
               "trueID" : 817,
               "velocity" : [ 265.23271670000003, 107.0021397, 90.565711280000002 ]
            }
         ]
      }
   ],
   "terminator" : 0
}
