{
   "data" : [
      {
         "radarID" : 13030,
         "tracks" : [
            {
               "detectedID" : 1002,
               "detectedTime" : 622.20000000000005,
               "entityID" : 13030,
               "height" : 681.40984430000003,
               "lla" : [ 122.44145399999999, -28.371179550000001, 8366.4762350000001 ],
               "radarID" : 13030,
               "targetType" : 3,
               "trueID" : 793,
               "velocity" : [ 250.11838520000001, 60.930180759999999, 154.03995080000001 ]
            }
         ]
      },
      {
         "radarID" : 13037,
         "tracks" : [
            {
               "detectedID" : 1002,
               "detectedTime" : 622.20000000000005,
               "entityID" : 13037,
               "height" : 662.24319590000005,
               "lla" : [ 122.4414558, -28.371181249999999, 8348.0702930000007 ],
               "radarID" : 13037,
               "targetType" : 3,
               "trueID" : 793,
               "velocity" : [ 250.11838520000001, 60.930180759999999, 154.03995080000001 ]
            }
         ]
      },
      {
         "radarID" : 13072,
         "tracks" : [
            {
               "detectedID" : 1001,
               "detectedTime" : 622.20000000000005,
               "entityID" : 13072,
               "height" : 5706.7704919999996,
               "lla" : [ 122.3603172, -28.319510059999999, -60389.718359999999 ],
               "radarID" : 13072,
               "targetType" : 3,
               "trueID" : 817,
               "velocity" : [ 265.23795910000001, 106.993835, 90.560169700000003 ]
            }
         ]
      }
   ],
   "terminator" : 0
}
