{
   "data" : [
      {
         "radarID" : 13072,
         "tracks" : [
            {
               "detectedID" : 1005,
               "detectedTime" : 622.5,
               "entityID" : 13072,
               "height" : 5576.0914229999998,
               "lla" : [ 122.50745569999999, -28.41583713, -41795.43649 ],
               "radarID" : 13072,
               "targetType" : 3,
               "trueID" : 805,
               "velocity" : [ 263.88198130000001, 132.4380333, 53.164530220000003 ]
            }
         ]
      },
      {
         "radarID" : 13114,
         "tracks" : [
            {
               "detectedID" : 1005,
               "detectedTime" : 622.5,
               "entityID" : 13114,
               "height" : 4778.636966,
               "lla" : [ 122.50780520000001, -28.416086700000001, -42573.973760000001 ],
               "radarID" : 13114,
               "targetType" : 3,
               "trueID" : 805,
               "velocity" : [ 263.88198130000001, 132.4380333, 53.164530220000003 ]
            }
         ]
      }
   ],
   "terminator" : 0
}
