{
   "data" : [
      {
         "radarID" : 13030,
         "tracks" : [
            {
               "detectedID" : 1004,
               "detectedTime" : 631.75,
               "entityID" : 13030,
               "height" : 556.14693709999995,
               "lla" : [ 122.28284600000001, -28.26707725, -8315.1818640000001 ],
               "radarID" : 13030,
               "targetType" : 3,
               "trueID" : 799,
               "velocity" : [ 258.57207, 150.8650351, 19.49937886 ]
            }
         ]
      },
      {
         "radarID" : 13044,
         "tracks" : [
            {
               "detectedID" : 1004,
               "detectedTime" : 631.75,
               "entityID" : 13044,
               "height" : 572.91381839999997,
               "lla" : [ 122.28283999999999, -28.26707287, -8299.1136139999999 ],
               "radarID" : 13044,
               "targetType" : 3,
               "trueID" : 799,
               "velocity" : [ 258.57207, 150.8650351, 19.49937886 ]
            }
         ]
      }
   ],
   "terminator" : 0
}
