{
   "data" : [
      {
         "radarID" : 13023,
         "tracks" : [
            {
               "detectedID" : 1002,
               "detectedTime" : 632.10000000000002,
               "entityID" : 13023,
               "height" : 5005.3828569999996,
               "lla" : [ 122.4151057, -28.353783140000001, 10736.72467 ],
               "radarID" : 13023,
               "targetType" : 3,
               "trueID" : 793,
               "velocity" : [ 250.1843849, 60.826277859999998, 153.9738207 ]
            }
         ]
      }
   ],
   "terminator" : 0
}
