{
   "data" : [
      {
         "radarID" : 12903,
         "tracks" : [
            {
               "detectedID" : 1001,
               "detectedTime" : 634.29999999999995,
               "entityID" : 12903,
               "height" : 5713.3691239999998,
               "lla" : [ 122.3253311, -28.29649564, -62445.173470000002 ],
               "radarID" : 12903,
               "targetType" : 3,
               "trueID" : 817,
               "velocity" : [ 265.31720389999998, 106.8682069, 90.476337670000007 ]
            }
         ]
      },
      {
         "radarID" : 12917,
         "tracks" : [
            {
               "detectedID" : 1001,
               "detectedTime" : 634.29999999999995,
               "entityID" : 12917,
               "height" : 3636.7241650000001,
               "lla" : [ 122.325638, -28.296749850000001, -64455.172850000003 ],
               "radarID" : 12917,
               "targetType" : 3,
               "trueID" : 817,
               "velocity" : [ 265.31720389999998, 106.8682069, 90.476337670000007 ]
            }
         ]
      }
   ],
   "terminator" : 0
}
