{
   "data" : [
      {
         "radarID" : 13093,
         "tracks" : [
            {
               "detectedID" : 1005,
               "detectedTime" : 642.54999999999995,
               "entityID" : 13093,
               "height" : 4271.3009940000002,
               "lla" : [ 122.4474888, -28.376535069999999, -46107.635000000002 ],
               "radarID" : 13093,
               "targetType" : 3,
               "trueID" : 805,
               "velocity" : [ 264.01410040000002, 132.2298352, 53.026648360000003 ]
            }
         ]
      },
      {
         "radarID" : 13107,
         "tracks" : [
            {
               "detectedID" : 1005,
               "detectedTime" : 642.54999999999995,
               "entityID" : 13107,
               "height" : 6382.1181299999998,
               "lla" : [ 122.4468664, -28.376072669999999, -44039.696499999998 ],
               "radarID" : 13107,
               "targetType" : 3,
               "trueID" : 805,
               "velocity" : [ 264.01410040000002, 132.2298352, 53.026648360000003 ]
            }
         ]
      }
   ],
   "terminator" : 0
}
