{
   "data" : [
      {
         "radarID" : 12910,
         "tracks" : [
            {
               "detectedID" : 1006,
               "detectedTime" : 644.14999999999998,
               "entityID" : 12910,
               "height" : 4617.8657139999996,
               "lla" : [ 122.7241133, -28.557873229999998, -45789.321660000001 ],
               "radarID" : 12910,
               "targetType" : 3,
               "trueID" : 811,
               "velocity" : [ 264.73124890000003, 112.1227573, 85.707952509999998 ]
            }
         ]
      }
   ],
   "terminator" : 0
}
