{
   "data" : [
      {
         "radarID" : 12981,
         "tracks" : [
            {
               "detectedID" : 1004,
               "detectedTime" : 644.5,
               "entityID" : 12981,
               "height" : 2078.6247969999999,
               "lla" : [ 122.2426267, -28.240513629999999, -8439.2546149999998 ],
               "radarID" : 12981,
               "targetType" : 3,
               "trueID" : 799,
               "velocity" : [ 258.65640869999999, 150.73142680000001, 19.413892220000001 ]
            }
         ]
      },
      {
         "radarID" : 12988,
         "tracks" : [
            {
               "detectedID" : 1002,
               "detectedTime" : 644.5,
               "entityID" : 12988,
               "height" : 5011.7310749999997,
               "lla" : [ 122.38445280000001, -28.333660200000001, 8372.2382340000004 ],
               "radarID" : 12988,
               "targetType" : 3,
               "trueID" : 793,
               "velocity" : [ 250.2669746, 60.69611879, 153.8909438 ]
            }
         ]
      }
   ],
   "terminator" : 0
}
