{
   "data" : [
      {
         "radarID" : 13114,
         "tracks" : [
            {
               "detectedID" : 1001,
               "detectedTime" : 652.29999999999995,
               "entityID" : 13114,
               "height" : 3959.5483089999998,
               "lla" : [ 122.2738307, -28.262628660000001, -67230.770390000005 ],
               "radarID" : 13114,
               "targetType" : 3,
               "trueID" : 817,
               "velocity" : [ 265.43492989999999, 106.68125879999999, 90.351574479999996 ]
            }
         ]
      }
   ],
   "terminator" : 0
}
