{
   "data" : [
      {
         "radarID" : 13086,
         "tracks" : [
            {
               "detectedID" : 1002,
               "detectedTime" : 653.0,
               "entityID" : 13086,
               "height" : 5006.1728789999997,
               "lla" : [ 122.3633748, -28.31981467, 6740.7709260000001 ],
               "radarID" : 13086,
               "targetType" : 3,
               "trueID" : 793,
               "velocity" : [ 250.3235392, 60.606885249999998, 153.83410280000001 ]
            }
         ]
      }
   ],
   "terminator" : 0
}
