{
   "data" : [
      {
         "radarID" : 13009,
         "tracks" : [
            {
               "detectedID" : 1006,
               "detectedTime" : 653.10000000000002,
               "entityID" : 13009,
               "height" : 1355.39635,
               "lla" : [ 122.6993519, -28.541809050000001, -50460.892260000001 ],
               "radarID" : 13009,
               "targetType" : 3,
               "trueID" : 811,
               "velocity" : [ 264.79047600000001, 112.0301982, 85.646007040000001 ]
            }
         ]
      },
      {
         "radarID" : 13016,
         "tracks" : [
            {
               "detectedID" : 1006,
               "detectedTime" : 653.10000000000002,
               "entityID" : 13016,
               "height" : 1309.8109689999999,
               "lla" : [ 122.6993684, -28.541820990000002, -50505.354399999997 ],
               "radarID" : 13016,
               "targetType" : 3,
               "trueID" : 811,
               "velocity" : [ 264.79047600000001, 112.0301982, 85.646007040000001 ]
            }
         ]
      },
      {
         "radarID" : 13114,
         "tracks" : [
            {
               "detectedID" : 1004,
               "detectedTime" : 653.10000000000002,
               "entityID" : 13114,
               "height" : 4438.4617040000003,
               "lla" : [ 122.2164068, -28.22315081, -7257.5810709999996 ],
               "radarID" : 13114,
               "targetType" : 3,
               "trueID" : 799,
               "velocity" : [ 258.7132436, 150.64127619999999, 19.356226679999999 ]
            }
         ]
      }
   ],
   "terminator" : 0
}
