{
   "data" : [
      {
         "radarID" : 12995,
         "tracks" : [
            {
               "detectedID" : 1006,
               "detectedTime" : 653.35000000000002,
               "entityID" : 12995,
               "height" : 5596.41356,
               "lla" : [ 122.6970194, -28.540179389999999, -46405.229120000004 ],
               "radarID" : 12995,
               "targetType" : 3,
               "trueID" : 811,
               "velocity" : [ 264.79212969999998, 112.0276125, 85.644276500000004 ]
            }
         ]
      }
   ],
   "terminator" : 0
}
