{
   "data" : [
      {
         "radarID" : 12917,
         "tracks" : [
            {
               "detectedID" : 1006,
               "detectedTime" : 654.04999999999995,
               "entityID" : 12917,
               "height" : 4323.5347819999997,
               "lla" : [ 122.6953082, -28.539095060000001, -47745.801760000002 ],
               "radarID" : 12917,
               "targetType" : 3,
               "trueID" : 811,
               "velocity" : [ 264.79675989999998, 112.0203724, 85.639430919999995 ]
            }
         ]
      }
   ],
   "terminator" : 0
}
