{
   "data" : [
      {
         "radarID" : 13072,
         "tracks" : [
            {
               "detectedID" : 1006,
               "detectedTime" : 662.25,
               "entityID" : 13072,
               "height" : 5900.5749910000004,
               "lla" : [ 122.67098609999999, -28.523183289999999, -47608.088960000001 ],
               "radarID" : 13072,
               "targetType" : 3,
               "trueID" : 811,
               "velocity" : [ 264.85097810000002, 111.9355504, 85.582661569999999 ]
            }
         ]
      }
   ],
   "terminator" : 0
}
