{
   "data" : [
      {
         "radarID" : 13051,
         "tracks" : [
            {
               "detectedID" : 1003,
               "detectedTime" : 662.85000000000002,
               "entityID" : 13051,
               "height" : 69.994130369999993,
               "lla" : [ 121.73565290000001, -27.904109099999999, -33112.012880000002 ],
               "radarID" : 13051,
               "targetType" : 3,
               "trueID" : 781,
               "velocity" : [ 244.86913079999999, 44.73985253, 167.44388430000001 ]
            }
         ]
      }
   ],
   "terminator" : 0
}
