{
   "data" : [
      {
         "radarID" : 13079,
         "tracks" : [
            {
               "detectedID" : 1002,
               "detectedTime" : 663.0,
               "entityID" : 13079,
               "height" : 5005.3114569999998,
               "lla" : [ 122.3384878, -28.303458079999999, 4820.7783639999998 ],
               "radarID" : 13079,
               "targetType" : 3,
               "trueID" : 793,
               "velocity" : [ 250.39003450000001, 60.501892570000003, 153.76719940000001 ]
            }
         ]
      },
      {
         "radarID" : 13086,
         "tracks" : [
            {
               "detectedID" : 1002,
               "detectedTime" : 663.0,
               "entityID" : 13086,
               "height" : 5004.9023889999999,
               "lla" : [ 122.33846990000001, -28.303446359999999, 4819.2070059999996 ],
               "radarID" : 13086,
               "targetType" : 3,
               "trueID" : 793,
               "velocity" : [ 250.39003450000001, 60.501892570000003, 153.76719940000001 ]
            }
         ]
      }
   ],
   "terminator" : 0
}
