{
   "data" : [
      {
         "radarID" : 13065,
         "tracks" : [
            {
               "detectedID" : 1002,
               "detectedTime" : 663.14999999999998,
               "entityID" : 13065,
               "height" : 5005.5321119999999,
               "lla" : [ 122.33815130000001, -28.303236890000001, 4794.9018070000002 ],
               "radarID" : 13065,
               "targetType" : 3,
               "trueID" : 793,
               "velocity" : [ 250.3910315, 60.500317580000001, 153.7661956 ]
            }
         ]
      },
      {
         "radarID" : 13079,
         "tracks" : [
            {
               "detectedID" : 1003,
               "detectedTime" : 663.14999999999998,
               "entityID" : 13079,
               "height" : 972.21032760000003,
               "lla" : [ 121.7347765, -27.903502069999998, -32282.938760000001 ],
               "radarID" : 13079,
               "targetType" : 3,
               "trueID" : 781,
               "velocity" : [ 244.87109079999999, 44.73668352, 167.4418646 ]
            }
         ]
      },
      {
         "radarID" : 13093,
         "tracks" : [
            {
               "detectedID" : 1004,
               "detectedTime" : 663.14999999999998,
               "entityID" : 13093,
               "height" : 4190.983448,
               "lla" : [ 122.18567179999999, -28.20285943, -8835.2595060000003 ],
               "radarID" : 13093,
               "targetType" : 3,
               "trueID" : 799,
               "velocity" : [ 258.77960760000002, 150.53589460000001, 19.288834430000001 ]
            }
         ]
      },
      {
         "radarID" : 13107,
         "tracks" : [
            {
               "detectedID" : 1004,
               "detectedTime" : 663.14999999999998,
               "entityID" : 13107,
               "height" : 5445.6979330000004,
               "lla" : [ 122.18537499999999, -28.202631879999998, -7600.9510749999999 ],
               "radarID" : 13107,
               "targetType" : 3,
               "trueID" : 799,
               "velocity" : [ 258.77960760000002, 150.53589460000001, 19.288834430000001 ]
            }
         ]
      }
   ],
   "terminator" : 0
}
