{
   "data" : [
      {
         "radarID" : 12981,
         "tracks" : [
            {
               "detectedID" : 1006,
               "detectedTime" : 663.25,
               "entityID" : 12981,
               "height" : 778.8126274,
               "lla" : [ 122.6700556, -28.52270613, -52713.529199999997 ],
               "radarID" : 12981,
               "targetType" : 3,
               "trueID" : 811,
               "velocity" : [ 264.8575874, 111.92520519999999, 85.575737599999997 ]
            }
         ]
      }
   ],
   "terminator" : 0
}
