{
   "data" : [
      {
         "radarID" : 12917,
         "tracks" : [
            {
               "detectedID" : 1006,
               "detectedTime" : 664.10000000000002,
               "entityID" : 12917,
               "height" : 4237.5090980000004,
               "lla" : [ 122.66598810000001, -28.519962830000001, -49536.197180000003 ],
               "radarID" : 12917,
               "targetType" : 3,
               "trueID" : 811,
               "velocity" : [ 264.86320480000001, 111.9164115, 85.569852080000004 ]
            }
         ]
      }
   ],
   "terminator" : 0
}
