{
   "data" : [
      {
         "radarID" : 13009,
         "tracks" : [
            {
               "detectedID" : 1002,
               "detectedTime" : 664.20000000000005,
               "entityID" : 13009,
               "height" : 2891.4254679999999,
               "lla" : [ 122.3358453, -28.301773579999999, 2525.6229779999999 ],
               "radarID" : 13009,
               "targetType" : 3,
               "trueID" : 793,
               "velocity" : [ 250.39801019999999, 60.489292570000003, 153.7591687 ]
            }
         ]
      }
   ],
   "terminator" : 0
}
