{
   "data" : [
      {
         "radarID" : 13030,
         "tracks" : [
            {
               "detectedID" : 1005,
               "detectedTime" : 670.89999999999998,
               "entityID" : 13030,
               "height" : 1791.9922099999999,
               "lla" : [ 122.36216210000001, -28.320533480000002, -52909.024839999998 ],
               "radarID" : 13030,
               "targetType" : 3,
               "trueID" : 805,
               "velocity" : [ 264.2005125, 131.9352509, 52.831607439999999 ]
            }
         ]
      },
      {
         "radarID" : 13037,
         "tracks" : [
            {
               "detectedID" : 1005,
               "detectedTime" : 670.89999999999998,
               "entityID" : 13037,
               "height" : 1752.958599,
               "lla" : [ 122.3622185, -28.320571690000001, -52947.430769999999 ],
               "radarID" : 13037,
               "targetType" : 3,
               "trueID" : 805,
               "velocity" : [ 264.2005125, 131.9352509, 52.831607439999999 ]
            }
         ]
      },
      {
         "radarID" : 13044,
         "tracks" : [
            {
               "detectedID" : 1005,
               "detectedTime" : 670.89999999999998,
               "entityID" : 13044,
               "height" : 1824.8045239999999,
               "lla" : [ 122.3621311, -28.320512220000001, -52876.123010000003 ],
               "radarID" : 13044,
               "targetType" : 3,
               "trueID" : 805,
               "velocity" : [ 264.2005125, 131.9352509, 52.831607439999999 ]
            }
         ]
      }
   ],
   "terminator" : 0
}
