{
   "data" : [
      {
         "radarID" : 13135,
         "tracks" : [
            {
               "detectedID" : 1001,
               "detectedTime" : 671.10000000000002,
               "entityID" : 13135,
               "height" : 4485.4498899999999,
               "lla" : [ 122.2191736, -28.226580179999999, -69949.390499999994 ],
               "radarID" : 13135,
               "targetType" : 3,
               "trueID" : 817,
               "velocity" : [ 265.55768540000003, 106.4859209, 90.221196919999997 ]
            }
         ]
      }
   ],
   "terminator" : 0
}
