{
   "data" : [
      {
         "radarID" : 13079,
         "tracks" : [
            {
               "detectedID" : 1002,
               "detectedTime" : 673.0,
               "entityID" : 13079,
               "height" : 5005.3289299999997,
               "lla" : [ 122.31363880000001, -28.287116950000001, 2904.7651770000002 ],
               "radarID" : 13079,
               "targetType" : 3,
               "trueID" : 793,
               "velocity" : [ 250.4564743, 60.396886879999997, 153.70026200000001 ]
            }
         ]
      },
      {
         "radarID" : 13086,
         "tracks" : [
            {
               "detectedID" : 1002,
               "detectedTime" : 673.0,
               "entityID" : 13086,
               "height" : 5005.6346599999997,
               "lla" : [ 122.3136583, -28.28712977, 2906.3613449999998 ],
               "radarID" : 13086,
               "targetType" : 3,
               "trueID" : 793,
               "velocity" : [ 250.4564743, 60.396886879999997, 153.70026200000001 ]
            }
         ]
      }
   ],
   "terminator" : 0
}
