{
   "data" : [
      {
         "radarID" : 12931,
         "tracks" : [
            {
               "detectedID" : 1004,
               "detectedTime" : 675.0,
               "entityID" : 12931,
               "height" : 5008.5228690000004,
               "lla" : [ 122.1492721, -28.17878134, -9598.6795270000002 ],
               "radarID" : 12931,
               "targetType" : 3,
               "trueID" : 799,
               "velocity" : [ 258.8577836, 150.41159569999999, 19.209366339999999 ]
            }
         ]
      },
      {
         "radarID" : 12938,
         "tracks" : [
            {
               "detectedID" : 1004,
               "detectedTime" : 675.0,
               "entityID" : 12938,
               "height" : 5009.9471089999997,
               "lla" : [ 122.14925820000001, -28.178772009999999, -9592.6641940000009 ],
               "radarID" : 12938,
               "targetType" : 3,
               "trueID" : 799,
               "velocity" : [ 258.8577836, 150.41159569999999, 19.209366339999999 ]
            }
         ]
      },
      {
         "radarID" : 12974,
         "tracks" : [
            {
               "detectedID" : 1004,
               "detectedTime" : 675.0,
               "entityID" : 12974,
               "height" : 5003.7049749999996,
               "lla" : [ 122.14931369999999, -28.178809189999999, -9610.2537040000007 ],
               "radarID" : 12974,
               "targetType" : 3,
               "trueID" : 799,
               "velocity" : [ 258.8577836, 150.41159569999999, 19.209366339999999 ]
            }
         ]
      }
   ],
   "terminator" : 0
}
