{
   "data" : [
      {
         "radarID" : 13030,
         "tracks" : [
            {
               "detectedID" : 1003,
               "detectedTime" : 680.60000000000002,
               "entityID" : 13030,
               "height" : 185.22233349999999,
               "lla" : [ 121.6935089, -27.875997999999999, -36469.225879999998 ],
               "radarID" : 13030,
               "targetType" : 3,
               "trueID" : 781,
               "velocity" : [ 244.985015, 44.552338050000003, 167.3243305 ]
            }
         ]
      },
      {
         "radarID" : 13037,
         "tracks" : [
            {
               "detectedID" : 1001,
               "detectedTime" : 680.60000000000002,
               "entityID" : 13037,
               "height" : 2134.2543529999998,
               "lla" : [ 122.1917139, -28.208519219999999, -73924.942949999997 ],
               "radarID" : 13037,
               "targetType" : 3,
               "trueID" : 817,
               "velocity" : [ 265.61963730000002, 106.3871815, 90.155287720000004 ]
            }
         ]
      },
      {
         "radarID" : 13044,
         "tracks" : [
            {
               "detectedID" : 1003,
               "detectedTime" : 680.60000000000002,
               "entityID" : 13044,
               "height" : 195.47487630000001,
               "lla" : [ 121.6935077, -27.875996910000001, -36458.847569999998 ],
               "radarID" : 13044,
               "targetType" : 3,
               "trueID" : 781,
               "velocity" : [ 244.985015, 44.552338050000003, 167.3243305 ]
            }
         ]
      }
   ],
   "terminator" : 0
}
