{
   "data" : [
      {
         "radarID" : 13065,
         "tracks" : [
            {
               "detectedID" : 1001,
               "detectedTime" : 681.10000000000002,
               "entityID" : 13065,
               "height" : 5680.8470399999997,
               "lla" : [ 122.1897556, -28.20713426, -70464.58137 ],
               "radarID" : 13065,
               "targetType" : 3,
               "trueID" : 817,
               "velocity" : [ 265.6228964, 106.3819841, 90.151818309999996 ]
            }
         ]
      }
   ],
   "terminator" : 0
}
