{
   "data" : [
      {
         "radarID" : 13079,
         "tracks" : [
            {
               "detectedID" : 1001,
               "detectedTime" : 681.20000000000005,
               "entityID" : 13079,
               "height" : 5679.7790269999996,
               "lla" : [ 122.18938679999999, -28.206890659999999, -70481.968429999994 ],
               "radarID" : 13079,
               "targetType" : 3,
               "trueID" : 817,
               "velocity" : [ 265.62354820000002, 106.38094460000001, 90.151124420000002 ]
            }
         ]
      },
      {
         "radarID" : 13086,
         "tracks" : [
            {
               "detectedID" : 1001,
               "detectedTime" : 681.20000000000005,
               "entityID" : 13086,
               "height" : 5676.8455869999998,
               "lla" : [ 122.1892637, -28.206809289999999, -70484.582299999995 ],
               "radarID" : 13086,
               "targetType" : 3,
               "trueID" : 817,
               "velocity" : [ 265.62354820000002, 106.38094460000001, 90.151124420000002 ]
            }
         ]
      }
   ],
   "terminator" : 0
}
