{
   "data" : [
      {
         "radarID" : 13044,
         "tracks" : [
            {
               "detectedID" : 1003,
               "detectedTime" : 123.34999999999999,
               "entityID" : 13044,
               "height" : 1366.272641,
               "lla" : [ 122.63097519999999, -28.494184539999999, 63404.120589999999 ],
               "radarID" : 13044,
               "targetType" : 3,
               "trueID" : 781,
               "velocity" : [ -11.118575460000001, -179.36078359999999, 240.2209119 ]
            }
         ]
      }
   ],
   "terminator" : 0
}
