{
   "data" : [
      {
         "radarID" : 12910,
         "tracks" : [
            {
               "detectedID" : 1006,
               "detectedTime" : 684.20000000000005,
               "entityID" : 12910,
               "height" : 4284.7079309999999,
               "lla" : [ 122.60736, -28.481659910000001, -52866.452899999997 ],
               "radarID" : 12910,
               "targetType" : 3,
               "trueID" : 811,
               "velocity" : [ 264.9959174, 111.70841540000001, 85.430636890000002 ]
            }
         ]
      }
   ],
   "terminator" : 0
}
