{
   "data" : [
      {
         "radarID" : 13065,
         "tracks" : [
            {
               "detectedID" : 1005,
               "detectedTime" : 691.45000000000005,
               "entityID" : 13065,
               "height" : 5551.275388,
               "lla" : [ 122.2993546, -28.27909459, -52262.084929999997 ],
               "radarID" : 13065,
               "targetType" : 3,
               "trueID" : 805,
               "velocity" : [ 264.33534370000001, 131.7215703, 52.690169570000002 ]
            },
            {
               "detectedID" : 1006,
               "detectedTime" : 691.45000000000005,
               "entityID" : 13065,
               "height" : 5887.7151960000001,
               "lla" : [ 122.5857692, -28.46750097, -52547.511429999999 ],
               "radarID" : 13065,
               "targetType" : 3,
               "trueID" : 811,
               "velocity" : [ 265.0437283, 111.6333676, 85.380403650000005 ]
            }
         ]
      }
   ],
   "terminator" : 0
}
