{
   "data" : [
      {
         "radarID" : 13093,
         "tracks" : [
            {
               "detectedID" : 1006,
               "detectedTime" : 692.39999999999998,
               "entityID" : 13093,
               "height" : 4756.8836940000001,
               "lla" : [ 122.58375359999999, -28.466211770000001, -53797.481899999999 ],
               "radarID" : 13093,
               "targetType" : 3,
               "trueID" : 811,
               "velocity" : [ 265.04999090000001, 111.62353280000001, 85.373820629999997 ]
            }
         ]
      },
      {
         "radarID" : 13107,
         "tracks" : [
            {
               "detectedID" : 1006,
               "detectedTime" : 692.39999999999998,
               "entityID" : 13107,
               "height" : 5171.3249480000004,
               "lla" : [ 122.5831665, -28.465817099999999, -53417.628210000003 ],
               "radarID" : 13107,
               "targetType" : 3,
               "trueID" : 811,
               "velocity" : [ 265.04999090000001, 111.62353280000001, 85.373820629999997 ]
            }
         ]
      }
   ],
   "terminator" : 0
}
