{
   "data" : [
      {
         "radarID" : 13058,
         "tracks" : [
            {
               "detectedID" : 1004,
               "detectedTime" : 123.75,
               "entityID" : 13058,
               "height" : 4852.0460119999998,
               "lla" : [ 122.753902, -28.574102929999999, 81965.868600000002 ],
               "radarID" : 13058,
               "targetType" : 3,
               "trueID" : 799,
               "velocity" : [ 114.5290309, -87.159488019999998, 263.22295630000002 ]
            }
         ]
      },
      {
         "radarID" : 13086,
         "tracks" : [
            {
               "detectedID" : 1004,
               "detectedTime" : 123.75,
               "entityID" : 13086,
               "height" : 4856.1782199999998,
               "lla" : [ 122.7539254, -28.57411802, 81973.398400000005 ],
               "radarID" : 13086,
               "targetType" : 3,
               "trueID" : 799,
               "velocity" : [ 114.5290309, -87.159488019999998, 263.22295630000002 ]
            }
         ]
      }
   ],
   "terminator" : 0
}
