{
   "data" : [
      {
         "radarID" : 12931,
         "tracks" : [
            {
               "detectedID" : 1002,
               "detectedTime" : 694.89999999999998,
               "entityID" : 12931,
               "height" : 5011.915035,
               "lla" : [ 122.2591858, -28.251274280000001, -1297.7510400000001 ],
               "radarID" : 12931,
               "targetType" : 3,
               "trueID" : 793,
               "velocity" : [ 250.60178350000001, 60.166879119999997, 153.5535501 ]
            }
         ]
      },
      {
         "radarID" : 12938,
         "tracks" : [
            {
               "detectedID" : 1002,
               "detectedTime" : 694.89999999999998,
               "entityID" : 12938,
               "height" : 5013.4487559999998,
               "lla" : [ 122.259174, -28.25126633, -1291.3819960000001 ],
               "radarID" : 12938,
               "targetType" : 3,
               "trueID" : 793,
               "velocity" : [ 250.60178350000001, 60.166879119999997, 153.5535501 ]
            }
         ]
      },
      {
         "radarID" : 12974,
         "tracks" : [
            {
               "detectedID" : 1002,
               "detectedTime" : 694.89999999999998,
               "entityID" : 12974,
               "height" : 5010.1258939999998,
               "lla" : [ 122.25919690000001, -28.251281729999999, -1300.521262 ],
               "radarID" : 12974,
               "targetType" : 3,
               "trueID" : 793,
               "velocity" : [ 250.60178350000001, 60.166879119999997, 153.5535501 ]
            }
         ]
      }
   ],
   "terminator" : 0
}
