{
   "data" : [
      {
         "radarID" : 12981,
         "tracks" : [
            {
               "detectedID" : 1001,
               "detectedTime" : 703.75,
               "entityID" : 12981,
               "height" : 208.98805619999999,
               "lla" : [ 122.1263653, -28.165390460000001, -79488.900720000005 ],
               "radarID" : 12981,
               "targetType" : 3,
               "trueID" : 817,
               "velocity" : [ 265.77038249999998, 106.1464811, 89.99460182 ]
            }
         ]
      },
      {
         "radarID" : 13002,
         "tracks" : [
            {
               "detectedID" : 1005,
               "detectedTime" : 703.75,
               "entityID" : 13002,
               "height" : 1310.5148039999999,
               "lla" : [ 122.26331380000001, -28.25545035, -58210.205569999998 ],
               "radarID" : 13002,
               "targetType" : 3,
               "trueID" : 805,
               "velocity" : [ 264.41592780000002, 131.59361530000001, 52.605489669999997 ]
            }
         ]
      }
   ],
   "terminator" : 0
}
