{
   "data" : [
      {
         "radarID" : 12995,
         "tracks" : [
            {
               "detectedID" : 1005,
               "detectedTime" : 703.79999999999995,
               "entityID" : 12995,
               "height" : 5520.0738840000004,
               "lla" : [ 122.262058, -28.254516850000002, -54161.237970000002 ],
               "radarID" : 12995,
               "targetType" : 3,
               "trueID" : 805,
               "velocity" : [ 264.41625520000002, 131.59309500000001, 52.605145409999999 ]
            }
         ]
      }
   ],
   "terminator" : 0
}
