{
   "data" : [
      {
         "radarID" : 13065,
         "tracks" : [
            {
               "detectedID" : 1005,
               "detectedTime" : 132.30000000000001,
               "entityID" : 13065,
               "height" : 5758.6846750000004,
               "lla" : [ 123.98266719999999, -29.36598901, 33576.287080000002 ],
               "radarID" : 13065,
               "targetType" : 3,
               "trueID" : 805,
               "velocity" : [ 260.57927640000003, 137.49135100000001, 56.520519589999999 ]
            },
            {
               "detectedID" : 1006,
               "detectedTime" : 132.30000000000001,
               "entityID" : 13065,
               "height" : 6145.8531160000002,
               "lla" : [ 124.2095351, -29.50919537, 42861.24598 ],
               "radarID" : 13065,
               "targetType" : 3,
               "trueID" : 811,
               "velocity" : [ 261.26646069999998, 117.3829186, 89.224923340000004 ]
            }
         ]
      }
   ],
   "terminator" : 0
}
