{
   "data" : [
      {
         "radarID" : 13065,
         "tracks" : [
            {
               "detectedID" : 1005,
               "detectedTime" : 711.39999999999998,
               "entityID" : 13065,
               "height" : 5543.3181450000002,
               "lla" : [ 122.2390572, -28.23934787, -55285.244129999999 ],
               "radarID" : 13065,
               "targetType" : 3,
               "trueID" : 805,
               "velocity" : [ 264.46600260000002, 131.51401139999999, 52.552813989999997 ]
            },
            {
               "detectedID" : 1006,
               "detectedTime" : 711.39999999999998,
               "entityID" : 13065,
               "height" : 5879.3324380000004,
               "lla" : [ 122.5275989, -28.429426920000001, -55919.251750000003 ],
               "radarID" : 13065,
               "targetType" : 3,
               "trueID" : 811,
               "velocity" : [ 265.17513200000002, 111.4267904, 85.242124270000005 ]
            }
         ]
      }
   ],
   "terminator" : 0
}
