{
   "data" : [
      {
         "radarID" : 13023,
         "tracks" : [
            {
               "detectedID" : 1004,
               "detectedTime" : 133.0,
               "entityID" : 13023,
               "height" : 4843.51595,
               "lla" : [ 122.7484556, -28.570588269999998, 80282.372829999993 ],
               "radarID" : 13023,
               "targetType" : 3,
               "trueID" : 799,
               "velocity" : [ 114.5920866, -87.25746599, 263.16304509999998 ]
            }
         ]
      }
   ],
   "terminator" : 0
}
