{
   "data" : [
      {
         "radarID" : 12910,
         "tracks" : [
            {
               "detectedID" : 1006,
               "detectedTime" : 714.25,
               "entityID" : 12910,
               "height" : 4049.5222789999998,
               "lla" : [ 122.51968979999999, -28.424292009999998, -58156.656510000001 ],
               "radarID" : 12910,
               "targetType" : 3,
               "trueID" : 811,
               "velocity" : [ 265.1938849, 111.39727139999999, 85.222363920000006 ]
            }
         ]
      }
   ],
   "terminator" : 0
}
