{
   "data" : [
      {
         "radarID" : 12995,
         "tracks" : [
            {
               "detectedID" : 1002,
               "detectedTime" : 714.29999999999995,
               "entityID" : 12995,
               "height" : 4264.1408389999997,
               "lla" : [ 122.2109715, -28.219518430000001, -5753.2530530000004 ],
               "radarID" : 12995,
               "targetType" : 3,
               "trueID" : 793,
               "velocity" : [ 250.73028239999999, 59.963076139999998, 153.42344990000001 ]
            }
         ]
      },
      {
         "radarID" : 13002,
         "tracks" : [
            {
               "detectedID" : 1002,
               "detectedTime" : 714.29999999999995,
               "entityID" : 13002,
               "height" : 3339.1742899999999,
               "lla" : [ 122.2111811, -28.2196794, -6639.1673810000002 ],
               "radarID" : 13002,
               "targetType" : 3,
               "trueID" : 793,
               "velocity" : [ 250.73028239999999, 59.963076139999998, 153.42344990000001 ]
            }
         ]
      },
      {
         "radarID" : 13009,
         "tracks" : [
            {
               "detectedID" : 1002,
               "detectedTime" : 714.29999999999995,
               "entityID" : 13009,
               "height" : 2508.5271899999998,
               "lla" : [ 122.2112695, -28.219758370000001, -7451.3670259999999 ],
               "radarID" : 13009,
               "targetType" : 3,
               "trueID" : 793,
               "velocity" : [ 250.73028239999999, 59.963076139999998, 153.42344990000001 ]
            }
         ]
      },
      {
         "radarID" : 13016,
         "tracks" : [
            {
               "detectedID" : 1002,
               "detectedTime" : 714.29999999999995,
               "entityID" : 13016,
               "height" : 2457.1284340000002,
               "lla" : [ 122.21128280000001, -28.219768259999999, -7492.4363080000003 ],
               "radarID" : 13016,
               "targetType" : 3,
               "trueID" : 793,
               "velocity" : [ 250.73028239999999, 59.963076139999998, 153.42344990000001 ]
            }
         ]
      }
   ],
   "terminator" : 0
}
