{
   "data" : [
      {
         "radarID" : 13023,
         "tracks" : [
            {
               "detectedID" : 1004,
               "detectedTime" : 721.75,
               "entityID" : 13023,
               "height" : 5002.0728170000002,
               "lla" : [ 122.00655690000001, -28.084257950000001, -15731.92692 ],
               "radarID" : 13023,
               "targetType" : 3,
               "trueID" : 799,
               "velocity" : [ 259.16541719999998, 149.92076399999999, 18.895794649999999 ]
            }
         ]
      },
      {
         "radarID" : 13037,
         "tracks" : [
            {
               "detectedID" : 1002,
               "detectedTime" : 721.75,
               "entityID" : 13037,
               "height" : 430.27884399999999,
               "lla" : [ 122.1941408, -28.208517220000001, -10974.156070000001 ],
               "radarID" : 13037,
               "targetType" : 3,
               "trueID" : 793,
               "velocity" : [ 250.77957309999999, 59.884798699999997, 153.3734547 ]
            }
         ]
      }
   ],
   "terminator" : 0
}
