{
   "data" : [
      {
         "radarID" : 13114,
         "tracks" : [
            {
               "detectedID" : 1001,
               "detectedTime" : 722.25,
               "entityID" : 13114,
               "height" : 3324.4559509999999,
               "lla" : [ 122.0711508, -28.128784419999999, -79771.948510000002 ],
               "radarID" : 13114,
               "targetType" : 3,
               "trueID" : 817,
               "velocity" : [ 265.8906222, 105.95403899999999, 89.86611499 ]
            }
         ]
      }
   ],
   "terminator" : 0
}
