{
   "data" : [
      {
         "radarID" : 13065,
         "tracks" : [
            {
               "detectedID" : 1004,
               "detectedTime" : 723.20000000000005,
               "entityID" : 13065,
               "height" : 5001.1378029999996,
               "lla" : [ 122.00217069999999, -28.081347910000002, -15920.71135 ],
               "radarID" : 13065,
               "targetType" : 3,
               "trueID" : 799,
               "velocity" : [ 259.17493880000001, 149.90552880000001, 18.886067409999999 ]
            }
         ]
      },
      {
         "radarID" : 13093,
         "tracks" : [
            {
               "detectedID" : 1004,
               "detectedTime" : 723.20000000000005,
               "entityID" : 13093,
               "height" : 3611.5218949999999,
               "lla" : [ 122.0026008, -28.08166804, -17279.643540000001 ],
               "radarID" : 13093,
               "targetType" : 3,
               "trueID" : 799,
               "velocity" : [ 259.17493880000001, 149.90552880000001, 18.886067409999999 ]
            },
            {
               "detectedID" : 1002,
               "detectedTime" : 723.20000000000005,
               "entityID" : 13093,
               "height" : 4237.359727,
               "lla" : [ 122.1889922, -28.205022100000001, -7470.1160389999995 ],
               "radarID" : 13093,
               "targetType" : 3,
               "trueID" : 793,
               "velocity" : [ 250.789163, 59.86956266, 153.3637219 ]
            }
         ]
      },
      {
         "radarID" : 13107,
         "tracks" : [
            {
               "detectedID" : 1004,
               "detectedTime" : 723.20000000000005,
               "entityID" : 13107,
               "height" : 4349.0503319999998,
               "lla" : [ 122.00221689999999, -28.081395090000001, -16573.256799999999 ],
               "radarID" : 13107,
               "targetType" : 3,
               "trueID" : 799,
               "velocity" : [ 259.17493880000001, 149.90552880000001, 18.886067409999999 ]
            }
         ]
      }
   ],
   "terminator" : 0
}
