{
   "data" : [
      {
         "radarID" : 12910,
         "tracks" : [
            {
               "detectedID" : 1001,
               "detectedTime" : 724.5,
               "entityID" : 12910,
               "height" : 3299.6976909999998,
               "lla" : [ 122.0640827, -28.124103739999999, -80147.552479999998 ],
               "radarID" : 12910,
               "targetType" : 3,
               "trueID" : 817,
               "velocity" : [ 265.90523230000002, 105.9306284, 89.850483550000007 ]
            },
            {
               "detectedID" : 1005,
               "detectedTime" : 724.5,
               "entityID" : 12910,
               "height" : 4353.11294,
               "lla" : [ 122.19967990000001, -28.213390560000001, -58419.303489999998 ],
               "radarID" : 12910,
               "targetType" : 3,
               "trueID" : 805,
               "velocity" : [ 264.55167239999997, 131.37765690000001, 52.462595309999998 ]
            }
         ]
      }
   ],
   "terminator" : 0
}
