{
   "data" : [
      {
         "radarID" : 12988,
         "tracks" : [
            {
               "detectedID" : 1002,
               "detectedTime" : 724.64999999999998,
               "entityID" : 12988,
               "height" : 5009.7731240000003,
               "lla" : [ 122.18514999999999, -28.202467550000001, -6989.9071299999996 ],
               "radarID" : 12988,
               "targetType" : 3,
               "trueID" : 793,
               "velocity" : [ 250.7987517, 59.854326350000001, 153.35398839999999 ]
            }
         ]
      }
   ],
   "terminator" : 0
}
