{
   "data" : [
      {
         "radarID" : 13030,
         "tracks" : [
            {
               "detectedID" : 1005,
               "detectedTime" : 730.70000000000005,
               "entityID" : 13030,
               "height" : 1657.962524,
               "lla" : [ 122.1814459, -28.201419609999999, -62085.329360000003 ],
               "radarID" : 13030,
               "targetType" : 3,
               "trueID" : 805,
               "velocity" : [ 264.59218340000001, 131.31310550000001, 52.419889419999997 ]
            }
         ]
      },
      {
         "radarID" : 13037,
         "tracks" : [
            {
               "detectedID" : 1005,
               "detectedTime" : 730.70000000000005,
               "entityID" : 13037,
               "height" : 1621.2968100000001,
               "lla" : [ 122.1814918, -28.201450900000001, -62122.277499999997 ],
               "radarID" : 13037,
               "targetType" : 3,
               "trueID" : 805,
               "velocity" : [ 264.59218340000001, 131.31310550000001, 52.419889419999997 ]
            }
         ]
      },
      {
         "radarID" : 13044,
         "tracks" : [
            {
               "detectedID" : 1005,
               "detectedTime" : 730.70000000000005,
               "entityID" : 13044,
               "height" : 1689.2109359999999,
               "lla" : [ 122.1815057, -28.201458410000001, -62055.043740000001 ],
               "radarID" : 13044,
               "targetType" : 3,
               "trueID" : 805,
               "velocity" : [ 264.59218340000001, 131.31310550000001, 52.419889419999997 ]
            }
         ]
      }
   ],
   "terminator" : 0
}
