{
   "data" : [
      {
         "radarID" : 13037,
         "tracks" : [
            {
               "detectedID" : 1004,
               "detectedTime" : 731.39999999999998,
               "entityID" : 13037,
               "height" : 268.13902139999999,
               "lla" : [ 121.9790045, -28.066094230000001, -21712.328880000001 ],
               "radarID" : 13037,
               "targetType" : 3,
               "trueID" : 799,
               "velocity" : [ 259.22876250000002, 149.8193579, 18.831056570000001 ]
            }
         ]
      },
      {
         "radarID" : 13079,
         "tracks" : [
            {
               "detectedID" : 1006,
               "detectedTime" : 731.39999999999998,
               "entityID" : 13079,
               "height" : 5871.1641909999998,
               "lla" : [ 122.46924009999999, -28.391176739999999, -59297.528050000001 ],
               "radarID" : 13079,
               "targetType" : 3,
               "trueID" : 811,
               "velocity" : [ 265.3066311, 111.2195978, 85.103422769999995 ]
            }
         ]
      },
      {
         "radarID" : 13086,
         "tracks" : [
            {
               "detectedID" : 1005,
               "detectedTime" : 731.39999999999998,
               "entityID" : 13086,
               "height" : 5537.6267049999997,
               "lla" : [ 122.17873040000001, -28.199525449999999, -58310.483760000003 ],
               "radarID" : 13086,
               "targetType" : 3,
               "trueID" : 805,
               "velocity" : [ 264.59675579999998, 131.30581670000001, 52.41506751 ]
            },
            {
               "detectedID" : 1006,
               "detectedTime" : 731.39999999999998,
               "entityID" : 13086,
               "height" : 5871.7756369999997,
               "lla" : [ 122.4692673, -28.391194649999999, -59296.688029999998 ],
               "radarID" : 13086,
               "targetType" : 3,
               "trueID" : 811,
               "velocity" : [ 265.3066311, 111.2195978, 85.103422769999995 ]
            }
         ]
      }
   ],
   "terminator" : 0
}
