{
   "data" : [
      {
         "radarID" : 13058,
         "tracks" : [
            {
               "detectedID" : 1003,
               "detectedTime" : 731.70000000000005,
               "entityID" : 13058,
               "height" : 973.6717701,
               "lla" : [ 121.5723685, -27.795028760000001, -45638.790560000001 ],
               "radarID" : 13058,
               "targetType" : 3,
               "trueID" : 781,
               "velocity" : [ 245.31767389999999, 44.01234161, 166.9794977 ]
            }
         ]
      },
      {
         "radarID" : 13135,
         "tracks" : [
            {
               "detectedID" : 1004,
               "detectedTime" : 731.70000000000005,
               "entityID" : 13135,
               "height" : 1728.0612229999999,
               "lla" : [ 121.97726059999999, -28.064898469999999, -20280.515309999999 ],
               "radarID" : 13135,
               "targetType" : 3,
               "trueID" : 799,
               "velocity" : [ 259.23073090000003, 149.8162049, 18.829043930000001 ]
            }
         ]
      },
      {
         "radarID" : 13142,
         "tracks" : [
            {
               "detectedID" : 1004,
               "detectedTime" : 731.70000000000005,
               "entityID" : 13142,
               "height" : 5003.9523060000001,
               "lla" : [ 121.9764194, -28.064256910000001, -17028.959920000001 ],
               "radarID" : 13142,
               "targetType" : 3,
               "trueID" : 799,
               "velocity" : [ 259.23073090000003, 149.8162049, 18.829043930000001 ]
            }
         ]
      }
   ],
   "terminator" : 0
}
