{
   "data" : [
      {
         "radarID" : 12981,
         "tracks" : [
            {
               "detectedID" : 1006,
               "detectedTime" : 733.29999999999995,
               "entityID" : 12981,
               "height" : 489.6276153,
               "lla" : [ 122.4659023, -28.389123909999999, -64776.817360000001 ],
               "radarID" : 12981,
               "targetType" : 3,
               "trueID" : 811,
               "velocity" : [ 265.31911129999997, 111.1999094, 85.090242189999998 ]
            }
         ]
      }
   ],
   "terminator" : 0
}
