{
   "data" : [
      {
         "radarID" : 13002,
         "tracks" : [
            {
               "detectedID" : 1005,
               "detectedTime" : 733.79999999999995,
               "entityID" : 13002,
               "height" : 1167.000174,
               "lla" : [ 122.1725366, -28.195543090000001, -62884.413860000001 ],
               "radarID" : 13002,
               "targetType" : 3,
               "trueID" : 805,
               "velocity" : [ 264.61243050000002, 131.28082559999999, 52.3985348 ]
            }
         ]
      }
   ],
   "terminator" : 0
}
