{
   "data" : [
      {
         "radarID" : 13037,
         "tracks" : [
            {
               "detectedID" : 1003,
               "detectedTime" : 740.04999999999995,
               "entityID" : 13037,
               "height" : 239.3978765,
               "lla" : [ 121.55257, -27.781795880000001, -47999.901819999999 ],
               "radarID" : 13037,
               "targetType" : 3,
               "trueID" : 781,
               "velocity" : [ 245.37189699999999, 43.924080160000003, 166.92305820000001 ]
            }
         ]
      }
   ],
   "terminator" : 0
}
