{
   "data" : [
      {
         "radarID" : 13030,
         "tracks" : [
            {
               "detectedID" : 1005,
               "detectedTime" : 740.70000000000005,
               "entityID" : 13030,
               "height" : 1640.646804,
               "lla" : [ 122.15126789999999, -28.181479230000001, -63613.352729999999 ],
               "radarID" : 13030,
               "targetType" : 3,
               "trueID" : 805,
               "velocity" : [ 264.65747649999997, 131.20896680000001, 52.350999530000003 ]
            }
         ]
      },
      {
         "radarID" : 13037,
         "tracks" : [
            {
               "detectedID" : 1005,
               "detectedTime" : 740.70000000000005,
               "entityID" : 13037,
               "height" : 1604.227529,
               "lla" : [ 122.1512694, -28.181481160000001, -63648.91302 ],
               "radarID" : 13037,
               "targetType" : 3,
               "trueID" : 805,
               "velocity" : [ 264.65747649999997, 131.20896680000001, 52.350999530000003 ]
            }
         ]
      },
      {
         "radarID" : 13044,
         "tracks" : [
            {
               "detectedID" : 1005,
               "detectedTime" : 740.70000000000005,
               "entityID" : 13044,
               "height" : 1671.2897929999999,
               "lla" : [ 122.1512322, -28.18145479, -63581.879800000002 ],
               "radarID" : 13044,
               "targetType" : 3,
               "trueID" : 805,
               "velocity" : [ 264.65747649999997, 131.20896680000001, 52.350999530000003 ]
            }
         ]
      },
      {
         "radarID" : 13058,
         "tracks" : [
            {
               "detectedID" : 1001,
               "detectedTime" : 740.70000000000005,
               "entityID" : 13058,
               "height" : 5652.3451960000002,
               "lla" : [ 122.01681859999999, -28.092732420000001, -80640.945479999995 ],
               "radarID" : 13058,
               "targetType" : 3,
               "trueID" : 817,
               "velocity" : [ 266.01033690000003, 105.7620378, 89.737907440000001 ]
            }
         ]
      }
   ],
   "terminator" : 0
}
