{
   "data" : [
      {
         "radarID" : 13093,
         "tracks" : [
            {
               "detectedID" : 1006,
               "detectedTime" : 742.35000000000002,
               "entityID" : 13093,
               "height" : 4233.9410950000001,
               "lla" : [ 122.4376317, -28.370479580000001, -62753.971299999997 ],
               "radarID" : 13093,
               "targetType" : 3,
               "trueID" : 811,
               "velocity" : [ 265.37852759999998, 111.10611849999999, 85.027451690000007 ]
            }
         ]
      },
      {
         "radarID" : 13107,
         "tracks" : [
            {
               "detectedID" : 1006,
               "detectedTime" : 742.35000000000002,
               "entityID" : 13107,
               "height" : 6453.6485830000001,
               "lla" : [ 122.4371751, -28.370122850000001, -60567.694130000003 ],
               "radarID" : 13107,
               "targetType" : 3,
               "trueID" : 811,
               "velocity" : [ 265.37852759999998, 111.10611849999999, 85.027451690000007 ]
            }
         ]
      }
   ],
   "terminator" : 0
}
