{
   "data" : [
      {
         "radarID" : 12995,
         "tracks" : [
            {
               "detectedID" : 1001,
               "detectedTime" : 743.75,
               "entityID" : 12995,
               "height" : 5681.4407890000002,
               "lla" : [ 122.0079559, -28.086856229999999, -81129.080530000007 ],
               "radarID" : 12995,
               "targetType" : 3,
               "trueID" : 817,
               "velocity" : [ 266.0301078, 105.7302902, 89.716706700000003 ]
            }
         ]
      },
      {
         "radarID" : 13072,
         "tracks" : [
            {
               "detectedID" : 1004,
               "detectedTime" : 743.75,
               "entityID" : 13072,
               "height" : 5003.1296560000001,
               "lla" : [ 121.9394708, -28.03971615, -18608.574260000001 ],
               "radarID" : 13072,
               "targetType" : 3,
               "trueID" : 799,
               "velocity" : [ 259.30975369999999, 149.6895342, 18.74819956 ]
            }
         ]
      }
   ],
   "terminator" : 0
}
