{
   "data" : [
      {
         "radarID" : 12981,
         "tracks" : [
            {
               "detectedID" : 1002,
               "detectedTime" : 744.60000000000002,
               "entityID" : 12981,
               "height" : 1963.6411840000001,
               "lla" : [ 122.13571279999999, -28.169905360000001, -13784.311960000001 ],
               "radarID" : 12981,
               "targetType" : 3,
               "trueID" : 793,
               "velocity" : [ 250.93056079999999, 59.644668340000003, 153.2199961 ]
            }
         ]
      }
   ],
   "terminator" : 0
}
