{
   "data" : [
      {
         "radarID" : 12931,
         "tracks" : [
            {
               "detectedID" : 1001,
               "detectedTime" : 745.29999999999995,
               "entityID" : 12931,
               "height" : 5648.9039270000003,
               "lla" : [ 122.0034532, -28.083871590000001, -81424.728459999998 ],
               "radarID" : 12931,
               "targetType" : 3,
               "trueID" : 817,
               "velocity" : [ 266.04015329999999, 105.7141553, 89.705931849999999 ]
            }
         ]
      }
   ],
   "terminator" : 0
}
