{
   "data" : [
      {
         "radarID" : 13135,
         "tracks" : [
            {
               "detectedID" : 1002,
               "detectedTime" : 751.75,
               "entityID" : 13135,
               "height" : 2042.8268849999999,
               "lla" : [ 122.1186884, -28.158657999999999, -15121.114229999999 ],
               "radarID" : 13135,
               "targetType" : 3,
               "trueID" : 793,
               "velocity" : [ 250.97774670000001, 59.569515330000002, 153.171941 ]
            }
         ]
      },
      {
         "radarID" : 13142,
         "tracks" : [
            {
               "detectedID" : 1002,
               "detectedTime" : 751.75,
               "entityID" : 13142,
               "height" : 5007.5087759999997,
               "lla" : [ 122.1178606, -28.15803502, -12179.887430000001 ],
               "radarID" : 13142,
               "targetType" : 3,
               "trueID" : 793,
               "velocity" : [ 250.97774670000001, 59.569515330000002, 153.171941 ]
            }
         ]
      }
   ],
   "terminator" : 0
}
