{
   "data" : [
      {
         "radarID" : 13051,
         "tracks" : [
            {
               "detectedID" : 1004,
               "detectedTime" : 752.79999999999995,
               "entityID" : 13051,
               "height" : 177.75971620000001,
               "lla" : [ 121.91462730000001, -28.023324349999999, -24450.983619999999 ],
               "radarID" : 13051,
               "targetType" : 3,
               "trueID" : 799,
               "velocity" : [ 259.36904809999999, 149.59436830000001, 18.687478420000001 ]
            }
         ]
      },
      {
         "radarID" : 13058,
         "tracks" : [
            {
               "detectedID" : 1004,
               "detectedTime" : 752.79999999999995,
               "entityID" : 13058,
               "height" : 5000.9542330000004,
               "lla" : [ 121.9118265, -28.02134148, -19795.441350000001 ],
               "radarID" : 13058,
               "targetType" : 3,
               "trueID" : 799,
               "velocity" : [ 259.36904809999999, 149.59436830000001, 18.687478420000001 ]
            }
         ]
      }
   ],
   "terminator" : 0
}
