{
   "data" : [
      {
         "radarID" : 12981,
         "tracks" : [
            {
               "detectedID" : 1006,
               "detectedTime" : 753.35000000000002,
               "entityID" : 12981,
               "height" : 419.60193720000001,
               "lla" : [ 122.407454, -28.3507605, -68208.238200000007 ],
               "radarID" : 12981,
               "targetType" : 3,
               "trueID" : 811,
               "velocity" : [ 265.4506816, 110.99209159999999, 84.951110940000007 ]
            }
         ]
      }
   ],
   "terminator" : 0
}
