{
   "data" : [
      {
         "radarID" : 12981,
         "tracks" : [
            {
               "detectedID" : 1001,
               "detectedTime" : 754.04999999999995,
               "entityID" : 12981,
               "height" : 118.26631999999999,
               "lla" : [ 121.9804795, -28.068770749999999, -88063.097540000002 ],
               "radarID" : 12981,
               "targetType" : 3,
               "trueID" : 817,
               "velocity" : [ 266.096835, 105.6230609, 89.645097100000001 ]
            }
         ]
      }
   ],
   "terminator" : 0
}
