{
   "data" : [
      {
         "radarID" : 12988,
         "tracks" : [
            {
               "detectedID" : 1002,
               "detectedTime" : 754.70000000000005,
               "entityID" : 12988,
               "height" : 5008.7337859999998,
               "lla" : [ 122.1103059, -28.153041819999999, -12750.12464 ],
               "radarID" : 12988,
               "targetType" : 3,
               "trueID" : 793,
               "velocity" : [ 250.99720669999999, 59.538506230000003, 153.152109 ]
            }
         ]
      }
   ],
   "terminator" : 0
}
