{
   "data" : [
      {
         "radarID" : 12931,
         "tracks" : [
            {
               "detectedID" : 1005,
               "detectedTime" : 755.04999999999995,
               "entityID" : 12931,
               "height" : 5528.7200700000003,
               "lla" : [ 122.1072491, -28.152266709999999, -61890.645559999997 ],
               "radarID" : 12931,
               "targetType" : 3,
               "trueID" : 805,
               "velocity" : [ 264.75107009999999, 131.0594773, 52.252122200000002 ]
            },
            {
               "detectedID" : 1002,
               "detectedTime" : 755.04999999999995,
               "entityID" : 12931,
               "height" : 5012.6348660000003,
               "lla" : [ 122.10942420000001, -28.152459010000001, -12815.51892 ],
               "radarID" : 12931,
               "targetType" : 3,
               "trueID" : 793,
               "velocity" : [ 250.99951519999999, 59.534827120000003, 153.14975580000001 ]
            }
         ]
      },
      {
         "radarID" : 12938,
         "tracks" : [
            {
               "detectedID" : 1005,
               "detectedTime" : 755.04999999999995,
               "entityID" : 12938,
               "height" : 5528.8663539999998,
               "lla" : [ 122.1072466, -28.15226504, -61890.528570000002 ],
               "radarID" : 12938,
               "targetType" : 3,
               "trueID" : 805,
               "velocity" : [ 264.75107009999999, 131.0594773, 52.252122200000002 ]
            }
         ]
      },
      {
         "radarID" : 12974,
         "tracks" : [
            {
               "detectedID" : 1005,
               "detectedTime" : 755.04999999999995,
               "entityID" : 12974,
               "height" : 5529.0371580000001,
               "lla" : [ 122.10724380000001, -28.152263130000001, -61888.450080000002 ],
               "radarID" : 12974,
               "targetType" : 3,
               "trueID" : 805,
               "velocity" : [ 264.75107009999999, 131.0594773, 52.252122200000002 ]
            }
         ]
      }
   ],
   "terminator" : 0
}
