{
   "data" : [
      {
         "radarID" : 12931,
         "tracks" : [
            {
               "detectedID" : 1004,
               "detectedTime" : 755.20000000000005,
               "entityID" : 12931,
               "height" : 5007.9453530000001,
               "lla" : [ 121.90451969999999, -28.0164829, -20113.31698 ],
               "radarID" : 12931,
               "targetType" : 3,
               "trueID" : 799,
               "velocity" : [ 259.38476480000003, 149.56912639999999, 18.671375009999998 ]
            }
         ]
      },
      {
         "radarID" : 12938,
         "tracks" : [
            {
               "detectedID" : 1004,
               "detectedTime" : 755.20000000000005,
               "entityID" : 12938,
               "height" : 5007.5473000000002,
               "lla" : [ 121.904527, -28.016487860000002, -20116.202659999999 ],
               "radarID" : 12938,
               "targetType" : 3,
               "trueID" : 799,
               "velocity" : [ 259.38476480000003, 149.56912639999999, 18.671375009999998 ]
            }
         ]
      }
   ],
   "terminator" : 0
}
