{
   "data" : [
      {
         "radarID" : 13093,
         "tracks" : [
            {
               "detectedID" : 1001,
               "detectedTime" : 762.25,
               "entityID" : 13093,
               "height" : 2725.5386010000002,
               "lla" : [ 121.95533810000001, -28.052024639999999, -87151.135410000003 ],
               "radarID" : 13093,
               "targetType" : 3,
               "trueID" : 817,
               "velocity" : [ 266.1499129, 105.5376763, 89.588072420000003 ]
            }
         ]
      },
      {
         "radarID" : 13107,
         "tracks" : [
            {
               "detectedID" : 1001,
               "detectedTime" : 762.25,
               "entityID" : 13107,
               "height" : 5292.0642070000004,
               "lla" : [ 121.9542636, -28.051245479999999, -84660.462230000005 ],
               "radarID" : 13107,
               "targetType" : 3,
               "trueID" : 817,
               "velocity" : [ 266.1499129, 105.5376763, 89.588072420000003 ]
            }
         ]
      }
   ],
   "terminator" : 0
}
