{
   "data" : [
      {
         "radarID" : 12988,
         "tracks" : [
            {
               "detectedID" : 1001,
               "detectedTime" : 764.39999999999998,
               "entityID" : 12988,
               "height" : 5638.387522,
               "lla" : [ 121.948009, -28.047084229999999, -84681.782689999993 ],
               "radarID" : 12988,
               "targetType" : 3,
               "trueID" : 817,
               "velocity" : [ 266.16382320000002, 105.5152863, 89.573118620000002 ]
            }
         ]
      }
   ],
   "terminator" : 0
}
