{
   "data" : [
      {
         "radarID" : 12988,
         "tracks" : [
            {
               "detectedID" : 1002,
               "detectedTime" : 764.70000000000005,
               "entityID" : 12988,
               "height" : 5009.5388750000002,
               "lla" : [ 122.08538660000001, -28.13656615, -14662.324930000001 ],
               "radarID" : 12988,
               "targetType" : 3,
               "trueID" : 793,
               "velocity" : [ 251.06313700000001, 59.433382379999998, 153.0848598 ]
            }
         ]
      }
   ],
   "terminator" : 0
}
