{
   "data" : [
      {
         "radarID" : 12931,
         "tracks" : [
            {
               "detectedID" : 1004,
               "detectedTime" : 765.20000000000005,
               "entityID" : 12931,
               "height" : 5007.9260619999995,
               "lla" : [ 121.8739963, -27.996177280000001, -21420.554069999998 ],
               "radarID" : 12931,
               "targetType" : 3,
               "trueID" : 799,
               "velocity" : [ 259.45021530000002, 149.46393130000001, 18.604274870000001 ]
            }
         ]
      },
      {
         "radarID" : 12938,
         "tracks" : [
            {
               "detectedID" : 1004,
               "detectedTime" : 765.20000000000005,
               "entityID" : 12938,
               "height" : 5013.7043830000002,
               "lla" : [ 121.8738827, -27.996100909999999, -21396.134900000001 ],
               "radarID" : 12938,
               "targetType" : 3,
               "trueID" : 799,
               "velocity" : [ 259.45021530000002, 149.46393130000001, 18.604274870000001 ]
            }
         ]
      },
      {
         "radarID" : 12974,
         "tracks" : [
            {
               "detectedID" : 1004,
               "detectedTime" : 765.20000000000005,
               "entityID" : 12974,
               "height" : 5017.1436549999999,
               "lla" : [ 121.8738639, -27.99608843, -21397.812249999999 ],
               "radarID" : 12974,
               "targetType" : 3,
               "trueID" : 799,
               "velocity" : [ 259.45021530000002, 149.46393130000001, 18.604274870000001 ]
            }
         ]
      }
   ],
   "terminator" : 0
}
