{
   "data" : [
      {
         "radarID" : 13030,
         "tracks" : [
            {
               "detectedID" : 1001,
               "detectedTime" : 151.80000000000001,
               "entityID" : 13030,
               "height" : 4397.3009160000001,
               "lla" : [ 123.71698309999999, -29.197364449999998, 19202.953819999999 ],
               "radarID" : 13030,
               "targetType" : 3,
               "trueID" : 817,
               "velocity" : [ 262.09100389999998, 111.8507334, 93.796157350000001 ]
            }
         ]
      },
      {
         "radarID" : 13037,
         "tracks" : [
            {
               "detectedID" : 1001,
               "detectedTime" : 151.80000000000001,
               "entityID" : 13037,
               "height" : 4341.4699989999999,
               "lla" : [ 123.71727869999999, -29.197554149999998, 19159.683580000001 ],
               "radarID" : 13037,
               "targetType" : 3,
               "trueID" : 817,
               "velocity" : [ 262.09100389999998, 111.8507334, 93.796157350000001 ]
            }
         ]
      },
      {
         "radarID" : 13044,
         "tracks" : [
            {
               "detectedID" : 1001,
               "detectedTime" : 151.80000000000001,
               "entityID" : 13044,
               "height" : 4444.9880400000002,
               "lla" : [ 123.7173506, -29.197597330000001, 19266.278340000001 ],
               "radarID" : 13044,
               "targetType" : 3,
               "trueID" : 817,
               "velocity" : [ 262.09100389999998, 111.8507334, 93.796157350000001 ]
            }
         ]
      }
   ],
   "terminator" : 0
}
