{
   "data" : [
      {
         "radarID" : 13051,
         "tracks" : [
            {
               "detectedID" : 1006,
               "detectedTime" : 771.04999999999995,
               "entityID" : 13051,
               "height" : 1529.7425149999999,
               "lla" : [ 122.3544766, -28.315915690000001, -70285.811079999999 ],
               "radarID" : 13051,
               "targetType" : 3,
               "trueID" : 811,
               "velocity" : [ 265.56663509999998, 110.80855010000001, 84.828223859999994 ]
            }
         ]
      },
      {
         "radarID" : 13058,
         "tracks" : [
            {
               "detectedID" : 1006,
               "detectedTime" : 771.04999999999995,
               "entityID" : 13058,
               "height" : 5854.4254989999999,
               "lla" : [ 122.3534604, -28.315134950000001, -65989.557539999994 ],
               "radarID" : 13058,
               "targetType" : 3,
               "trueID" : 811,
               "velocity" : [ 265.56663509999998, 110.80855010000001, 84.828223859999994 ]
            }
         ]
      },
      {
         "radarID" : 13142,
         "tracks" : [
            {
               "detectedID" : 1005,
               "detectedTime" : 771.04999999999995,
               "entityID" : 13142,
               "height" : 5522.193362,
               "lla" : [ 122.0583719, -28.119905960000001, -64307.003230000002 ],
               "radarID" : 13142,
               "targetType" : 3,
               "trueID" : 805,
               "velocity" : [ 264.85528349999998, 130.8927291, 52.14184753 ]
            }
         ]
      }
   ],
   "terminator" : 0
}
