{
   "data" : [
      {
         "radarID" : 13079,
         "tracks" : [
            {
               "detectedID" : 1004,
               "detectedTime" : 773.10000000000002,
               "entityID" : 13079,
               "height" : 5001.0775910000002,
               "lla" : [ 121.8498604, -27.980110509999999, -22448.794470000001 ],
               "radarID" : 13079,
               "targetType" : 3,
               "trueID" : 799,
               "velocity" : [ 259.50188070000002, 149.38080389999999, 18.551262820000002 ]
            }
         ]
      },
      {
         "radarID" : 13114,
         "tracks" : [
            {
               "detectedID" : 1002,
               "detectedTime" : 773.10000000000002,
               "entityID" : 13114,
               "height" : 3850.2766099999999,
               "lla" : [ 122.0647204, -28.12292472, -17416.033220000001 ],
               "radarID" : 13114,
               "targetType" : 3,
               "trueID" : 793,
               "velocity" : [ 251.11847539999999, 59.345068470000001, 153.02834429999999 ]
            }
         ]
      }
   ],
   "terminator" : 0
}
