{
   "data" : [
      {
         "radarID" : 12974,
         "tracks" : [
            {
               "detectedID" : 1006,
               "detectedTime" : 774.64999999999998,
               "entityID" : 12974,
               "height" : 5850.1058030000004,
               "lla" : [ 122.34287930000001, -28.308175080000002, -66597.993119999999 ],
               "radarID" : 12974,
               "targetType" : 3,
               "trueID" : 811,
               "velocity" : [ 265.5901963, 110.77121030000001, 84.803222660000003 ]
            }
         ]
      },
      {
         "radarID" : 12981,
         "tracks" : [
            {
               "detectedID" : 1002,
               "detectedTime" : 774.64999999999998,
               "entityID" : 12981,
               "height" : 1801.697981,
               "lla" : [ 122.06079459999999, -28.120377080000001, -19696.844499999999 ],
               "radarID" : 12981,
               "targetType" : 3,
               "trueID" : 793,
               "velocity" : [ 251.12868230000001, 59.32877147, 153.0179133 ]
            }
         ]
      }
   ],
   "terminator" : 0
}
