{
   "data" : [
      {
         "radarID" : 12988,
         "tracks" : [
            {
               "detectedID" : 1002,
               "detectedTime" : 774.75,
               "entityID" : 12988,
               "height" : 5007.4812019999999,
               "lla" : [ 122.0603322, -28.119991760000001, -16595.468410000001 ],
               "radarID" : 12988,
               "targetType" : 3,
               "trueID" : 793,
               "velocity" : [ 251.12934079999999, 59.327720040000003, 153.0172403 ]
            }
         ]
      }
   ],
   "terminator" : 0
}
