{
   "data" : [
      {
         "radarID" : 13135,
         "tracks" : [
            {
               "detectedID" : 1002,
               "detectedTime" : 152.80000000000001,
               "entityID" : 13135,
               "height" : 2962.5876309999999,
               "lla" : [ 122.5736993, -28.45669264, 61818.658130000003 ],
               "radarID" : 13135,
               "targetType" : 3,
               "trueID" : 793,
               "velocity" : [ -144.58620529999999, -197.48082909999999, 173.48242389999999 ]
            }
         ]
      },
      {
         "radarID" : 13142,
         "tracks" : [
            {
               "detectedID" : 1002,
               "detectedTime" : 152.80000000000001,
               "entityID" : 13142,
               "height" : 4705.2755189999998,
               "lla" : [ 122.5731289, -28.45627571, 63546.477079999997 ],
               "radarID" : 13142,
               "targetType" : 3,
               "trueID" : 793,
               "velocity" : [ -144.58620529999999, -197.48082909999999, 173.48242389999999 ]
            }
         ]
      }
   ],
   "terminator" : 0
}
