{
   "data" : [
      {
         "radarID" : 13065,
         "tracks" : [
            {
               "detectedID" : 1006,
               "detectedTime" : 781.20000000000005,
               "entityID" : 13065,
               "height" : 5848.32438,
               "lla" : [ 122.32377839999999, -28.29560691, -67701.679839999997 ],
               "radarID" : 13065,
               "targetType" : 3,
               "trueID" : 811,
               "velocity" : [ 265.63304529999999, 110.7032645, 84.757728119999996 ]
            }
         ]
      }
   ],
   "terminator" : 0
}
