{
   "data" : [
      {
         "radarID" : 13023,
         "tracks" : [
            {
               "detectedID" : 1002,
               "detectedTime" : 781.70000000000005,
               "entityID" : 13023,
               "height" : 5004.8543209999998,
               "lla" : [ 122.04288390000001, -28.108443000000001, -17927.510849999999 ],
               "radarID" : 13023,
               "targetType" : 3,
               "trueID" : 793,
               "velocity" : [ 251.1750907, 59.254642529999998, 152.97045850000001 ]
            }
         ]
      }
   ],
   "terminator" : 0
}
