{
   "data" : [
      {
         "radarID" : 13051,
         "tracks" : [
            {
               "detectedID" : 1004,
               "detectedTime" : 782.85000000000002,
               "entityID" : 13051,
               "height" : 117.91528510000001,
               "lla" : [ 121.82344380000001, -27.96263716, -28400.43478 ],
               "radarID" : 13051,
               "targetType" : 3,
               "trueID" : 799,
               "velocity" : [ 259.56559570000002, 149.27818160000001, 18.485833 ]
            }
         ]
      }
   ],
   "terminator" : 0
}
