{
   "data" : [
      {
         "radarID" : 12988,
         "tracks" : [
            {
               "detectedID" : 1006,
               "detectedTime" : 783.5,
               "entityID" : 12988,
               "height" : 5845.0611140000001,
               "lla" : [ 122.3170167, -28.291156369999999, -68089.469509999995 ],
               "radarID" : 12988,
               "targetType" : 3,
               "trueID" : 811,
               "velocity" : [ 265.64808549999998, 110.6794033, 84.741751019999995 ]
            }
         ]
      },
      {
         "radarID" : 13009,
         "tracks" : [
            {
               "detectedID" : 1001,
               "detectedTime" : 783.5,
               "entityID" : 13009,
               "height" : 230.49987150000001,
               "lla" : [ 121.8951393, -28.01209631, -93040.174849999996 ],
               "radarID" : 13009,
               "targetType" : 3,
               "trueID" : 817,
               "velocity" : [ 266.2872787, 105.31633290000001, 89.440232870000003 ]
            }
         ]
      },
      {
         "radarID" : 13016,
         "tracks" : [
            {
               "detectedID" : 1001,
               "detectedTime" : 783.5,
               "entityID" : 13016,
               "height" : 211.9390157,
               "lla" : [ 121.89523610000001, -28.01216105, -93049.532860000007 ],
               "radarID" : 13016,
               "targetType" : 3,
               "trueID" : 817,
               "velocity" : [ 266.2872787, 105.31633290000001, 89.440232870000003 ]
            }
         ]
      }
   ],
   "terminator" : 0
}
