{
   "data" : [
      {
         "radarID" : 13002,
         "tracks" : [
            {
               "detectedID" : 1001,
               "detectedTime" : 783.79999999999995,
               "entityID" : 13002,
               "height" : 489.60020859999997,
               "lla" : [ 121.8932863, -28.010857730000001, -92885.940820000003 ],
               "radarID" : 13002,
               "targetType" : 3,
               "trueID" : 817,
               "velocity" : [ 266.28921600000001, 105.3132073, 89.438145079999998 ]
            }
         ]
      },
      {
         "radarID" : 13009,
         "tracks" : [
            {
               "detectedID" : 1005,
               "detectedTime" : 783.79999999999995,
               "entityID" : 13009,
               "height" : 554.58738330000006,
               "lla" : [ 122.0217849, -28.0957832, -70984.543359999996 ],
               "radarID" : 13009,
               "targetType" : 3,
               "trueID" : 805,
               "velocity" : [ 264.93822139999997, 130.75979889999999, 52.053951159999997 ]
            }
         ]
      }
   ],
   "terminator" : 0
}
