{
   "data" : [
      {
         "radarID" : 12903,
         "tracks" : [
            {
               "detectedID" : 1006,
               "detectedTime" : 784.25,
               "entityID" : 12903,
               "height" : 5850.288751,
               "lla" : [ 122.3148099, -28.28970387, -68221.301160000003 ],
               "radarID" : 12903,
               "targetType" : 3,
               "trueID" : 811,
               "velocity" : [ 265.65298919999998, 110.67162209999999, 84.736540880000007 ]
            }
         ]
      },
      {
         "radarID" : 12917,
         "tracks" : [
            {
               "detectedID" : 1006,
               "detectedTime" : 784.25,
               "entityID" : 12917,
               "height" : 3327.262005,
               "lla" : [ 122.3152517, -28.290057619999999, -70633.998479999995 ],
               "radarID" : 12917,
               "targetType" : 3,
               "trueID" : 811,
               "velocity" : [ 265.65298919999998, 110.67162209999999, 84.736540880000007 ]
            }
         ]
      }
   ],
   "terminator" : 0
}
