{
   "data" : [
      {
         "radarID" : 13030,
         "tracks" : [
            {
               "detectedID" : 1003,
               "detectedTime" : 789.79999999999995,
               "entityID" : 13030,
               "height" : 344.5706467,
               "lla" : [ 121.4344353, -27.702596679999999, -57590.213770000002 ],
               "radarID" : 13030,
               "targetType" : 3,
               "trueID" : 781,
               "velocity" : [ 245.69417469999999, 43.398076709999998, 166.58625230000001 ]
            }
         ]
      },
      {
         "radarID" : 13044,
         "tracks" : [
            {
               "detectedID" : 1003,
               "detectedTime" : 789.79999999999995,
               "entityID" : 13044,
               "height" : 354.84338359999998,
               "lla" : [ 121.43443689999999, -27.702597470000001, -57580.086069999998 ],
               "radarID" : 13044,
               "targetType" : 3,
               "trueID" : 781,
               "velocity" : [ 245.69417469999999, 43.398076709999998, 166.58625230000001 ]
            }
         ]
      }
   ],
   "terminator" : 0
}
