{
   "data" : [
      {
         "radarID" : 13030,
         "tracks" : [
            {
               "detectedID" : 1006,
               "detectedTime" : 790.70000000000005,
               "entityID" : 13030,
               "height" : 2429.1502829999999,
               "lla" : [ 122.29654789999999, -28.27776867, -72716.547439999995 ],
               "radarID" : 13030,
               "targetType" : 3,
               "trueID" : 811,
               "velocity" : [ 265.69514789999999, 110.6046987, 84.691729319999993 ]
            }
         ]
      },
      {
         "radarID" : 13037,
         "tracks" : [
            {
               "detectedID" : 1006,
               "detectedTime" : 790.70000000000005,
               "entityID" : 13037,
               "height" : 2384.7646629999999,
               "lla" : [ 122.2965344, -28.27776089, -72761.214089999994 ],
               "radarID" : 13037,
               "targetType" : 3,
               "trueID" : 811,
               "velocity" : [ 265.69514789999999, 110.6046987, 84.691729319999993 ]
            }
         ]
      },
      {
         "radarID" : 13044,
         "tracks" : [
            {
               "detectedID" : 1006,
               "detectedTime" : 790.70000000000005,
               "entityID" : 13044,
               "height" : 2466.5647439999998,
               "lla" : [ 122.29654619999999, -28.277766570000001, -72679.16721 ],
               "radarID" : 13044,
               "targetType" : 3,
               "trueID" : 811,
               "velocity" : [ 265.69514789999999, 110.6046987, 84.691729319999993 ]
            }
         ]
      }
   ],
   "terminator" : 0
}
