{
   "data" : [
      {
         "radarID" : 13023,
         "tracks" : [
            {
               "detectedID" : 1006,
               "detectedTime" : 791.10000000000002,
               "entityID" : 13023,
               "height" : 5844.7490980000002,
               "lla" : [ 122.29440409999999, -28.276267310000001, -69374.267070000002 ],
               "radarID" : 13023,
               "targetType" : 3,
               "trueID" : 811,
               "velocity" : [ 265.69776150000001, 110.6005481, 84.688950050000003 ]
            }
         ]
      },
      {
         "radarID" : 13135,
         "tracks" : [
            {
               "detectedID" : 1006,
               "detectedTime" : 791.10000000000002,
               "entityID" : 13135,
               "height" : 4864.2580260000004,
               "lla" : [ 122.2952459, -28.27684803, -70346.353799999997 ],
               "radarID" : 13135,
               "targetType" : 3,
               "trueID" : 811,
               "velocity" : [ 265.69776150000001, 110.6005481, 84.688950050000003 ]
            }
         ]
      },
      {
         "radarID" : 13142,
         "tracks" : [
            {
               "detectedID" : 1006,
               "detectedTime" : 791.10000000000002,
               "entityID" : 13142,
               "height" : 5847.0805989999999,
               "lla" : [ 122.2945794, -28.276382980000001, -69372.934009999997 ],
               "radarID" : 13142,
               "targetType" : 3,
               "trueID" : 811,
               "velocity" : [ 265.69776150000001, 110.6005481, 84.688950050000003 ]
            }
         ]
      }
   ],
   "terminator" : 0
}
