{
   "data" : [
      {
         "radarID" : 13142,
         "tracks" : [
            {
               "detectedID" : 1004,
               "detectedTime" : 791.54999999999995,
               "entityID" : 13142,
               "height" : 5002.6905980000001,
               "lla" : [ 121.7935851, -27.94261449, -24856.473379999999 ],
               "radarID" : 13142,
               "targetType" : 3,
               "trueID" : 799,
               "velocity" : [ 259.62240320000001, 149.18658450000001, 18.427446159999999 ]
            }
         ]
      }
   ],
   "terminator" : 0
}
