{
   "data" : [
      {
         "radarID" : 13079,
         "tracks" : [
            {
               "detectedID" : 1003,
               "detectedTime" : 792.04999999999995,
               "entityID" : 13079,
               "height" : 975.23837660000004,
               "lla" : [ 121.42910019999999, -27.69899903, -57398.869409999999 ],
               "radarID" : 13079,
               "targetType" : 3,
               "trueID" : 781,
               "velocity" : [ 245.70871819999999, 43.374282200000003, 166.57099830000001 ]
            }
         ]
      }
   ],
   "terminator" : 0
}
