{
   "data" : [
      {
         "radarID" : 13114,
         "tracks" : [
            {
               "detectedID" : 1006,
               "detectedTime" : 792.25,
               "entityID" : 13114,
               "height" : 4054.4541800000002,
               "lla" : [ 122.2924053, -28.274997469999999, -71293.194210000001 ],
               "radarID" : 13114,
               "targetType" : 3,
               "trueID" : 811,
               "velocity" : [ 265.7052754, 110.5886149, 84.680959490000006 ]
            }
         ]
      }
   ],
   "terminator" : 0
}
