{
   "data" : [
      {
         "radarID" : 12931,
         "tracks" : [
            {
               "detectedID" : 1001,
               "detectedTime" : 153.69999999999999,
               "entityID" : 12931,
               "height" : 5934.6036489999997,
               "lla" : [ 123.7111506, -29.193611560000001, 20407.410820000001 ],
               "radarID" : 12931,
               "targetType" : 3,
               "trueID" : 817,
               "velocity" : [ 262.1039735, 111.8312234, 93.783178379999995 ]
            }
         ]
      },
      {
         "radarID" : 12938,
         "tracks" : [
            {
               "detectedID" : 1001,
               "detectedTime" : 153.69999999999999,
               "entityID" : 12938,
               "height" : 5932.8439399999997,
               "lla" : [ 123.7110516, -29.193548719999999, 20395.24121 ],
               "radarID" : 12938,
               "targetType" : 3,
               "trueID" : 817,
               "velocity" : [ 262.1039735, 111.8312234, 93.783178379999995 ]
            }
         ]
      },
      {
         "radarID" : 12974,
         "tracks" : [
            {
               "detectedID" : 1001,
               "detectedTime" : 153.69999999999999,
               "entityID" : 12974,
               "height" : 5937.6069459999999,
               "lla" : [ 123.71123110000001, -29.19366265, 20420.028269999999 ],
               "radarID" : 12974,
               "targetType" : 3,
               "trueID" : 817,
               "velocity" : [ 262.1039735, 111.8312234, 93.783178379999995 ]
            }
         ]
      },
      {
         "radarID" : 13086,
         "tracks" : [
            {
               "detectedID" : 1004,
               "detectedTime" : 153.69999999999999,
               "entityID" : 13086,
               "height" : 4864.600445,
               "lla" : [ 122.7390223, -28.564514890000002, 76761.512789999993 ],
               "radarID" : 13086,
               "targetType" : 3,
               "trueID" : 799,
               "velocity" : [ 114.7331154, -87.476663380000005, 263.02879230000002 ]
            }
         ]
      }
   ],
   "terminator" : 0
}
