{
   "data" : [
      {
         "radarID" : 12910,
         "tracks" : [
            {
               "detectedID" : 1001,
               "detectedTime" : 794.64999999999998,
               "entityID" : 12910,
               "height" : 2931.6142789999999,
               "lla" : [ 121.8603605, -27.988899159999999, -92425.999030000006 ],
               "radarID" : 12910,
               "targetType" : 3,
               "trueID" : 817,
               "velocity" : [ 266.35924899999998, 105.2001509, 89.362624729999993 ]
            }
         ]
      },
      {
         "radarID" : 13009,
         "tracks" : [
            {
               "detectedID" : 1004,
               "detectedTime" : 794.64999999999998,
               "entityID" : 13009,
               "height" : 1996.101019,
               "lla" : [ 121.7842916, -27.93649168, -28190.740089999999 ],
               "radarID" : 13009,
               "targetType" : 3,
               "trueID" : 799,
               "velocity" : [ 259.64263449999999, 149.15394040000001, 18.406640899999999 ]
            }
         ]
      },
      {
         "radarID" : 13016,
         "tracks" : [
            {
               "detectedID" : 1004,
               "detectedTime" : 794.64999999999998,
               "entityID" : 13016,
               "height" : 1958.517353,
               "lla" : [ 121.7842643, -27.936474180000001, -28219.625110000001 ],
               "radarID" : 13016,
               "targetType" : 3,
               "trueID" : 799,
               "velocity" : [ 259.64263449999999, 149.15394040000001, 18.406640899999999 ]
            }
         ]
      }
   ],
   "terminator" : 0
}
