{
   "data" : [
      {
         "radarID" : 13030,
         "tracks" : [
            {
               "detectedID" : 1003,
               "detectedTime" : 799.75,
               "entityID" : 13030,
               "height" : 367.47936140000002,
               "lla" : [ 121.41078659999999, -27.68671617, -59506.869339999997 ],
               "radarID" : 13030,
               "targetType" : 3,
               "trueID" : 781,
               "velocity" : [ 245.7584683, 43.292848569999997, 166.5187813 ]
            }
         ]
      },
      {
         "radarID" : 13051,
         "tracks" : [
            {
               "detectedID" : 1003,
               "detectedTime" : 799.75,
               "entityID" : 13051,
               "height" : 28.827628659999998,
               "lla" : [ 121.4107604, -27.686707250000001, -59851.481310000003 ],
               "radarID" : 13051,
               "targetType" : 3,
               "trueID" : 781,
               "velocity" : [ 245.7584683, 43.292848569999997, 166.5187813 ]
            }
         ]
      },
      {
         "radarID" : 13058,
         "tracks" : [
            {
               "detectedID" : 1003,
               "detectedTime" : 799.75,
               "entityID" : 13058,
               "height" : 975.47647480000001,
               "lla" : [ 121.41079999999999, -27.686709780000001, -58899.437850000002 ],
               "radarID" : 13058,
               "targetType" : 3,
               "trueID" : 781,
               "velocity" : [ 245.7584683, 43.292848569999997, 166.5187813 ]
            }
         ]
      }
   ],
   "terminator" : 0
}
