{
   "data" : [
      {
         "radarID" : 13023,
         "tracks" : [
            {
               "detectedID" : 1006,
               "detectedTime" : 801.04999999999995,
               "entityID" : 13023,
               "height" : 5841.4833330000001,
               "lla" : [ 122.265455, -28.257195299999999, -71049.574729999993 ],
               "radarID" : 13023,
               "targetType" : 3,
               "trueID" : 811,
               "velocity" : [ 265.76274669999998, 110.49728899999999, 84.619806069999996 ]
            }
         ]
      },
      {
         "radarID" : 13135,
         "tracks" : [
            {
               "detectedID" : 1005,
               "detectedTime" : 801.04999999999995,
               "entityID" : 13135,
               "height" : 3458.400772,
               "lla" : [ 121.9686548, -28.060464289999999, -70875.459839999996 ],
               "radarID" : 13135,
               "targetType" : 3,
               "trueID" : 805,
               "velocity" : [ 265.0502803, 130.5798776, 51.935002619999999 ]
            },
            {
               "detectedID" : 1006,
               "detectedTime" : 801.04999999999995,
               "entityID" : 13135,
               "height" : 4821.5003889999998,
               "lla" : [ 122.26609790000001, -28.257646080000001, -72062.297260000007 ],
               "radarID" : 13135,
               "targetType" : 3,
               "trueID" : 811,
               "velocity" : [ 265.76274669999998, 110.49728899999999, 84.619806069999996 ]
            }
         ]
      },
      {
         "radarID" : 13142,
         "tracks" : [
            {
               "detectedID" : 1006,
               "detectedTime" : 801.04999999999995,
               "entityID" : 13142,
               "height" : 5850.0384080000003,
               "lla" : [ 122.2662888, -28.257745870000001, -71042.8364 ],
               "radarID" : 13142,
               "targetType" : 3,
               "trueID" : 811,
               "velocity" : [ 265.76274669999998, 110.49728899999999, 84.619806069999996 ]
            }
         ]
      }
   ],
   "terminator" : 0
}
