{
   "data" : [
      {
         "radarID" : 13135,
         "tracks" : [
            {
               "detectedID" : 1004,
               "detectedTime" : 801.54999999999995,
               "entityID" : 13135,
               "height" : 1348.361236,
               "lla" : [ 121.7640926, -27.923036799999998, -29786.912950000002 ],
               "radarID" : 13135,
               "targetType" : 3,
               "trueID" : 799,
               "velocity" : [ 259.6876456, 149.08126960000001, 18.360330999999999 ]
            }
         ]
      },
      {
         "radarID" : 13142,
         "tracks" : [
            {
               "detectedID" : 1004,
               "detectedTime" : 801.54999999999995,
               "entityID" : 13142,
               "height" : 5001.2947389999999,
               "lla" : [ 121.76287360000001, -27.922130639999999, -26164.700199999999 ],
               "radarID" : 13142,
               "targetType" : 3,
               "trueID" : 799,
               "velocity" : [ 259.6876456, 149.08126960000001, 18.360330999999999 ]
            }
         ]
      }
   ],
   "terminator" : 0
}
