{
   "data" : [
      {
         "radarID" : 13072,
         "tracks" : [
            {
               "detectedID" : 1006,
               "detectedTime" : 802.0,
               "entityID" : 13072,
               "height" : 5836.703595,
               "lla" : [ 122.2629005, -28.255512070000002, -71209.109660000002 ],
               "radarID" : 13072,
               "targetType" : 3,
               "trueID" : 811,
               "velocity" : [ 265.76894829999998, 110.4874288, 84.613203409999997 ]
            }
         ]
      }
   ],
   "terminator" : 0
}
