{
   "data" : [
      {
         "radarID" : 13002,
         "tracks" : [
            {
               "detectedID" : 1006,
               "detectedTime" : 803.45000000000005,
               "entityID" : 13002,
               "height" : 921.01057089999995,
               "lla" : [ 122.26034319999999, -28.25395095, -76173.525439999998 ],
               "radarID" : 13002,
               "targetType" : 3,
               "trueID" : 811,
               "velocity" : [ 265.77841280000001, 110.47237869999999, 84.603125340000005 ]
            }
         ]
      }
   ],
   "terminator" : 0
}
