{
   "data" : [
      {
         "radarID" : 12988,
         "tracks" : [
            {
               "detectedID" : 1006,
               "detectedTime" : 803.54999999999995,
               "entityID" : 12988,
               "height" : 5835.8217269999996,
               "lla" : [ 122.2584013, -28.252546580000001, -71468.636549999996 ],
               "radarID" : 12988,
               "targetType" : 3,
               "trueID" : 811,
               "velocity" : [ 265.7790655, 110.4713407, 84.602430290000001 ]
            }
         ]
      },
      {
         "radarID" : 13009,
         "tracks" : [
            {
               "detectedID" : 1001,
               "detectedTime" : 803.54999999999995,
               "entityID" : 13009,
               "height" : 184.7409486,
               "lla" : [ 121.83707320000001, -27.97347109, -96463.422380000004 ],
               "radarID" : 13009,
               "targetType" : 3,
               "trueID" : 817,
               "velocity" : [ 266.41664379999997, 105.1073932, 89.300659730000007 ]
            }
         ]
      },
      {
         "radarID" : 13016,
         "tracks" : [
            {
               "detectedID" : 1001,
               "detectedTime" : 803.54999999999995,
               "entityID" : 13016,
               "height" : 168.24562080000001,
               "lla" : [ 121.83716269999999, -27.97353094, -96470.500530000005 ],
               "radarID" : 13016,
               "targetType" : 3,
               "trueID" : 817,
               "velocity" : [ 266.41664379999997, 105.1073932, 89.300659730000007 ]
            }
         ]
      },
      {
         "radarID" : 13065,
         "tracks" : [
            {
               "detectedID" : 1004,
               "detectedTime" : 803.54999999999995,
               "entityID" : 13065,
               "height" : 5000.9067750000004,
               "lla" : [ 121.7569017, -27.918145970000001, -26422.772489999999 ],
               "radarID" : 13065,
               "targetType" : 3,
               "trueID" : 799,
               "velocity" : [ 259.7006872, 149.06020269999999, 18.346907479999999 ]
            }
         ]
      }
   ],
   "terminator" : 0
}
