{
   "data" : [
      {
         "radarID" : 13072,
         "tracks" : [
            {
               "detectedID" : 1003,
               "detectedTime" : 804.20000000000005,
               "entityID" : 13072,
               "height" : 976.39636559999997,
               "lla" : [ 121.4002347, -27.679612429999999, -59764.516239999997 ],
               "radarID" : 13072,
               "targetType" : 3,
               "trueID" : 781,
               "velocity" : [ 245.78720519999999, 43.245783789999997, 166.48859400000001 ]
            }
         ]
      }
   ],
   "terminator" : 0
}
