{
   "data" : [
      {
         "radarID" : 12924,
         "tracks" : [
            {
               "detectedID" : 1001,
               "detectedTime" : 804.5,
               "entityID" : 12924,
               "height" : 5516.3944279999996,
               "lla" : [ 121.83152629999999, -27.969644980000002, -91616.361749999996 ],
               "radarID" : 12924,
               "targetType" : 3,
               "trueID" : 817,
               "velocity" : [ 266.4227674, 105.09749100000001, 89.294044560000003 ]
            }
         ]
      }
   ],
   "terminator" : 0
}
