{
   "data" : [
      {
         "radarID" : 13114,
         "tracks" : [
            {
               "detectedID" : 1006,
               "detectedTime" : 812.25,
               "entityID" : 13114,
               "height" : 3864.7641290000001,
               "lla" : [ 122.2339199, -28.236455629999998, -74842.606119999997 ],
               "radarID" : 13114,
               "targetType" : 3,
               "trueID" : 811,
               "velocity" : [ 265.83582639999997, 110.3810289, 84.541953419999999 ]
            }
         ]
      }
   ],
   "terminator" : 0
}
