{
   "data" : [
      {
         "radarID" : 13072,
         "tracks" : [
            {
               "detectedID" : 1005,
               "detectedTime" : 812.29999999999995,
               "entityID" : 13072,
               "height" : 5506.3160330000001,
               "lla" : [ 121.9341945, -28.03752587, -70525.823640000002 ],
               "radarID" : 13072,
               "targetType" : 3,
               "trueID" : 805,
               "velocity" : [ 265.12326839999997, 130.46249159999999, 51.857408980000002 ]
            }
         ]
      },
      {
         "radarID" : 13093,
         "tracks" : [
            {
               "detectedID" : 1006,
               "detectedTime" : 812.29999999999995,
               "entityID" : 13093,
               "height" : 3563.3557300000002,
               "lla" : [ 122.2335042, -28.23618913, -75164.050719999999 ],
               "radarID" : 13093,
               "targetType" : 3,
               "trueID" : 811,
               "velocity" : [ 265.8361524, 110.3805098, 84.541605809999993 ]
            }
         ]
      },
      {
         "radarID" : 13107,
         "tracks" : [
            {
               "detectedID" : 1006,
               "detectedTime" : 812.29999999999995,
               "entityID" : 13107,
               "height" : 5793.8064839999997,
               "lla" : [ 122.2328162, -28.23567804, -72983.038119999997 ],
               "radarID" : 13107,
               "targetType" : 3,
               "trueID" : 811,
               "velocity" : [ 265.8361524, 110.3805098, 84.541605809999993 ]
            }
         ]
      }
   ],
   "terminator" : 0
}
