{
   "data" : [
      {
         "radarID" : 12981,
         "tracks" : [
            {
               "detectedID" : 1005,
               "detectedTime" : 814.54999999999995,
               "entityID" : 12981,
               "height" : 283.97266689999998,
               "lla" : [ 121.928162, -28.033646430000001, -75838.605989999996 ],
               "radarID" : 12981,
               "targetType" : 3,
               "trueID" : 805,
               "velocity" : [ 265.13785710000002, 130.43901, 51.841888509999997 ]
            }
         ]
      }
   ],
   "terminator" : 0
}
