{
   "data" : [
      {
         "radarID" : 13065,
         "tracks" : [
            {
               "detectedID" : 1001,
               "detectedTime" : 12.35,
               "entityID" : 13065,
               "height" : 6007.5377550000003,
               "lla" : [ 124.1128745, -29.448126460000001, 44784.97191 ],
               "radarID" : 13065,
               "targetType" : 3,
               "trueID" : 817,
               "velocity" : [ 178.8158827, 77.558023469999995, 64.870599400000003 ]
            }
         ]
      },
      {
         "radarID" : 13128,
         "tracks" : [
            {
               "detectedID" : 1003,
               "detectedTime" : 12.35,
               "entityID" : 13128,
               "height" : 4882.0062289999996,
               "lla" : [ 122.51299659999999, -28.416453270000002, 78258.297770000005 ],
               "radarID" : 13128,
               "targetType" : 3,
               "trueID" : 781,
               "velocity" : [ -8.3599506290000001, -125.564683, 169.77571180000001 ]
            }
         ]
      }
   ],
   "terminator" : 0
}
