{
   "data" : [
      {
         "radarID" : 13058,
         "tracks" : [
            {
               "detectedID" : 1003,
               "detectedTime" : 819.5,
               "entityID" : 13058,
               "height" : 976.02154859999996,
               "lla" : [ 121.36384099999999, -27.655151409999998, -62748.609779999999 ],
               "radarID" : 13058,
               "targetType" : 3,
               "trueID" : 781,
               "velocity" : [ 245.8859262, 43.0839517, 166.3847481 ]
            }
         ]
      }
   ],
   "terminator" : 0
}
