{
   "data" : [
      {
         "radarID" : 13009,
         "tracks" : [
            {
               "detectedID" : 1006,
               "detectedTime" : 823.14999999999998,
               "entityID" : 13009,
               "height" : 511.39865029999999,
               "lla" : [ 122.2033301, -28.216357729999999, -79864.969339999996 ],
               "radarID" : 13009,
               "targetType" : 3,
               "trueID" : 811,
               "velocity" : [ 265.90687780000002, 110.2678537, 84.466163519999995 ]
            }
         ]
      },
      {
         "radarID" : 13016,
         "tracks" : [
            {
               "detectedID" : 1006,
               "detectedTime" : 823.14999999999998,
               "entityID" : 13016,
               "height" : 483.45787460000003,
               "lla" : [ 122.2033902, -28.216398089999998, -79888.976569999999 ],
               "radarID" : 13016,
               "targetType" : 3,
               "trueID" : 811,
               "velocity" : [ 265.90687780000002, 110.2678537, 84.466163519999995 ]
            }
         ]
      },
      {
         "radarID" : 13093,
         "tracks" : [
            {
               "detectedID" : 1002,
               "detectedTime" : 823.14999999999998,
               "entityID" : 13093,
               "height" : 3227.636387,
               "lla" : [ 121.9399571, -28.040267579999998, -27615.77908 ],
               "radarID" : 13093,
               "targetType" : 3,
               "trueID" : 793,
               "velocity" : [ 251.44738570000001, 58.818678730000002, 152.6911106 ]
            }
         ]
      },
      {
         "radarID" : 13107,
         "tracks" : [
            {
               "detectedID" : 1002,
               "detectedTime" : 823.14999999999998,
               "entityID" : 13107,
               "height" : 5406.0024409999996,
               "lla" : [ 121.9395468, -28.039940120000001, -25468.61606 ],
               "radarID" : 13107,
               "targetType" : 3,
               "trueID" : 793,
               "velocity" : [ 251.44738570000001, 58.818678730000002, 152.6911106 ]
            }
         ]
      }
   ],
   "terminator" : 0
}
