{
   "data" : [
      {
         "radarID" : 13009,
         "tracks" : [
            {
               "detectedID" : 1001,
               "detectedTime" : 823.64999999999998,
               "entityID" : 13009,
               "height" : 144.54944800000001,
               "lla" : [ 121.7788481, -27.934687230000002, -99882.132599999997 ],
               "radarID" : 13009,
               "targetType" : 3,
               "trueID" : 817,
               "velocity" : [ 266.54609399999998, 104.8978394, 89.160658560000002 ]
            }
         ]
      },
      {
         "radarID" : 13016,
         "tracks" : [
            {
               "detectedID" : 1001,
               "detectedTime" : 823.64999999999998,
               "entityID" : 13016,
               "height" : 130.1614591,
               "lla" : [ 121.778966, -27.934766020000001, -99882.742939999996 ],
               "radarID" : 13016,
               "targetType" : 3,
               "trueID" : 817,
               "velocity" : [ 266.54609399999998, 104.8978394, 89.160658560000002 ]
            }
         ]
      }
   ],
   "terminator" : 0
}
