{
   "data" : [
      {
         "radarID" : 13065,
         "tracks" : [
            {
               "detectedID" : 1004,
               "detectedTime" : 823.70000000000005,
               "entityID" : 13065,
               "height" : 5000.9388520000002,
               "lla" : [ 121.69538660000001, -27.877067329999999, -29047.877619999999 ],
               "radarID" : 13065,
               "targetType" : 3,
               "trueID" : 799,
               "velocity" : [ 259.83195360000002, 148.84788030000001, 18.211656349999998 ]
            }
         ]
      }
   ],
   "terminator" : 0
}
