{
   "data" : [
      {
         "radarID" : 12931,
         "tracks" : [
            {
               "detectedID" : 1005,
               "detectedTime" : 163.65000000000001,
               "entityID" : 12931,
               "height" : 5746.049156,
               "lla" : [ 123.888414, -29.30628711, 28691.052729999999 ],
               "radarID" : 12931,
               "targetType" : 3,
               "trueID" : 805,
               "velocity" : [ 260.79465090000002, 137.1703211, 56.306776290000002 ]
            }
         ]
      },
      {
         "radarID" : 12938,
         "tracks" : [
            {
               "detectedID" : 1005,
               "detectedTime" : 163.65000000000001,
               "entityID" : 12938,
               "height" : 5747.7900710000004,
               "lla" : [ 123.8884774, -29.30632718, 28699.994129999999 ],
               "radarID" : 12938,
               "targetType" : 3,
               "trueID" : 805,
               "velocity" : [ 260.79465090000002, 137.1703211, 56.306776290000002 ]
            }
         ]
      }
   ],
   "terminator" : 0
}
