{
   "data" : [
      {
         "radarID" : 12938,
         "tracks" : [
            {
               "detectedID" : 1001,
               "detectedTime" : 825.70000000000005,
               "entityID" : 12938,
               "height" : 5610.3852189999998,
               "lla" : [ 121.76991719999999, -27.928597100000001, -95117.47034 ],
               "radarID" : 12938,
               "targetType" : 3,
               "trueID" : 817,
               "velocity" : [ 266.5592833, 104.8764618, 89.146375340000006 ]
            }
         ]
      },
      {
         "radarID" : 12974,
         "tracks" : [
            {
               "detectedID" : 1001,
               "detectedTime" : 825.70000000000005,
               "entityID" : 12974,
               "height" : 5610.4421490000004,
               "lla" : [ 121.76991700000001, -27.928596949999999, -95117.461200000005 ],
               "radarID" : 12974,
               "targetType" : 3,
               "trueID" : 817,
               "velocity" : [ 266.5592833, 104.8764618, 89.146375340000006 ]
            }
         ]
      }
   ],
   "terminator" : 0
}
