{
   "data" : [
      {
         "radarID" : 13058,
         "tracks" : [
            {
               "detectedID" : 1002,
               "detectedTime" : 163.75,
               "entityID" : 13058,
               "height" : 4714.684604,
               "lla" : [ 122.59815620000001, -28.472685030000001, 63416.389049999998 ],
               "radarID" : 13058,
               "targetType" : 3,
               "trueID" : 793,
               "velocity" : [ -144.51265409999999, -197.59692190000001, 173.41150279999999 ]
            }
         ]
      }
   ],
   "terminator" : 0
}
