{
   "data" : [
      {
         "radarID" : 13086,
         "tracks" : [
            {
               "detectedID" : 1006,
               "detectedTime" : 831.10000000000002,
               "entityID" : 13086,
               "height" : 5823.7378859999999,
               "lla" : [ 122.1777683, -28.1993467, -76109.183480000007 ],
               "radarID" : 13086,
               "targetType" : 3,
               "trueID" : 811,
               "velocity" : [ 265.95865570000001, 110.1852904, 84.410871520000001 ]
            }
         ]
      }
   ],
   "terminator" : 0
}
