{
   "data" : [
      {
         "radarID" : 13093,
         "tracks" : [
            {
               "detectedID" : 1001,
               "detectedTime" : 832.14999999999998,
               "entityID" : 13093,
               "height" : 2214.529599,
               "lla" : [ 121.7523127, -27.916944829999998, -99518.282850000003 ],
               "radarID" : 13093,
               "targetType" : 3,
               "trueID" : 817,
               "velocity" : [ 266.60076520000001, 104.80919419999999, 89.101430030000003 ]
            }
         ]
      },
      {
         "radarID" : 13107,
         "tracks" : [
            {
               "detectedID" : 1001,
               "detectedTime" : 832.14999999999998,
               "entityID" : 13107,
               "height" : 5699.7968099999998,
               "lla" : [ 121.7511743, -27.91609622, -96124.273939999999 ],
               "radarID" : 13107,
               "targetType" : 3,
               "trueID" : 817,
               "velocity" : [ 266.60076520000001, 104.80919419999999, 89.101430030000003 ]
            }
         ]
      }
   ],
   "terminator" : 0
}
