{
   "data" : [
      {
         "radarID" : 13093,
         "tracks" : [
            {
               "detectedID" : 1004,
               "detectedTime" : 833.35000000000002,
               "entityID" : 13093,
               "height" : 2680.4888430000001,
               "lla" : [ 121.6666003, -27.857881949999999, -32563.806840000001 ],
               "radarID" : 13093,
               "targetType" : 3,
               "trueID" : 799,
               "velocity" : [ 259.89473570000001, 148.74615009999999, 18.146877620000001 ]
            }
         ]
      }
   ],
   "terminator" : 0
}
