{
   "data" : [
      {
         "radarID" : 13016,
         "tracks" : [
            {
               "detectedID" : 1005,
               "detectedTime" : 834.04999999999995,
               "entityID" : 13016,
               "height" : 391.72505640000003,
               "lla" : [ 121.8697864, -27.994829410000001, -78673.629409999994 ],
               "radarID" : 13016,
               "targetType" : 3,
               "trueID" : 805,
               "velocity" : [ 265.26416870000003, 130.23544219999999, 51.70735329 ]
            }
         ]
      },
      {
         "radarID" : 13072,
         "tracks" : [
            {
               "detectedID" : 1004,
               "detectedTime" : 834.04999999999995,
               "entityID" : 13072,
               "height" : 5002.2392620000001,
               "lla" : [ 121.663785, -27.85594154, -30395.233990000001 ],
               "radarID" : 13072,
               "targetType" : 3,
               "trueID" : 799,
               "velocity" : [ 259.89928780000002, 148.73876949999999, 18.1421785 ]
            }
         ]
      }
   ],
   "terminator" : 0
}
