{
   "data" : [
      {
         "radarID" : 12988,
         "tracks" : [
            {
               "detectedID" : 1005,
               "detectedTime" : 834.89999999999998,
               "entityID" : 12988,
               "height" : 5498.1776980000004,
               "lla" : [ 121.8658605, -27.992090220000001, -73929.557209999999 ],
               "radarID" : 12988,
               "targetType" : 3,
               "trueID" : 805,
               "velocity" : [ 265.26966959999999, 130.22656620000001, 51.70148794 ]
            },
            {
               "detectedID" : 1002,
               "detectedTime" : 834.89999999999998,
               "entityID" : 12988,
               "height" : 5007.7155709999997,
               "lla" : [ 121.9102353, -28.020492040000001, -28114.300749999999 ],
               "radarID" : 12988,
               "targetType" : 3,
               "trueID" : 793,
               "velocity" : [ 251.52440010000001, 58.695054740000003, 152.611817 ]
            }
         ]
      }
   ],
   "terminator" : 0
}
