{
   "data" : [
      {
         "radarID" : 13065,
         "tracks" : [
            {
               "detectedID" : 1005,
               "detectedTime" : 172.25,
               "entityID" : 13065,
               "height" : 5745.9501369999998,
               "lla" : [ 123.86289360000001, -29.290098090000001, 27383.300579999999 ],
               "radarID" : 13065,
               "targetType" : 3,
               "trueID" : 805,
               "velocity" : [ 260.85363410000002, 137.08220370000001, 56.24812026 ]
            },
            {
               "detectedID" : 1006,
               "detectedTime" : 172.25,
               "entityID" : 13065,
               "height" : 6132.4826389999998,
               "lla" : [ 124.0943785, -29.43665828, 36011.861409999998 ],
               "radarID" : 13065,
               "targetType" : 3,
               "trueID" : 811,
               "velocity" : [ 261.54235369999998, 116.97475009999999, 88.952262759999996 ]
            }
         ]
      }
   ],
   "terminator" : 0
}
