{
   "data" : [
      {
         "radarID" : 13030,
         "tracks" : [
            {
               "detectedID" : 1003,
               "detectedTime" : 839.60000000000002,
               "entityID" : 13030,
               "height" : 473.2405771,
               "lla" : [ 121.3160001, -27.622977890000001, -67168.568520000001 ],
               "radarID" : 13030,
               "targetType" : 3,
               "trueID" : 781,
               "velocity" : [ 246.01542420000001, 42.871316239999999, 166.2481918 ]
            }
         ]
      },
      {
         "radarID" : 13044,
         "tracks" : [
            {
               "detectedID" : 1003,
               "detectedTime" : 839.60000000000002,
               "entityID" : 13044,
               "height" : 483.55441949999999,
               "lla" : [ 121.3159991, -27.62297697, -67160.028430000006 ],
               "radarID" : 13044,
               "targetType" : 3,
               "trueID" : 781,
               "velocity" : [ 246.01542420000001, 42.871316239999999, 166.2481918 ]
            }
         ]
      }
   ],
   "terminator" : 0
}
