{
   "data" : [
      {
         "radarID" : 13023,
         "tracks" : [
            {
               "detectedID" : 1005,
               "detectedTime" : 840.89999999999998,
               "entityID" : 13023,
               "height" : 5499.5537009999998,
               "lla" : [ 121.84760199999999, -27.979937580000001, -74831.336899999995 ],
               "radarID" : 13023,
               "targetType" : 3,
               "trueID" : 805,
               "velocity" : [ 265.30848689999999, 130.16390659999999, 51.660083100000001 ]
            }
         ]
      }
   ],
   "terminator" : 0
}
