{
   "data" : [
      {
         "radarID" : 13079,
         "tracks" : [
            {
               "detectedID" : 1006,
               "detectedTime" : 841.10000000000002,
               "entityID" : 13079,
               "height" : 5820.1509690000003,
               "lla" : [ 122.14855439999999, -28.18004715, -77791.284090000001 ],
               "radarID" : 13079,
               "targetType" : 3,
               "trueID" : 811,
               "velocity" : [ 266.02373249999999, 110.08141550000001, 84.341305030000001 ]
            }
         ]
      }
   ],
   "terminator" : 0
}
