{
   "data" : [
      {
         "radarID" : 13072,
         "tracks" : [
            {
               "detectedID" : 1001,
               "detectedTime" : 841.45000000000005,
               "entityID" : 13072,
               "height" : 5601.8328279999996,
               "lla" : [ 121.7241277, -27.89805308, -97796.207720000006 ],
               "radarID" : 13072,
               "targetType" : 3,
               "trueID" : 817,
               "velocity" : [ 266.66053299999999, 104.7121868, 89.036610679999995 ]
            }
         ]
      },
      {
         "radarID" : 13135,
         "tracks" : [
            {
               "detectedID" : 1004,
               "detectedTime" : 841.45000000000005,
               "entityID" : 13135,
               "height" : 1162.281295,
               "lla" : [ 121.6422647, -27.841643690000001, -35170.391309999999 ],
               "radarID" : 13135,
               "targetType" : 3,
               "trueID" : 799,
               "velocity" : [ 259.94739249999998, 148.66073639999999, 18.09250085 ]
            }
         ]
      },
      {
         "radarID" : 13142,
         "tracks" : [
            {
               "detectedID" : 1004,
               "detectedTime" : 841.45000000000005,
               "entityID" : 13142,
               "height" : 5002.2512660000002,
               "lla" : [ 121.6412031, -27.840835940000002, -31357.943090000001 ],
               "radarID" : 13142,
               "targetType" : 3,
               "trueID" : 799,
               "velocity" : [ 259.94739249999998, 148.66073639999999, 18.09250085 ]
            }
         ]
      }
   ],
   "terminator" : 0
}
