{
   "data" : [
      {
         "radarID" : 13009,
         "tracks" : [
            {
               "detectedID" : 1001,
               "detectedTime" : 843.75,
               "entityID" : 13009,
               "height" : 110.0719945,
               "lla" : [ 121.7206216, -27.895849349999999, -103283.1636 ],
               "radarID" : 13009,
               "targetType" : 3,
               "trueID" : 817,
               "velocity" : [ 266.67530649999998, 104.6881927, 89.020577450000005 ]
            }
         ]
      },
      {
         "radarID" : 13016,
         "tracks" : [
            {
               "detectedID" : 1001,
               "detectedTime" : 843.75,
               "entityID" : 13016,
               "height" : 97.773751439999998,
               "lla" : [ 121.7207451, -27.895931860000001, -103277.79270000001 ],
               "radarID" : 13016,
               "targetType" : 3,
               "trueID" : 817,
               "velocity" : [ 266.67530649999998, 104.6881927, 89.020577450000005 ]
            }
         ]
      }
   ],
   "terminator" : 0
}
