{
   "data" : [
      {
         "radarID" : 12903,
         "tracks" : [
            {
               "detectedID" : 1006,
               "detectedTime" : 854.39999999999998,
               "entityID" : 12903,
               "height" : 5819.5584939999999,
               "lla" : [ 122.1096537, -28.154327630000001, -80026.429669999998 ],
               "radarID" : 12903,
               "targetType" : 3,
               "trueID" : 811,
               "velocity" : [ 266.11019349999998, 109.94322440000001, 84.248752600000003 ]
            }
         ]
      },
      {
         "radarID" : 12917,
         "tracks" : [
            {
               "detectedID" : 1006,
               "detectedTime" : 854.39999999999998,
               "entityID" : 12917,
               "height" : 2888.7973310000002,
               "lla" : [ 122.1100534, -28.154665300000001, -82841.688049999997 ],
               "radarID" : 12917,
               "targetType" : 3,
               "trueID" : 811,
               "velocity" : [ 266.11019349999998, 109.94322440000001, 84.248752600000003 ]
            }
         ]
      },
      {
         "radarID" : 13072,
         "tracks" : [
            {
               "detectedID" : 1003,
               "detectedTime" : 854.39999999999998,
               "entityID" : 13072,
               "height" : 977.34156910000002,
               "lla" : [ 121.28079099999999, -27.59925453, -69549.820430000007 ],
               "radarID" : 13072,
               "targetType" : 3,
               "trueID" : 781,
               "velocity" : [ 246.110635, 42.714725319999999, 166.1475476 ]
            }
         ]
      }
   ],
   "terminator" : 0
}
