{
   "data" : [
      {
         "radarID" : 12981,
         "tracks" : [
            {
               "detectedID" : 1004,
               "detectedTime" : 855.14999999999998,
               "entityID" : 12981,
               "height" : 1818.0095229999999,
               "lla" : [ 121.5992427, -27.812824930000001, -36248.45938 ],
               "radarID" : 12981,
               "targetType" : 3,
               "trueID" : 799,
               "velocity" : [ 260.03636829999999, 148.51622219999999, 18.00052423 ]
            }
         ]
      }
   ],
   "terminator" : 0
}
