{
   "data" : [
      {
         "radarID" : 13079,
         "tracks" : [
            {
               "detectedID" : 1003,
               "detectedTime" : 860.0,
               "entityID" : 13079,
               "height" : 977.01018290000002,
               "lla" : [ 121.2674504, -27.590265670000001, -70642.42121 ],
               "radarID" : 13079,
               "targetType" : 3,
               "trueID" : 781,
               "velocity" : [ 246.14662949999999, 42.655469519999997, 166.10944499999999 ]
            }
         ]
      }
   ],
   "terminator" : 0
}
