{
   "data" : [
      {
         "radarID" : 13058,
         "tracks" : [
            {
               "detectedID" : 1002,
               "detectedTime" : 862.04999999999995,
               "entityID" : 13058,
               "height" : 5003.8683410000003,
               "lla" : [ 121.84240130000001, -27.975410060000002, -33315.59964 ],
               "radarID" : 13058,
               "targetType" : 3,
               "trueID" : 793,
               "velocity" : [ 251.7020583, 58.409337899999997, 152.42841949999999 ]
            }
         ]
      },
      {
         "radarID" : 13114,
         "tracks" : [
            {
               "detectedID" : 1001,
               "detectedTime" : 862.04999999999995,
               "entityID" : 13114,
               "height" : 2262.5812080000001,
               "lla" : [ 121.6655025, -27.858984880000001, -104533.49890000001 ],
               "radarID" : 13114,
               "targetType" : 3,
               "trueID" : 817,
               "velocity" : [ 266.79274079999999, 104.4972396, 88.892971509999995 ]
            }
         ]
      }
   ],
   "terminator" : 0
}
