{
   "data" : [
      {
         "radarID" : 13093,
         "tracks" : [
            {
               "detectedID" : 1005,
               "detectedTime" : 862.45000000000005,
               "entityID" : 13093,
               "height" : 2223.8033209999999,
               "lla" : [ 121.7837435, -27.937477179999998, -81243.186360000007 ],
               "radarID" : 13093,
               "targetType" : 3,
               "trueID" : 805,
               "velocity" : [ 265.4477321, 129.93876900000001, 51.511336700000001 ]
            }
         ]
      },
      {
         "radarID" : 13107,
         "tracks" : [
            {
               "detectedID" : 1005,
               "detectedTime" : 862.45000000000005,
               "entityID" : 13107,
               "height" : 6040.9002819999996,
               "lla" : [ 121.78251280000001, -27.936559689999999, -77527.543319999997 ],
               "radarID" : 13107,
               "targetType" : 3,
               "trueID" : 805,
               "velocity" : [ 265.4477321, 129.93876900000001, 51.511336700000001 ]
            }
         ]
      }
   ],
   "terminator" : 0
}
