{
   "data" : [
      {
         "radarID" : 12995,
         "tracks" : [
            {
               "detectedID" : 1005,
               "detectedTime" : 864.25,
               "entityID" : 12995,
               "height" : 5558.8524049999996,
               "lla" : [ 121.7770859, -27.932953390000002, -78273.359460000007 ],
               "radarID" : 12995,
               "targetType" : 3,
               "trueID" : 805,
               "velocity" : [ 265.45935050000003, 129.91995800000001, 51.498909990000001 ]
            }
         ]
      },
      {
         "radarID" : 13002,
         "tracks" : [
            {
               "detectedID" : 1005,
               "detectedTime" : 864.25,
               "entityID" : 13002,
               "height" : 691.89579049999998,
               "lla" : [ 121.7779835, -27.93367288, -82938.201010000004 ],
               "radarID" : 13002,
               "targetType" : 3,
               "trueID" : 805,
               "velocity" : [ 265.45935050000003, 129.91995800000001, 51.498909990000001 ]
            }
         ]
      }
   ],
   "terminator" : 0
}
