{
   "data" : [
      {
         "radarID" : 12903,
         "tracks" : [
            {
               "detectedID" : 1006,
               "detectedTime" : 864.39999999999998,
               "entityID" : 12903,
               "height" : 5817.3093319999998,
               "lla" : [ 122.0803985, -28.13496967, -81699.762329999998 ],
               "radarID" : 12903,
               "targetType" : 3,
               "trueID" : 811,
               "velocity" : [ 266.17513339999999, 109.8392932, 84.179142529999993 ]
            }
         ]
      },
      {
         "radarID" : 12917,
         "tracks" : [
            {
               "detectedID" : 1006,
               "detectedTime" : 864.39999999999998,
               "entityID" : 12917,
               "height" : 2831.9372349999999,
               "lla" : [ 122.08077950000001, -28.13529668, -84574.124859999996 ],
               "radarID" : 12917,
               "targetType" : 3,
               "trueID" : 811,
               "velocity" : [ 266.17513339999999, 109.8392932, 84.179142529999993 ]
            }
         ]
      }
   ],
   "terminator" : 0
}
