{
   "data" : [
      {
         "radarID" : 12924,
         "tracks" : [
            {
               "detectedID" : 1001,
               "detectedTime" : 864.54999999999995,
               "entityID" : 12924,
               "height" : 5085.0502939999997,
               "lla" : [ 121.65703259999999, -27.85325121, -102220.2507 ],
               "radarID" : 12924,
               "targetType" : 3,
               "trueID" : 817,
               "velocity" : [ 266.80876840000002, 104.4711472, 88.875533869999998 ]
            }
         ]
      },
      {
         "radarID" : 13009,
         "tracks" : [
            {
               "detectedID" : 1002,
               "detectedTime" : 864.54999999999995,
               "entityID" : 13009,
               "height" : 1573.5894639999999,
               "lla" : [ 121.8364705, -27.971550310000001, -37132.742570000002 ],
               "radarID" : 13009,
               "targetType" : 3,
               "trueID" : 793,
               "velocity" : [ 251.71839660000001, 58.383024140000003, 152.41151959999999 ]
            }
         ]
      },
      {
         "radarID" : 13016,
         "tracks" : [
            {
               "detectedID" : 1002,
               "detectedTime" : 864.54999999999995,
               "entityID" : 13016,
               "height" : 1537.615618,
               "lla" : [ 121.83646210000001, -27.971545620000001, -37169.151530000003 ],
               "radarID" : 13016,
               "targetType" : 3,
               "trueID" : 793,
               "velocity" : [ 251.71839660000001, 58.383024140000003, 152.41151959999999 ]
            }
         ]
      }
   ],
   "terminator" : 0
}
