{
   "data" : [
      {
         "radarID" : 12981,
         "tracks" : [
            {
               "detectedID" : 1002,
               "detectedTime" : 864.89999999999998,
               "entityID" : 12981,
               "height" : 1391.834517,
               "lla" : [ 121.83534520000001, -27.970805810000002, -37379.332999999999 ],
               "radarID" : 12981,
               "targetType" : 3,
               "trueID" : 793,
               "velocity" : [ 251.7206837, 58.379340149999997, 152.40915340000001 ]
            }
         ]
      }
   ],
   "terminator" : 0
}
