{
   "data" : [
      {
         "radarID" : 12931,
         "tracks" : [
            {
               "detectedID" : 1002,
               "detectedTime" : 865.25,
               "entityID" : 12931,
               "height" : 5008.9217410000001,
               "lla" : [ 121.8344371, -27.97011268, -33934.38364 ],
               "radarID" : 12931,
               "targetType" : 3,
               "trueID" : 793,
               "velocity" : [ 251.72297069999999, 58.375656139999997, 152.4067872 ]
            }
         ]
      },
      {
         "radarID" : 12938,
         "tracks" : [
            {
               "detectedID" : 1002,
               "detectedTime" : 865.25,
               "entityID" : 12938,
               "height" : 5010.6029509999998,
               "lla" : [ 121.8343979, -27.97008632, -33928.02622 ],
               "radarID" : 12938,
               "targetType" : 3,
               "trueID" : 793,
               "velocity" : [ 251.72297069999999, 58.375656139999997, 152.4067872 ]
            }
         ]
      },
      {
         "radarID" : 12974,
         "tracks" : [
            {
               "detectedID" : 1002,
               "detectedTime" : 865.25,
               "entityID" : 12974,
               "height" : 5007.8505949999999,
               "lla" : [ 121.83443939999999, -27.970114169999999, -33934.707040000001 ],
               "radarID" : 12974,
               "targetType" : 3,
               "trueID" : 793,
               "velocity" : [ 251.72297069999999, 58.375656139999997, 152.4067872 ]
            }
         ]
      },
      {
         "radarID" : 12988,
         "tracks" : [
            {
               "detectedID" : 1004,
               "detectedTime" : 865.25,
               "entityID" : 12988,
               "height" : 5003.832899,
               "lla" : [ 121.56853820000001, -27.792174970000001, -34455.419139999998 ],
               "radarID" : 12988,
               "targetType" : 3,
               "trueID" : 799,
               "velocity" : [ 260.1018947, 148.4096432, 17.932711810000001 ]
            }
         ]
      }
   ],
   "terminator" : 0
}
