{
   "data" : [
      {
         "radarID" : 13093,
         "tracks" : [
            {
               "detectedID" : 1001,
               "detectedTime" : 872.10000000000002,
               "entityID" : 13093,
               "height" : 1953.8527039999999,
               "lla" : [ 121.63633830000001, -27.839494999999999, -106534.3649 ],
               "radarID" : 13093,
               "targetType" : 3,
               "trueID" : 817,
               "velocity" : [ 266.85714940000003, 104.3923393, 88.822864719999998 ]
            }
         ]
      },
      {
         "radarID" : 13107,
         "tracks" : [
            {
               "detectedID" : 1001,
               "detectedTime" : 872.10000000000002,
               "entityID" : 13107,
               "height" : 5242.0393350000004,
               "lla" : [ 121.6349877, -27.8385073, -103344.7975 ],
               "radarID" : 13107,
               "targetType" : 3,
               "trueID" : 817,
               "velocity" : [ 266.85714940000003, 104.3923393, 88.822864719999998 ]
            }
         ]
      }
   ],
   "terminator" : 0
}
