{
   "data" : [
      {
         "radarID" : 13114,
         "tracks" : [
            {
               "detectedID" : 1005,
               "detectedTime" : 872.39999999999998,
               "entityID" : 13114,
               "height" : 2361.7217190000001,
               "lla" : [ 121.75362029999999, -27.91738312, -82601.694629999998 ],
               "radarID" : 13114,
               "targetType" : 3,
               "trueID" : 805,
               "velocity" : [ 265.51193219999999, 129.83477439999999, 51.442640009999998 ]
            }
         ]
      }
   ],
   "terminator" : 0
}
