{
   "data" : [
      {
         "radarID" : 13079,
         "tracks" : [
            {
               "detectedID" : 1002,
               "detectedTime" : 872.5,
               "entityID" : 13079,
               "height" : 5003.9447570000002,
               "lla" : [ 121.8162789, -27.958030279999999, -35316.841899999999 ],
               "radarID" : 13079,
               "targetType" : 3,
               "trueID" : 793,
               "velocity" : [ 251.77032919999999, 58.299341179999999, 152.35776369999999 ]
            }
         ]
      },
      {
         "radarID" : 13086,
         "tracks" : [
            {
               "detectedID" : 1002,
               "detectedTime" : 872.5,
               "entityID" : 13086,
               "height" : 5003.4900809999999,
               "lla" : [ 121.8162511, -27.958011719999998, -35318.482790000002 ],
               "radarID" : 13086,
               "targetType" : 3,
               "trueID" : 793,
               "velocity" : [ 251.77032919999999, 58.299341179999999, 152.35776369999999 ]
            }
         ]
      }
   ],
   "terminator" : 0
}
