{
   "data" : [
      {
         "radarID" : 13114,
         "tracks" : [
            {
               "detectedID" : 1002,
               "detectedTime" : 873.04999999999995,
               "entityID" : 13114,
               "height" : 2903.7092619999999,
               "lla" : [ 121.81564969999999, -27.957664659999999, -37463.062310000001 ],
               "radarID" : 13114,
               "targetType" : 3,
               "trueID" : 793,
               "velocity" : [ 251.77392069999999, 58.2935515, 152.35404399999999 ]
            }
         ]
      }
   ],
   "terminator" : 0
}
