{
   "data" : [
      {
         "radarID" : 12995,
         "tracks" : [
            {
               "detectedID" : 1006,
               "detectedTime" : 873.60000000000002,
               "entityID" : 12995,
               "height" : 5819.0316439999997,
               "lla" : [ 122.05345269999999, -28.117128109999999, -83241.374909999999 ],
               "radarID" : 12995,
               "targetType" : 3,
               "trueID" : 811,
               "velocity" : [ 266.23482610000002, 109.7436553, 84.115084769999996 ]
            }
         ]
      }
   ],
   "terminator" : 0
}
