{
   "data" : [
      {
         "radarID" : 12995,
         "tracks" : [
            {
               "detectedID" : 1001,
               "detectedTime" : 874.14999999999998,
               "entityID" : 12995,
               "height" : 5587.5465940000004,
               "lla" : [ 121.6290303, -27.83451393, -103349.9192 ],
               "radarID" : 12995,
               "targetType" : 3,
               "trueID" : 817,
               "velocity" : [ 266.87028020000002, 104.3709389, 88.808561889999993 ]
            }
         ]
      },
      {
         "radarID" : 13002,
         "tracks" : [
            {
               "detectedID" : 1001,
               "detectedTime" : 874.14999999999998,
               "entityID" : 13002,
               "height" : 249.77471120000001,
               "lla" : [ 121.63057240000001, -27.83567773, -108383.40700000001 ],
               "radarID" : 13002,
               "targetType" : 3,
               "trueID" : 817,
               "velocity" : [ 266.87028020000002, 104.3709389, 88.808561889999993 ]
            }
         ]
      }
   ],
   "terminator" : 0
}
