{
   "data" : [
      {
         "radarID" : 13072,
         "tracks" : [
            {
               "detectedID" : 1004,
               "detectedTime" : 874.20000000000005,
               "entityID" : 13072,
               "height" : 5001.7245149999999,
               "lla" : [ 121.541178, -27.773831489999999, -35615.540889999997 ],
               "radarID" : 13072,
               "targetType" : 3,
               "trueID" : 799,
               "velocity" : [ 260.15991129999998, 148.31517149999999, 17.87261719 ]
            }
         ]
      }
   ],
   "terminator" : 0
}
