{
   "data" : [
      {
         "radarID" : 13128,
         "tracks" : [
            {
               "detectedID" : 1004,
               "detectedTime" : 881.14999999999998,
               "entityID" : 13128,
               "height" : 3864.8014189999999,
               "lla" : [ 121.52027579999999, -27.75983892, -37652.960420000003 ],
               "radarID" : 13128,
               "targetType" : 3,
               "trueID" : 799,
               "velocity" : [ 260.20493160000001, 148.24179269999999, 17.825949319999999 ]
            }
         ]
      }
   ],
   "terminator" : 0
}
