{
   "data" : [
      {
         "radarID" : 12981,
         "tracks" : [
            {
               "detectedID" : 1002,
               "detectedTime" : 884.95000000000005,
               "entityID" : 12981,
               "height" : 1316.4171040000001,
               "lla" : [ 121.7851617, -27.937404539999999, -41291.403460000001 ],
               "radarID" : 12981,
               "targetType" : 3,
               "trueID" : 793,
               "velocity" : [ 251.85158670000001, 58.168274609999997, 152.27353719999999 ]
            }
         ]
      },
      {
         "radarID" : 13016,
         "tracks" : [
            {
               "detectedID" : 1004,
               "detectedTime" : 884.95000000000005,
               "entityID" : 13016,
               "height" : 1840.669574,
               "lla" : [ 121.5083803, -27.7519049, -40086.797789999997 ],
               "radarID" : 13016,
               "targetType" : 3,
               "trueID" : 799,
               "velocity" : [ 260.22953530000001, 148.20166520000001, 17.800432260000001 ]
            }
         ]
      }
   ],
   "terminator" : 0
}
