{
   "data" : [
      {
         "radarID" : 12988,
         "tracks" : [
            {
               "detectedID" : 1002,
               "detectedTime" : 885.04999999999995,
               "entityID" : 12988,
               "height" : 5006.8606900000004,
               "lla" : [ 121.78488919999999, -27.93713198, -37720.592729999997 ],
               "radarID" : 12988,
               "targetType" : 3,
               "trueID" : 793,
               "velocity" : [ 251.852239, 58.167221789999999, 152.27286050000001 ]
            }
         ]
      }
   ],
   "terminator" : 0
}
