{
   "data" : [
      {
         "radarID" : 13065,
         "tracks" : [
            {
               "detectedID" : 1003,
               "detectedTime" : 24.050000000000001,
               "entityID" : 13065,
               "height" : 4717.8419750000003,
               "lla" : [ 122.52447669999999, -28.4240207, 77042.50013 ],
               "radarID" : 13065,
               "targetType" : 3,
               "trueID" : 781,
               "velocity" : [ -11.79609739, -178.3559717, 240.93567479999999 ]
            }
         ]
      },
      {
         "radarID" : 13079,
         "tracks" : [
            {
               "detectedID" : 1002,
               "detectedTime" : 24.050000000000001,
               "entityID" : 13079,
               "height" : 4526.1833299999998,
               "lla" : [ 122.27672870000001, -28.261212409999999, 64685.107770000002 ],
               "radarID" : 13079,
               "targetType" : 3,
               "trueID" : 793,
               "velocity" : [ -145.44815460000001, -196.11187770000001, 174.31283869999999 ]
            }
         ]
      },
      {
         "radarID" : 13086,
         "tracks" : [
            {
               "detectedID" : 1002,
               "detectedTime" : 24.050000000000001,
               "entityID" : 13086,
               "height" : 4525.9730769999996,
               "lla" : [ 122.2767242, -28.261209449999999, 64684.216970000001 ],
               "radarID" : 13086,
               "targetType" : 3,
               "trueID" : 793,
               "velocity" : [ -145.44815460000001, -196.11187770000001, 174.31283869999999 ]
            }
         ]
      }
   ],
   "terminator" : 0
}
