{
   "data" : [
      {
         "radarID" : 13037,
         "tracks" : [
            {
               "detectedID" : 1004,
               "detectedTime" : 889.85000000000002,
               "entityID" : 13037,
               "height" : 130.5193031,
               "lla" : [ 121.4931866, -27.741754270000001, -42656.693290000003 ],
               "radarID" : 13037,
               "targetType" : 3,
               "trueID" : 799,
               "velocity" : [ 260.2612489, 148.1499149, 17.76752784 ]
            }
         ]
      }
   ],
   "terminator" : 0
}
