{
   "data" : [
      {
         "radarID" : 13065,
         "tracks" : [
            {
               "detectedID" : 1006,
               "detectedTime" : 890.75,
               "entityID" : 13065,
               "height" : 5797.411752,
               "lla" : [ 122.0032245, -28.08384118, -86136.722389999995 ],
               "radarID" : 13065,
               "targetType" : 3,
               "trueID" : 811,
               "velocity" : [ 266.34596829999998, 109.5653193, 83.995630590000005 ]
            }
         ]
      },
      {
         "radarID" : 13079,
         "tracks" : [
            {
               "detectedID" : 1005,
               "detectedTime" : 890.75,
               "entityID" : 13079,
               "height" : 5478.5804079999998,
               "lla" : [ 121.69691280000001, -27.879444660000001, -82322.782290000003 ],
               "radarID" : 13079,
               "targetType" : 3,
               "trueID" : 805,
               "velocity" : [ 265.63017930000001, 129.642911, 51.31591847 ]
            }
         ]
      },
      {
         "radarID" : 13086,
         "tracks" : [
            {
               "detectedID" : 1005,
               "detectedTime" : 890.75,
               "entityID" : 13086,
               "height" : 5478.188279,
               "lla" : [ 121.69689940000001, -27.879435669999999, -82322.629719999997 ],
               "radarID" : 13086,
               "targetType" : 3,
               "trueID" : 805,
               "velocity" : [ 265.63017930000001, 129.642911, 51.31591847 ]
            }
         ]
      }
   ],
   "terminator" : 0
}
