{
   "data" : [
      {
         "radarID" : 13023,
         "tracks" : [
            {
               "detectedID" : 1004,
               "detectedTime" : 891.35000000000002,
               "entityID" : 13023,
               "height" : 5002.0541350000003,
               "lla" : [ 121.4888558, -27.738720130000001, -37838.087469999999 ],
               "radarID" : 13023,
               "targetType" : 3,
               "trueID" : 799,
               "velocity" : [ 260.27095430000003, 148.13407140000001, 17.757454859999999 ]
            },
            {
               "detectedID" : 1002,
               "detectedTime" : 891.35000000000002,
               "entityID" : 13023,
               "height" : 5004.4703339999996,
               "lla" : [ 121.76899450000001, -27.926543710000001, -38928.877999999997 ],
               "radarID" : 13023,
               "targetType" : 3,
               "trueID" : 793,
               "velocity" : [ 251.89332390000001, 58.100891490000002, 152.2302196 ]
            }
         ]
      },
      {
         "radarID" : 13135,
         "tracks" : [
            {
               "detectedID" : 1002,
               "detectedTime" : 891.35000000000002,
               "entityID" : 13135,
               "height" : 1672.0609280000001,
               "lla" : [ 121.77005250000001, -27.927334609999999, -42238.254029999996 ],
               "radarID" : 13135,
               "targetType" : 3,
               "trueID" : 793,
               "velocity" : [ 251.89332390000001, 58.100891490000002, 152.2302196 ]
            }
         ]
      }
   ],
   "terminator" : 0
}
