{
   "data" : [
      {
         "radarID" : 13093,
         "tracks" : [
            {
               "detectedID" : 1005,
               "detectedTime" : 892.45000000000005,
               "entityID" : 13093,
               "height" : 1997.385914,
               "lla" : [ 121.6931112, -27.876993219999999, -85952.976620000001 ],
               "radarID" : 13093,
               "targetType" : 3,
               "trueID" : 805,
               "velocity" : [ 265.64112399999999, 129.62513129999999, 51.304176660000003 ]
            }
         ]
      },
      {
         "radarID" : 13107,
         "tracks" : [
            {
               "detectedID" : 1005,
               "detectedTime" : 892.45000000000005,
               "entityID" : 13107,
               "height" : 5279.3017090000003,
               "lla" : [ 121.6917656, -27.876010870000002, -82774.763720000003 ],
               "radarID" : 13107,
               "targetType" : 3,
               "trueID" : 805,
               "velocity" : [ 265.64112399999999, 129.62513129999999, 51.304176660000003 ]
            }
         ]
      }
   ],
   "terminator" : 0
}
