{
   "data" : [
      {
         "radarID" : 13065,
         "tracks" : [
            {
               "detectedID" : 1002,
               "detectedTime" : 892.54999999999995,
               "entityID" : 13065,
               "height" : 5003.7304409999997,
               "lla" : [ 121.7661288, -27.924634569999998, -39156.844230000002 ],
               "radarID" : 13065,
               "targetType" : 3,
               "trueID" : 793,
               "velocity" : [ 251.9011471, 58.088256579999999, 152.22209609999999 ]
            }
         ]
      }
   ],
   "terminator" : 0
}
