{
   "data" : [
      {
         "radarID" : 13114,
         "tracks" : [
            {
               "detectedID" : 1002,
               "detectedTime" : 893.0,
               "entityID" : 13114,
               "height" : 2731.5575119999999,
               "lla" : [ 121.7658259, -27.92449027, -41448.491540000003 ],
               "radarID" : 13114,
               "targetType" : 3,
               "trueID" : 793,
               "velocity" : [ 251.90408059999999, 58.08351845, 152.21904960000001 ]
            }
         ]
      }
   ],
   "terminator" : 0
}
