{
   "data" : [
      {
         "radarID" : 13002,
         "tracks" : [
            {
               "detectedID" : 1006,
               "detectedTime" : 893.60000000000002,
               "entityID" : 13002,
               "height" : 537.32047939999995,
               "lla" : [ 121.9967542, -28.07968275, -91632.217210000003 ],
               "radarID" : 13002,
               "targetType" : 3,
               "trueID" : 811,
               "velocity" : [ 266.3644213, 109.5356764, 83.975774290000004 ]
            }
         ]
      }
   ],
   "terminator" : 0
}
