{
   "data" : [
      {
         "radarID" : 12995,
         "tracks" : [
            {
               "detectedID" : 1005,
               "detectedTime" : 894.35000000000002,
               "entityID" : 12995,
               "height" : 5422.4036939999996,
               "lla" : [ 121.6860176, -27.87216652, -82917.791370000006 ],
               "radarID" : 12995,
               "targetType" : 3,
               "trueID" : 805,
               "velocity" : [ 265.65335440000001, 129.60525899999999, 51.291053060000003 ]
            }
         ]
      },
      {
         "radarID" : 13002,
         "tracks" : [
            {
               "detectedID" : 1005,
               "detectedTime" : 894.35000000000002,
               "entityID" : 13002,
               "height" : 616.31687520000003,
               "lla" : [ 121.6867987, -27.87280758, -87515.51539 ],
               "radarID" : 13002,
               "targetType" : 3,
               "trueID" : 805,
               "velocity" : [ 265.65335440000001, 129.60525899999999, 51.291053060000003 ]
            }
         ]
      },
      {
         "radarID" : 13009,
         "tracks" : [
            {
               "detectedID" : 1005,
               "detectedTime" : 894.35000000000002,
               "entityID" : 13009,
               "height" : 293.67073340000002,
               "lla" : [ 121.6870662, -27.872993619999999, -87786.979680000004 ],
               "radarID" : 13009,
               "targetType" : 3,
               "trueID" : 805,
               "velocity" : [ 265.65335440000001, 129.60525899999999, 51.291053060000003 ]
            }
         ]
      }
   ],
   "terminator" : 0
}
