{
   "data" : [
      {
         "radarID" : 12924,
         "tracks" : [
            {
               "detectedID" : 1006,
               "detectedTime" : 894.39999999999998,
               "entityID" : 12924,
               "height" : 5613.026433,
               "lla" : [ 121.99257059999999, -28.07678035, -86932.736999999994 ],
               "radarID" : 12924,
               "targetType" : 3,
               "trueID" : 811,
               "velocity" : [ 266.36960019999998, 109.5273553, 83.970200320000004 ]
            }
         ]
      },
      {
         "radarID" : 13016,
         "tracks" : [
            {
               "detectedID" : 1005,
               "detectedTime" : 894.39999999999998,
               "entityID" : 13016,
               "height" : 276.72318580000001,
               "lla" : [ 121.68687749999999, -27.872867830000001, -87808.31422 ],
               "radarID" : 13016,
               "targetType" : 3,
               "trueID" : 805,
               "velocity" : [ 265.65367629999997, 129.604736, 51.290707699999999 ]
            }
         ]
      }
   ],
   "terminator" : 0
}
