{
   "data" : [
      {
         "radarID" : 12924,
         "tracks" : [
            {
               "detectedID" : 1001,
               "detectedTime" : 894.60000000000002,
               "entityID" : 12924,
               "height" : 4889.5141899999999,
               "lla" : [ 121.56954899999999, -27.794717349999999, -107482.91620000001 ],
               "radarID" : 12924,
               "targetType" : 3,
               "trueID" : 817,
               "velocity" : [ 267.00113210000001, 104.157404, 88.665837080000003 ]
            }
         ]
      },
      {
         "radarID" : 13009,
         "tracks" : [
            {
               "detectedID" : 1002,
               "detectedTime" : 894.60000000000002,
               "entityID" : 13009,
               "height" : 1424.9544370000001,
               "lla" : [ 121.7612826, -27.921494089999999, -43026.545940000004 ],
               "radarID" : 13009,
               "targetType" : 3,
               "trueID" : 793,
               "velocity" : [ 251.91450990000001, 58.066671540000002, 152.20821720000001 ]
            }
         ]
      }
   ],
   "terminator" : 0
}
