{
   "data" : [
      {
         "radarID" : 12981,
         "tracks" : [
            {
               "detectedID" : 1002,
               "detectedTime" : 895.0,
               "entityID" : 12981,
               "height" : 1280.7402030000001,
               "lla" : [ 121.7599958, -27.920639770000001, -43250.398260000002 ],
               "radarID" : 12981,
               "targetType" : 3,
               "trueID" : 793,
               "velocity" : [ 251.91711699999999, 58.062459760000003, 152.20550890000001 ]
            }
         ]
      }
   ],
   "terminator" : 0
}
