{
   "data" : [
      {
         "radarID" : 12981,
         "tracks" : [
            {
               "detectedID" : 1005,
               "detectedTime" : 895.20000000000005,
               "entityID" : 12981,
               "height" : 226.43707029999999,
               "lla" : [ 121.68300549999999, -27.87028068, -88011.01612 ],
               "radarID" : 12981,
               "targetType" : 3,
               "trueID" : 805,
               "velocity" : [ 265.65882520000002, 129.59636829999999, 51.28518184 ]
            }
         ]
      }
   ],
   "terminator" : 0
}
