{
   "data" : [
      {
         "radarID" : 12981,
         "tracks" : [
            {
               "detectedID" : 1004,
               "detectedTime" : 895.25,
               "entityID" : 12981,
               "height" : 1839.24632,
               "lla" : [ 121.4767035, -27.730636870000001, -41433.785649999998 ],
               "radarID" : 12981,
               "targetType" : 3,
               "trueID" : 799,
               "velocity" : [ 260.29618249999999, 148.0928749, 17.731264710000001 ]
            }
         ]
      }
   ],
   "terminator" : 0
}
