{
   "data" : [
      {
         "radarID" : 13065,
         "tracks" : [
            {
               "detectedID" : 1005,
               "detectedTime" : 900.45000000000005,
               "entityID" : 13065,
               "height" : 5474.6156339999998,
               "lla" : [ 121.6675513, -27.85982272, -83777.770699999994 ],
               "radarID" : 13065,
               "targetType" : 3,
               "trueID" : 805,
               "velocity" : [ 265.69260609999998, 129.54145120000001, 51.248916629999997 ]
            }
         ]
      }
   ],
   "terminator" : 0
}
