{
   "data" : [
      {
         "radarID" : 13023,
         "tracks" : [
            {
               "detectedID" : 1005,
               "detectedTime" : 900.79999999999995,
               "entityID" : 13023,
               "height" : 5476.6065319999998,
               "lla" : [ 121.66629810000001, -27.858984589999999, -83827.735530000005 ],
               "radarID" : 13023,
               "targetType" : 3,
               "trueID" : 805,
               "velocity" : [ 265.69485759999998, 129.53778980000001, 51.246498840000001 ]
            }
         ]
      },
      {
         "radarID" : 13135,
         "tracks" : [
            {
               "detectedID" : 1005,
               "detectedTime" : 900.79999999999995,
               "entityID" : 13135,
               "height" : 3082.9367510000002,
               "lla" : [ 121.66701949999999, -27.859529120000001, -86214.613570000001 ],
               "radarID" : 13135,
               "targetType" : 3,
               "trueID" : 805,
               "velocity" : [ 265.69485759999998, 129.53778980000001, 51.246498840000001 ]
            }
         ]
      },
      {
         "radarID" : 13142,
         "tracks" : [
            {
               "detectedID" : 1005,
               "detectedTime" : 900.79999999999995,
               "entityID" : 13142,
               "height" : 5481.210161,
               "lla" : [ 121.6666711, -27.85923455, -83832.852310000002 ],
               "radarID" : 13142,
               "targetType" : 3,
               "trueID" : 805,
               "velocity" : [ 265.69485759999998, 129.53778980000001, 51.246498840000001 ]
            }
         ]
      }
   ],
   "terminator" : 0
}
