{
   "data" : [
      {
         "radarID" : 13072,
         "tracks" : [
            {
               "detectedID" : 1001,
               "detectedTime" : 901.10000000000002,
               "entityID" : 13072,
               "height" : 5573.287687,
               "lla" : [ 121.550595, -27.782001860000001, -107924.467 ],
               "radarID" : 13072,
               "targetType" : 3,
               "trueID" : 817,
               "velocity" : [ 267.04267149999998, 104.0895123, 88.620454980000005 ]
            }
         ]
      },
      {
         "radarID" : 13121,
         "tracks" : [
            {
               "detectedID" : 1004,
               "detectedTime" : 901.10000000000002,
               "entityID" : 13121,
               "height" : 5009.821852,
               "lla" : [ 121.4591415, -27.718761090000001, -39098.766600000003 ],
               "radarID" : 13121,
               "targetType" : 3,
               "trueID" : 799,
               "velocity" : [ 260.33400849999998, 148.03107080000001, 17.691978349999999 ]
            }
         ]
      },
      {
         "radarID" : 13128,
         "tracks" : [
            {
               "detectedID" : 1004,
               "detectedTime" : 901.10000000000002,
               "entityID" : 13128,
               "height" : 3737.3156829999998,
               "lla" : [ 121.45934149999999, -27.718927740000002, -40368.147649999999 ],
               "radarID" : 13128,
               "targetType" : 3,
               "trueID" : 799,
               "velocity" : [ 260.33400849999998, 148.03107080000001, 17.691978349999999 ]
            }
         ]
      }
   ],
   "terminator" : 0
}
