{
   "data" : [
      {
         "radarID" : 13086,
         "tracks" : [
            {
               "detectedID" : 1002,
               "detectedTime" : 902.29999999999995,
               "entityID" : 13086,
               "height" : 5003.7640650000003,
               "lla" : [ 121.741732, -27.908374309999999, -41023.991560000002 ],
               "radarID" : 13086,
               "targetType" : 3,
               "trueID" : 793,
               "velocity" : [ 251.9646807, 57.985591319999997, 152.15607399999999 ]
            }
         ]
      }
   ],
   "terminator" : 0
}
