{
   "data" : [
      {
         "radarID" : 13009,
         "tracks" : [
            {
               "detectedID" : 1006,
               "detectedTime" : 903.25,
               "entityID" : 13009,
               "height" : 255.13247849999999,
               "lla" : [ 121.96953790000001, -28.061634359999999, -93484.348769999997 ],
               "radarID" : 13009,
               "targetType" : 3,
               "trueID" : 811,
               "velocity" : [ 266.42686680000003, 109.43529220000001, 83.908530319999997 ]
            }
         ]
      },
      {
         "radarID" : 13016,
         "tracks" : [
            {
               "detectedID" : 1006,
               "detectedTime" : 903.25,
               "entityID" : 13016,
               "height" : 235.4661399,
               "lla" : [ 121.9696273, -28.061694230000001, -93498.238809999995 ],
               "radarID" : 13016,
               "targetType" : 3,
               "trueID" : 811,
               "velocity" : [ 266.42686680000003, 109.43529220000001, 83.908530319999997 ]
            }
         ]
      }
   ],
   "terminator" : 0
}
