{
   "data" : [
      {
         "radarID" : 12981,
         "tracks" : [
            {
               "detectedID" : 1002,
               "detectedTime" : 905.0,
               "entityID" : 12981,
               "height" : 1246.6530889999999,
               "lla" : [ 121.7349471, -27.90394328, -45198.30644 ],
               "radarID" : 12981,
               "targetType" : 3,
               "trueID" : 793,
               "velocity" : [ 251.98226529999999, 57.957158849999999, 152.13778529999999 ]
            }
         ]
      },
      {
         "radarID" : 13009,
         "tracks" : [
            {
               "detectedID" : 1004,
               "detectedTime" : 905.0,
               "entityID" : 13009,
               "height" : 1857.510023,
               "lla" : [ 121.4471459, -27.71077717, -42672.767110000001 ],
               "radarID" : 13009,
               "targetType" : 3,
               "trueID" : 799,
               "velocity" : [ 260.35921489999998, 147.98986189999999, 17.665786690000001 ]
            }
         ]
      },
      {
         "radarID" : 13016,
         "tracks" : [
            {
               "detectedID" : 1004,
               "detectedTime" : 905.0,
               "entityID" : 13016,
               "height" : 1829.8103160000001,
               "lla" : [ 121.44715239999999, -27.710782259999998, -42702.663220000002 ],
               "radarID" : 13016,
               "targetType" : 3,
               "trueID" : 799,
               "velocity" : [ 260.35921489999998, 147.98986189999999, 17.665786690000001 ]
            }
         ]
      }
   ],
   "terminator" : 0
}
