{
   "data" : [
      {
         "radarID" : 13065,
         "tracks" : [
            {
               "detectedID" : 1006,
               "detectedTime" : 910.70000000000005,
               "entityID" : 13065,
               "height" : 5788.6508979999999,
               "lla" : [ 121.94481039999999, -28.045079690000001, -89486.463010000007 ],
               "radarID" : 13065,
               "targetType" : 3,
               "trueID" : 811,
               "velocity" : [ 266.4750386, 109.3577782, 83.856604720000007 ]
            }
         ]
      }
   ],
   "terminator" : 0
}
