{
   "data" : [
      {
         "radarID" : 13093,
         "tracks" : [
            {
               "detectedID" : 1001,
               "detectedTime" : 912.04999999999995,
               "entityID" : 13093,
               "height" : 1715.1414360000001,
               "lla" : [ 121.520042, -27.761619719999999, -113529.83719999999 ],
               "radarID" : 13093,
               "targetType" : 3,
               "trueID" : 817,
               "velocity" : [ 267.11259310000003, 103.97511900000001, 88.543984820000006 ]
            }
         ]
      },
      {
         "radarID" : 13107,
         "tracks" : [
            {
               "detectedID" : 1001,
               "detectedTime" : 912.04999999999995,
               "entityID" : 13107,
               "height" : 5407.0498909999997,
               "lla" : [ 121.5187224, -27.760640070000001, -109941.32000000001 ],
               "radarID" : 13107,
               "targetType" : 3,
               "trueID" : 817,
               "velocity" : [ 267.11259310000003, 103.97511900000001, 88.543984820000006 ]
            }
         ]
      }
   ],
   "terminator" : 0
}
