{
   "data" : [
      {
         "radarID" : 13009,
         "tracks" : [
            {
               "detectedID" : 1006,
               "detectedTime" : 913.25,
               "entityID" : 13009,
               "height" : 229.49447929999999,
               "lla" : [ 121.9403671, -28.042269439999998, -95171.948990000004 ],
               "radarID" : 13009,
               "targetType" : 3,
               "trueID" : 811,
               "velocity" : [ 266.49151940000002, 109.33124359999999, 83.838829160000003 ]
            }
         ]
      },
      {
         "radarID" : 13016,
         "tracks" : [
            {
               "detectedID" : 1006,
               "detectedTime" : 913.25,
               "entityID" : 13016,
               "height" : 210.86489280000001,
               "lla" : [ 121.94046760000001, -28.042336689999999, -95183.972039999993 ],
               "radarID" : 13016,
               "targetType" : 3,
               "trueID" : 811,
               "velocity" : [ 266.49151940000002, 109.33124359999999, 83.838829160000003 ]
            }
         ]
      }
   ],
   "terminator" : 0
}
