{
   "data" : [
      {
         "radarID" : 12903,
         "tracks" : [
            {
               "detectedID" : 1001,
               "detectedTime" : 914.85000000000002,
               "entityID" : 12903,
               "height" : 5571.6395419999999,
               "lla" : [ 121.510578, -27.755173849999998, -110257.3049 ],
               "radarID" : 12903,
               "targetType" : 3,
               "trueID" : 817,
               "velocity" : [ 267.13046120000001, 103.9458633, 88.524427020000005 ]
            }
         ]
      },
      {
         "radarID" : 12910,
         "tracks" : [
            {
               "detectedID" : 1005,
               "detectedTime" : 914.85000000000002,
               "entityID" : 12910,
               "height" : 3586.0992930000002,
               "lla" : [ 121.6240232, -27.830755239999998, -87743.239560000002 ],
               "radarID" : 12910,
               "targetType" : 3,
               "trueID" : 805,
               "velocity" : [ 265.7851794, 129.390781, 51.14943023 ]
            }
         ]
      },
      {
         "radarID" : 12917,
         "tracks" : [
            {
               "detectedID" : 1001,
               "detectedTime" : 914.85000000000002,
               "entityID" : 12917,
               "height" : 2198.7840660000002,
               "lla" : [ 121.5106517, -27.75530689, -113490.8259 ],
               "radarID" : 12917,
               "targetType" : 3,
               "trueID" : 817,
               "velocity" : [ 267.13046120000001, 103.9458633, 88.524427020000005 ]
            }
         ]
      }
   ],
   "terminator" : 0
}
