{
   "data" : [
      {
         "radarID" : 12931,
         "tracks" : [
            {
               "detectedID" : 1002,
               "detectedTime" : 915.39999999999998,
               "entityID" : 12931,
               "height" : 5007.886536,
               "lla" : [ 121.70899660000001, -27.88654214, -43539.422879999998 ],
               "radarID" : 12931,
               "targetType" : 3,
               "trueID" : 793,
               "velocity" : [ 252.04996030000001, 57.847632699999998, 152.067317 ]
            }
         ]
      },
      {
         "radarID" : 12981,
         "tracks" : [
            {
               "detectedID" : 1005,
               "detectedTime" : 915.39999999999998,
               "entityID" : 12981,
               "height" : 226.38781159999999,
               "lla" : [ 121.6215296, -27.829168209999999, -91048.083209999997 ],
               "radarID" : 12981,
               "targetType" : 3,
               "trueID" : 805,
               "velocity" : [ 265.78871270000002, 129.38502510000001, 51.145629929999998 ]
            }
         ]
      },
      {
         "radarID" : 12988,
         "tracks" : [
            {
               "detectedID" : 1004,
               "detectedTime" : 915.39999999999998,
               "entityID" : 12988,
               "height" : 5004.1850599999998,
               "lla" : [ 121.41538559999999, -27.68934548, -40956.905550000003 ],
               "radarID" : 12988,
               "targetType" : 3,
               "trueID" : 799,
               "velocity" : [ 260.42638920000002, 147.87994699999999, 17.59593933 ]
            }
         ]
      },
      {
         "radarID" : 13009,
         "tracks" : [
            {
               "detectedID" : 1003,
               "detectedTime" : 915.39999999999998,
               "entityID" : 13009,
               "height" : 953.30338570000004,
               "lla" : [ 121.1354254, -27.501158920000002, -81470.350860000006 ],
               "radarID" : 13009,
               "targetType" : 3,
               "trueID" : 781,
               "velocity" : [ 246.50179420000001, 42.069108030000002, 165.73187870000001 ]
            }
         ]
      }
   ],
   "terminator" : 0
}
