{
   "data" : [
      {
         "radarID" : 13030,
         "tracks" : [
            {
               "detectedID" : 1006,
               "detectedTime" : 201.84999999999999,
               "entityID" : 13030,
               "height" : 5472.9937309999996,
               "lla" : [ 124.00871220000001, -29.382581569999999, 30269.259330000001 ],
               "radarID" : 13030,
               "targetType" : 3,
               "trueID" : 811,
               "velocity" : [ 261.74617549999999, 116.6720632, 88.750038189999998 ]
            }
         ]
      },
      {
         "radarID" : 13037,
         "tracks" : [
            {
               "detectedID" : 1006,
               "detectedTime" : 201.84999999999999,
               "entityID" : 13037,
               "height" : 5411.28413,
               "lla" : [ 124.0089337, -29.38272319, 30220.5288 ],
               "radarID" : 13037,
               "targetType" : 3,
               "trueID" : 811,
               "velocity" : [ 261.74617549999999, 116.6720632, 88.750038189999998 ]
            }
         ]
      }
   ],
   "terminator" : 0
}
