{
   "data" : [
      {
         "radarID" : 13065,
         "tracks" : [
            {
               "detectedID" : 1003,
               "detectedTime" : 918.60000000000002,
               "entityID" : 13065,
               "height" : 978.62631780000004,
               "lla" : [ 121.12775689999999, -27.495974090000001, -82065.323759999999 ],
               "radarID" : 13065,
               "targetType" : 3,
               "trueID" : 781,
               "velocity" : [ 246.5222579, 42.03523036, 165.71003529999999 ]
            }
         ]
      }
   ],
   "terminator" : 0
}
