{
   "data" : [
      {
         "radarID" : 13037,
         "tracks" : [
            {
               "detectedID" : 1005,
               "detectedTime" : 920.04999999999995,
               "entityID" : 13037,
               "height" : 1536.895303,
               "lla" : [ 121.60832619999999, -27.82030404, -90662.045840000006 ],
               "radarID" : 13037,
               "targetType" : 3,
               "trueID" : 805,
               "velocity" : [ 265.81857869999999, 129.3363578, 51.113498790000001 ]
            }
         ]
      },
      {
         "radarID" : 13051,
         "tracks" : [
            {
               "detectedID" : 1001,
               "detectedTime" : 920.04999999999995,
               "entityID" : 13051,
               "height" : 1297.4461839999999,
               "lla" : [ 121.4955028, -27.74517114, -115407.3305 ],
               "radarID" : 13051,
               "targetType" : 3,
               "trueID" : 817,
               "velocity" : [ 267.16363269999999, 103.8915267, 88.488101310000005 ]
            }
         ]
      },
      {
         "radarID" : 13058,
         "tracks" : [
            {
               "detectedID" : 1001,
               "detectedTime" : 920.04999999999995,
               "entityID" : 13058,
               "height" : 5566.7553500000004,
               "lla" : [ 121.495434, -27.745014529999999, -111137.33689999999 ],
               "radarID" : 13058,
               "targetType" : 3,
               "trueID" : 817,
               "velocity" : [ 267.16363269999999, 103.8915267, 88.488101310000005 ]
            }
         ]
      },
      {
         "radarID" : 13065,
         "tracks" : [
            {
               "detectedID" : 1001,
               "detectedTime" : 920.04999999999995,
               "entityID" : 13065,
               "height" : 5566.5934660000003,
               "lla" : [ 121.4954417, -27.745019769999999, -111139.2977 ],
               "radarID" : 13065,
               "targetType" : 3,
               "trueID" : 817,
               "velocity" : [ 267.16363269999999, 103.8915267, 88.488101310000005 ]
            }
         ]
      }
   ],
   "terminator" : 0
}
