{
   "data" : [
      {
         "radarID" : 13051,
         "tracks" : [
            {
               "detectedID" : 1005,
               "detectedTime" : 920.25,
               "entityID" : 13051,
               "height" : 687.77382090000003,
               "lla" : [ 121.6079824, -27.820096020000001, -91542.369399999996 ],
               "radarID" : 13051,
               "targetType" : 3,
               "trueID" : 805,
               "velocity" : [ 265.819863, 129.33426449999999, 51.112116749999998 ]
            }
         ]
      },
      {
         "radarID" : 13058,
         "tracks" : [
            {
               "detectedID" : 1005,
               "detectedTime" : 920.25,
               "entityID" : 13058,
               "height" : 5467.7939909999996,
               "lla" : [ 121.60762510000001, -27.819733249999999, -86746.180349999995 ],
               "radarID" : 13058,
               "targetType" : 3,
               "trueID" : 805,
               "velocity" : [ 265.819863, 129.33426449999999, 51.112116749999998 ]
            }
         ]
      },
      {
         "radarID" : 13086,
         "tracks" : [
            {
               "detectedID" : 1001,
               "detectedTime" : 920.25,
               "entityID" : 13086,
               "height" : 5566.4937470000004,
               "lla" : [ 121.49485730000001, -27.744627619999999, -111171.78449999999 ],
               "radarID" : 13086,
               "targetType" : 3,
               "trueID" : 817,
               "velocity" : [ 267.16490820000001, 103.8894367, 88.486704059999994 ]
            }
         ]
      }
   ],
   "terminator" : 0
}
