{
   "data" : [
      {
         "radarID" : 13114,
         "tracks" : [
            {
               "detectedID" : 1006,
               "detectedTime" : 922.10000000000002,
               "entityID" : 13114,
               "height" : 2923.81997,
               "lla" : [ 121.91237460000001, -28.02360702, -94187.618990000003 ],
               "radarID" : 13114,
               "targetType" : 3,
               "trueID" : 811,
               "velocity" : [ 266.54868779999998, 109.2391405, 83.77712812 ]
            }
         ]
      }
   ],
   "terminator" : 0
}
