{
   "data" : [
      {
         "radarID" : 13114,
         "tracks" : [
            {
               "detectedID" : 1004,
               "detectedTime" : 923.35000000000002,
               "entityID" : 13114,
               "height" : 2098.4686649999999,
               "lla" : [ 121.39194550000001, -27.67364714, -44800.724889999998 ],
               "radarID" : 13114,
               "targetType" : 3,
               "trueID" : 799,
               "velocity" : [ 260.47769690000001, 147.7959018, 17.542543510000002 ]
            }
         ]
      }
   ],
   "terminator" : 0
}
