{
   "data" : [
      {
         "radarID" : 13135,
         "tracks" : [
            {
               "detectedID" : 1004,
               "detectedTime" : 202.75,
               "entityID" : 13135,
               "height" : 3381.576568,
               "lla" : [ 122.7151033, -28.549137040000002, 66716.285980000001 ],
               "radarID" : 13135,
               "targetType" : 3,
               "trueID" : 799,
               "velocity" : [ 115.0668527, -87.995726219999995, 262.7096717 ]
            }
         ]
      },
      {
         "radarID" : 13142,
         "tracks" : [
            {
               "detectedID" : 1004,
               "detectedTime" : 202.75,
               "entityID" : 13142,
               "height" : 4878.5496430000003,
               "lla" : [ 122.7149733, -28.549014570000001, 68223.701109999995 ],
               "radarID" : 13142,
               "targetType" : 3,
               "trueID" : 799,
               "velocity" : [ 115.0668527, -87.995726219999995, 262.7096717 ]
            }
         ]
      }
   ],
   "terminator" : 0
}
