{
   "data" : [
      {
         "radarID" : 12910,
         "tracks" : [
            {
               "detectedID" : 1001,
               "detectedTime" : 924.95000000000005,
               "entityID" : 12910,
               "height" : 2432.2876179999998,
               "lla" : [ 121.4811758, -27.735523839999999, -114972.9743 ],
               "radarID" : 12910,
               "targetType" : 3,
               "trueID" : 817,
               "velocity" : [ 267.19487570000001, 103.8403192, 88.453866450000007 ]
            }
         ]
      },
      {
         "radarID" : 13002,
         "tracks" : [
            {
               "detectedID" : 1004,
               "detectedTime" : 924.95000000000005,
               "entityID" : 13002,
               "height" : 2512.8450210000001,
               "lla" : [ 121.38616020000001, -27.669742620000001, -44613.07819 ],
               "radarID" : 13002,
               "targetType" : 3,
               "trueID" : 799,
               "velocity" : [ 260.48801859999998, 147.77898450000001, 17.531796889999999 ]
            }
         ]
      }
   ],
   "terminator" : 0
}
