{
   "data" : [
      {
         "radarID" : 12931,
         "tracks" : [
            {
               "detectedID" : 1006,
               "detectedTime" : 925.54999999999995,
               "entityID" : 12931,
               "height" : 5780.4920849999999,
               "lla" : [ 121.90130790000001, -28.016178539999999, -91978.71617 ],
               "radarID" : 12931,
               "targetType" : 3,
               "trueID" : 811,
               "velocity" : [ 266.57096139999999, 109.2032308, 83.753071219999995 ]
            },
            {
               "detectedID" : 1004,
               "detectedTime" : 925.54999999999995,
               "entityID" : 12931,
               "height" : 5010.9515080000001,
               "lla" : [ 121.3842878, -27.668420990000001, -42261.907570000003 ],
               "radarID" : 12931,
               "targetType" : 3,
               "trueID" : 799,
               "velocity" : [ 260.49188889999999, 147.77264030000001, 17.527766870000001 ]
            }
         ]
      },
      {
         "radarID" : 12938,
         "tracks" : [
            {
               "detectedID" : 1004,
               "detectedTime" : 925.54999999999995,
               "entityID" : 12938,
               "height" : 5010.817035,
               "lla" : [ 121.38430080000001, -27.668429759999999, -42261.916429999997 ],
               "radarID" : 12938,
               "targetType" : 3,
               "trueID" : 799,
               "velocity" : [ 260.49188889999999, 147.77264030000001, 17.527766870000001 ]
            }
         ]
      },
      {
         "radarID" : 12974,
         "tracks" : [
            {
               "detectedID" : 1004,
               "detectedTime" : 925.54999999999995,
               "entityID" : 12974,
               "height" : 5006.2667410000004,
               "lla" : [ 121.3844211, -27.668511160000001, -42272.786220000002 ],
               "radarID" : 12974,
               "targetType" : 3,
               "trueID" : 799,
               "velocity" : [ 260.49188889999999, 147.77264030000001, 17.527766870000001 ]
            }
         ]
      }
   ],
   "terminator" : 0
}
