{
   "data" : [
      {
         "radarID" : 12938,
         "tracks" : [
            {
               "detectedID" : 1001,
               "detectedTime" : 926.20000000000005,
               "entityID" : 12938,
               "height" : 5562.4996350000001,
               "lla" : [ 121.47749469999999, -27.732975369999998, -112179.09050000001 ],
               "radarID" : 12938,
               "targetType" : 3,
               "trueID" : 817,
               "velocity" : [ 267.20284359999999, 103.8272552, 88.445132319999999 ]
            }
         ]
      },
      {
         "radarID" : 12974,
         "tracks" : [
            {
               "detectedID" : 1001,
               "detectedTime" : 926.20000000000005,
               "entityID" : 12974,
               "height" : 5561.95327,
               "lla" : [ 121.4775301, -27.73299922, -112179.98420000001 ],
               "radarID" : 12974,
               "targetType" : 3,
               "trueID" : 817,
               "velocity" : [ 267.20284359999999, 103.8272552, 88.445132319999999 ]
            }
         ]
      }
   ],
   "terminator" : 0
}
