{
   "data" : [
      {
         "radarID" : 13023,
         "tracks" : [
            {
               "detectedID" : 1001,
               "detectedTime" : 930.5,
               "entityID" : 13023,
               "height" : 5570.3022259999998,
               "lla" : [ 121.4653014, -27.72479036, -112919.2234 ],
               "radarID" : 13023,
               "targetType" : 3,
               "trueID" : 817,
               "velocity" : [ 267.23024620000001, 103.7823123, 88.415084539999995 ]
            }
         ]
      },
      {
         "radarID" : 13051,
         "tracks" : [
            {
               "detectedID" : 1006,
               "detectedTime" : 930.5,
               "entityID" : 13051,
               "height" : 1336.9827250000001,
               "lla" : [ 121.8873698, -28.007027900000001, -97241.281910000005 ],
               "radarID" : 13051,
               "targetType" : 3,
               "trueID" : 811,
               "velocity" : [ 266.60290680000003, 109.15170329999999, 83.718550949999994 ]
            }
         ]
      },
      {
         "radarID" : 13058,
         "tracks" : [
            {
               "detectedID" : 1006,
               "detectedTime" : 930.5,
               "entityID" : 13058,
               "height" : 5779.8083360000001,
               "lla" : [ 121.88678280000001, -28.006522100000002, -92807.651610000001 ],
               "radarID" : 13058,
               "targetType" : 3,
               "trueID" : 811,
               "velocity" : [ 266.60290680000003, 109.15170329999999, 83.718550949999994 ]
            }
         ]
      }
   ],
   "terminator" : 0
}
