{
   "data" : [
      {
         "radarID" : 13079,
         "tracks" : [
            {
               "detectedID" : 1006,
               "detectedTime" : 930.75,
               "entityID" : 13079,
               "height" : 5779.3314170000003,
               "lla" : [ 121.8860536, -28.00603727, -92850.076100000006 ],
               "radarID" : 13079,
               "targetType" : 3,
               "trueID" : 811,
               "velocity" : [ 266.60451979999999, 109.14910070000001, 83.716807380000006 ]
            }
         ]
      },
      {
         "radarID" : 13086,
         "tracks" : [
            {
               "detectedID" : 1006,
               "detectedTime" : 930.75,
               "entityID" : 13086,
               "height" : 5777.4509269999999,
               "lla" : [ 121.8859927, -28.005996710000002, -92849.81293 ],
               "radarID" : 13086,
               "targetType" : 3,
               "trueID" : 811,
               "velocity" : [ 266.60451979999999, 109.14910070000001, 83.716807380000006 ]
            }
         ]
      },
      {
         "radarID" : 13135,
         "tracks" : [
            {
               "detectedID" : 1005,
               "detectedTime" : 930.75,
               "entityID" : 13135,
               "height" : 2996.9672519999999,
               "lla" : [ 121.5762106, -27.798758830000001, -90778.34822 ],
               "radarID" : 13135,
               "targetType" : 3,
               "trueID" : 805,
               "velocity" : [ 265.88725440000002, 129.2243474, 51.039553269999999 ]
            }
         ]
      }
   ],
   "terminator" : 0
}
