{
   "data" : [
      {
         "radarID" : 13142,
         "tracks" : [
            {
               "detectedID" : 1004,
               "detectedTime" : 931.14999999999998,
               "entityID" : 13142,
               "height" : 5001.1607560000002,
               "lla" : [ 121.36718999999999, -27.656910549999999, -42992.693330000002 ],
               "radarID" : 13142,
               "targetType" : 3,
               "trueID" : 799,
               "velocity" : [ 260.52800130000003, 147.7134222, 17.49015275 ]
            }
         ]
      }
   ],
   "terminator" : 0
}
