{
   "data" : [
      {
         "radarID" : 13086,
         "tracks" : [
            {
               "detectedID" : 1004,
               "detectedTime" : 934.35000000000002,
               "entityID" : 13086,
               "height" : 5000.7349830000003,
               "lla" : [ 121.35749029999999, -27.65037852, -43406.30672 ],
               "radarID" : 13086,
               "targetType" : 3,
               "trueID" : 799,
               "velocity" : [ 260.54862889999998, 147.67957870000001, 17.46865841 ]
            }
         ]
      }
   ],
   "terminator" : 0
}
