{
   "data" : [
      {
         "radarID" : 12995,
         "tracks" : [
            {
               "detectedID" : 1001,
               "detectedTime" : 203.30000000000001,
               "entityID" : 12995,
               "height" : 7339.8881220000003,
               "lla" : [ 123.568476, -29.102584060000002, 13222.26771 ],
               "radarID" : 12995,
               "targetType" : 3,
               "trueID" : 817,
               "velocity" : [ 262.44180949999998, 111.3215972, 93.444093600000002 ]
            }
         ]
      },
      {
         "radarID" : 13030,
         "tracks" : [
            {
               "detectedID" : 1004,
               "detectedTime" : 203.30000000000001,
               "entityID" : 13030,
               "height" : 1467.7190149999999,
               "lla" : [ 122.7152679, -28.549293939999998, 64732.439639999997 ],
               "radarID" : 13030,
               "targetType" : 3,
               "trueID" : 799,
               "velocity" : [ 115.0705914, -88.001543789999999, 262.70608540000001 ]
            }
         ]
      },
      {
         "radarID" : 13037,
         "tracks" : [
            {
               "detectedID" : 1004,
               "detectedTime" : 203.30000000000001,
               "entityID" : 13037,
               "height" : 1460.4082960000001,
               "lla" : [ 122.7152696, -28.549295180000001, 64727.488599999997 ],
               "radarID" : 13037,
               "targetType" : 3,
               "trueID" : 799,
               "velocity" : [ 115.0705914, -88.001543789999999, 262.70608540000001 ]
            }
         ]
      }
   ],
   "terminator" : 0
}
