{
   "data" : [
      {
         "radarID" : 12931,
         "tracks" : [
            {
               "detectedID" : 1006,
               "detectedTime" : 935.60000000000002,
               "entityID" : 12931,
               "height" : 5775.7881120000002,
               "lla" : [ 121.8718616, -27.99659905, -93664.406260000003 ],
               "radarID" : 12931,
               "targetType" : 3,
               "trueID" : 811,
               "velocity" : [ 266.63580510000003, 109.09860810000001, 83.682979840000002 ]
            },
            {
               "detectedID" : 1004,
               "detectedTime" : 935.60000000000002,
               "entityID" : 12931,
               "height" : 5005.8961449999997,
               "lla" : [ 121.3537839, -27.647882429999999, -43576.34418 ],
               "radarID" : 12931,
               "targetType" : 3,
               "trueID" : 799,
               "velocity" : [ 260.55668489999999, 147.66635769999999, 17.46026208 ]
            }
         ]
      }
   ],
   "terminator" : 0
}
