{
   "data" : [
      {
         "radarID" : 12974,
         "tracks" : [
            {
               "detectedID" : 1005,
               "detectedTime" : 203.65000000000001,
               "entityID" : 12974,
               "height" : 5732.2458559999995,
               "lla" : [ 123.7683881, -29.230061710000001, 22499.880519999999 ],
               "radarID" : 12974,
               "targetType" : 3,
               "trueID" : 805,
               "velocity" : [ 261.06862949999999, 136.7602832, 56.03387918 ]
            }
         ]
      },
      {
         "radarID" : 13058,
         "tracks" : [
            {
               "detectedID" : 1004,
               "detectedTime" : 203.65000000000001,
               "entityID" : 13058,
               "height" : 4876.0846140000003,
               "lla" : [ 122.7140619, -28.548423679999999, 68034.430139999997 ],
               "radarID" : 13058,
               "targetType" : 3,
               "trueID" : 799,
               "velocity" : [ 115.0729705, -88.005245840000001, 262.70380310000002 ]
            }
         ]
      },
      {
         "radarID" : 13079,
         "tracks" : [
            {
               "detectedID" : 1004,
               "detectedTime" : 203.65000000000001,
               "entityID" : 13079,
               "height" : 4878.466625,
               "lla" : [ 122.71408889999999, -28.548441180000001, 68039.100120000003 ],
               "radarID" : 13079,
               "targetType" : 3,
               "trueID" : 799,
               "velocity" : [ 115.0729705, -88.005245840000001, 262.70380310000002 ]
            }
         ]
      },
      {
         "radarID" : 13086,
         "tracks" : [
            {
               "detectedID" : 1004,
               "detectedTime" : 203.65000000000001,
               "entityID" : 13086,
               "height" : 4873.8105759999999,
               "lla" : [ 122.7139924, -28.54837852, 68023.386570000002 ],
               "radarID" : 13086,
               "targetType" : 3,
               "trueID" : 799,
               "velocity" : [ 115.0729705, -88.005245840000001, 262.70380310000002 ]
            }
         ]
      }
   ],
   "terminator" : 0
}
