{
   "data" : [
      {
         "radarID" : 13065,
         "tracks" : [
            {
               "detectedID" : 1005,
               "detectedTime" : 940.20000000000005,
               "entityID" : 13065,
               "height" : 5460.3902239999998,
               "lla" : [ 121.5472396, -27.779280029999999, -89735.047120000003 ],
               "radarID" : 13065,
               "targetType" : 3,
               "trueID" : 805,
               "velocity" : [ 265.94785130000002, 129.12539530000001, 50.974235460000003 ]
            }
         ]
      },
      {
         "radarID" : 13079,
         "tracks" : [
            {
               "detectedID" : 1001,
               "detectedTime" : 940.20000000000005,
               "entityID" : 13079,
               "height" : 5556.4701809999997,
               "lla" : [ 121.4367486, -27.705612080000002, -114551.5662 ],
               "radarID" : 13079,
               "targetType" : 3,
               "trueID" : 817,
               "velocity" : [ 267.29202120000002, 103.680914, 88.347289040000007 ]
            }
         ]
      },
      {
         "radarID" : 13086,
         "tracks" : [
            {
               "detectedID" : 1001,
               "detectedTime" : 940.20000000000005,
               "entityID" : 13086,
               "height" : 5555.9698319999998,
               "lla" : [ 121.43674059999999, -27.705606639999999, -114550.74709999999 ],
               "radarID" : 13086,
               "targetType" : 3,
               "trueID" : 817,
               "velocity" : [ 267.29202120000002, 103.680914, 88.347289040000007 ]
            }
         ]
      }
   ],
   "terminator" : 0
}
