{
   "data" : [
      {
         "radarID" : 13023,
         "tracks" : [
            {
               "detectedID" : 1005,
               "detectedTime" : 940.70000000000005,
               "entityID" : 13023,
               "height" : 5465.0634419999997,
               "lla" : [ 121.5457993, -27.778314590000001, -89811.402239999996 ],
               "radarID" : 13023,
               "targetType" : 3,
               "trueID" : 805,
               "velocity" : [ 265.95105599999999, 129.120159, 50.970779210000003 ]
            }
         ]
      },
      {
         "radarID" : 13086,
         "tracks" : [
            {
               "detectedID" : 1006,
               "detectedTime" : 940.70000000000005,
               "entityID" : 13086,
               "height" : 5775.9239879999996,
               "lla" : [ 121.8569251, -27.986662320000001, -94518.438580000002 ],
               "radarID" : 13086,
               "targetType" : 3,
               "trueID" : 811,
               "velocity" : [ 266.66868820000002, 109.0455068, 83.647403909999994 ]
            }
         ]
      },
      {
         "radarID" : 13135,
         "tracks" : [
            {
               "detectedID" : 1005,
               "detectedTime" : 940.70000000000005,
               "entityID" : 13135,
               "height" : 2971.1150280000002,
               "lla" : [ 121.5460124, -27.778521340000001, -92289.836450000003 ],
               "radarID" : 13135,
               "targetType" : 3,
               "trueID" : 805,
               "velocity" : [ 265.95105599999999, 129.120159, 50.970779210000003 ]
            }
         ]
      },
      {
         "radarID" : 13142,
         "tracks" : [
            {
               "detectedID" : 1005,
               "detectedTime" : 940.70000000000005,
               "entityID" : 13142,
               "height" : 5466.6184649999996,
               "lla" : [ 121.54588320000001, -27.778371010000001, -89812.872560000003 ],
               "radarID" : 13142,
               "targetType" : 3,
               "trueID" : 805,
               "velocity" : [ 265.95105599999999, 129.120159, 50.970779210000003 ]
            }
         ]
      }
   ],
   "terminator" : 0
}
