{
   "data" : [
      {
         "radarID" : 13121,
         "tracks" : [
            {
               "detectedID" : 1004,
               "detectedTime" : 941.0,
               "entityID" : 13121,
               "height" : 5005.5557129999997,
               "lla" : [ 121.3371594, -27.636682260000001, -44266.671739999998 ],
               "radarID" : 13121,
               "targetType" : 3,
               "trueID" : 799,
               "velocity" : [ 260.59147669999999, 147.60923700000001, 17.423989209999998 ]
            }
         ]
      }
   ],
   "terminator" : 0
}
