{
   "data" : [
      {
         "radarID" : 13058,
         "tracks" : [
            {
               "detectedID" : 1002,
               "detectedTime" : 941.04999999999995,
               "entityID" : 13058,
               "height" : 5003.6979499999998,
               "lla" : [ 121.6447016, -27.84361273, -48443.940369999997 ],
               "radarID" : 13058,
               "targetType" : 3,
               "trueID" : 793,
               "velocity" : [ 252.21666139999999, 57.577445920000002, 151.893362 ]
            }
         ]
      },
      {
         "radarID" : 13128,
         "tracks" : [
            {
               "detectedID" : 1004,
               "detectedTime" : 941.04999999999995,
               "entityID" : 13128,
               "height" : 3499.0803179999998,
               "lla" : [ 121.33739129999999, -27.636876839999999, -45774.956359999996 ],
               "radarID" : 13128,
               "targetType" : 3,
               "trueID" : 799,
               "velocity" : [ 260.59179879999999, 147.6087081, 17.423653349999999 ]
            }
         ]
      }
   ],
   "terminator" : 0
}
