{
   "data" : [
      {
         "radarID" : 13093,
         "tracks" : [
            {
               "detectedID" : 1005,
               "detectedTime" : 942.39999999999998,
               "entityID" : 13093,
               "height" : 1647.8789750000001,
               "lla" : [ 121.5418636, -27.775772530000001, -93767.485149999993 ],
               "radarID" : 13093,
               "targetType" : 3,
               "trueID" : 805,
               "velocity" : [ 265.961951, 129.10235510000001, 50.959027740000003 ]
            }
         ]
      },
      {
         "radarID" : 13107,
         "tracks" : [
            {
               "detectedID" : 1005,
               "detectedTime" : 942.39999999999998,
               "entityID" : 13107,
               "height" : 5363.4990120000002,
               "lla" : [ 121.5405749, -27.77481418, -90159.3603 ],
               "radarID" : 13107,
               "targetType" : 3,
               "trueID" : 805,
               "velocity" : [ 265.961951, 129.10235510000001, 50.959027740000003 ]
            }
         ]
      }
   ],
   "terminator" : 0
}
