{
   "data" : [
      {
         "radarID" : 12995,
         "tracks" : [
            {
               "detectedID" : 1006,
               "detectedTime" : 943.75,
               "entityID" : 12995,
               "height" : 5793.4467770000001,
               "lla" : [ 121.847965, -27.980699220000002, -95008.303960000005 ],
               "radarID" : 12995,
               "targetType" : 3,
               "trueID" : 811,
               "velocity" : [ 266.68834620000001, 109.0137471, 83.626125799999997 ]
            }
         ]
      }
   ],
   "terminator" : 0
}
