{
   "data" : [
      {
         "radarID" : 13030,
         "tracks" : [
            {
               "detectedID" : 1005,
               "detectedTime" : 211.80000000000001,
               "entityID" : 13030,
               "height" : 4498.8538060000001,
               "lla" : [ 123.7443737, -29.21481601, 20017.454160000001 ],
               "radarID" : 13030,
               "targetType" : 3,
               "trueID" : 805,
               "velocity" : [ 261.12433970000001, 136.67667879999999, 55.97825194 ]
            }
         ]
      },
      {
         "radarID" : 13037,
         "tracks" : [
            {
               "detectedID" : 1005,
               "detectedTime" : 211.80000000000001,
               "entityID" : 13037,
               "height" : 4441.6958930000001,
               "lla" : [ 123.7444457, -29.214863319999999, 19963.390869999999 ],
               "radarID" : 13037,
               "targetType" : 3,
               "trueID" : 805,
               "velocity" : [ 261.12433970000001, 136.67667879999999, 55.97825194 ]
            }
         ]
      },
      {
         "radarID" : 13044,
         "tracks" : [
            {
               "detectedID" : 1005,
               "detectedTime" : 211.80000000000001,
               "entityID" : 13044,
               "height" : 4546.2209929999999,
               "lla" : [ 123.7444933, -29.214890960000002, 20070.201809999999 ],
               "radarID" : 13044,
               "targetType" : 3,
               "trueID" : 805,
               "velocity" : [ 261.12433970000001, 136.67667879999999, 55.97825194 ]
            }
         ]
      }
   ],
   "terminator" : 0
}
