{
   "data" : [
      {
         "radarID" : 12981,
         "tracks" : [
            {
               "detectedID" : 1002,
               "detectedTime" : 945.14999999999998,
               "entityID" : 12981,
               "height" : 1124.044046,
               "lla" : [ 121.6342836, -27.836746290000001, -53004.339939999998 ],
               "radarID" : 12981,
               "targetType" : 3,
               "trueID" : 793,
               "velocity" : [ 252.24327349999999, 57.534250620000002, 151.8655358 ]
            }
         ]
      },
      {
         "radarID" : 13072,
         "tracks" : [
            {
               "detectedID" : 1003,
               "detectedTime" : 945.14999999999998,
               "entityID" : 13072,
               "height" : 979.26664100000005,
               "lla" : [ 121.0643773, -27.453093549999998, -87241.565610000005 ],
               "radarID" : 13072,
               "targetType" : 3,
               "trueID" : 781,
               "velocity" : [ 246.69182609999999, 41.75411647, 165.52865829999999 ]
            }
         ]
      }
   ],
   "terminator" : 0
}
