{
   "data" : [
      {
         "radarID" : 12931,
         "tracks" : [
            {
               "detectedID" : 1004,
               "detectedTime" : 945.60000000000002,
               "entityID" : 12931,
               "height" : 5011.5967920000003,
               "lla" : [ 121.32302079999999, -27.627153459999999, -44852.811520000003 ],
               "radarID" : 12931,
               "targetType" : 3,
               "trueID" : 799,
               "velocity" : [ 260.62110100000001, 147.5605712, 17.393089209999999 ]
            }
         ]
      },
      {
         "radarID" : 12938,
         "tracks" : [
            {
               "detectedID" : 1004,
               "detectedTime" : 945.60000000000002,
               "entityID" : 12938,
               "height" : 5009.0183859999997,
               "lla" : [ 121.32312659999999, -27.627225110000001, -44860.369509999997 ],
               "radarID" : 12938,
               "targetType" : 3,
               "trueID" : 799,
               "velocity" : [ 260.62110100000001, 147.5605712, 17.393089209999999 ]
            }
         ]
      },
      {
         "radarID" : 12974,
         "tracks" : [
            {
               "detectedID" : 1004,
               "detectedTime" : 945.60000000000002,
               "entityID" : 12974,
               "height" : 5013.2907660000001,
               "lla" : [ 121.3230353, -27.627163289999999, -44853.017789999998 ],
               "radarID" : 12974,
               "targetType" : 3,
               "trueID" : 799,
               "velocity" : [ 260.62110100000001, 147.5605712, 17.393089209999999 ]
            }
         ]
      },
      {
         "radarID" : 13016,
         "tracks" : [
            {
               "detectedID" : 1003,
               "detectedTime" : 945.60000000000002,
               "entityID" : 13016,
               "height" : 891.43770229999996,
               "lla" : [ 121.06331299999999, -27.452375180000001, -87417.409969999993 ],
               "radarID" : 13016,
               "targetType" : 3,
               "trueID" : 781,
               "velocity" : [ 246.6946968, 41.74935129, 165.52558189999999 ]
            }
         ]
      }
   ],
   "terminator" : 0
}
