{
   "data" : [
      {
         "radarID" : 12988,
         "tracks" : [
            {
               "detectedID" : 1001,
               "detectedTime" : 947.0,
               "entityID" : 12988,
               "height" : 5551.1683430000003,
               "lla" : [ 121.41693669999999, -27.692297849999999, -115703.4359 ],
               "radarID" : 12988,
               "targetType" : 3,
               "trueID" : 817,
               "velocity" : [ 267.33529429999999, 103.6098178, 88.299751299999997 ]
            }
         ]
      }
   ],
   "terminator" : 0
}
