{
   "data" : [
      {
         "radarID" : 13065,
         "tracks" : [
            {
               "detectedID" : 1001,
               "detectedTime" : 212.19999999999999,
               "entityID" : 13065,
               "height" : 5906.4868180000003,
               "lla" : [ 123.5432675, -29.086511349999999, 10269.94276 ],
               "radarID" : 13065,
               "targetType" : 3,
               "trueID" : 817,
               "velocity" : [ 262.50227840000002, 111.23008849999999, 93.383195729999997 ]
            }
         ]
      }
   ],
   "terminator" : 0
}
