{
   "data" : [
      {
         "radarID" : 13086,
         "tracks" : [
            {
               "detectedID" : 1005,
               "detectedTime" : 950.39999999999998,
               "entityID" : 13086,
               "height" : 5456.2956880000002,
               "lla" : [ 121.51634540000001, -27.758561570000001, -91260.755879999997 ],
               "radarID" : 13086,
               "targetType" : 3,
               "trueID" : 805,
               "velocity" : [ 266.01319869999998, 129.01856129999999, 50.903722340000002 ]
            }
         ]
      }
   ],
   "terminator" : 0
}
