{
   "data" : [
      {
         "radarID" : 13079,
         "tracks" : [
            {
               "detectedID" : 1006,
               "detectedTime" : 950.70000000000005,
               "entityID" : 13079,
               "height" : 5771.0413479999997,
               "lla" : [ 121.8276023, -27.967144770000001, -96194.362810000006 ],
               "radarID" : 13079,
               "targetType" : 3,
               "trueID" : 811,
               "velocity" : [ 266.7331203, 108.9413684, 83.577633160000005 ]
            }
         ]
      },
      {
         "radarID" : 13086,
         "tracks" : [
            {
               "detectedID" : 1006,
               "detectedTime" : 950.70000000000005,
               "entityID" : 13086,
               "height" : 5768.4657040000002,
               "lla" : [ 121.8275289, -27.967095759999999, -96193.845780000003 ],
               "radarID" : 13086,
               "targetType" : 3,
               "trueID" : 811,
               "velocity" : [ 266.7331203, 108.9413684, 83.577633160000005 ]
            }
         ]
      },
      {
         "radarID" : 13135,
         "tracks" : [
            {
               "detectedID" : 1005,
               "detectedTime" : 950.70000000000005,
               "entityID" : 13135,
               "height" : 2947.0589089999999,
               "lla" : [ 121.5158004, -27.75826064, -93807.452929999999 ],
               "radarID" : 13135,
               "targetType" : 3,
               "trueID" : 805,
               "velocity" : [ 266.01511979999998, 129.0154186, 50.90164824 ]
            }
         ]
      }
   ],
   "terminator" : 0
}
