{
   "data" : [
      {
         "radarID" : 13114,
         "tracks" : [
            {
               "detectedID" : 1002,
               "detectedTime" : 953.0,
               "entityID" : 13114,
               "height" : 2247.4088780000002,
               "lla" : [ 121.6157273, -27.8243157, -53405.012439999999 ],
               "radarID" : 13114,
               "targetType" : 3,
               "trueID" : 793,
               "velocity" : [ 252.29419970000001, 57.451541630000001, 151.81224309999999 ]
            }
         ]
      }
   ],
   "terminator" : 0
}
