{
   "data" : [
      {
         "radarID" : 13093,
         "tracks" : [
            {
               "detectedID" : 1003,
               "detectedTime" : 953.10000000000002,
               "entityID" : 13093,
               "height" : 861.28905399999996,
               "lla" : [ 121.0454218, -27.440259699999999, -88905.87758 ],
               "radarID" : 13093,
               "targetType" : 3,
               "trueID" : 781,
               "velocity" : [ 246.74252559999999, 41.669928949999999, 165.47429729999999 ]
            },
            {
               "detectedID" : 1002,
               "detectedTime" : 953.10000000000002,
               "entityID" : 13093,
               "height" : 2127.7133819999999,
               "lla" : [ 121.61553910000001, -27.82419273, -53534.027589999998 ],
               "radarID" : 13093,
               "targetType" : 3,
               "trueID" : 793,
               "velocity" : [ 252.29484819999999, 57.450487969999998, 151.8115641 ]
            }
         ]
      }
   ],
   "terminator" : 0
}
