{
   "data" : [
      {
         "radarID" : 12995,
         "tracks" : [
            {
               "detectedID" : 1006,
               "detectedTime" : 953.79999999999995,
               "entityID" : 12995,
               "height" : 5786.0829350000004,
               "lla" : [ 121.8185053, -27.96108649, -96695.266470000002 ],
               "radarID" : 12995,
               "targetType" : 3,
               "trueID" : 811,
               "velocity" : [ 266.75308230000002, 108.9090807, 83.556000470000001 ]
            }
         ]
      }
   ],
   "terminator" : 0
}
