{
   "data" : [
      {
         "radarID" : 12910,
         "tracks" : [
            {
               "detectedID" : 1005,
               "detectedTime" : 954.95000000000005,
               "entityID" : 12910,
               "height" : 3488.2919670000001,
               "lla" : [ 121.50259920000001, -27.749387169999999, -93845.386459999994 ],
               "radarID" : 12910,
               "targetType" : 3,
               "trueID" : 805,
               "velocity" : [ 266.04232910000002, 128.97089539999999, 50.87226416 ]
            }
         ]
      }
   ],
   "terminator" : 0
}
