{
   "data" : [
      {
         "radarID" : 13009,
         "tracks" : [
            {
               "detectedID" : 1004,
               "detectedTime" : 955.14999999999998,
               "entityID" : 13009,
               "height" : 1851.4078079999999,
               "lla" : [ 121.2938499, -27.607562049999999, -49164.052450000003 ],
               "radarID" : 13009,
               "targetType" : 3,
               "trueID" : 799,
               "velocity" : [ 260.6825647, 147.45951460000001, 17.328935470000001 ]
            }
         ]
      },
      {
         "radarID" : 13016,
         "tracks" : [
            {
               "detectedID" : 1004,
               "detectedTime" : 955.14999999999998,
               "entityID" : 13016,
               "height" : 1828.6382920000001,
               "lla" : [ 121.29382510000001, -27.607545810000001, -49186.068229999997 ],
               "radarID" : 13016,
               "targetType" : 3,
               "trueID" : 799,
               "velocity" : [ 260.6825647, 147.45951460000001, 17.328935470000001 ]
            }
         ]
      }
   ],
   "terminator" : 0
}
