{
   "data" : [
      {
         "radarID" : 13058,
         "tracks" : [
            {
               "detectedID" : 1003,
               "detectedTime" : 958.89999999999998,
               "entityID" : 13058,
               "height" : 979.90403200000003,
               "lla" : [ 121.0315423, -27.430853890000002, -89920.679279999997 ],
               "radarID" : 13058,
               "targetType" : 3,
               "trueID" : 781,
               "velocity" : [ 246.77949219999999, 41.608505600000001, 165.43462299999999 ]
            }
         ]
      }
   ],
   "terminator" : 0
}
