{
   "data" : [
      {
         "radarID" : 13030,
         "tracks" : [
            {
               "detectedID" : 1003,
               "detectedTime" : 959.25,
               "entityID" : 13030,
               "height" : 925.79669809999996,
               "lla" : [ 121.0306873, -27.430275999999999, -90046.182809999998 ],
               "radarID" : 13030,
               "targetType" : 3,
               "trueID" : 781,
               "velocity" : [ 246.78172230000001, 41.60479892, 165.43222850000001 ]
            }
         ]
      },
      {
         "radarID" : 13037,
         "tracks" : [
            {
               "detectedID" : 1003,
               "detectedTime" : 959.25,
               "entityID" : 13037,
               "height" : 914.7208885,
               "lla" : [ 121.03068879999999, -27.430277230000002, -90055.574770000007 ],
               "radarID" : 13037,
               "targetType" : 3,
               "trueID" : 781,
               "velocity" : [ 246.78172230000001, 41.60479892, 165.43222850000001 ]
            }
         ]
      },
      {
         "radarID" : 13044,
         "tracks" : [
            {
               "detectedID" : 1004,
               "detectedTime" : 959.25,
               "entityID" : 13044,
               "height" : 190.4777655,
               "lla" : [ 121.2802133, -27.598408840000001, -51567.556279999997 ],
               "radarID" : 13044,
               "targetType" : 3,
               "trueID" : 799,
               "velocity" : [ 260.70893619999998, 147.41611990000001, 17.301391930000001 ]
            }
         ]
      }
   ],
   "terminator" : 0
}
