{
   "data" : [
      {
         "radarID" : 13030,
         "tracks" : [
            {
               "detectedID" : 1002,
               "detectedTime" : 960.14999999999998,
               "entityID" : 13030,
               "height" : 460.16914320000001,
               "lla" : [ 121.5970461, -27.811869210000001, -56690.350120000003 ],
               "radarID" : 13030,
               "targetType" : 3,
               "trueID" : 793,
               "velocity" : [ 252.34055480000001, 57.376201350000002, 151.76368450000001 ]
            }
         ]
      },
      {
         "radarID" : 13037,
         "tracks" : [
            {
               "detectedID" : 1002,
               "detectedTime" : 960.14999999999998,
               "entityID" : 13037,
               "height" : 443.92506700000001,
               "lla" : [ 121.5970295, -27.811858560000001, -56709.872790000001 ],
               "radarID" : 13037,
               "targetType" : 3,
               "trueID" : 793,
               "velocity" : [ 252.34055480000001, 57.376201350000002, 151.76368450000001 ]
            }
         ]
      },
      {
         "radarID" : 13044,
         "tracks" : [
            {
               "detectedID" : 1002,
               "detectedTime" : 960.14999999999998,
               "entityID" : 13044,
               "height" : 474.34083620000001,
               "lla" : [ 121.597065, -27.811881490000001, -56674.927439999999 ],
               "radarID" : 13044,
               "targetType" : 3,
               "trueID" : 793,
               "velocity" : [ 252.34055480000001, 57.376201350000002, 151.76368450000001 ]
            }
         ]
      }
   ],
   "terminator" : 0
}
