{
   "data" : [
      {
         "radarID" : 13037,
         "tracks" : [
            {
               "detectedID" : 1006,
               "detectedTime" : 960.20000000000005,
               "entityID" : 13037,
               "height" : 2419.565016,
               "lla" : [ 121.79997710000001, -27.948831850000001, -101137.40519999999 ],
               "radarID" : 13037,
               "targetType" : 3,
               "trueID" : 811,
               "velocity" : [ 266.79427629999998, 108.8424148, 83.511333780000001 ]
            }
         ]
      }
   ],
   "terminator" : 0
}
