{
   "data" : [
      {
         "radarID" : 13051,
         "tracks" : [
            {
               "detectedID" : 1002,
               "detectedTime" : 960.79999999999995,
               "entityID" : 13051,
               "height" : 78.219861989999998,
               "lla" : [ 121.5972699, -27.8120327, -57213.846649999999 ],
               "radarID" : 13051,
               "targetType" : 3,
               "trueID" : 793,
               "velocity" : [ 252.34476749999999, 57.36935192, 151.75926920000001 ]
            }
         ]
      }
   ],
   "terminator" : 0
}
