{
   "data" : [
      {
         "radarID" : 13023,
         "tracks" : [
            {
               "detectedID" : 1004,
               "detectedTime" : 961.04999999999995,
               "entityID" : 13023,
               "height" : 5001.8220209999999,
               "lla" : [ 121.27596370000001, -27.595418089999999, -46856.021979999998 ],
               "radarID" : 13023,
               "targetType" : 3,
               "trueID" : 799,
               "velocity" : [ 260.72051090000002, 147.3970669, 17.289299450000001 ]
            }
         ]
      },
      {
         "radarID" : 13142,
         "tracks" : [
            {
               "detectedID" : 1004,
               "detectedTime" : 961.04999999999995,
               "entityID" : 13142,
               "height" : 5002.2691249999998,
               "lla" : [ 121.27598260000001, -27.5954309, -46856.119189999998 ],
               "radarID" : 13142,
               "targetType" : 3,
               "trueID" : 799,
               "velocity" : [ 260.72051090000002, 147.3970669, 17.289299450000001 ]
            }
         ]
      }
   ],
   "terminator" : 0
}
