{
   "data" : [
      {
         "radarID" : 12995,
         "tracks" : [
            {
               "detectedID" : 1006,
               "detectedTime" : 963.79999999999995,
               "entityID" : 12995,
               "height" : 5789.4702079999997,
               "lla" : [ 121.78918779999999, -27.941554780000001, -98362.546069999997 ],
               "radarID" : 12995,
               "targetType" : 3,
               "trueID" : 811,
               "velocity" : [ 266.81743729999999, 108.804911, 83.486205429999998 ]
            }
         ]
      }
   ],
   "terminator" : 0
}
