{
   "data" : [
      {
         "radarID" : 12903,
         "tracks" : [
            {
               "detectedID" : 1001,
               "detectedTime" : 965.0,
               "entityID" : 12903,
               "height" : 5549.9108919999999,
               "lla" : [ 121.3644762, -27.657013280000001, -118743.78879999999 ],
               "radarID" : 12903,
               "targetType" : 3,
               "trueID" : 817,
               "velocity" : [ 267.44970890000002, 103.4215715, 88.173872360000004 ]
            }
         ]
      },
      {
         "radarID" : 12917,
         "tracks" : [
            {
               "detectedID" : 1001,
               "detectedTime" : 965.0,
               "entityID" : 12917,
               "height" : 2058.712865,
               "lla" : [ 121.3644474, -27.657080440000001, -122094.0393 ],
               "radarID" : 12917,
               "targetType" : 3,
               "trueID" : 817,
               "velocity" : [ 267.44970890000002, 103.4215715, 88.173872360000004 ]
            }
         ]
      },
      {
         "radarID" : 12995,
         "tracks" : [
            {
               "detectedID" : 1004,
               "detectedTime" : 965.0,
               "entityID" : 12995,
               "height" : 4794.9948340000001,
               "lla" : [ 121.2638874, -27.58727347, -47575.130239999999 ],
               "radarID" : 12995,
               "targetType" : 3,
               "trueID" : 799,
               "velocity" : [ 260.74590430000001, 147.35525240000001, 17.262762710000001 ]
            }
         ]
      },
      {
         "radarID" : 13079,
         "tracks" : [
            {
               "detectedID" : 1004,
               "detectedTime" : 965.0,
               "entityID" : 13079,
               "height" : 5000.692282,
               "lla" : [ 121.26387099999999, -27.587257059999999, -47365.710529999997 ],
               "radarID" : 13079,
               "targetType" : 3,
               "trueID" : 799,
               "velocity" : [ 260.74590430000001, 147.35525240000001, 17.262762710000001 ]
            }
         ]
      }
   ],
   "terminator" : 0
}
