{
   "data" : [
      {
         "radarID" : 13065,
         "tracks" : [
            {
               "detectedID" : 1004,
               "detectedTime" : 966.0,
               "entityID" : 13065,
               "height" : 5000.7626099999998,
               "lla" : [ 121.26081550000001, -27.585194649999998, -47494.703269999998 ],
               "radarID" : 13065,
               "targetType" : 3,
               "trueID" : 799,
               "velocity" : [ 260.75233159999999, 147.34466560000001, 17.256044450000001 ]
            }
         ]
      }
   ],
   "terminator" : 0
}
