{
   "data" : [
      {
         "radarID" : 12988,
         "tracks" : [
            {
               "detectedID" : 1001,
               "detectedTime" : 967.10000000000002,
               "entityID" : 12988,
               "height" : 5541.4449610000001,
               "lla" : [ 121.35837789999999, -27.652909009999998, -119105.7556 ],
               "radarID" : 12988,
               "targetType" : 3,
               "trueID" : 817,
               "velocity" : [ 267.46304479999998, 103.3996047, 88.159182349999995 ]
            }
         ]
      }
   ],
   "terminator" : 0
}
