{
   "data" : [
      {
         "radarID" : 13037,
         "tracks" : [
            {
               "detectedID" : 1004,
               "detectedTime" : 969.10000000000002,
               "entityID" : 13037,
               "height" : 194.48112119999999,
               "lla" : [ 121.24987520000001, -27.577931929999998, -52834.324339999999 ],
               "radarID" : 13037,
               "targetType" : 3,
               "trueID" : 799,
               "velocity" : [ 260.7722526, 147.3118446, 17.235217609999999 ]
            }
         ]
      }
   ],
   "terminator" : 0
}
