{
   "data" : [
      {
         "radarID" : 13135,
         "tracks" : [
            {
               "detectedID" : 1002,
               "detectedTime" : 971.10000000000002,
               "entityID" : 13135,
               "height" : 1583.8273690000001,
               "lla" : [ 121.5701693, -27.793855959999998, -57601.289100000002 ],
               "radarID" : 13135,
               "targetType" : 3,
               "trueID" : 793,
               "velocity" : [ 252.4114907, 57.260807870000001, 151.6892852 ]
            }
         ]
      }
   ],
   "terminator" : 0
}
