{
   "data" : [
      {
         "radarID" : 13065,
         "tracks" : [
            {
               "detectedID" : 1002,
               "detectedTime" : 971.29999999999995,
               "entityID" : 13065,
               "height" : 5003.48081,
               "lla" : [ 121.5688755, -27.792901969999999, -54235.327559999998 ],
               "radarID" : 13065,
               "targetType" : 3,
               "trueID" : 793,
               "velocity" : [ 252.4127857, 57.258700089999998, 151.687926 ]
            }
         ]
      }
   ],
   "terminator" : 0
}
