{
   "data" : [
      {
         "radarID" : 13072,
         "tracks" : [
            {
               "detectedID" : 1005,
               "detectedTime" : 971.64999999999998,
               "entityID" : 13072,
               "height" : 5447.8500720000002,
               "lla" : [ 121.4520053, -27.71536588, -94439.0147 ],
               "radarID" : 13072,
               "targetType" : 3,
               "trueID" : 805,
               "velocity" : [ 266.1491431, 128.7958955, 50.756782219999998 ]
            }
         ]
      }
   ],
   "terminator" : 0
}
