{
   "data" : [
      {
         "radarID" : 13093,
         "tracks" : [
            {
               "detectedID" : 1001,
               "detectedTime" : 971.89999999999998,
               "entityID" : 13093,
               "height" : 1400.0531329999999,
               "lla" : [ 121.3458352, -27.644571590000002, -123943.3049 ],
               "radarID" : 13093,
               "targetType" : 3,
               "trueID" : 817,
               "velocity" : [ 267.49351710000002, 103.349391, 88.125601950000004 ]
            }
         ]
      },
      {
         "radarID" : 13107,
         "tracks" : [
            {
               "detectedID" : 1001,
               "detectedTime" : 971.89999999999998,
               "entityID" : 13107,
               "height" : 5542.5740249999999,
               "lla" : [ 121.3443875, -27.643490610000001, -119915.8841 ],
               "radarID" : 13107,
               "targetType" : 3,
               "trueID" : 817,
               "velocity" : [ 267.49351710000002, 103.349391, 88.125601950000004 ]
            }
         ]
      }
   ],
   "terminator" : 0
}
