{
   "data" : [
      {
         "radarID" : 13107,
         "tracks" : [
            {
               "detectedID" : 1005,
               "detectedTime" : 972.35000000000002,
               "entityID" : 13107,
               "height" : 5365.3601010000002,
               "lla" : [ 121.4498834, -27.713942360000001, -94626.002819999994 ],
               "radarID" : 13107,
               "targetType" : 3,
               "trueID" : 805,
               "velocity" : [ 266.15361669999999, 128.78855849999999, 50.75194097 ]
            }
         ]
      }
   ],
   "terminator" : 0
}
