{
   "data" : [
      {
         "radarID" : 13114,
         "tracks" : [
            {
               "detectedID" : 1003,
               "detectedTime" : 972.89999999999998,
               "entityID" : 13114,
               "height" : 847.68865760000006,
               "lla" : [ 120.9981562, -27.408227180000001, -92776.755770000003 ],
               "radarID" : 13114,
               "targetType" : 3,
               "trueID" : 781,
               "velocity" : [ 246.8686458, 41.460230109999998, 165.33880679999999 ]
            }
         ]
      }
   ],
   "terminator" : 0
}
