{
   "data" : [
      {
         "radarID" : 12924,
         "tracks" : [
            {
               "detectedID" : 1001,
               "detectedTime" : 974.75,
               "entityID" : 12924,
               "height" : 4427.8884440000002,
               "lla" : [ 121.3360948, -27.637934049999998, -121464.3453 ],
               "radarID" : 12924,
               "targetType" : 3,
               "trueID" : 817,
               "velocity" : [ 267.51160349999998, 103.3195741, 88.105661459999993 ]
            }
         ]
      },
      {
         "radarID" : 12995,
         "tracks" : [
            {
               "detectedID" : 1005,
               "detectedTime" : 974.75,
               "entityID" : 12995,
               "height" : 5431.8422570000002,
               "lla" : [ 121.4426194, -27.709059539999998, -94918.234060000003 ],
               "radarID" : 12995,
               "targetType" : 3,
               "trueID" : 805,
               "velocity" : [ 266.1689528, 128.7634018, 50.735341980000001 ]
            }
         ]
      },
      {
         "radarID" : 13002,
         "tracks" : [
            {
               "detectedID" : 1005,
               "detectedTime" : 974.75,
               "entityID" : 13002,
               "height" : 477.07399129999999,
               "lla" : [ 121.4429063, -27.709374440000001, -99655.428379999998 ],
               "radarID" : 13002,
               "targetType" : 3,
               "trueID" : 805,
               "velocity" : [ 266.1689528, 128.7634018, 50.735341980000001 ]
            },
            {
               "detectedID" : 1002,
               "detectedTime" : 974.75,
               "entityID" : 13002,
               "height" : 1636.2347560000001,
               "lla" : [ 121.5604096, -27.787317959999999, -58161.944080000001 ],
               "radarID" : 13002,
               "targetType" : 3,
               "trueID" : 793,
               "velocity" : [ 252.4351211, 57.222340099999997, 151.66447650000001 ]
            }
         ]
      }
   ],
   "terminator" : 0
}
