{
   "data" : [
      {
         "radarID" : 13009,
         "tracks" : [
            {
               "detectedID" : 1003,
               "detectedTime" : 975.70000000000005,
               "entityID" : 13009,
               "height" : 855.53032010000004,
               "lla" : [ 120.9913383, -27.40360334, -93319.571339999995 ],
               "radarID" : 13009,
               "targetType" : 3,
               "trueID" : 781,
               "velocity" : [ 246.88646370000001, 41.430572939999998, 165.31963490000001 ]
            }
         ]
      },
      {
         "radarID" : 13016,
         "tracks" : [
            {
               "detectedID" : 1003,
               "detectedTime" : 975.70000000000005,
               "entityID" : 13016,
               "height" : 852.20856400000002,
               "lla" : [ 120.9913542, -27.4036142, -93323.391059999994 ],
               "radarID" : 13016,
               "targetType" : 3,
               "trueID" : 781,
               "velocity" : [ 246.88646370000001, 41.430572939999998, 165.31963490000001 ]
            }
         ]
      }
   ],
   "terminator" : 0
}
