{
   "data" : [
      {
         "radarID" : 12981,
         "tracks" : [
            {
               "detectedID" : 1005,
               "detectedTime" : 975.89999999999998,
               "entityID" : 12981,
               "height" : 260.66774850000002,
               "lla" : [ 121.4375608, -27.70578665, -100100.6078 ],
               "radarID" : 12981,
               "targetType" : 3,
               "trueID" : 805,
               "velocity" : [ 266.17630009999999, 128.75134700000001, 50.727388070000003 ]
            }
         ]
      }
   ],
   "terminator" : 0
}
