{
   "data" : [
      {
         "radarID" : 12931,
         "tracks" : [
            {
               "detectedID" : 1001,
               "detectedTime" : 976.45000000000005,
               "entityID" : 12931,
               "height" : 5538.0645350000004,
               "lla" : [ 121.33112029999999, -27.634556369999999, -120687.57030000001 ],
               "radarID" : 12931,
               "targetType" : 3,
               "trueID" : 817,
               "velocity" : [ 267.52238970000002, 103.30178770000001, 88.093766369999997 ]
            }
         ]
      },
      {
         "radarID" : 12938,
         "tracks" : [
            {
               "detectedID" : 1001,
               "detectedTime" : 976.45000000000005,
               "entityID" : 12938,
               "height" : 5537.628275,
               "lla" : [ 121.3311587, -27.634582290000001, -120687.98820000001 ],
               "radarID" : 12938,
               "targetType" : 3,
               "trueID" : 817,
               "velocity" : [ 267.52238970000002, 103.30178770000001, 88.093766369999997 ]
            }
         ]
      },
      {
         "radarID" : 12974,
         "tracks" : [
            {
               "detectedID" : 1001,
               "detectedTime" : 976.45000000000005,
               "entityID" : 12974,
               "height" : 5538.1307379999998,
               "lla" : [ 121.33111940000001, -27.634555720000002, -120687.52529999999 ],
               "radarID" : 12974,
               "targetType" : 3,
               "trueID" : 817,
               "velocity" : [ 267.52238970000002, 103.30178770000001, 88.093766369999997 ]
            }
         ]
      }
   ],
   "terminator" : 0
}
