{
   "data" : [
      {
         "radarID" : 13023,
         "tracks" : [
            {
               "detectedID" : 1002,
               "detectedTime" : 222.75,
               "entityID" : 13023,
               "height" : 4799.2394619999995,
               "lla" : [ 122.7340399, -28.561605549999999, 62872.526519999999 ],
               "radarID" : 13023,
               "targetType" : 3,
               "trueID" : 793,
               "velocity" : [ -144.11569040000001, -198.22154620000001, 173.02857109999999 ]
            }
         ]
      }
   ],
   "terminator" : 0
}
