{
   "data" : [
      {
         "radarID" : 13093,
         "tracks" : [
            {
               "detectedID" : 1005,
               "detectedTime" : 982.39999999999998,
               "entityID" : 13093,
               "height" : 1393.868528,
               "lla" : [ 121.4209233, -27.69457822, -99973.321309999999 ],
               "radarID" : 13093,
               "targetType" : 3,
               "trueID" : 805,
               "velocity" : [ 266.21781390000001, 128.68320410000001, 50.682428389999998 ]
            }
         ]
      }
   ],
   "terminator" : 0
}
