{
   "data" : [
      {
         "radarID" : 13023,
         "tracks" : [
            {
               "detectedID" : 1004,
               "detectedTime" : 222.80000000000001,
               "entityID" : 13023,
               "height" : 4885.1153389999999,
               "lla" : [ 122.7048762, -28.5425024, 64712.142290000003 ],
               "radarID" : 13023,
               "targetType" : 3,
               "trueID" : 799,
               "velocity" : [ 115.2030951, -88.20776395, 262.57882110000003 ]
            }
         ]
      }
   ],
   "terminator" : 0
}
