{
   "data" : [
      {
         "radarID" : 13107,
         "tracks" : [
            {
               "detectedID" : 1003,
               "detectedTime" : 983.0,
               "entityID" : 13107,
               "height" : 1016.841529,
               "lla" : [ 120.97394509999999, -27.391801009999998, -94583.687919999997 ],
               "radarID" : 13107,
               "targetType" : 3,
               "trueID" : 781,
               "velocity" : [ 246.93289709999999, 41.353249230000003, 165.26963749999999 ]
            }
         ]
      }
   ],
   "terminator" : 0
}
