{
   "data" : [
      {
         "radarID" : 13093,
         "tracks" : [
            {
               "detectedID" : 1003,
               "detectedTime" : 983.04999999999995,
               "entityID" : 13093,
               "height" : 725.78255739999997,
               "lla" : [ 120.9738078, -27.39171515, -94881.343909999996 ],
               "radarID" : 13093,
               "targetType" : 3,
               "trueID" : 781,
               "velocity" : [ 246.93321510000001, 41.3527196, 165.269295 ]
            },
            {
               "detectedID" : 1002,
               "detectedTime" : 983.04999999999995,
               "entityID" : 13093,
               "height" : 1907.4956420000001,
               "lla" : [ 121.54044620000001, -27.773944289999999, -59484.68952 ],
               "radarID" : 13093,
               "targetType" : 3,
               "trueID" : 793,
               "velocity" : [ 252.4888282, 57.134859349999999, 151.6080456 ]
            }
         ]
      },
      {
         "radarID" : 13107,
         "tracks" : [
            {
               "detectedID" : 1002,
               "detectedTime" : 983.04999999999995,
               "entityID" : 13107,
               "height" : 4953.3251700000001,
               "lla" : [ 121.5394038, -27.773169129999999, -56536.316890000002 ],
               "radarID" : 13107,
               "targetType" : 3,
               "trueID" : 793,
               "velocity" : [ 252.4888282, 57.134859349999999, 151.6080456 ]
            }
         ]
      }
   ],
   "terminator" : 0
}
