{
   "data" : [
      {
         "radarID" : 12910,
         "tracks" : [
            {
               "detectedID" : 1006,
               "detectedTime" : 984.75,
               "entityID" : 12910,
               "height" : 2503.2310819999998,
               "lla" : [ 121.7279273, -27.900781160000001, -105018.08900000001 ],
               "radarID" : 12910,
               "targetType" : 3,
               "trueID" : 811,
               "velocity" : [ 266.95206990000003, 108.5865982, 83.339924800000006 ]
            }
         ]
      },
      {
         "radarID" : 12924,
         "tracks" : [
            {
               "detectedID" : 1001,
               "detectedTime" : 984.75,
               "entityID" : 12924,
               "height" : 4376.4802659999996,
               "lla" : [ 121.3069565, -27.61830582, -123202.0045 ],
               "radarID" : 12924,
               "targetType" : 3,
               "trueID" : 817,
               "velocity" : [ 267.57502690000001, 103.21493890000001, 88.035682249999994 ]
            }
         ]
      },
      {
         "radarID" : 12995,
         "tracks" : [
            {
               "detectedID" : 1002,
               "detectedTime" : 984.75,
               "entityID" : 12995,
               "height" : 4845.7367089999998,
               "lla" : [ 121.5351503, -27.77032273, -56970.318910000002 ],
               "radarID" : 12995,
               "targetType" : 3,
               "trueID" : 793,
               "velocity" : [ 252.49982370000001, 57.116940569999997, 151.5964845 ]
            }
         ]
      },
      {
         "radarID" : 13002,
         "tracks" : [
            {
               "detectedID" : 1002,
               "detectedTime" : 984.75,
               "entityID" : 13002,
               "height" : 1590.003682,
               "lla" : [ 121.535293, -27.77049856, -60119.301270000004 ],
               "radarID" : 13002,
               "targetType" : 3,
               "trueID" : 793,
               "velocity" : [ 252.49982370000001, 57.116940569999997, 151.5964845 ]
            }
         ]
      }
   ],
   "terminator" : 0
}
