{
   "data" : [
      {
         "radarID" : 12981,
         "tracks" : [
            {
               "detectedID" : 1002,
               "detectedTime" : 985.29999999999995,
               "entityID" : 12981,
               "height" : 1024.187195,
               "lla" : [ 121.5334848, -27.769300730000001, -60788.211049999998 ],
               "radarID" : 12981,
               "targetType" : 3,
               "trueID" : 793,
               "velocity" : [ 252.50338070000001, 57.111143239999997, 151.59274400000001 ]
            }
         ]
      }
   ],
   "terminator" : 0
}
