{
   "data" : [
      {
         "radarID" : 12938,
         "tracks" : [
            {
               "detectedID" : 1006,
               "detectedTime" : 985.85000000000002,
               "entityID" : 12938,
               "height" : 5753.5300649999999,
               "lla" : [ 121.7244972, -27.898410800000001, -102079.3559 ],
               "radarID" : 12938,
               "targetType" : 3,
               "trueID" : 811,
               "velocity" : [ 266.95913180000002, 108.5751325, 83.332241949999997 ]
            }
         ]
      },
      {
         "radarID" : 12974,
         "tracks" : [
            {
               "detectedID" : 1006,
               "detectedTime" : 985.85000000000002,
               "entityID" : 12974,
               "height" : 5752.7695750000003,
               "lla" : [ 121.7245315, -27.898433829999998, -102081.3885 ],
               "radarID" : 12974,
               "targetType" : 3,
               "trueID" : 811,
               "velocity" : [ 266.95913180000002, 108.5751325, 83.332241949999997 ]
            }
         ]
      },
      {
         "radarID" : 13072,
         "tracks" : [
            {
               "detectedID" : 1003,
               "detectedTime" : 985.85000000000002,
               "entityID" : 13072,
               "height" : 980.31635740000002,
               "lla" : [ 120.96710830000001, -27.38716303, -95175.825710000005 ],
               "radarID" : 13072,
               "targetType" : 3,
               "trueID" : 781,
               "velocity" : [ 246.95101740000001, 41.323059929999999, 165.25011269999999 ]
            }
         ]
      }
   ],
   "terminator" : 0
}
