{
   "data" : [
      {
         "radarID" : 12988,
         "tracks" : [
            {
               "detectedID" : 1005,
               "detectedTime" : 223.19999999999999,
               "entityID" : 12988,
               "height" : 5721.8424569999997,
               "lla" : [ 123.7095916, -29.192640690000001, 19466.931659999998 ],
               "radarID" : 12988,
               "targetType" : 3,
               "trueID" : 805,
               "velocity" : [ 261.20220130000001, 136.55970189999999, 55.900428220000002 ]
            }
         ]
      },
      {
         "radarID" : 13037,
         "tracks" : [
            {
               "detectedID" : 1002,
               "detectedTime" : 223.19999999999999,
               "entityID" : 13037,
               "height" : 1385.860025,
               "lla" : [ 122.7367027, -28.563428250000001, 59531.59762 ],
               "radarID" : 13037,
               "targetType" : 3,
               "trueID" : 793,
               "velocity" : [ -144.11265839999999, -198.2263045, 173.02564520000001 ]
            }
         ]
      },
      {
         "radarID" : 13044,
         "tracks" : [
            {
               "detectedID" : 1004,
               "detectedTime" : 223.19999999999999,
               "entityID" : 13044,
               "height" : 1395.148238,
               "lla" : [ 122.7053052, -28.54287107, 61167.031170000002 ],
               "radarID" : 13044,
               "targetType" : 3,
               "trueID" : 799,
               "velocity" : [ 115.2058121, -88.211993309999997, 262.5762082 ]
            }
         ]
      }
   ],
   "terminator" : 0
}
