{
   "data" : [
      {
         "radarID" : 13037,
         "tracks" : [
            {
               "detectedID" : 1004,
               "detectedTime" : 988.95000000000005,
               "entityID" : 13037,
               "height" : 224.36911219999999,
               "lla" : [ 121.18913310000001, -27.53689022, -55351.622490000002 ],
               "radarID" : 13037,
               "targetType" : 3,
               "trueID" : 799,
               "velocity" : [ 260.89968010000001, 147.10160999999999, 17.101849829999999 ]
            }
         ]
      },
      {
         "radarID" : 13086,
         "tracks" : [
            {
               "detectedID" : 1003,
               "detectedTime" : 988.95000000000005,
               "entityID" : 13086,
               "height" : 980.6216594,
               "lla" : [ 120.9596998, -27.382135399999999, -95780.058409999998 ],
               "radarID" : 13086,
               "targetType" : 3,
               "trueID" : 781,
               "velocity" : [ 246.97072199999999, 41.290221649999999, 165.22887180000001 ]
            }
         ]
      }
   ],
   "terminator" : 0
}
