{
   "data" : [
      {
         "radarID" : 13023,
         "tracks" : [
            {
               "detectedID" : 1005,
               "detectedTime" : 990.54999999999995,
               "entityID" : 13023,
               "height" : 5445.1513080000004,
               "lla" : [ 121.3946972, -27.676836940000001, -97259.804229999994 ],
               "radarID" : 13023,
               "targetType" : 3,
               "trueID" : 805,
               "velocity" : [ 266.2698307, 128.5977465, 50.626049139999999 ]
            }
         ]
      },
      {
         "radarID" : 13079,
         "tracks" : [
            {
               "detectedID" : 1006,
               "detectedTime" : 990.54999999999995,
               "entityID" : 13079,
               "height" : 5752.0332509999998,
               "lla" : [ 121.7107264, -27.88921822, -102867.21460000001 ],
               "radarID" : 13079,
               "targetType" : 3,
               "trueID" : 811,
               "velocity" : [ 266.98929720000001, 108.5261398, 83.299412709999999 ]
            }
         ]
      }
   ],
   "terminator" : 0
}
