{
   "data" : [
      {
         "radarID" : 13023,
         "tracks" : [
            {
               "detectedID" : 1004,
               "detectedTime" : 990.89999999999998,
               "entityID" : 13023,
               "height" : 5001.1641060000002,
               "lla" : [ 121.1847307, -27.533791600000001, -50704.993159999998 ],
               "radarID" : 13023,
               "targetType" : 3,
               "trueID" : 799,
               "velocity" : [ 260.91218600000002, 147.08095030000001, 17.088747390000002 ]
            }
         ]
      },
      {
         "radarID" : 13121,
         "tracks" : [
            {
               "detectedID" : 1004,
               "detectedTime" : 990.89999999999998,
               "entityID" : 13121,
               "height" : 5010.0787639999999,
               "lla" : [ 121.1848684, -27.53388481, -50702.393660000002 ],
               "radarID" : 13121,
               "targetType" : 3,
               "trueID" : 799,
               "velocity" : [ 260.91218600000002, 147.08095030000001, 17.088747390000002 ]
            }
         ]
      },
      {
         "radarID" : 13142,
         "tracks" : [
            {
               "detectedID" : 1004,
               "detectedTime" : 990.89999999999998,
               "entityID" : 13142,
               "height" : 5000.8309870000003,
               "lla" : [ 121.1846783, -27.533756069999999, -50704.278039999997 ],
               "radarID" : 13142,
               "targetType" : 3,
               "trueID" : 799,
               "velocity" : [ 260.91218600000002, 147.08095030000001, 17.088747390000002 ]
            }
         ]
      }
   ],
   "terminator" : 0
}
