{
   "data" : [
      {
         "radarID" : 13114,
         "tracks" : [
            {
               "detectedID" : 1003,
               "detectedTime" : 992.85000000000002,
               "entityID" : 13114,
               "height" : 760.5760282,
               "lla" : [ 120.9504103, -27.375835630000001, -96755.25344 ],
               "radarID" : 13114,
               "targetType" : 3,
               "trueID" : 781,
               "velocity" : [ 246.9955042, 41.248907770000002, 165.20214429999999 ]
            }
         ]
      }
   ],
   "terminator" : 0
}
