{
   "data" : [
      {
         "radarID" : 13114,
         "tracks" : [
            {
               "detectedID" : 1002,
               "detectedTime" : 992.95000000000005,
               "entityID" : 13114,
               "height" : 1953.1992990000001,
               "lla" : [ 121.5156243, -27.757312559999999, -61336.912929999999 ],
               "radarID" : 13114,
               "targetType" : 3,
               "trueID" : 793,
               "velocity" : [ 252.5528381, 57.030503799999998, 151.54070609999999 ]
            }
         ]
      }
   ],
   "terminator" : 0
}
