{
   "data" : [
      {
         "radarID" : 12910,
         "tracks" : [
            {
               "detectedID" : 1006,
               "detectedTime" : 994.75,
               "entityID" : 12910,
               "height" : 2465.8513440000002,
               "lla" : [ 121.6985766, -27.881186979999999, -106722.4901 ],
               "radarID" : 12910,
               "targetType" : 3,
               "trueID" : 811,
               "velocity" : [ 267.01624249999998, 108.4823547, 83.270072490000004 ]
            }
         ]
      },
      {
         "radarID" : 12995,
         "tracks" : [
            {
               "detectedID" : 1002,
               "detectedTime" : 994.75,
               "entityID" : 12995,
               "height" : 4838.0315520000004,
               "lla" : [ 121.5100599, -27.753510160000001, -58891.989970000002 ],
               "radarID" : 12995,
               "targetType" : 3,
               "trueID" : 793,
               "velocity" : [ 252.5644704, 57.011528769999998, 151.528459 ]
            }
         ]
      }
   ],
   "terminator" : 0
}
