{
   "data" : [
      {
         "radarID" : 13065,
         "tracks" : [
            {
               "detectedID" : 1003,
               "detectedTime" : 998.60000000000002,
               "entityID" : 13065,
               "height" : 980.83984580000003,
               "lla" : [ 120.9366314, -27.366475059999999, -97660.348060000004 ],
               "radarID" : 13065,
               "targetType" : 3,
               "trueID" : 781,
               "velocity" : [ 247.03202690000001, 41.187993849999998, 165.1627283 ]
            }
         ]
      }
   ],
   "terminator" : 0
}
