{
   "data" : [
      {
         "radarID" : 12917,
         "tracks" : [
            {
               "detectedID" : 1006,
               "detectedTime" : 1004.7,
               "entityID" : 12917,
               "height" : 2183.755596,
               "lla" : [ 121.6694354, -27.861725669999998, -108652.4274 ],
               "radarID" : 12917,
               "targetType" : 3,
               "trueID" : 811,
               "velocity" : [ 267.0800357, 108.37860879999999, 83.200551099999998 ]
            }
         ]
      }
   ],
   "terminator" : 0
}
