{
   "data" : [
      {
         "radarID" : 12903,
         "tracks" : [
            {
               "detectedID" : 1005,
               "detectedTime" : 1005.0,
               "entityID" : 12903,
               "height" : 5434.1700110000002,
               "lla" : [ 121.3510787, -27.647478459999999, -99443.635219999996 ],
               "radarID" : 12903,
               "targetType" : 3,
               "trueID" : 805,
               "velocity" : [ 266.36196100000001, 128.4461833, 50.526070009999998 ]
            }
         ]
      },
      {
         "radarID" : 12917,
         "tracks" : [
            {
               "detectedID" : 1005,
               "detectedTime" : 1005.0,
               "entityID" : 12917,
               "height" : 3074.1094320000002,
               "lla" : [ 121.3509281, -27.647434629999999, -101694.58259999999 ],
               "radarID" : 12917,
               "targetType" : 3,
               "trueID" : 805,
               "velocity" : [ 266.36196100000001, 128.4461833, 50.526070009999998 ]
            }
         ]
      }
   ],
   "terminator" : 0
}
