{
   "data" : [
      {
         "radarID" : 13065,
         "tracks" : [
            {
               "detectedID" : 1001,
               "detectedTime" : 232.15000000000001,
               "entityID" : 13065,
               "height" : 5897.9529929999999,
               "lla" : [ 123.4860061, -29.049882369999999, 6816.7095149999996 ],
               "radarID" : 13065,
               "targetType" : 3,
               "trueID" : 817,
               "velocity" : [ 262.63765690000002, 111.024895, 93.246629100000007 ]
            }
         ]
      },
      {
         "radarID" : 13079,
         "tracks" : [
            {
               "detectedID" : 1001,
               "detectedTime" : 232.15000000000001,
               "entityID" : 13079,
               "height" : 5896.3900979999999,
               "lla" : [ 123.4858303, -29.049769749999999, 6808.107344 ],
               "radarID" : 13079,
               "targetType" : 3,
               "trueID" : 817,
               "velocity" : [ 262.63765690000002, 111.024895, 93.246629100000007 ]
            }
         ]
      }
   ],
   "terminator" : 0
}
