{
   "data" : [
      {
         "radarID" : 13009,
         "tracks" : [
            {
               "detectedID" : 1003,
               "detectedTime" : 1005.8,
               "entityID" : 13009,
               "height" : 825.82917640000005,
               "lla" : [ 120.919352, -27.354742999999999, -99218.190870000006 ],
               "radarID" : 13009,
               "targetType" : 3,
               "trueID" : 781,
               "velocity" : [ 247.07773409999999, 41.11171495, 165.11335560000001 ]
            }
         ]
      }
   ],
   "terminator" : 0
}
