{
   "data" : [
      {
         "radarID" : 13016,
         "tracks" : [
            {
               "detectedID" : 1003,
               "detectedTime" : 1005.85,
               "entityID" : 13016,
               "height" : 825.73093419999998,
               "lla" : [ 120.9192091, -27.354645860000002, -99227.676649999994 ],
               "radarID" : 13016,
               "targetType" : 3,
               "trueID" : 781,
               "velocity" : [ 247.07805149999999, 41.111185220000003, 165.11301259999999 ]
            }
         ]
      }
   ],
   "terminator" : 0
}
