{
   "data" : [
      {
         "radarID" : 13079,
         "tracks" : [
            {
               "detectedID" : 1004,
               "detectedTime" : 1005.95,
               "entityID" : 13079,
               "height" : 5000.6663330000001,
               "lla" : [ 121.13877599999999, -27.502700969999999, -52643.345079999999 ],
               "radarID" : 13079,
               "targetType" : 3,
               "trueID" : 799,
               "velocity" : [ 261.00863179999999, 146.92145840000001, 16.987618510000001 ]
            }
         ]
      }
   ],
   "terminator" : 0
}
