{
   "data" : [
      {
         "radarID" : 12988,
         "tracks" : [
            {
               "detectedID" : 1005,
               "detectedTime" : 1006.25,
               "entityID" : 12988,
               "height" : 5435.6104260000002,
               "lla" : [ 121.3472044, -27.644868509999998, -99605.420180000001 ],
               "radarID" : 12988,
               "targetType" : 3,
               "trueID" : 805,
               "velocity" : [ 266.3699249, 128.43306949999999, 50.517420190000003 ]
            }
         ]
      },
      {
         "radarID" : 13072,
         "tracks" : [
            {
               "detectedID" : 1003,
               "detectedTime" : 1006.25,
               "entityID" : 13072,
               "height" : 980.77918609999995,
               "lla" : [ 120.9183111, -27.354032069999999, -99153.270799999998 ],
               "radarID" : 13072,
               "targetType" : 3,
               "trueID" : 781,
               "velocity" : [ 247.08058990000001, 41.10694737, 165.11026910000001 ]
            }
         ]
      }
   ],
   "terminator" : 0
}
