{
   "data" : [
      {
         "radarID" : 12988,
         "tracks" : [
            {
               "detectedID" : 1006,
               "detectedTime" : 233.09999999999999,
               "entityID" : 12988,
               "height" : 6100.5812299999998,
               "lla" : [ 123.9180827, -29.3252144, 25548.918409999998 ],
               "radarID" : 12988,
               "targetType" : 3,
               "trueID" : 811,
               "velocity" : [ 261.96080929999999, 116.3522602, 88.536353759999997 ]
            }
         ]
      },
      {
         "radarID" : 13030,
         "tracks" : [
            {
               "detectedID" : 1002,
               "detectedTime" : 233.09999999999999,
               "entityID" : 13030,
               "height" : 1422.050107,
               "lla" : [ 122.75957560000001, -28.578366500000001, 59460.838069999998 ],
               "radarID" : 13030,
               "targetType" : 3,
               "trueID" : 793,
               "velocity" : [ -144.04593829999999, -198.33096459999999, 172.96125620000001 ]
            }
         ]
      },
      {
         "radarID" : 13044,
         "tracks" : [
            {
               "detectedID" : 1002,
               "detectedTime" : 233.09999999999999,
               "entityID" : 13044,
               "height" : 1430.3521909999999,
               "lla" : [ 122.75964020000001, -28.578408379999999, 59473.819009999999 ],
               "radarID" : 13044,
               "targetType" : 3,
               "trueID" : 793,
               "velocity" : [ -144.04593829999999, -198.33096459999999, 172.96125620000001 ]
            }
         ]
      }
   ],
   "terminator" : 0
}
