{
   "data" : [
      {
         "radarID" : 12981,
         "tracks" : [
            {
               "detectedID" : 1005,
               "detectedTime" : 1016.2,
               "entityID" : 12981,
               "height" : 312.13914260000001,
               "lla" : [ 121.31523110000001, -27.623452610000001, -106081.6554 ],
               "radarID" : 12981,
               "targetType" : 3,
               "trueID" : 805,
               "velocity" : [ 266.43328539999999, 128.32866809999999, 50.448561410000003 ]
            }
         ]
      },
      {
         "radarID" : 13086,
         "tracks" : [
            {
               "detectedID" : 1004,
               "detectedTime" : 1016.2,
               "entityID" : 13086,
               "height" : 5000.6530560000001,
               "lla" : [ 121.1074615, -27.481496369999999, -53962.168890000001 ],
               "radarID" : 13086,
               "targetType" : 3,
               "trueID" : 799,
               "velocity" : [ 261.07424300000002, 146.81279219999999, 16.918738399999999 ]
            }
         ]
      }
   ],
   "terminator" : 0
}
