{
   "data" : [
      {
         "radarID" : 12988,
         "tracks" : [
            {
               "detectedID" : 1005,
               "detectedTime" : 1016.3,
               "entityID" : 12988,
               "height" : 5432.1964289999996,
               "lla" : [ 121.3167421, -27.62434507, -101103.9727 ],
               "radarID" : 12988,
               "targetType" : 3,
               "trueID" : 805,
               "velocity" : [ 266.43392189999997, 128.32761869999999, 50.447869300000001 ]
            }
         ]
      }
   ],
   "terminator" : 0
}
