{
   "data" : [
      {
         "radarID" : 13016,
         "tracks" : [
            {
               "detectedID" : 1001,
               "detectedTime" : 1017.0,
               "entityID" : 13016,
               "height" : 54.89618875,
               "lla" : [ 121.20702110000001, -27.55098636, -133010.09299999999 ],
               "radarID" : 13016,
               "targetType" : 3,
               "trueID" : 817,
               "velocity" : [ 267.77916470000002, 102.8773364, 87.809866260000007 ]
            }
         ]
      }
   ],
   "terminator" : 0
}
