{
   "data" : [
      {
         "radarID" : 13135,
         "tracks" : [
            {
               "detectedID" : 1005,
               "detectedTime" : 1020.55,
               "entityID" : 13135,
               "height" : 2817.238914,
               "lla" : [ 121.3043512, -27.616060470000001, -104348.4418 ],
               "radarID" : 13135,
               "targetType" : 3,
               "trueID" : 805,
               "velocity" : [ 266.46096749999998, 128.2830165, 50.418453820000003 ]
            }
         ]
      }
   ],
   "terminator" : 0
}
