{
   "data" : [
      {
         "radarID" : 13023,
         "tracks" : [
            {
               "detectedID" : 1006,
               "detectedTime" : 1020.6,
               "entityID" : 13023,
               "height" : 5744.9447730000002,
               "lla" : [ 121.622648, -27.830352319999999, -107894.6314 ],
               "radarID" : 13023,
               "targetType" : 3,
               "trueID" : 811,
               "velocity" : [ 267.1818553, 108.21277499999999, 83.089418679999994 ]
            }
         ]
      }
   ],
   "terminator" : 0
}
