{
   "data" : [
      {
         "radarID" : 13135,
         "tracks" : [
            {
               "detectedID" : 1006,
               "detectedTime" : 1020.65,
               "entityID" : 13135,
               "height" : 4237.5271409999996,
               "lla" : [ 121.622647, -27.830390550000001, -109399.3692 ],
               "radarID" : 13135,
               "targetType" : 3,
               "trueID" : 811,
               "velocity" : [ 267.18217529999998, 108.2122535, 83.089069140000007 ]
            }
         ]
      },
      {
         "radarID" : 13142,
         "tracks" : [
            {
               "detectedID" : 1006,
               "detectedTime" : 1020.65,
               "entityID" : 13142,
               "height" : 5745.0765090000004,
               "lla" : [ 121.6224544, -27.830222719999998, -107901.71339999999 ],
               "radarID" : 13142,
               "targetType" : 3,
               "trueID" : 811,
               "velocity" : [ 267.18217529999998, 108.2122535, 83.089069140000007 ]
            }
         ]
      }
   ],
   "terminator" : 0
}
