{
   "data" : [
      {
         "radarID" : 13093,
         "tracks" : [
            {
               "detectedID" : 1001,
               "detectedTime" : 1021.8,
               "entityID" : 13093,
               "height" : 1175.786378,
               "lla" : [ 121.2003397, -27.546451829999999, -132575.66699999999 ],
               "radarID" : 13093,
               "targetType" : 3,
               "trueID" : 817,
               "velocity" : [ 267.8094954, 102.8270685, 87.776239090000004 ]
            }
         ]
      },
      {
         "radarID" : 13107,
         "tracks" : [
            {
               "detectedID" : 1001,
               "detectedTime" : 1021.8,
               "entityID" : 13107,
               "height" : 5586.4433749999998,
               "lla" : [ 121.19889089999999, -27.545359900000001, -128283.43700000001 ],
               "radarID" : 13107,
               "targetType" : 3,
               "trueID" : 817,
               "velocity" : [ 267.8094954, 102.8270685, 87.776239090000004 ]
            }
         ]
      }
   ],
   "terminator" : 0
}
