{
   "data" : [
      {
         "radarID" : 13114,
         "tracks" : [
            {
               "detectedID" : 1002,
               "detectedTime" : 1022.9,
               "entityID" : 13114,
               "height" : 1747.337505,
               "lla" : [ 121.4404704, -27.70690622, -67269.800369999997 ],
               "radarID" : 13114,
               "targetType" : 3,
               "trueID" : 793,
               "velocity" : [ 252.74615030000001, 56.714728899999997, 151.3367868 ]
            }
         ]
      }
   ],
   "terminator" : 0
}
