{
   "data" : [
      {
         "radarID" : 12995,
         "tracks" : [
            {
               "detectedID" : 1006,
               "detectedTime" : 1024.0999999999999,
               "entityID" : 12995,
               "height" : 5731.4666029999998,
               "lla" : [ 121.61229040000001, -27.823421960000001, -108481.0105 ],
               "radarID" : 12995,
               "targetType" : 3,
               "trueID" : 811,
               "velocity" : [ 267.20424839999998, 108.1762627, 83.064949310000003 ]
            }
         ]
      }
   ],
   "terminator" : 0
}
