{
   "data" : [
      {
         "radarID" : 12903,
         "tracks" : [
            {
               "detectedID" : 1005,
               "detectedTime" : 1025.05,
               "entityID" : 12903,
               "height" : 5435.5416679999998,
               "lla" : [ 121.2902466, -27.60648256, -102410.1266 ],
               "radarID" : 12903,
               "targetType" : 3,
               "trueID" : 805,
               "velocity" : [ 266.48959239999999, 128.23578509999999, 50.387305820000002 ]
            }
         ]
      },
      {
         "radarID" : 12917,
         "tracks" : [
            {
               "detectedID" : 1005,
               "detectedTime" : 1025.05,
               "entityID" : 12917,
               "height" : 3044.951697,
               "lla" : [ 121.2901512, -27.606477049999999, -104705.5401 ],
               "radarID" : 12917,
               "targetType" : 3,
               "trueID" : 805,
               "velocity" : [ 266.48959239999999, 128.23578509999999, 50.387305820000002 ]
            }
         ]
      },
      {
         "radarID" : 13016,
         "tracks" : [
            {
               "detectedID" : 1002,
               "detectedTime" : 1025.05,
               "entityID" : 13016,
               "height" : 908.10005950000004,
               "lla" : [ 121.4339392, -27.702539600000001, -68493.674799999993 ],
               "radarID" : 13016,
               "targetType" : 3,
               "trueID" : 793,
               "velocity" : [ 252.76000819999999, 56.692056379999997, 151.32213659999999 ]
            }
         ]
      }
   ],
   "terminator" : 0
}
