{
   "data" : [
      {
         "radarID" : 13009,
         "tracks" : [
            {
               "detectedID" : 1004,
               "detectedTime" : 1025.3499999999999,
               "entityID" : 13009,
               "height" : 1902.4738010000001,
               "lla" : [ 121.0791945, -27.46241801, -58158.250370000002 ],
               "radarID" : 13009,
               "targetType" : 3,
               "trueID" : 799,
               "velocity" : [ 261.13276180000003, 146.71575899999999, 16.857246920000001 ]
            }
         ]
      },
      {
         "radarID" : 13016,
         "tracks" : [
            {
               "detectedID" : 1004,
               "detectedTime" : 1025.3499999999999,
               "entityID" : 13016,
               "height" : 1885.7768900000001,
               "lla" : [ 121.0792921, -27.462484799999999, -58180.727809999997 ],
               "radarID" : 13016,
               "targetType" : 3,
               "trueID" : 799,
               "velocity" : [ 261.13276180000003, 146.71575899999999, 16.857246920000001 ]
            }
         ]
      }
   ],
   "terminator" : 0
}
