{
   "data" : [
      {
         "radarID" : 13051,
         "tracks" : [
            {
               "detectedID" : 1004,
               "detectedTime" : 1027.3,
               "entityID" : 13051,
               "height" : 104.157494,
               "lla" : [ 121.0699182, -27.456174969999999, -60348.676619999998 ],
               "radarID" : 13051,
               "targetType" : 3,
               "trueID" : 799,
               "velocity" : [ 261.14522679999999, 146.69507619999999, 16.844141759999999 ]
            }
         ]
      },
      {
         "radarID" : 13058,
         "tracks" : [
            {
               "detectedID" : 1004,
               "detectedTime" : 1027.3,
               "entityID" : 13058,
               "height" : 5000.6828859999996,
               "lla" : [ 121.0735474, -27.45851416, -55389.375169999999 ],
               "radarID" : 13058,
               "targetType" : 3,
               "trueID" : 799,
               "velocity" : [ 261.14522679999999, 146.69507619999999, 16.844141759999999 ]
            }
         ]
      }
   ],
   "terminator" : 0
}
