{
   "data" : [
      {
         "radarID" : 13065,
         "tracks" : [
            {
               "detectedID" : 1003,
               "detectedTime" : 1028.55,
               "entityID" : 13065,
               "height" : 981.59390670000005,
               "lla" : [ 120.86496390000001, -27.317769559999999, -103497.9939 ],
               "radarID" : 13065,
               "targetType" : 3,
               "trueID" : 781,
               "velocity" : [ 247.22196940000001, 40.870665150000001, 164.95722649999999 ]
            }
         ]
      }
   ],
   "terminator" : 0
}
