{
   "data" : [
      {
         "radarID" : 13030,
         "tracks" : [
            {
               "detectedID" : 1005,
               "detectedTime" : 241.75,
               "entityID" : 13030,
               "height" : 4231.8604310000001,
               "lla" : [ 123.6545034, -29.157569850000002, 15128.94707 ],
               "radarID" : 13030,
               "targetType" : 3,
               "trueID" : 805,
               "velocity" : [ 261.32873699999999, 136.3692743, 55.773759509999998 ]
            }
         ]
      },
      {
         "radarID" : 13037,
         "tracks" : [
            {
               "detectedID" : 1005,
               "detectedTime" : 241.75,
               "entityID" : 13037,
               "height" : 4175.7433430000001,
               "lla" : [ 123.6545265, -29.15758602, 15073.32885 ],
               "radarID" : 13037,
               "targetType" : 3,
               "trueID" : 805,
               "velocity" : [ 261.32873699999999, 136.3692743, 55.773759509999998 ]
            }
         ]
      },
      {
         "radarID" : 13044,
         "tracks" : [
            {
               "detectedID" : 1005,
               "detectedTime" : 241.75,
               "entityID" : 13044,
               "height" : 4277.9871620000004,
               "lla" : [ 123.654526, -29.15758306, 15176.25495 ],
               "radarID" : 13044,
               "targetType" : 3,
               "trueID" : 805,
               "velocity" : [ 261.32873699999999, 136.3692743, 55.773759509999998 ]
            }
         ]
      }
   ],
   "terminator" : 0
}
