{
   "data" : [
      {
         "radarID" : 13086,
         "tracks" : [
            {
               "detectedID" : 1005,
               "detectedTime" : 1029.95,
               "entityID" : 13086,
               "height" : 5427.664565,
               "lla" : [ 121.27539109999999, -27.59646257, -103138.4483 ],
               "radarID" : 13086,
               "targetType" : 3,
               "trueID" : 805,
               "velocity" : [ 266.52074820000001, 128.18434880000001, 50.353386520000001 ]
            }
         ]
      }
   ],
   "terminator" : 0
}
