{
   "data" : [
      {
         "radarID" : 13065,
         "tracks" : [
            {
               "detectedID" : 1006,
               "detectedTime" : 1030.2,
               "entityID" : 13065,
               "height" : 5734.1006390000002,
               "lla" : [ 121.5943832, -27.81143617, -109496.3817 ],
               "radarID" : 13065,
               "targetType" : 3,
               "trueID" : 811,
               "velocity" : [ 267.24325909999999, 108.1126199, 83.022297300000005 ]
            }
         ]
      }
   ],
   "terminator" : 0
}
