{
   "data" : [
      {
         "radarID" : 13093,
         "tracks" : [
            {
               "detectedID" : 1006,
               "detectedTime" : 1032.0,
               "entityID" : 13093,
               "height" : 1904.8335259999999,
               "lla" : [ 121.5904876, -27.808926419999999, -113518.9155 ],
               "radarID" : 13093,
               "targetType" : 3,
               "trueID" : 811,
               "velocity" : [ 267.25476629999997, 108.0938384, 83.009710150000004 ]
            }
         ]
      },
      {
         "radarID" : 13107,
         "tracks" : [
            {
               "detectedID" : 1006,
               "detectedTime" : 1032.0,
               "entityID" : 13107,
               "height" : 5740.381359,
               "lla" : [ 121.58910179999999, -27.80790009, -109790.00780000001 ],
               "radarID" : 13107,
               "targetType" : 3,
               "trueID" : 811,
               "velocity" : [ 267.25476629999997, 108.0938384, 83.009710150000004 ]
            }
         ]
      }
   ],
   "terminator" : 0
}
