{
   "data" : [
      {
         "radarID" : 13093,
         "tracks" : [
            {
               "detectedID" : 1003,
               "detectedTime" : 1032.95,
               "entityID" : 13093,
               "height" : 528.43404520000001,
               "lla" : [ 120.85447619999999, -27.31064683, -104799.13370000001 ],
               "radarID" : 13093,
               "targetType" : 3,
               "trueID" : 781,
               "velocity" : [ 247.24983270000001, 40.824039339999999, 164.92700830000001 ]
            }
         ]
      }
   ],
   "terminator" : 0
}
