{
   "data" : [
      {
         "radarID" : 13093,
         "tracks" : [
            {
               "detectedID" : 1002,
               "detectedTime" : 1033.0,
               "entityID" : 13093,
               "height" : 1568.662032,
               "lla" : [ 121.41513980000001, -27.689899629999999, -69371.625079999998 ],
               "radarID" : 13093,
               "targetType" : 3,
               "trueID" : 793,
               "velocity" : [ 252.8112275, 56.608215880000003, 151.26795150000001 ]
            }
         ]
      },
      {
         "radarID" : 13107,
         "tracks" : [
            {
               "detectedID" : 1002,
               "detectedTime" : 1033.0,
               "entityID" : 13107,
               "height" : 5053.6183899999996,
               "lla" : [ 121.41400729999999, -27.689050829999999, -65996.683860000005 ],
               "radarID" : 13107,
               "targetType" : 3,
               "trueID" : 793,
               "velocity" : [ 252.8112275, 56.608215880000003, 151.26795150000001 ]
            }
         ]
      }
   ],
   "terminator" : 0
}
