{
   "data" : [
      {
         "radarID" : 13065,
         "tracks" : [
            {
               "detectedID" : 1005,
               "detectedTime" : 242.19999999999999,
               "entityID" : 13065,
               "height" : 5712.7530379999998,
               "lla" : [ 123.65228399999999, -29.156115809999999, 16520.94224 ],
               "radarID" : 13065,
               "targetType" : 3,
               "trueID" : 805,
               "velocity" : [ 261.3318041, 136.3646535, 55.770686159999997 ]
            },
            {
               "detectedID" : 1006,
               "detectedTime" : 242.19999999999999,
               "entityID" : 13065,
               "height" : 6096.7511670000004,
               "lla" : [ 123.891774, -29.30854261, 23989.87787 ],
               "radarID" : 13065,
               "targetType" : 3,
               "trueID" : 811,
               "velocity" : [ 262.0232044, 116.2590867, 88.474092760000005 ]
            }
         ]
      }
   ],
   "terminator" : 0
}
