{
   "data" : [
      {
         "radarID" : 12995,
         "tracks" : [
            {
               "detectedID" : 1005,
               "detectedTime" : 1035.05,
               "entityID" : 12995,
               "height" : 5452.9350409999997,
               "lla" : [ 121.25993440000001, -27.58603278, -103871.7338 ],
               "radarID" : 12995,
               "targetType" : 3,
               "trueID" : 805,
               "velocity" : [ 266.55316060000001, 128.13080579999999, 50.318079910000002 ]
            }
         ]
      },
      {
         "radarID" : 13009,
         "tracks" : [
            {
               "detectedID" : 1002,
               "detectedTime" : 1035.05,
               "entityID" : 13009,
               "height" : 898.79084990000001,
               "lla" : [ 121.4088098, -27.685661410000002, -70415.188299999994 ],
               "radarID" : 13009,
               "targetType" : 3,
               "trueID" : 793,
               "velocity" : [ 252.8244292, 56.586595389999999, 151.25397580000001 ]
            }
         ]
      },
      {
         "radarID" : 13016,
         "tracks" : [
            {
               "detectedID" : 1002,
               "detectedTime" : 1035.05,
               "entityID" : 13016,
               "height" : 880.99739620000003,
               "lla" : [ 121.4087679, -27.685633599999999, -70431.151570000002 ],
               "radarID" : 13016,
               "targetType" : 3,
               "trueID" : 793,
               "velocity" : [ 252.8244292, 56.586595389999999, 151.25397580000001 ]
            }
         ]
      },
      {
         "radarID" : 13072,
         "tracks" : [
            {
               "detectedID" : 1004,
               "detectedTime" : 1035.05,
               "entityID" : 13072,
               "height" : 5001.5386630000003,
               "lla" : [ 121.0498726, -27.44246017, -56386.120719999999 ],
               "radarID" : 13072,
               "targetType" : 3,
               "trueID" : 799,
               "velocity" : [ 261.19474559999998, 146.6128635, 16.792055749999999 ]
            }
         ]
      }
   ],
   "terminator" : 0
}
