{
   "data" : [
      {
         "radarID" : 13135,
         "tracks" : [
            {
               "detectedID" : 1004,
               "detectedTime" : 242.65000000000001,
               "entityID" : 13135,
               "height" : 3259.7381190000001,
               "lla" : [ 122.695357, -28.536406209999999, 59607.714670000001 ],
               "radarID" : 13135,
               "targetType" : 3,
               "trueID" : 799,
               "velocity" : [ 115.33787649999999, -88.417607680000003, 262.44904439999999 ]
            }
         ]
      },
      {
         "radarID" : 13142,
         "tracks" : [
            {
               "detectedID" : 1004,
               "detectedTime" : 242.65000000000001,
               "entityID" : 13142,
               "height" : 4879.1829420000004,
               "lla" : [ 122.6931481, -28.534924279999998, 61116.405270000003 ],
               "radarID" : 13142,
               "targetType" : 3,
               "trueID" : 799,
               "velocity" : [ 115.33787649999999, -88.417607680000003, 262.44904439999999 ]
            },
            {
               "detectedID" : 1002,
               "detectedTime" : 242.65000000000001,
               "entityID" : 13142,
               "height" : 4832.895724,
               "lla" : [ 122.78081640000001, -28.592148130000002, 62742.240949999999 ],
               "radarID" : 13142,
               "targetType" : 3,
               "trueID" : 793,
               "velocity" : [ -143.98154679999999, -198.43188480000001, 172.8991072 ]
            }
         ]
      }
   ],
   "terminator" : 0
}
