{
   "data" : [
      {
         "radarID" : 13009,
         "tracks" : [
            {
               "detectedID" : 1001,
               "detectedTime" : 1037.0999999999999,
               "entityID" : 13009,
               "height" : 69.493832940000004,
               "lla" : [ 121.14894320000001, -27.511731990000001, -136384.77230000001 ],
               "radarID" : 13009,
               "targetType" : 3,
               "trueID" : 817,
               "velocity" : [ 267.90608370000001, 102.6668049, 87.669022549999994 ]
            }
         ]
      }
   ],
   "terminator" : 0
}
