{
   "data" : [
      {
         "radarID" : 13016,
         "tracks" : [
            {
               "detectedID" : 1001,
               "detectedTime" : 1037.2,
               "entityID" : 13016,
               "height" : 77.462948879999999,
               "lla" : [ 121.14887229999999, -27.511684370000001, -136402.77160000001 ],
               "radarID" : 13016,
               "targetType" : 3,
               "trueID" : 817,
               "velocity" : [ 267.90671450000002, 102.6657572, 87.668321640000002 ]
            }
         ]
      }
   ],
   "terminator" : 0
}
