{
   "data" : [
      {
         "radarID" : 12924,
         "tracks" : [
            {
               "detectedID" : 1006,
               "detectedTime" : 1044.5999999999999,
               "entityID" : 12924,
               "height" : 4568.503342,
               "lla" : [ 121.552205, -27.78321467, -113015.0039 ],
               "radarID" : 12924,
               "targetType" : 3,
               "trueID" : 811,
               "velocity" : [ 267.33526289999998, 107.96234629999999, 82.921583389999995 ]
            }
         ]
      }
   ],
   "terminator" : 0
}
