{
   "data" : [
      {
         "radarID" : 12903,
         "tracks" : [
            {
               "detectedID" : 1006,
               "detectedTime" : 1044.8499999999999,
               "entityID" : 12903,
               "height" : 5729.5024359999998,
               "lla" : [ 121.5513799, -27.782632880000001, -111946.4041 ],
               "radarID" : 12903,
               "targetType" : 3,
               "trueID" : 811,
               "velocity" : [ 267.33685910000003, 107.959737, 82.919834550000004 ]
            }
         ]
      },
      {
         "radarID" : 12917,
         "tracks" : [
            {
               "detectedID" : 1006,
               "detectedTime" : 1044.8499999999999,
               "entityID" : 12917,
               "height" : 2049.4669239999998,
               "lla" : [ 121.55149160000001, -27.78279899, -115468.83990000001 ],
               "radarID" : 12917,
               "targetType" : 3,
               "trueID" : 811,
               "velocity" : [ 267.33685910000003, 107.959737, 82.919834550000004 ]
            }
         ]
      }
   ],
   "terminator" : 0
}
