{
   "data" : [
      {
         "radarID" : 13058,
         "tracks" : [
            {
               "detectedID" : 1002,
               "detectedTime" : 243.5,
               "entityID" : 13058,
               "height" : 4831.8842919999997,
               "lla" : [ 122.78256450000001, -28.593289389999999, 62718.036189999999 ],
               "radarID" : 13058,
               "targetType" : 3,
               "trueID" : 793,
               "velocity" : [ -143.9758142, -198.44086530000001, 172.89357390000001 ]
            }
         ]
      },
      {
         "radarID" : 13079,
         "tracks" : [
            {
               "detectedID" : 1002,
               "detectedTime" : 243.5,
               "entityID" : 13079,
               "height" : 4833.8060079999996,
               "lla" : [ 122.7826058, -28.59331624, 62723.022449999997 ],
               "radarID" : 13079,
               "targetType" : 3,
               "trueID" : 793,
               "velocity" : [ -143.9758142, -198.44086530000001, 172.89357390000001 ]
            }
         ]
      },
      {
         "radarID" : 13086,
         "tracks" : [
            {
               "detectedID" : 1002,
               "detectedTime" : 243.5,
               "entityID" : 13086,
               "height" : 4836.3391840000004,
               "lla" : [ 122.7826733, -28.593360029999999, 62732.485619999999 ],
               "radarID" : 13086,
               "targetType" : 3,
               "trueID" : 793,
               "velocity" : [ -143.9758142, -198.44086530000001, 172.89357390000001 ]
            }
         ]
      }
   ],
   "terminator" : 0
}
