{
   "data" : [
      {
         "radarID" : 13009,
         "tracks" : [
            {
               "detectedID" : 1003,
               "detectedTime" : 1046.0,
               "entityID" : 13009,
               "height" : 806.02502330000004,
               "lla" : [ 120.82316520000001, -27.289330660000001, -107077.1804 ],
               "radarID" : 13009,
               "targetType" : 3,
               "trueID" : 781,
               "velocity" : [ 247.3324102, 40.685741569999998, 164.83734200000001 ]
            }
         ]
      }
   ],
   "terminator" : 0
}
