{
   "data" : [
      {
         "radarID" : 12931,
         "tracks" : [
            {
               "detectedID" : 1006,
               "detectedTime" : 1046.25,
               "entityID" : 12931,
               "height" : 5725.2083769999999,
               "lla" : [ 121.54727490000001, -27.779881840000002, -112177.6355 ],
               "radarID" : 12931,
               "targetType" : 3,
               "trueID" : 811,
               "velocity" : [ 267.34579719999999, 107.9451243, 82.910040820000006 ]
            }
         ]
      }
   ],
   "terminator" : 0
}
