{
   "data" : [
      {
         "radarID" : 13079,
         "tracks" : [
            {
               "detectedID" : 1004,
               "detectedTime" : 1046.5,
               "entityID" : 13079,
               "height" : 5000.6460559999996,
               "lla" : [ 121.01488670000001, -27.418720059999998, -57855.530839999999 ],
               "radarID" : 13079,
               "targetType" : 3,
               "trueID" : 799,
               "velocity" : [ 261.26784229999998, 146.4913651, 16.715098699999999 ]
            }
         ]
      }
   ],
   "terminator" : 0
}
