{
   "data" : [
      {
         "radarID" : 12981,
         "tracks" : [
            {
               "detectedID" : 1001,
               "detectedTime" : 1047.45,
               "entityID" : 12981,
               "height" : 300.44636179999998,
               "lla" : [ 121.12125589999999, -27.49299654, -137864.5779 ],
               "radarID" : 12981,
               "targetType" : 3,
               "trueID" : 817,
               "velocity" : [ 267.97134419999998, 102.5583613, 87.59646789 ]
            }
         ]
      },
      {
         "radarID" : 12988,
         "tracks" : [
            {
               "detectedID" : 1001,
               "detectedTime" : 1047.45,
               "entityID" : 12988,
               "height" : 5503.2482769999997,
               "lla" : [ 121.1240375, -27.494749160000001, -132681.60769999999 ],
               "radarID" : 12988,
               "targetType" : 3,
               "trueID" : 817,
               "velocity" : [ 267.97134419999998, 102.5583613, 87.59646789 ]
            }
         ]
      }
   ],
   "terminator" : 0
}
