{
   "data" : [
      {
         "radarID" : 13037,
         "tracks" : [
            {
               "detectedID" : 1002,
               "detectedTime" : 1049.7,
               "entityID" : 13037,
               "height" : 656.51429880000001,
               "lla" : [ 121.37176650000001, -27.660773200000001, -73631.631150000001 ],
               "radarID" : 13037,
               "targetType" : 3,
               "trueID" : 793,
               "velocity" : [ 252.91870499999999, 56.432073109999997, 151.1540598 ]
            }
         ]
      },
      {
         "radarID" : 13044,
         "tracks" : [
            {
               "detectedID" : 1005,
               "detectedTime" : 1049.7,
               "entityID" : 13044,
               "height" : 1815.7886329999999,
               "lla" : [ 121.2152816, -27.555976439999998, -109693.5045 ],
               "radarID" : 13044,
               "targetType" : 3,
               "trueID" : 805,
               "velocity" : [ 266.64618189999999, 127.9769604, 50.216643759999997 ]
            }
         ]
      }
   ],
   "terminator" : 0
}
