{
   "data" : [
      {
         "radarID" : 13023,
         "tracks" : [
            {
               "detectedID" : 1004,
               "detectedTime" : 1050.55,
               "entityID" : 13023,
               "height" : 5001.1592659999997,
               "lla" : [ 121.00250200000001, -27.41031168, -58374.796889999998 ],
               "radarID" : 13023,
               "targetType" : 3,
               "trueID" : 799,
               "velocity" : [ 261.29367939999997, 146.44837960000001, 16.687876889999998 ]
            },
            {
               "detectedID" : 1006,
               "detectedTime" : 1050.55,
               "entityID" : 13023,
               "height" : 5731.4964970000001,
               "lla" : [ 121.53472960000001, -27.771473019999998, -112898.12699999999 ],
               "radarID" : 13023,
               "targetType" : 3,
               "trueID" : 811,
               "velocity" : [ 267.37324260000003, 107.9002397, 82.879957820000001 ]
            }
         ]
      },
      {
         "radarID" : 13142,
         "tracks" : [
            {
               "detectedID" : 1006,
               "detectedTime" : 1050.55,
               "entityID" : 13142,
               "height" : 5733.9868159999996,
               "lla" : [ 121.53486650000001, -27.771565089999999, -112901.4761 ],
               "radarID" : 13142,
               "targetType" : 3,
               "trueID" : 811,
               "velocity" : [ 267.37324260000003, 107.9002397, 82.879957820000001 ]
            }
         ]
      }
   ],
   "terminator" : 0
}
