{
   "data" : [
      {
         "radarID" : 12931,
         "tracks" : [
            {
               "detectedID" : 1004,
               "detectedTime" : 1055.8,
               "entityID" : 12931,
               "height" : 5008.6083520000002,
               "lla" : [ 120.986486, -27.39943448, -59049.664530000002 ],
               "radarID" : 12931,
               "targetType" : 3,
               "trueID" : 799,
               "velocity" : [ 261.32715789999997, 146.3926496, 16.65258845 ]
            }
         ]
      },
      {
         "radarID" : 12938,
         "tracks" : [
            {
               "detectedID" : 1004,
               "detectedTime" : 1055.8,
               "entityID" : 12938,
               "height" : 5011.7037989999999,
               "lla" : [ 120.9863515, -27.399342829999998, -59042.450490000003 ],
               "radarID" : 12938,
               "targetType" : 3,
               "trueID" : 799,
               "velocity" : [ 261.32715789999997, 146.3926496, 16.65258845 ]
            }
         ]
      },
      {
         "radarID" : 12988,
         "tracks" : [
            {
               "detectedID" : 1004,
               "detectedTime" : 1055.8,
               "entityID" : 12988,
               "height" : 5005.325167,
               "lla" : [ 120.98646220000001, -27.399418300000001, -59048.462090000001 ],
               "radarID" : 12988,
               "targetType" : 3,
               "trueID" : 799,
               "velocity" : [ 261.32715789999997, 146.3926496, 16.65258845 ]
            }
         ]
      },
      {
         "radarID" : 13016,
         "tracks" : [
            {
               "detectedID" : 1005,
               "detectedTime" : 1055.8,
               "entityID" : 13016,
               "height" : 221.4466414,
               "lla" : [ 121.1955114, -27.542652060000002, -111999.7602 ],
               "radarID" : 13016,
               "targetType" : 3,
               "trueID" : 805,
               "velocity" : [ 266.68487699999997, 127.91288400000001, 50.174400480000003 ]
            }
         ]
      }
   ],
   "terminator" : 0
}
