{
   "data" : [
      {
         "radarID" : 12931,
         "tracks" : [
            {
               "detectedID" : 1005,
               "detectedTime" : 1056.25,
               "entityID" : 12931,
               "height" : 5420.1024399999997,
               "lla" : [ 121.19561710000001, -27.542596589999999, -107053.2681 ],
               "radarID" : 12931,
               "targetType" : 3,
               "trueID" : 805,
               "velocity" : [ 266.68773069999997, 127.9081566, 50.171284010000001 ]
            }
         ]
      },
      {
         "radarID" : 12938,
         "tracks" : [
            {
               "detectedID" : 1006,
               "detectedTime" : 1056.25,
               "entityID" : 12938,
               "height" : 5720.6586550000002,
               "lla" : [ 121.51791110000001, -27.760195719999999, -113847.03389999999 ],
               "radarID" : 12938,
               "targetType" : 3,
               "trueID" : 811,
               "velocity" : [ 267.40960690000003, 107.84073480000001, 82.840075119999995 ]
            }
         ]
      },
      {
         "radarID" : 12974,
         "tracks" : [
            {
               "detectedID" : 1006,
               "detectedTime" : 1056.25,
               "entityID" : 12974,
               "height" : 5722.0442009999997,
               "lla" : [ 121.5178416, -27.760148940000001, -113845.247 ],
               "radarID" : 12974,
               "targetType" : 3,
               "trueID" : 811,
               "velocity" : [ 267.40960690000003, 107.84073480000001, 82.840075119999995 ]
            }
         ]
      }
   ],
   "terminator" : 0
}
