{
   "data" : [
      {
         "radarID" : 13051,
         "tracks" : [
            {
               "detectedID" : 1006,
               "detectedTime" : 1060.05,
               "entityID" : 13051,
               "height" : 1444.3997440000001,
               "lla" : [ 121.50682380000001, -27.752869780000001, -118756.9277 ],
               "radarID" : 13051,
               "targetType" : 3,
               "trueID" : 811,
               "velocity" : [ 267.4338391, 107.8010606, 82.813483340000005 ]
            }
         ]
      },
      {
         "radarID" : 13058,
         "tracks" : [
            {
               "detectedID" : 1006,
               "detectedTime" : 1060.05,
               "entityID" : 13058,
               "height" : 5721.708944,
               "lla" : [ 121.50674309999999, -27.752704909999999, -114481.3667 ],
               "radarID" : 13058,
               "targetType" : 3,
               "trueID" : 811,
               "velocity" : [ 267.4338391, 107.8010606, 82.813483340000005 ]
            }
         ]
      },
      {
         "radarID" : 13065,
         "tracks" : [
            {
               "detectedID" : 1006,
               "detectedTime" : 1060.05,
               "entityID" : 13065,
               "height" : 5720.7831079999996,
               "lla" : [ 121.5067425, -27.752704520000002, -114481.38069999999 ],
               "radarID" : 13065,
               "targetType" : 3,
               "trueID" : 811,
               "velocity" : [ 267.4338391, 107.8010606, 82.813483340000005 ]
            }
         ]
      }
   ],
   "terminator" : 0
}
