{
   "data" : [
      {
         "radarID" : 12995,
         "tracks" : [
            {
               "detectedID" : 1006,
               "detectedTime" : 1064.3499999999999,
               "entityID" : 12995,
               "height" : 5719.8343560000003,
               "lla" : [ 121.4941118, -27.744230219999999, -115195.13920000001 ],
               "radarID" : 12995,
               "targetType" : 3,
               "trueID" : 811,
               "velocity" : [ 267.46124950000001, 107.756162, 82.783389439999993 ]
            }
         ]
      },
      {
         "radarID" : 13002,
         "tracks" : [
            {
               "detectedID" : 1006,
               "detectedTime" : 1064.3499999999999,
               "entityID" : 13002,
               "height" : 124.7588334,
               "lla" : [ 121.4957867, -27.745490950000001, -120388.4746 ],
               "radarID" : 13002,
               "targetType" : 3,
               "trueID" : 811,
               "velocity" : [ 267.46124950000001, 107.756162, 82.783389439999993 ]
            }
         ]
      }
   ],
   "terminator" : 0
}
