{
   "data" : [
      {
         "radarID" : 13009,
         "tracks" : [
            {
               "detectedID" : 1006,
               "detectedTime" : 1064.4000000000001,
               "entityID" : 13009,
               "height" : 13.73399139,
               "lla" : [ 121.4989085, -27.747578050000001, -119921.4706 ],
               "radarID" : 13009,
               "targetType" : 3,
               "trueID" : 811,
               "velocity" : [ 267.46156819999999, 107.75563990000001, 82.783039489999993 ]
            }
         ]
      }
   ],
   "terminator" : 0
}
