{
   "data" : [
      {
         "radarID" : 12903,
         "tracks" : [
            {
               "detectedID" : 1001,
               "detectedTime" : 1065.3,
               "entityID" : 12903,
               "height" : 5498.2499470000002,
               "lla" : [ 121.071952, -27.459479909999999, -135694.25279999999 ],
               "radarID" : 12903,
               "targetType" : 3,
               "trueID" : 817,
               "velocity" : [ 268.08374609999998, 102.37127889999999, 87.471288450000003 ]
            }
         ]
      },
      {
         "radarID" : 12917,
         "tracks" : [
            {
               "detectedID" : 1001,
               "detectedTime" : 1065.3,
               "entityID" : 12917,
               "height" : 1884.4868839999999,
               "lla" : [ 121.0716814, -27.459385839999999, -139161.10819999999 ],
               "radarID" : 12917,
               "targetType" : 3,
               "trueID" : 817,
               "velocity" : [ 268.08374609999998, 102.37127889999999, 87.471288450000003 ]
            }
         ]
      },
      {
         "radarID" : 13002,
         "tracks" : [
            {
               "detectedID" : 1004,
               "detectedTime" : 1065.3,
               "entityID" : 13002,
               "height" : 2543.4788319999998,
               "lla" : [ 120.95727100000001, -27.379642990000001, -62663.149940000003 ],
               "radarID" : 13002,
               "targetType" : 3,
               "trueID" : 799,
               "velocity" : [ 261.38769760000002, 146.29178229999999, 16.588730529999999 ]
            }
         ]
      }
   ],
   "terminator" : 0
}
