{
   "data" : [
      {
         "radarID" : 13016,
         "tracks" : [
            {
               "detectedID" : 1004,
               "detectedTime" : 1065.5,
               "entityID" : 13016,
               "height" : 1949.845851,
               "lla" : [ 120.956548, -27.37916611, -63273.528189999997 ],
               "radarID" : 13016,
               "targetType" : 3,
               "trueID" : 799,
               "velocity" : [ 261.38897159999999, 146.2896585, 16.587386120000001 ]
            }
         ]
      }
   ],
   "terminator" : 0
}
