{
   "data" : [
      {
         "radarID" : 13079,
         "tracks" : [
            {
               "detectedID" : 1004,
               "detectedTime" : 1066.7,
               "entityID" : 13079,
               "height" : 5000.6850850000001,
               "lla" : [ 120.95316320000001, -27.37679047, -60446.76064 ],
               "radarID" : 13079,
               "targetType" : 3,
               "trueID" : 799,
               "velocity" : [ 261.39661480000001, 146.27691519999999, 16.579319600000002 ]
            }
         ]
      }
   ],
   "terminator" : 0
}
