{
   "data" : [
      {
         "radarID" : 12988,
         "tracks" : [
            {
               "detectedID" : 1001,
               "detectedTime" : 1067.45,
               "entityID" : 12988,
               "height" : 5493.5358040000001,
               "lla" : [ 121.0656694, -27.455222809999999, -136054.0097 ],
               "radarID" : 12988,
               "targetType" : 3,
               "trueID" : 817,
               "velocity" : [ 268.09727199999998, 102.3487403, 87.456206640000005 ]
            }
         ]
      }
   ],
   "terminator" : 0
}
