{
   "data" : [
      {
         "radarID" : 13023,
         "tracks" : [
            {
               "detectedID" : 1006,
               "detectedTime" : 1070.5,
               "entityID" : 13023,
               "height" : 5720.0550510000003,
               "lla" : [ 121.47595990000001, -27.73204724, -116221.391 ],
               "radarID" : 13023,
               "targetType" : 3,
               "trueID" : 811,
               "velocity" : [ 267.50043369999997, 107.6919389, 82.740342249999998 ]
            }
         ]
      },
      {
         "radarID" : 13142,
         "tracks" : [
            {
               "detectedID" : 1004,
               "detectedTime" : 1070.5,
               "entityID" : 13142,
               "height" : 5001.0647740000004,
               "lla" : [ 120.9415271, -27.368879190000001, -60932.21675 ],
               "radarID" : 13142,
               "targetType" : 3,
               "trueID" : 799,
               "velocity" : [ 261.42081309999998, 146.23655830000001, 16.553775290000001 ]
            },
            {
               "detectedID" : 1006,
               "detectedTime" : 1070.5,
               "entityID" : 13142,
               "height" : 5724.161521,
               "lla" : [ 121.4762075, -27.73221406, -116229.52860000001 ],
               "radarID" : 13142,
               "targetType" : 3,
               "trueID" : 811,
               "velocity" : [ 267.50043369999997, 107.6919389, 82.740342249999998 ]
            }
         ]
      }
   ],
   "terminator" : 0
}
