{
   "data" : [
      {
         "radarID" : 13072,
         "tracks" : [
            {
               "detectedID" : 1002,
               "detectedTime" : 1074.0,
               "entityID" : 13072,
               "height" : 5003.3886419999999,
               "lla" : [ 121.310939, -27.619731099999999, -73890.365139999994 ],
               "radarID" : 13072,
               "targetType" : 3,
               "trueID" : 793,
               "velocity" : [ 253.07481519999999, 56.175709230000002, 150.98817030000001 ]
            }
         ]
      }
   ],
   "terminator" : 0
}
