{
   "data" : [
      {
         "radarID" : 12903,
         "tracks" : [
            {
               "detectedID" : 1001,
               "detectedTime" : 1075.3499999999999,
               "entityID" : 12903,
               "height" : 5494.8320530000001,
               "lla" : [ 121.0425829, -27.439574109999999, -137384.4607 ],
               "radarID" : 12903,
               "targetType" : 3,
               "trueID" : 817,
               "velocity" : [ 268.14694830000002, 102.2659153, 87.400782039999996 ]
            }
         ]
      },
      {
         "radarID" : 12910,
         "tracks" : [
            {
               "detectedID" : 1001,
               "detectedTime" : 1075.3499999999999,
               "entityID" : 12910,
               "height" : 2152.8881860000001,
               "lla" : [ 121.0423253, -27.439482160000001, -140597.99770000001 ],
               "radarID" : 12910,
               "targetType" : 3,
               "trueID" : 817,
               "velocity" : [ 268.14694830000002, 102.2659153, 87.400782039999996 ]
            }
         ]
      },
      {
         "radarID" : 12917,
         "tracks" : [
            {
               "detectedID" : 1001,
               "detectedTime" : 1075.3499999999999,
               "entityID" : 12917,
               "height" : 1875.058043,
               "lla" : [ 121.04227109999999, -27.43945205, -140857.4712 ],
               "radarID" : 12917,
               "targetType" : 3,
               "trueID" : 817,
               "velocity" : [ 268.14694830000002, 102.2659153, 87.400782039999996 ]
            }
         ]
      },
      {
         "radarID" : 13002,
         "tracks" : [
            {
               "detectedID" : 1004,
               "detectedTime" : 1075.3499999999999,
               "entityID" : 13002,
               "height" : 2556.4962810000002,
               "lla" : [ 120.9264843, -27.358708539999999, -63938.829919999996 ],
               "radarID" : 13002,
               "targetType" : 3,
               "trueID" : 799,
               "velocity" : [ 261.45168569999998, 146.18504350000001, 16.521171880000001 ]
            }
         ]
      }
   ],
   "terminator" : 0
}
