{
   "data" : [
      {
         "radarID" : 13009,
         "tracks" : [
            {
               "detectedID" : 1005,
               "detectedTime" : 1075.9000000000001,
               "entityID" : 13009,
               "height" : 239.00381659999999,
               "lla" : [ 121.13448270000001, -27.50137621, -114976.416 ],
               "radarID" : 13009,
               "targetType" : 3,
               "trueID" : 805,
               "velocity" : [ 266.81222580000002, 127.701673, 50.035176059999998 ]
            }
         ]
      }
   ],
   "terminator" : 0
}
