{
   "data" : [
      {
         "radarID" : 13030,
         "tracks" : [
            {
               "detectedID" : 1006,
               "detectedTime" : 1079.95,
               "entityID" : 13030,
               "height" : 2723.5798679999998,
               "lla" : [ 121.4482477, -27.713515610000002, -120793.39870000001 ],
               "radarID" : 13030,
               "targetType" : 3,
               "trueID" : 811,
               "velocity" : [ 267.56060009999999, 107.5932373, 82.674183049999996 ]
            }
         ]
      },
      {
         "radarID" : 13044,
         "tracks" : [
            {
               "detectedID" : 1006,
               "detectedTime" : 1079.95,
               "entityID" : 13044,
               "height" : 2754.731937,
               "lla" : [ 121.4483031, -27.713552270000001, -120767.9586 ],
               "radarID" : 13044,
               "targetType" : 3,
               "trueID" : 811,
               "velocity" : [ 267.56060009999999, 107.5932373, 82.674183049999996 ]
            }
         ]
      }
   ],
   "terminator" : 0
}
