{
   "data" : [
      {
         "radarID" : 13023,
         "tracks" : [
            {
               "detectedID" : 1004,
               "detectedTime" : 1080.3499999999999,
               "entityID" : 13023,
               "height" : 5000.6626630000001,
               "lla" : [ 120.9114314, -27.348407859999998, -62193.551939999998 ],
               "radarID" : 13023,
               "targetType" : 3,
               "trueID" : 799,
               "velocity" : [ 261.48349889999997, 146.1319274, 16.487559210000001 ]
            }
         ]
      },
      {
         "radarID" : 13142,
         "tracks" : [
            {
               "detectedID" : 1005,
               "detectedTime" : 1080.3499999999999,
               "entityID" : 13142,
               "height" : 5414.9695199999996,
               "lla" : [ 121.1226841, -27.493263679999998, -110641.82000000001 ],
               "radarID" : 13142,
               "targetType" : 3,
               "trueID" : 805,
               "velocity" : [ 266.84038779999997, 127.65489700000001, 50.004346660000003 ]
            }
         ]
      }
   ],
   "terminator" : 0
}
