{
   "data" : [
      {
         "radarID" : 13093,
         "tracks" : [
            {
               "detectedID" : 1003,
               "detectedTime" : 1082.8499999999999,
               "entityID" : 13093,
               "height" : 366.1771397,
               "lla" : [ 120.73486629999999, -27.229166190000001, -114688.24860000001 ],
               "radarID" : 13093,
               "targetType" : 3,
               "trueID" : 781,
               "velocity" : [ 247.56508400000001, 40.295143349999996, 164.58381030000001 ]
            }
         ]
      },
      {
         "radarID" : 13114,
         "tracks" : [
            {
               "detectedID" : 1002,
               "detectedTime" : 1082.8499999999999,
               "entityID" : 13114,
               "height" : 1373.445504,
               "lla" : [ 121.2898778, -27.605637430000002, -79101.404590000006 ],
               "radarID" : 13114,
               "targetType" : 3,
               "trueID" : 793,
               "velocity" : [ 253.13158799999999, 56.08232443, 150.92770469999999 ]
            }
         ]
      }
   ],
   "terminator" : 0
}
