{
   "data" : [
      {
         "radarID" : 13037,
         "tracks" : [
            {
               "detectedID" : 1001,
               "detectedTime" : 261.64999999999998,
               "entityID" : 13037,
               "height" : 3558.53665,
               "lla" : [ 123.401746, -28.995951229999999, -616.31239870000002 ],
               "radarID" : 13037,
               "targetType" : 3,
               "trueID" : 817,
               "velocity" : [ 262.83741750000002, 110.7212986, 93.044537590000004 ]
            }
         ]
      }
   ],
   "terminator" : 0
}
