{
   "data" : [
      {
         "radarID" : 12910,
         "tracks" : [
            {
               "detectedID" : 1006,
               "detectedTime" : 1085.0,
               "entityID" : 12910,
               "height" : 2191.9859929999998,
               "lla" : [ 121.433436, -27.703574490000001, -122021.39449999999 ],
               "radarID" : 12910,
               "targetType" : 3,
               "trueID" : 811,
               "velocity" : [ 267.59273089999999, 107.54048330000001, 82.638821419999999 ]
            }
         ]
      },
      {
         "radarID" : 12995,
         "tracks" : [
            {
               "detectedID" : 1002,
               "detectedTime" : 1085.0,
               "entityID" : 12995,
               "height" : 5061.6503839999996,
               "lla" : [ 121.2832581, -27.601084100000001, -75940.747390000004 ],
               "radarID" : 12995,
               "targetType" : 3,
               "trueID" : 793,
               "velocity" : [ 253.1453736, 56.059636310000002, 150.91301139999999 ]
            }
         ]
      }
   ],
   "terminator" : 0
}
