{
   "data" : [
      {
         "radarID" : 12995,
         "tracks" : [
            {
               "detectedID" : 1001,
               "detectedTime" : 1086.0999999999999,
               "entityID" : 12995,
               "height" : 5484.4555920000003,
               "lla" : [ 121.0111988, -27.418287979999999, -139197.31789999999 ],
               "radarID" : 12995,
               "targetType" : 3,
               "trueID" : 817,
               "velocity" : [ 268.21448629999998, 102.1531878, 87.325343050000001 ]
            }
         ]
      }
   ],
   "terminator" : 0
}
