{
   "data" : [
      {
         "radarID" : 12981,
         "tracks" : [
            {
               "detectedID" : 1006,
               "detectedTime" : 1087.2,
               "entityID" : 12981,
               "height" : 86.834558990000005,
               "lla" : [ 121.4218158, -27.69581634, -124660.78170000001 ],
               "radarID" : 12981,
               "targetType" : 3,
               "trueID" : 811,
               "velocity" : [ 267.6067238, 107.5174995, 82.623414890000006 ]
            }
         ]
      }
   ],
   "terminator" : 0
}
