{
   "data" : [
      {
         "radarID" : 13114,
         "tracks" : [
            {
               "detectedID" : 1006,
               "detectedTime" : 1091.8499999999999,
               "entityID" : 13114,
               "height" : 1805.6554180000001,
               "lla" : [ 121.41463400000001, -27.690950269999998, -123581.3141 ],
               "radarID" : 13114,
               "targetType" : 3,
               "trueID" : 811,
               "velocity" : [ 267.63629020000002, 107.4689163, 82.590848159999993 ]
            }
         ]
      }
   ],
   "terminator" : 0
}
