{
   "data" : [
      {
         "radarID" : 12903,
         "tracks" : [
            {
               "detectedID" : 1006,
               "detectedTime" : 1094.95,
               "entityID" : 12903,
               "height" : 5709.3647659999997,
               "lla" : [ 121.40419319999999, -27.683830180000001, -120294.0704 ],
               "radarID" : 12903,
               "targetType" : 3,
               "trueID" : 811,
               "velocity" : [ 267.65599400000002, 107.43652470000001, 82.569134809999994 ]
            }
         ]
      },
      {
         "radarID" : 12917,
         "tracks" : [
            {
               "detectedID" : 1006,
               "detectedTime" : 1094.95,
               "entityID" : 12917,
               "height" : 1913.239599,
               "lla" : [ 121.4042457, -27.683959890000001, -123940.3101 ],
               "radarID" : 12917,
               "targetType" : 3,
               "trueID" : 811,
               "velocity" : [ 267.65599400000002, 107.43652470000001, 82.569134809999994 ]
            }
         ]
      }
   ],
   "terminator" : 0
}
