{
   "data" : [
      {
         "radarID" : 13016,
         "tracks" : [
            {
               "detectedID" : 1005,
               "detectedTime" : 1096.1500000000001,
               "entityID" : 13016,
               "height" : 265.02833520000001,
               "lla" : [ 121.0728376, -27.459624640000001, -117976.54549999999 ],
               "radarID" : 13016,
               "targetType" : 3,
               "trueID" : 805,
               "velocity" : [ 266.94028450000002, 127.488771, 49.894867210000001 ]
            }
         ]
      }
   ],
   "terminator" : 0
}
