{
   "data" : [
      {
         "radarID" : 12981,
         "tracks" : [
            {
               "detectedID" : 1006,
               "detectedTime" : 1097.3,
               "entityID" : 12981,
               "height" : 101.27159159999999,
               "lla" : [ 121.3924796, -27.67609152, -126324.6351 ],
               "radarID" : 12981,
               "targetType" : 3,
               "trueID" : 811,
               "velocity" : [ 267.67092700000001, 107.4119683, 82.552673519999999 ]
            }
         ]
      },
      {
         "radarID" : 12988,
         "tracks" : [
            {
               "detectedID" : 1006,
               "detectedTime" : 1097.3,
               "entityID" : 12988,
               "height" : 5701.0374359999996,
               "lla" : [ 121.39731039999999, -27.679201920000001, -120692.65089999999 ],
               "radarID" : 12988,
               "targetType" : 3,
               "trueID" : 811,
               "velocity" : [ 267.67092700000001, 107.4119683, 82.552673519999999 ]
            }
         ]
      }
   ],
   "terminator" : 0
}
