{
   "data" : [
      {
         "radarID" : 13044,
         "tracks" : [
            {
               "detectedID" : 1004,
               "detectedTime" : 1098.5,
               "entityID" : 13044,
               "height" : 486.04314920000002,
               "lla" : [ 120.8544615, -27.309731620000001, -69096.505789999996 ],
               "radarID" : 13044,
               "targetType" : 3,
               "trueID" : 799,
               "velocity" : [ 261.59885969999999, 145.9390482, 16.36553735 ]
            }
         ]
      }
   ],
   "terminator" : 0
}
