{
   "data" : [
      {
         "radarID" : 13037,
         "tracks" : [
            {
               "detectedID" : 1006,
               "detectedTime" : 1099.8499999999999,
               "entityID" : 13037,
               "height" : 2752.130345,
               "lla" : [ 121.3896714, -27.6741402, -124071.3377 ],
               "radarID" : 13037,
               "targetType" : 3,
               "trueID" : 811,
               "velocity" : [ 267.68712720000002, 107.38532050000001, 82.534810120000003 ]
            }
         ]
      },
      {
         "radarID" : 13086,
         "tracks" : [
            {
               "detectedID" : 1002,
               "detectedTime" : 1099.8499999999999,
               "entityID" : 13086,
               "height" : 5003.3948799999998,
               "lla" : [ 121.2458877, -27.575894359999999, -78836.411999999997 ],
               "radarID" : 13086,
               "targetType" : 3,
               "trueID" : 793,
               "velocity" : [ 253.24051969999999, 55.902914760000002, 150.81148260000001 ]
            }
         ]
      }
   ],
   "terminator" : 0
}
