{
   "data" : [
      {
         "radarID" : 13072,
         "tracks" : [
            {
               "detectedID" : 1006,
               "detectedTime" : 1100.6500000000001,
               "entityID" : 13072,
               "height" : 5700.4730030000001,
               "lla" : [ 121.3874658, -27.672580400000001, -121251.1358 ],
               "radarID" : 13072,
               "targetType" : 3,
               "trueID" : 811,
               "velocity" : [ 267.6922088, 107.37696, 82.529205669999996 ]
            }
         ]
      },
      {
         "radarID" : 13135,
         "tracks" : [
            {
               "detectedID" : 1002,
               "detectedTime" : 1100.6500000000001,
               "entityID" : 13135,
               "height" : 1631.87186,
               "lla" : [ 121.2443313, -27.574931249999999, -82352.508820000003 ],
               "radarID" : 13135,
               "targetType" : 3,
               "trueID" : 793,
               "velocity" : [ 253.24564190000001, 55.894471099999997, 150.80601100000001 ]
            }
         ]
      }
   ],
   "terminator" : 0
}
