{
   "data" : [
      {
         "radarID" : 12981,
         "tracks" : [
            {
               "detectedID" : 1002,
               "detectedTime" : 1105.8,
               "entityID" : 12981,
               "height" : 861.27252710000005,
               "lla" : [ 121.2301551, -27.565384049999999, -84014.375839999993 ],
               "radarID" : 12981,
               "targetType" : 3,
               "trueID" : 793,
               "velocity" : [ 253.27860749999999, 55.840113180000003, 150.77078209999999 ]
            }
         ]
      }
   ],
   "terminator" : 0
}
