{
   "data" : [
      {
         "radarID" : 12931,
         "tracks" : [
            {
               "detectedID" : 1001,
               "detectedTime" : 1106.9000000000001,
               "entityID" : 12931,
               "height" : 5475.0936309999997,
               "lla" : [ 120.950503, -27.377077669999998, -142698.81890000001 ],
               "radarID" : 12931,
               "targetType" : 3,
               "trueID" : 817,
               "velocity" : [ 268.3449703, 101.93499970000001, 87.179313789999995 ]
            }
         ]
      },
      {
         "radarID" : 13079,
         "tracks" : [
            {
               "detectedID" : 1004,
               "detectedTime" : 1106.9000000000001,
               "entityID" : 13079,
               "height" : 5000.696782,
               "lla" : [ 120.8303188, -27.29316429, -65593.263829999996 ],
               "radarID" : 13079,
               "targetType" : 3,
               "trueID" : 799,
               "velocity" : [ 261.65218549999997, 145.84974579999999, 16.30906027 ]
            }
         ]
      }
   ],
   "terminator" : 0
}
