{
   "data" : [
      {
         "radarID" : 13051,
         "tracks" : [
            {
               "detectedID" : 1002,
               "detectedTime" : 1109.3499999999999,
               "entityID" : 13051,
               "height" : 257.1132217,
               "lla" : [ 121.2210477, -27.559259149999999, -85486.477190000005 ],
               "radarID" : 13051,
               "targetType" : 3,
               "trueID" : 793,
               "velocity" : [ 253.30132269999999, 55.802641299999998, 150.74649289999999 ]
            }
         ]
      }
   ],
   "terminator" : 0
}
