{
   "data" : [
      {
         "radarID" : 13114,
         "tracks" : [
            {
               "detectedID" : 1003,
               "detectedTime" : 1112.5,
               "entityID" : 13114,
               "height" : 356.81066570000002,
               "lla" : [ 120.6637163, -27.180589680000001, -120478.94259999999 ],
               "radarID" : 13114,
               "targetType" : 3,
               "trueID" : 781,
               "velocity" : [ 247.75175490000001, 39.980778450000003, 164.3794552 ]
            }
         ]
      }
   ],
   "terminator" : 0
}
