{
   "data" : [
      {
         "radarID" : 12938,
         "tracks" : [
            {
               "detectedID" : 1001,
               "detectedTime" : 263.85000000000002,
               "entityID" : 12938,
               "height" : 5880.2971859999998,
               "lla" : [ 123.39456819999999, -28.991286429999999, 1305.8113069999999 ],
               "radarID" : 12938,
               "targetType" : 3,
               "trueID" : 817,
               "velocity" : [ 262.85229470000002, 110.698649, 93.029459149999994 ]
            }
         ]
      }
   ],
   "terminator" : 0
}
