{
   "data" : [
      {
         "radarID" : 13002,
         "tracks" : [
            {
               "detectedID" : 1002,
               "detectedTime" : 1115.1500000000001,
               "entityID" : 13002,
               "height" : 1115.5061909999999,
               "lla" : [ 121.2072199, -27.549901299999998, -85526.558569999994 ],
               "radarID" : 13002,
               "targetType" : 3,
               "trueID" : 793,
               "velocity" : [ 253.3384197, 55.741416399999999, 150.7068002 ]
            }
         ]
      }
   ],
   "terminator" : 0
}
