{
   "data" : [
      {
         "radarID" : 12903,
         "tracks" : [
            {
               "detectedID" : 1005,
               "detectedTime" : 1115.3,
               "entityID" : 12903,
               "height" : 5400.4530400000003,
               "lla" : [ 121.01667740000001, -27.42141135, -115831.8714 ],
               "radarID" : 12903,
               "targetType" : 3,
               "trueID" : 805,
               "velocity" : [ 267.06116479999997, 127.287328, 49.762138229999998 ]
            }
         ]
      },
      {
         "radarID" : 12910,
         "tracks" : [
            {
               "detectedID" : 1005,
               "detectedTime" : 1115.3,
               "entityID" : 12910,
               "height" : 3327.7732569999998,
               "lla" : [ 121.0165207, -27.421356100000001, -117829.9752 ],
               "radarID" : 12910,
               "targetType" : 3,
               "trueID" : 805,
               "velocity" : [ 267.06116479999997, 127.287328, 49.762138229999998 ]
            }
         ]
      },
      {
         "radarID" : 12917,
         "tracks" : [
            {
               "detectedID" : 1005,
               "detectedTime" : 1115.3,
               "entityID" : 12917,
               "height" : 2983.4529830000001,
               "lla" : [ 121.016498, -27.421349029999998, -118155.69650000001 ],
               "radarID" : 12917,
               "targetType" : 3,
               "trueID" : 805,
               "velocity" : [ 267.06116479999997, 127.287328, 49.762138229999998 ]
            }
         ]
      }
   ],
   "terminator" : 0
}
