{
   "data" : [
      {
         "radarID" : 12988,
         "tracks" : [
            {
               "detectedID" : 1001,
               "detectedTime" : 1117.55,
               "entityID" : 12988,
               "height" : 5469.6717699999999,
               "lla" : [ 120.9193332, -27.355892149999999, -144491.3278 ],
               "radarID" : 12988,
               "targetType" : 3,
               "trueID" : 817,
               "velocity" : [ 268.41168140000002, 101.8232457, 87.104511590000001 ]
            }
         ]
      },
      {
         "radarID" : 13009,
         "tracks" : [
            {
               "detectedID" : 1001,
               "detectedTime" : 1117.55,
               "entityID" : 13009,
               "height" : 208.01179870000001,
               "lla" : [ 120.91608239999999, -27.35381297, -149749.83259999999 ],
               "radarID" : 13009,
               "targetType" : 3,
               "trueID" : 817,
               "velocity" : [ 268.41168140000002, 101.8232457, 87.104511590000001 ]
            }
         ]
      },
      {
         "radarID" : 13016,
         "tracks" : [
            {
               "detectedID" : 1001,
               "detectedTime" : 1117.55,
               "entityID" : 13016,
               "height" : 224.23058109999999,
               "lla" : [ 120.9161964, -27.353890270000001, -149732.96520000001 ],
               "radarID" : 13016,
               "targetType" : 3,
               "trueID" : 817,
               "velocity" : [ 268.41168140000002, 101.8232457, 87.104511590000001 ]
            }
         ]
      }
   ],
   "terminator" : 0
}
