{
   "data" : [
      {
         "radarID" : 13086,
         "tracks" : [
            {
               "detectedID" : 1003,
               "detectedTime" : 1118.8,
               "entityID" : 13086,
               "height" : 984.42911170000002,
               "lla" : [ 120.648488, -27.17016671, -121096.5955 ],
               "radarID" : 13086,
               "targetType" : 3,
               "trueID" : 781,
               "velocity" : [ 247.79135629999999, 39.913972909999998, 164.33599269999999 ]
            }
         ]
      }
   ],
   "terminator" : 0
}
