{
   "data" : [
      {
         "radarID" : 13065,
         "tracks" : [
            {
               "detectedID" : 1001,
               "detectedTime" : 272.10000000000002,
               "entityID" : 13065,
               "height" : 5873.3217029999996,
               "lla" : [ 123.3707026, -28.97597124, -121.2170584 ],
               "radarID" : 13065,
               "targetType" : 3,
               "trueID" : 817,
               "velocity" : [ 262.90805899999998, 110.6137027, 92.972906129999998 ]
            }
         ]
      },
      {
         "radarID" : 13079,
         "tracks" : [
            {
               "detectedID" : 1001,
               "detectedTime" : 272.10000000000002,
               "entityID" : 13079,
               "height" : 5876.7959549999996,
               "lla" : [ 123.3709235, -28.976113130000002, -110.2894191 ],
               "radarID" : 13079,
               "targetType" : 3,
               "trueID" : 817,
               "velocity" : [ 262.90805899999998, 110.6137027, 92.972906129999998 ]
            }
         ]
      },
      {
         "radarID" : 13086,
         "tracks" : [
            {
               "detectedID" : 1001,
               "detectedTime" : 272.10000000000002,
               "entityID" : 13086,
               "height" : 5873.9378470000001,
               "lla" : [ 123.3708208, -28.9760472, -117.2746427 ],
               "radarID" : 13086,
               "targetType" : 3,
               "trueID" : 817,
               "velocity" : [ 262.90805899999998, 110.6137027, 92.972906129999998 ]
            }
         ]
      }
   ],
   "terminator" : 0
}
