{
   "data" : [
      {
         "radarID" : 13114,
         "tracks" : [
            {
               "detectedID" : 1006,
               "detectedTime" : 1121.75,
               "entityID" : 13114,
               "height" : 1650.79565,
               "lla" : [ 121.32680689999999, -27.63185176, -128699.09 ],
               "radarID" : 13114,
               "targetType" : 3,
               "trueID" : 811,
               "velocity" : [ 267.8261, 107.1563996, 82.381346039999997 ]
            }
         ]
      }
   ],
   "terminator" : 0
}
