{
   "data" : [
      {
         "radarID" : 13093,
         "tracks" : [
            {
               "detectedID" : 1006,
               "detectedTime" : 1121.8,
               "entityID" : 13093,
               "height" : 1422.441564,
               "lla" : [ 121.3267628, -27.631827919999999, -128926.32060000001 ],
               "radarID" : 13093,
               "targetType" : 3,
               "trueID" : 811,
               "velocity" : [ 267.82641699999999, 107.1558769, 82.380995569999996 ]
            }
         ]
      }
   ],
   "terminator" : 0
}
