{
   "data" : [
      {
         "radarID" : 13107,
         "tracks" : [
            {
               "detectedID" : 1003,
               "detectedTime" : 1122.6500000000001,
               "entityID" : 13107,
               "height" : 1006.980443,
               "lla" : [ 120.6392518, -27.16385228, -121824.6277 ],
               "radarID" : 13107,
               "targetType" : 3,
               "trueID" : 781,
               "velocity" : [ 247.81554639999999, 39.873145639999997, 164.30942519999999 ]
            }
         ]
      }
   ],
   "terminator" : 0
}
