{
   "data" : [
      {
         "radarID" : 13107,
         "tracks" : [
            {
               "detectedID" : 1004,
               "detectedTime" : 1123.8499999999999,
               "entityID" : 13107,
               "height" : 5009.9422830000003,
               "lla" : [ 120.7785197, -27.25783156, -67751.483959999998 ],
               "radarID" : 13107,
               "targetType" : 3,
               "trueID" : 799,
               "velocity" : [ 261.75966570000003, 145.66947690000001, 16.195089620000001 ]
            }
         ]
      }
   ],
   "terminator" : 0
}
