{
   "data" : [
      {
         "radarID" : 13023,
         "tracks" : [
            {
               "detectedID" : 1004,
               "detectedTime" : 272.64999999999998,
               "entityID" : 13023,
               "height" : 4901.7181909999999,
               "lla" : [ 122.6797554, -28.52629438, 55957.559260000002 ],
               "radarID" : 13023,
               "targetType" : 3,
               "trueID" : 799,
               "velocity" : [ 115.54138380000001, -88.734602789999997, 262.2524717 ]
            },
            {
               "detectedID" : 1002,
               "detectedTime" : 272.64999999999998,
               "entityID" : 13023,
               "height" : 4871.5948269999999,
               "lla" : [ 122.8497665, -28.637110199999999, 62436.543409999998 ],
               "radarID" : 13023,
               "targetType" : 3,
               "trueID" : 793,
               "velocity" : [ -143.77907630000001, -198.74865930000001, 172.7036411 ]
            }
         ]
      }
   ],
   "terminator" : 0
}
