{
   "data" : [
      {
         "radarID" : 12938,
         "tracks" : [
            {
               "detectedID" : 1006,
               "detectedTime" : 1126.55,
               "entityID" : 12938,
               "height" : 5688.9566480000003,
               "lla" : [ 121.31129869999999, -27.621299430000001, -125563.9273 ],
               "radarID" : 12938,
               "targetType" : 3,
               "trueID" : 811,
               "velocity" : [ 267.85652190000002, 107.1062101, 82.347698359999995 ]
            }
         ]
      },
      {
         "radarID" : 12974,
         "tracks" : [
            {
               "detectedID" : 1006,
               "detectedTime" : 1126.55,
               "entityID" : 12974,
               "height" : 5688.5908529999997,
               "lla" : [ 121.3113259, -27.621317779999998, -125564.0857 ],
               "radarID" : 12974,
               "targetType" : 3,
               "trueID" : 811,
               "velocity" : [ 267.85652190000002, 107.1062101, 82.347698359999995 ]
            }
         ]
      }
   ],
   "terminator" : 0
}
