{
   "data" : [
      {
         "radarID" : 12938,
         "tracks" : [
            {
               "detectedID" : 1001,
               "detectedTime" : 1126.9000000000001,
               "entityID" : 12938,
               "height" : 5466.4572459999999,
               "lla" : [ 120.8919808, -27.33728881, -146064.7555 ],
               "radarID" : 12938,
               "targetType" : 3,
               "trueID" : 817,
               "velocity" : [ 268.47019390000003, 101.7251122, 87.038822080000003 ]
            }
         ]
      },
      {
         "radarID" : 12974,
         "tracks" : [
            {
               "detectedID" : 1001,
               "detectedTime" : 1126.9000000000001,
               "entityID" : 12974,
               "height" : 5464.6962899999999,
               "lla" : [ 120.8920735, -27.337351999999999, -146064.0822 ],
               "radarID" : 12974,
               "targetType" : 3,
               "trueID" : 817,
               "velocity" : [ 268.47019390000003, 101.7251122, 87.038822080000003 ]
            }
         ]
      },
      {
         "radarID" : 13009,
         "tracks" : [
            {
               "detectedID" : 1006,
               "detectedTime" : 1126.9000000000001,
               "entityID" : 13009,
               "height" : 18.692338830000001,
               "lla" : [ 121.2997388, -27.613641470000001, -131351.71119999999 ],
               "radarID" : 13009,
               "targetType" : 3,
               "trueID" : 811,
               "velocity" : [ 267.85873959999998, 107.1025503, 82.345244719999997 ]
            }
         ]
      }
   ],
   "terminator" : 0
}
