{
   "data" : [
      {
         "radarID" : 13009,
         "tracks" : [
            {
               "detectedID" : 1006,
               "detectedTime" : 273.05000000000001,
               "entityID" : 13009,
               "height" : 4714.400987,
               "lla" : [ 123.8028667, -29.252158219999998, 17356.499189999999 ],
               "radarID" : 13009,
               "targetType" : 3,
               "trueID" : 811,
               "velocity" : [ 262.23437419999999, 115.9430612, 88.262900259999995 ]
            }
         ]
      },
      {
         "radarID" : 13016,
         "tracks" : [
            {
               "detectedID" : 1006,
               "detectedTime" : 273.05000000000001,
               "entityID" : 13016,
               "height" : 4629.7814509999998,
               "lla" : [ 123.8029528, -29.25221505, 17279.29983 ],
               "radarID" : 13016,
               "targetType" : 3,
               "trueID" : 811,
               "velocity" : [ 262.23437419999999, 115.9430612, 88.262900259999995 ]
            }
         ]
      },
      {
         "radarID" : 13044,
         "tracks" : [
            {
               "detectedID" : 1004,
               "detectedTime" : 273.05000000000001,
               "entityID" : 13044,
               "height" : 1225.503138,
               "lla" : [ 122.6805662, -28.526917319999999, 52248.443290000003 ],
               "radarID" : 13044,
               "targetType" : 3,
               "trueID" : 799,
               "velocity" : [ 115.5440957, -88.738828179999999, 262.24984710000001 ]
            }
         ]
      }
   ],
   "terminator" : 0
}
