{
   "data" : [
      {
         "radarID" : 12995,
         "tracks" : [
            {
               "detectedID" : 1006,
               "detectedTime" : 273.19999999999999,
               "entityID" : 12995,
               "height" : 6845.3883910000004,
               "lla" : [ 123.8018086, -29.251431310000001, 19427.759310000001 ],
               "radarID" : 12995,
               "targetType" : 3,
               "trueID" : 811,
               "velocity" : [ 262.23539959999999, 115.941524, 88.261872929999996 ]
            }
         ]
      }
   ],
   "terminator" : 0
}
