{
   "data" : [
      {
         "radarID" : 13107,
         "tracks" : [
            {
               "detectedID" : 1003,
               "detectedTime" : 1132.5999999999999,
               "entityID" : 13107,
               "height" : 976.01495130000001,
               "lla" : [ 120.61531359999999, -27.147482709999998, -123796.76549999999 ],
               "radarID" : 13107,
               "targetType" : 3,
               "trueID" : 781,
               "velocity" : [ 247.87802600000001, 39.767625199999998, 164.24073859999999 ]
            }
         ]
      }
   ],
   "terminator" : 0
}
