{
   "data" : [
      {
         "radarID" : 13093,
         "tracks" : [
            {
               "detectedID" : 1003,
               "detectedTime" : 1132.6500000000001,
               "entityID" : 13093,
               "height" : 239.4075382,
               "lla" : [ 120.61534760000001, -27.147524529999998, -124520.5944 ],
               "radarID" : 13093,
               "targetType" : 3,
               "trueID" : 781,
               "velocity" : [ 247.87833979999999, 39.767094919999998, 164.24039329999999 ]
            }
         ]
      }
   ],
   "terminator" : 0
}
