{
   "data" : [
      {
         "radarID" : 12995,
         "tracks" : [
            {
               "detectedID" : 1001,
               "detectedTime" : 273.30000000000001,
               "entityID" : 12995,
               "height" : 6458.3175140000003,
               "lla" : [ 123.367378, -28.973822259999999, 256.89831729999997 ],
               "radarID" : 12995,
               "targetType" : 3,
               "trueID" : 817,
               "velocity" : [ 262.91616690000001, 110.60134549999999, 92.964679059999995 ]
            },
            {
               "detectedID" : 1005,
               "detectedTime" : 273.30000000000001,
               "entityID" : 12995,
               "height" : 5311.2048269999996,
               "lla" : [ 123.5592003, -29.096691539999998, 11336.81422 ],
               "radarID" : 12995,
               "targetType" : 3,
               "trueID" : 805,
               "velocity" : [ 261.54349409999998, 136.04515649999999, 55.558222450000002 ]
            }
         ]
      },
      {
         "radarID" : 13002,
         "tracks" : [
            {
               "detectedID" : 1001,
               "detectedTime" : 273.30000000000001,
               "entityID" : 13002,
               "height" : 4006.9837870000001,
               "lla" : [ 123.368123, -28.974363050000001, -2137.4610590000002 ],
               "radarID" : 13002,
               "targetType" : 3,
               "trueID" : 817,
               "velocity" : [ 262.91616690000001, 110.60134549999999, 92.964679059999995 ]
            }
         ]
      }
   ],
   "terminator" : 0
}
