{
   "data" : [
      {
         "radarID" : 12981,
         "tracks" : [
            {
               "detectedID" : 1005,
               "detectedTime" : 1136.75,
               "entityID" : 12981,
               "height" : 602.82705950000002,
               "lla" : [ 120.949758, -27.37608109, -123711.5382 ],
               "radarID" : 12981,
               "targetType" : 3,
               "trueID" : 805,
               "velocity" : [ 267.19630669999998, 127.0615689, 49.613419749999998 ]
            }
         ]
      },
      {
         "radarID" : 13002,
         "tracks" : [
            {
               "detectedID" : 1001,
               "detectedTime" : 1136.75,
               "entityID" : 13002,
               "height" : 206.5480436,
               "lla" : [ 120.8602886, -27.315848339999999, -152876.17730000001 ],
               "radarID" : 13002,
               "targetType" : 3,
               "trueID" : 817,
               "velocity" : [ 268.53177929999998, 101.6217098, 86.969601499999996 ]
            }
         ]
      }
   ],
   "terminator" : 0
}
