{
   "data" : [
      {
         "radarID" : 13086,
         "tracks" : [
            {
               "detectedID" : 1003,
               "detectedTime" : 1138.8,
               "entityID" : 13086,
               "height" : 985.62644550000005,
               "lla" : [ 120.6004068, -27.1372839, -124998.613 ],
               "radarID" : 13086,
               "targetType" : 3,
               "trueID" : 781,
               "velocity" : [ 247.91693040000001, 39.701869539999997, 164.1979207 ]
            }
         ]
      }
   ],
   "terminator" : 0
}
