{
   "data" : [
      {
         "radarID" : 13065,
         "tracks" : [
            {
               "detectedID" : 1002,
               "detectedTime" : 1139.05,
               "entityID" : 13065,
               "height" : 5003.4347559999997,
               "lla" : [ 121.1471437, -27.509227060000001, -86335.007089999999 ],
               "radarID" : 13065,
               "targetType" : 3,
               "trueID" : 793,
               "velocity" : [ 253.4910854, 55.489085150000001, 150.5431202 ]
            }
         ]
      }
   ],
   "terminator" : 0
}
