{
   "data" : [
      {
         "radarID" : 13114,
         "tracks" : [
            {
               "detectedID" : 1001,
               "detectedTime" : 1141.3499999999999,
               "entityID" : 13114,
               "height" : 964.95663930000001,
               "lla" : [ 120.8510847, -27.30956776, -152882.50140000001 ],
               "radarID" : 13114,
               "targetType" : 3,
               "trueID" : 817,
               "velocity" : [ 268.56052039999997, 101.57341289999999, 86.93726873 ]
            }
         ]
      }
   ],
   "terminator" : 0
}
