{
   "data" : [
      {
         "radarID" : 13114,
         "tracks" : [
            {
               "detectedID" : 1004,
               "detectedTime" : 1143.8,
               "entityID" : 13114,
               "height" : 951.85238500000003,
               "lla" : [ 120.7185279, -27.216958009999999, -74205.11838 ],
               "radarID" : 13114,
               "targetType" : 3,
               "trueID" : 799,
               "velocity" : [ 261.88595659999999, 145.4571832, 16.06093357 ]
            }
         ]
      }
   ],
   "terminator" : 0
}
