{
   "data" : [
      {
         "radarID" : 12903,
         "tracks" : [
            {
               "detectedID" : 1006,
               "detectedTime" : 1145.0999999999999,
               "entityID" : 12903,
               "height" : 5686.2670589999998,
               "lla" : [ 121.25674359999999, -27.58451354, -128643.37119999999 ],
               "radarID" : 12903,
               "targetType" : 3,
               "trueID" : 811,
               "velocity" : [ 267.97396179999998, 106.9121978, 82.217624529999995 ]
            }
         ]
      },
      {
         "radarID" : 12917,
         "tracks" : [
            {
               "detectedID" : 1006,
               "detectedTime" : 1145.0999999999999,
               "entityID" : 12917,
               "height" : 1812.958547,
               "lla" : [ 121.2566279, -27.584531429999998, -132358.7016 ],
               "radarID" : 12917,
               "targetType" : 3,
               "trueID" : 811,
               "velocity" : [ 267.97396179999998, 106.9121978, 82.217624529999995 ]
            }
         ]
      },
      {
         "radarID" : 12924,
         "tracks" : [
            {
               "detectedID" : 1001,
               "detectedTime" : 1145.0999999999999,
               "entityID" : 12924,
               "height" : 3747.380071,
               "lla" : [ 120.8386572, -27.3010302, -150758.60370000001 ],
               "radarID" : 12924,
               "targetType" : 3,
               "trueID" : 817,
               "velocity" : [ 268.58394129999999, 101.534037, 86.910907460000004 ]
            }
         ]
      }
   ],
   "terminator" : 0
}
