{
   "data" : [
      {
         "radarID" : 12903,
         "tracks" : [
            {
               "detectedID" : 1001,
               "detectedTime" : 1145.55,
               "entityID" : 12903,
               "height" : 5462.308454,
               "lla" : [ 120.83742890000001, -27.30015126, -149195.96849999999 ],
               "radarID" : 12903,
               "targetType" : 3,
               "trueID" : 817,
               "velocity" : [ 268.58675119999998, 101.5293116, 86.907743920000001 ]
            }
         ]
      },
      {
         "radarID" : 12910,
         "tracks" : [
            {
               "detectedID" : 1001,
               "detectedTime" : 1145.55,
               "entityID" : 12910,
               "height" : 2132.3083280000001,
               "lla" : [ 120.8369948, -27.299937660000001, -152395.1759 ],
               "radarID" : 12910,
               "targetType" : 3,
               "trueID" : 817,
               "velocity" : [ 268.58675119999998, 101.5293116, 86.907743920000001 ]
            }
         ]
      },
      {
         "radarID" : 12917,
         "tracks" : [
            {
               "detectedID" : 1001,
               "detectedTime" : 1145.55,
               "entityID" : 12917,
               "height" : 1847.672957,
               "lla" : [ 120.83695899999999, -27.299920270000001, -152668.34650000001 ],
               "radarID" : 12917,
               "targetType" : 3,
               "trueID" : 817,
               "velocity" : [ 268.58675119999998, 101.5293116, 86.907743920000001 ]
            }
         ]
      },
      {
         "radarID" : 13016,
         "tracks" : [
            {
               "detectedID" : 1002,
               "detectedTime" : 1145.55,
               "entityID" : 13016,
               "height" : 674.59288149999998,
               "lla" : [ 121.13015660000001, -27.49784872, -91776.449359999999 ],
               "radarID" : 13016,
               "targetType" : 3,
               "trueID" : 793,
               "velocity" : [ 253.53254989999999, 55.420447719999999, 150.49857180000001 ]
            }
         ]
      }
   ],
   "terminator" : 0
}
