{
   "data" : [
      {
         "radarID" : 12988,
         "tracks" : [
            {
               "detectedID" : 1005,
               "detectedTime" : 1146.8499999999999,
               "entityID" : 12988,
               "height" : 5384.960043,
               "lla" : [ 120.9209049, -27.356345319999999, -120501.66590000001 ],
               "radarID" : 12988,
               "targetType" : 3,
               "trueID" : 805,
               "velocity" : [ 267.25984599999998, 126.9552228, 49.543376209999998 ]
            }
         ]
      },
      {
         "radarID" : 13002,
         "tracks" : [
            {
               "detectedID" : 1001,
               "detectedTime" : 1146.8499999999999,
               "entityID" : 13002,
               "height" : 224.31684999999999,
               "lla" : [ 120.8308143, -27.295773969999999, -154557.32459999999 ],
               "radarID" : 13002,
               "targetType" : 3,
               "trueID" : 817,
               "velocity" : [ 268.59486820000001, 101.5156605, 86.898604610000007 ]
            }
         ]
      }
   ],
   "terminator" : 0
}
