{
   "data" : [
      {
         "radarID" : 13023,
         "tracks" : [
            {
               "detectedID" : 1005,
               "detectedTime" : 1150.0999999999999,
               "entityID" : 13023,
               "height" : 5390.0272020000002,
               "lla" : [ 120.9111501, -27.34971049, -120992.76210000001 ],
               "radarID" : 13023,
               "targetType" : 3,
               "trueID" : 805,
               "velocity" : [ 267.28027900000001, 126.92099640000001, 49.520835050000002 ]
            }
         ]
      },
      {
         "radarID" : 13135,
         "tracks" : [
            {
               "detectedID" : 1004,
               "detectedTime" : 1150.0999999999999,
               "entityID" : 13135,
               "height" : 481.50989620000001,
               "lla" : [ 120.69842420000001, -27.203230720000001, -75662.666230000003 ],
               "radarID" : 13135,
               "targetType" : 3,
               "trueID" : 799,
               "velocity" : [ 261.92579030000002, 145.39011640000001, 16.018565460000001 ]
            },
            {
               "detectedID" : 1001,
               "detectedTime" : 1150.0999999999999,
               "entityID" : 13135,
               "height" : 4243.6094999999996,
               "lla" : [ 120.82411620000001, -27.29111267, -151173.13620000001 ],
               "radarID" : 13135,
               "targetType" : 3,
               "trueID" : 817,
               "velocity" : [ 268.61515609999998, 101.4815308, 86.875754880000002 ]
            }
         ]
      }
   ],
   "terminator" : 0
}
