{
   "data" : [
      {
         "radarID" : 13135,
         "tracks" : [
            {
               "detectedID" : 1005,
               "detectedTime" : 1150.2,
               "entityID" : 13135,
               "height" : 2756.7606569999998,
               "lla" : [ 120.910972, -27.34965665, -123624.2959 ],
               "radarID" : 13135,
               "targetType" : 3,
               "trueID" : 805,
               "velocity" : [ 267.28090759999998, 126.9199433, 49.520141459999998 ]
            }
         ]
      }
   ],
   "terminator" : 0
}
