{
   "data" : [
      {
         "radarID" : 13142,
         "tracks" : [
            {
               "detectedID" : 1002,
               "detectedTime" : 1150.45,
               "entityID" : 13142,
               "height" : 5005.1233560000001,
               "lla" : [ 121.1183241, -27.489740510000001, -88509.627399999998 ],
               "radarID" : 13142,
               "targetType" : 3,
               "trueID" : 793,
               "velocity" : [ 253.5637921, 55.368702329999998, 150.46497980000001 ]
            }
         ]
      }
   ],
   "terminator" : 0
}
