{
   "data" : [
      {
         "radarID" : 13058,
         "tracks" : [
            {
               "detectedID" : 1001,
               "detectedTime" : 281.94999999999999,
               "entityID" : 13058,
               "height" : 5867.3659269999998,
               "lla" : [ 123.342377, -28.957782819999998, -1825.859099 ],
               "radarID" : 13058,
               "targetType" : 3,
               "trueID" : 817,
               "velocity" : [ 262.97458649999999, 110.51226029999999, 92.905366849999993 ]
            }
         ]
      }
   ],
   "terminator" : 0
}
