{
   "data" : [
      {
         "radarID" : 12988,
         "tracks" : [
            {
               "detectedID" : 1002,
               "detectedTime" : 1156.0999999999999,
               "entityID" : 12988,
               "height" : 5004.1846969999997,
               "lla" : [ 121.1041824, -27.48017432, -89595.712740000003 ],
               "radarID" : 12988,
               "targetType" : 3,
               "trueID" : 793,
               "velocity" : [ 253.59979939999999, 55.309033190000001, 150.4262363 ]
            }
         ]
      }
   ],
   "terminator" : 0
}
