{
   "data" : [
      {
         "radarID" : 13009,
         "tracks" : [
            {
               "detectedID" : 1006,
               "detectedTime" : 1157.3,
               "entityID" : 13009,
               "height" : 41.029430089999998,
               "lla" : [ 121.2134295, -27.555412650000001, -136426.78829999999 ],
               "radarID" : 13009,
               "targetType" : 3,
               "trueID" : 811,
               "velocity" : [ 268.05108890000002, 106.78455529999999, 82.132043100000004 ]
            }
         ]
      }
   ],
   "terminator" : 0
}
