{
   "data" : [
      {
         "radarID" : 13065,
         "tracks" : [
            {
               "detectedID" : 1002,
               "detectedTime" : 1158.95,
               "entityID" : 13065,
               "height" : 5003.2743380000002,
               "lla" : [ 121.096982, -27.475302200000002, -90139.990449999998 ],
               "radarID" : 13065,
               "targetType" : 3,
               "trueID" : 793,
               "velocity" : [ 253.61795570000001, 55.27893315, 150.40668909999999 ]
            }
         ]
      }
   ],
   "terminator" : 0
}
