{
   "data" : [
      {
         "radarID" : 13072,
         "tracks" : [
            {
               "detectedID" : 1005,
               "detectedTime" : 1159.0,
               "entityID" : 13072,
               "height" : 5379.4799629999998,
               "lla" : [ 120.8840696, -27.331282170000001, -122299.7509 ],
               "radarID" : 13072,
               "targetType" : 3,
               "trueID" : 805,
               "velocity" : [ 267.3362022, 126.82725379999999, 49.459101019999999 ]
            }
         ]
      }
   ],
   "terminator" : 0
}
