{
   "data" : [
      {
         "radarID" : 13093,
         "tracks" : [
            {
               "detectedID" : 1003,
               "detectedTime" : 1162.5,
               "entityID" : 13093,
               "height" : 180.19241640000001,
               "lla" : [ 120.5435635, -27.09838251, -130400.37549999999 ],
               "radarID" : 13093,
               "targetType" : 3,
               "trueID" : 781,
               "velocity" : [ 248.0654509, 39.450483390000002, 164.0341166 ]
            }
         ]
      }
   ],
   "terminator" : 0
}
