{
   "data" : [
      {
         "radarID" : 13114,
         "tracks" : [
            {
               "detectedID" : 1002,
               "detectedTime" : 1162.75,
               "entityID" : 13114,
               "height" : 954.12226020000003,
               "lla" : [ 121.0888114, -27.469875170000002, -94782.914999999994 ],
               "radarID" : 13114,
               "targetType" : 3,
               "trueID" : 793,
               "velocity" : [ 253.64215680000001, 55.238798279999997, 150.38062189999999 ]
            }
         ]
      }
   ],
   "terminator" : 0
}
