{
   "data" : [
      {
         "radarID" : 13093,
         "tracks" : [
            {
               "detectedID" : 1002,
               "detectedTime" : 1162.8499999999999,
               "entityID" : 13093,
               "height" : 852.85869230000003,
               "lla" : [ 121.08863959999999, -27.469761299999998, -94889.831040000005 ],
               "radarID" : 13093,
               "targetType" : 3,
               "trueID" : 793,
               "velocity" : [ 253.6427936, 55.237742070000003, 150.3799358 ]
            }
         ]
      },
      {
         "radarID" : 13107,
         "tracks" : [
            {
               "detectedID" : 1002,
               "detectedTime" : 1162.8499999999999,
               "entityID" : 13107,
               "height" : 4961.5721610000001,
               "lla" : [ 121.0871387, -27.46864149, -90927.864000000001 ],
               "radarID" : 13107,
               "targetType" : 3,
               "trueID" : 793,
               "velocity" : [ 253.6427936, 55.237742070000003, 150.3799358 ]
            }
         ]
      }
   ],
   "terminator" : 0
}
