{
   "data" : [
      {
         "radarID" : 13114,
         "tracks" : [
            {
               "detectedID" : 1004,
               "detectedTime" : 1163.9000000000001,
               "entityID" : 13114,
               "height" : 881.31133839999995,
               "lla" : [ 120.65705850000001, -27.174919410000001, -76833.938129999995 ],
               "radarID" : 13114,
               "targetType" : 3,
               "trueID" : 799,
               "velocity" : [ 262.01296500000001, 145.24316350000001, 15.92575403 ]
            }
         ]
      }
   ],
   "terminator" : 0
}
