{
   "data" : [
      {
         "radarID" : 12995,
         "tracks" : [
            {
               "detectedID" : 1001,
               "detectedTime" : 1166.75,
               "entityID" : 12995,
               "height" : 5459.5217519999997,
               "lla" : [ 120.7754733, -27.257917280000001, -152748.81330000001 ],
               "radarID" : 12995,
               "targetType" : 3,
               "trueID" : 817,
               "velocity" : [ 268.71899480000002, 101.3066453, 86.758662060000006 ]
            }
         ]
      }
   ],
   "terminator" : 0
}
