{
   "data" : [
      {
         "radarID" : 12981,
         "tracks" : [
            {
               "detectedID" : 1001,
               "detectedTime" : 1167.6500000000001,
               "entityID" : 12981,
               "height" : 725.76961989999995,
               "lla" : [ 120.7709172, -27.254927689999999, -157592.68859999999 ],
               "radarID" : 12981,
               "targetType" : 3,
               "trueID" : 817,
               "velocity" : [ 268.724603, 101.2971903, 86.752331190000007 ]
            }
         ]
      },
      {
         "radarID" : 12988,
         "tracks" : [
            {
               "detectedID" : 1001,
               "detectedTime" : 1167.6500000000001,
               "entityID" : 12988,
               "height" : 5446.380983,
               "lla" : [ 120.7728278, -27.256112909999999, -152913.4351 ],
               "radarID" : 12988,
               "targetType" : 3,
               "trueID" : 817,
               "velocity" : [ 268.724603, 101.2971903, 86.752331190000007 ]
            }
         ]
      },
      {
         "radarID" : 13009,
         "tracks" : [
            {
               "detectedID" : 1001,
               "detectedTime" : 1167.6500000000001,
               "entityID" : 13009,
               "height" : 340.39989600000001,
               "lla" : [ 120.77025949999999, -27.254488420000001, -157995.6819 ],
               "radarID" : 13009,
               "targetType" : 3,
               "trueID" : 817,
               "velocity" : [ 268.724603, 101.2971903, 86.752331190000007 ]
            }
         ]
      },
      {
         "radarID" : 13016,
         "tracks" : [
            {
               "detectedID" : 1001,
               "detectedTime" : 1167.6500000000001,
               "entityID" : 13016,
               "height" : 361.82202330000001,
               "lla" : [ 120.7703461, -27.254547049999999, -157972.87460000001 ],
               "radarID" : 13016,
               "targetType" : 3,
               "trueID" : 817,
               "velocity" : [ 268.724603, 101.2971903, 86.752331190000007 ]
            }
         ]
      }
   ],
   "terminator" : 0
}
