{
   "data" : [
      {
         "radarID" : 13030,
         "tracks" : [
            {
               "detectedID" : 1004,
               "detectedTime" : 1168.3,
               "entityID" : 13030,
               "height" : 740.57959349999999,
               "lla" : [ 120.64125060000001, -27.164104340000002, -77723.989929999996 ],
               "radarID" : 13030,
               "targetType" : 3,
               "trueID" : 799,
               "velocity" : [ 262.04073670000002, 145.19629610000001, 15.89616051 ]
            }
         ]
      },
      {
         "radarID" : 13044,
         "tracks" : [
            {
               "detectedID" : 1004,
               "detectedTime" : 1168.3,
               "entityID" : 13044,
               "height" : 737.06100509999999,
               "lla" : [ 120.6412412, -27.164098070000001, -77729.749450000003 ],
               "radarID" : 13044,
               "targetType" : 3,
               "trueID" : 799,
               "velocity" : [ 262.04073670000002, 145.19629610000001, 15.89616051 ]
            }
         ]
      }
   ],
   "terminator" : 0
}
