{
   "data" : [
      {
         "radarID" : 13030,
         "tracks" : [
            {
               "detectedID" : 1001,
               "detectedTime" : 1169.45,
               "entityID" : 13030,
               "height" : 3627.8332759999998,
               "lla" : [ 120.7673461, -27.252420010000002, -155044.31280000001 ],
               "radarID" : 13030,
               "targetType" : 3,
               "trueID" : 817,
               "velocity" : [ 268.73581799999999, 101.2782797, 86.739669000000006 ]
            }
         ]
      },
      {
         "radarID" : 13044,
         "tracks" : [
            {
               "detectedID" : 1001,
               "detectedTime" : 1169.45,
               "entityID" : 13044,
               "height" : 3652.6093190000001,
               "lla" : [ 120.7673607, -27.252429509999999, -155024.6679 ],
               "radarID" : 13044,
               "targetType" : 3,
               "trueID" : 817,
               "velocity" : [ 268.73581799999999, 101.2782797, 86.739669000000006 ]
            }
         ]
      },
      {
         "radarID" : 13079,
         "tracks" : [
            {
               "detectedID" : 1001,
               "detectedTime" : 1169.45,
               "entityID" : 13079,
               "height" : 5446.866035,
               "lla" : [ 120.7675886, -27.252538430000001, -153213.1876 ],
               "radarID" : 13079,
               "targetType" : 3,
               "trueID" : 817,
               "velocity" : [ 268.73581799999999, 101.2782797, 86.739669000000006 ]
            }
         ]
      },
      {
         "radarID" : 13086,
         "tracks" : [
            {
               "detectedID" : 1001,
               "detectedTime" : 1169.45,
               "entityID" : 13086,
               "height" : 5452.3454259999999,
               "lla" : [ 120.7675485, -27.252511290000001, -153222.42139999999 ],
               "radarID" : 13086,
               "targetType" : 3,
               "trueID" : 817,
               "velocity" : [ 268.73581799999999, 101.2782797, 86.739669000000006 ]
            }
         ]
      }
   ],
   "terminator" : 0
}
