{
   "data" : [
      {
         "radarID" : 13023,
         "tracks" : [
            {
               "detectedID" : 1005,
               "detectedTime" : 1170.05,
               "entityID" : 13023,
               "height" : 5381.4944240000004,
               "lla" : [ 120.85056059999999, -27.308464130000001, -123937.78 ],
               "radarID" : 13023,
               "targetType" : 3,
               "trueID" : 805,
               "velocity" : [ 267.40557000000001, 126.7108346, 49.382441589999999 ]
            }
         ]
      },
      {
         "radarID" : 13135,
         "tracks" : [
            {
               "detectedID" : 1001,
               "detectedTime" : 1170.05,
               "entityID" : 13135,
               "height" : 4304.6097929999996,
               "lla" : [ 120.7658936, -27.25141172, -154462.08379999999 ],
               "radarID" : 13135,
               "targetType" : 3,
               "trueID" : 817,
               "velocity" : [ 268.73955590000003, 101.271976, 86.735448129999995 ]
            }
         ]
      },
      {
         "radarID" : 13142,
         "tracks" : [
            {
               "detectedID" : 1001,
               "detectedTime" : 1170.05,
               "entityID" : 13142,
               "height" : 5455.8775450000003,
               "lla" : [ 120.7658929, -27.25138188, -153324.76089999999 ],
               "radarID" : 13142,
               "targetType" : 3,
               "trueID" : 817,
               "velocity" : [ 268.73955590000003, 101.271976, 86.735448129999995 ]
            }
         ]
      }
   ],
   "terminator" : 0
}
