{
   "data" : [
      {
         "radarID" : 13093,
         "tracks" : [
            {
               "detectedID" : 1001,
               "detectedTime" : 1171.25,
               "entityID" : 13093,
               "height" : 714.51751830000001,
               "lla" : [ 120.76375160000001, -27.250042239999999, -158141.2341 ],
               "radarID" : 13093,
               "targetType" : 3,
               "trueID" : 817,
               "velocity" : [ 268.74703110000002, 101.2593684, 86.727006180000004 ]
            }
         ]
      },
      {
         "radarID" : 13114,
         "tracks" : [
            {
               "detectedID" : 1001,
               "detectedTime" : 1171.25,
               "entityID" : 13114,
               "height" : 891.25403719999997,
               "lla" : [ 120.76359909999999, -27.249933479999999, -157968.62710000001 ],
               "radarID" : 13114,
               "targetType" : 3,
               "trueID" : 817,
               "velocity" : [ 268.74703110000002, 101.2593684, 86.727006180000004 ]
            }
         ]
      }
   ],
   "terminator" : 0
}
