{
   "data" : [
      {
         "radarID" : 13114,
         "tracks" : [
            {
               "detectedID" : 1002,
               "detectedTime" : 1172.7,
               "entityID" : 13114,
               "height" : 908.23735599999998,
               "lla" : [ 121.063754, -27.452911950000001, -96728.261379999996 ],
               "radarID" : 13114,
               "targetType" : 3,
               "trueID" : 793,
               "velocity" : [ 253.70548729999999, 55.133700159999997, 150.31234420000001 ]
            }
         ]
      }
   ],
   "terminator" : 0
}
