{
   "data" : [
      {
         "radarID" : 13093,
         "tracks" : [
            {
               "detectedID" : 1004,
               "detectedTime" : 1174.0999999999999,
               "entityID" : 13093,
               "height" : 882.25935619999996,
               "lla" : [ 120.6257275, -27.153468650000001, -78131.119720000002 ],
               "radarID" : 13093,
               "targetType" : 3,
               "trueID" : 799,
               "velocity" : [ 262.07732779999998, 145.1345068, 15.857149789999999 ]
            }
         ]
      }
   ],
   "terminator" : 0
}
