{
   "data" : [
      {
         "radarID" : 12924,
         "tracks" : [
            {
               "detectedID" : 1001,
               "detectedTime" : 1175.1500000000001,
               "entityID" : 12924,
               "height" : 3668.8379030000001,
               "lla" : [ 120.7508899, -27.241187140000001, -155875.90410000001 ],
               "radarID" : 12924,
               "targetType" : 3,
               "trueID" : 817,
               "velocity" : [ 268.7713195, 101.2183914, 86.699567930000001 ]
            }
         ]
      }
   ],
   "terminator" : 0
}
