{
   "data" : [
      {
         "radarID" : 13128,
         "tracks" : [
            {
               "detectedID" : 1002,
               "detectedTime" : 42.25,
               "entityID" : 13128,
               "height" : 4200.0934399999996,
               "lla" : [ 122.31880030000001, -28.288991020000001, 64188.07202 ],
               "radarID" : 13128,
               "targetType" : 3,
               "trueID" : 793,
               "velocity" : [ -145.32663059999999, -196.30583179999999, 174.1958405 ]
            }
         ]
      }
   ],
   "terminator" : 0
}
