{
   "data" : [
      {
         "radarID" : 13016,
         "tracks" : [
            {
               "detectedID" : 1006,
               "detectedTime" : 1177.5,
               "entityID" : 13016,
               "height" : 71.865792589999998,
               "lla" : [ 121.15578050000001, -27.516452650000002, -139722.45050000001 ],
               "radarID" : 13016,
               "targetType" : 3,
               "trueID" : 811,
               "velocity" : [ 268.1785974, 106.57313619999999, 81.990283070000004 ]
            }
         ]
      }
   ],
   "terminator" : 0
}
