{
   "data" : [
      {
         "radarID" : 12981,
         "tracks" : [
            {
               "detectedID" : 1001,
               "detectedTime" : 1177.6500000000001,
               "entityID" : 12981,
               "height" : 770.33689000000004,
               "lla" : [ 120.7417106, -27.234994180000001, -159221.0356 ],
               "radarID" : 12981,
               "targetType" : 3,
               "trueID" : 817,
               "velocity" : [ 268.78688419999997, 101.19212229999999, 86.681977770000003 ]
            }
         ]
      },
      {
         "radarID" : 12988,
         "tracks" : [
            {
               "detectedID" : 1001,
               "detectedTime" : 1177.6500000000001,
               "entityID" : 12988,
               "height" : 5442.588307,
               "lla" : [ 120.7435145, -27.236108550000001, -154594.37160000001 ],
               "radarID" : 12988,
               "targetType" : 3,
               "trueID" : 817,
               "velocity" : [ 268.78688419999997, 101.19212229999999, 86.681977770000003 ]
            }
         ]
      },
      {
         "radarID" : 13009,
         "tracks" : [
            {
               "detectedID" : 1001,
               "detectedTime" : 1177.6500000000001,
               "entityID" : 13009,
               "height" : 371.04799379999997,
               "lla" : [ 120.7411192, -27.234600260000001, -159635.14110000001 ],
               "radarID" : 13009,
               "targetType" : 3,
               "trueID" : 817,
               "velocity" : [ 268.78688419999997, 101.19212229999999, 86.681977770000003 ]
            }
         ]
      }
   ],
   "terminator" : 0
}
