{
   "data" : [
      {
         "radarID" : 13058,
         "tracks" : [
            {
               "detectedID" : 1005,
               "detectedTime" : 292.05000000000001,
               "entityID" : 13058,
               "height" : 5698.876037,
               "lla" : [ 123.502771, -29.060585939999999, 8836.6661370000002 ],
               "radarID" : 13058,
               "targetType" : 3,
               "trueID" : 805,
               "velocity" : [ 261.67085100000003, 135.85239369999999, 55.430071679999998 ]
            }
         ]
      },
      {
         "radarID" : 13065,
         "tracks" : [
            {
               "detectedID" : 1001,
               "detectedTime" : 292.05000000000001,
               "entityID" : 13065,
               "height" : 5865.4115330000004,
               "lla" : [ 123.31342359999999, -28.939178420000001, -3566.3954330000001 ],
               "radarID" : 13065,
               "targetType" : 3,
               "trueID" : 817,
               "velocity" : [ 263.0427439, 110.4082188, 92.836092609999994 ]
            }
         ]
      },
      {
         "radarID" : 13086,
         "tracks" : [
            {
               "detectedID" : 1001,
               "detectedTime" : 292.05000000000001,
               "entityID" : 13086,
               "height" : 5866.6362230000004,
               "lla" : [ 123.31349659999999, -28.939225369999999, -3563.1429640000001 ],
               "radarID" : 13086,
               "targetType" : 3,
               "trueID" : 817,
               "velocity" : [ 263.0427439, 110.4082188, 92.836092609999994 ]
            }
         ]
      }
   ],
   "terminator" : 0
}
