{
   "data" : [
      {
         "radarID" : 13114,
         "tracks" : [
            {
               "detectedID" : 1004,
               "detectedTime" : 1183.95,
               "entityID" : 13114,
               "height" : 816.69033449999995,
               "lla" : [ 120.5957511, -27.132932870000001, -79444.289139999993 ],
               "radarID" : 13114,
               "targetType" : 3,
               "trueID" : 799,
               "velocity" : [ 262.13942520000001, 145.0295466, 15.790896010000001 ]
            }
         ]
      }
   ],
   "terminator" : 0
}
