{
   "data" : [
      {
         "radarID" : 12910,
         "tracks" : [
            {
               "detectedID" : 1006,
               "detectedTime" : 1185.3,
               "entityID" : 12910,
               "height" : 2022.90903,
               "lla" : [ 121.13822159999999, -27.504526609999999, -138823.1918 ],
               "radarID" : 12910,
               "targetType" : 3,
               "trueID" : 811,
               "velocity" : [ 268.22776870000001, 106.49147360000001, 81.935524180000002 ]
            }
         ]
      }
   ],
   "terminator" : 0
}
