{
   "data" : [
      {
         "radarID" : 12903,
         "tracks" : [
            {
               "detectedID" : 1005,
               "detectedTime" : 1185.45,
               "entityID" : 12903,
               "height" : 5382.6488410000002,
               "lla" : [ 120.803691, -27.276518070000002, -126198.7291 ],
               "radarID" : 12903,
               "targetType" : 3,
               "trueID" : 805,
               "velocity" : [ 267.50212520000002, 126.5485285, 49.275581649999999 ]
            }
         ]
      },
      {
         "radarID" : 12910,
         "tracks" : [
            {
               "detectedID" : 1005,
               "detectedTime" : 1185.45,
               "entityID" : 12910,
               "height" : 3371.8132489999998,
               "lla" : [ 120.8035926, -27.276500729999999, -128143.6023 ],
               "radarID" : 12910,
               "targetType" : 3,
               "trueID" : 805,
               "velocity" : [ 267.50212520000002, 126.5485285, 49.275581649999999 ]
            }
         ]
      },
      {
         "radarID" : 12917,
         "tracks" : [
            {
               "detectedID" : 1005,
               "detectedTime" : 1185.45,
               "entityID" : 12917,
               "height" : 3015.4162150000002,
               "lla" : [ 120.8035376, -27.276471839999999, -128483.53750000001 ],
               "radarID" : 12917,
               "targetType" : 3,
               "trueID" : 805,
               "velocity" : [ 267.50212520000002, 126.5485285, 49.275581649999999 ]
            }
         ]
      }
   ],
   "terminator" : 0
}
