{
   "data" : [
      {
         "radarID" : 12981,
         "tracks" : [
            {
               "detectedID" : 1006,
               "detectedTime" : 1187.5999999999999,
               "entityID" : 12981,
               "height" : 294.29042129999999,
               "lla" : [ 121.12876199999999, -27.498170529999999, -141075.4137 ],
               "radarID" : 12981,
               "targetType" : 3,
               "trueID" : 811,
               "velocity" : [ 268.24226110000001, 106.4673909, 81.919375209999998 ]
            }
         ]
      }
   ],
   "terminator" : 0
}
