{
   "data" : [
      {
         "radarID" : 13086,
         "tracks" : [
            {
               "detectedID" : 1003,
               "detectedTime" : 1188.75,
               "entityID" : 13086,
               "height" : 987.08071089999999,
               "lla" : [ 120.4802632, -27.054960210000001, -134736.84779999999 ],
               "radarID" : 13086,
               "targetType" : 3,
               "trueID" : 781,
               "velocity" : [ 248.22959059999999, 39.171994419999997, 163.85244940000001 ]
            }
         ]
      }
   ],
   "terminator" : 0
}
