{
   "data" : [
      {
         "radarID" : 13030,
         "tracks" : [
            {
               "detectedID" : 1006,
               "detectedTime" : 1189.7,
               "entityID" : 13030,
               "height" : 3143.604468,
               "lla" : [ 121.1253378, -27.49578356, -138578.4068 ],
               "radarID" : 13030,
               "targetType" : 3,
               "trueID" : 811,
               "velocity" : [ 268.25549050000001, 106.4454013, 81.904629670000006 ]
            }
         ]
      },
      {
         "radarID" : 13044,
         "tracks" : [
            {
               "detectedID" : 1006,
               "detectedTime" : 1189.7,
               "entityID" : 13044,
               "height" : 3171.6930590000002,
               "lla" : [ 121.12533449999999, -27.49578056, -138548.2242 ],
               "radarID" : 13044,
               "targetType" : 3,
               "trueID" : 811,
               "velocity" : [ 268.25549050000001, 106.4454013, 81.904629670000006 ]
            }
         ]
      }
   ],
   "terminator" : 0
}
