{
   "data" : [
      {
         "radarID" : 13079,
         "tracks" : [
            {
               "detectedID" : 1006,
               "detectedTime" : 1189.8,
               "entityID" : 13079,
               "height" : 5662.5434480000004,
               "lla" : [ 121.12525189999999, -27.495660640000001, -136078.9577 ],
               "radarID" : 13079,
               "targetType" : 3,
               "trueID" : 811,
               "velocity" : [ 268.25612039999999, 106.4443541, 81.903927479999993 ]
            }
         ]
      },
      {
         "radarID" : 13086,
         "tracks" : [
            {
               "detectedID" : 1006,
               "detectedTime" : 1189.8,
               "entityID" : 13086,
               "height" : 5659.2134050000004,
               "lla" : [ 121.1252442, -27.495655240000001, -136073.6813 ],
               "radarID" : 13086,
               "targetType" : 3,
               "trueID" : 811,
               "velocity" : [ 268.25612039999999, 106.4443541, 81.903927479999993 ]
            }
         ]
      }
   ],
   "terminator" : 0
}
