{
   "data" : [
      {
         "radarID" : 13023,
         "tracks" : [
            {
               "detectedID" : 1006,
               "detectedTime" : 1190.25,
               "entityID" : 13023,
               "height" : 5669.3565090000002,
               "lla" : [ 121.1240449, -27.494844140000001, -136162.05319999999 ],
               "radarID" : 13023,
               "targetType" : 3,
               "trueID" : 811,
               "velocity" : [ 268.25895489999999, 106.4396419, 81.900767610000003 ]
            }
         ]
      },
      {
         "radarID" : 13142,
         "tracks" : [
            {
               "detectedID" : 1006,
               "detectedTime" : 1190.25,
               "entityID" : 13142,
               "height" : 5666.0261730000002,
               "lla" : [ 121.1238249, -27.49469453, -136146.54149999999 ],
               "radarID" : 13142,
               "targetType" : 3,
               "trueID" : 811,
               "velocity" : [ 268.25895489999999, 106.4396419, 81.900767610000003 ]
            }
         ]
      }
   ],
   "terminator" : 0
}
