{
   "data" : [
      {
         "radarID" : 13023,
         "tracks" : [
            {
               "detectedID" : 1002,
               "detectedTime" : 1190.3,
               "entityID" : 13023,
               "height" : 5006.3418819999997,
               "lla" : [ 121.017892, -27.421733339999999, -96135.493159999998 ],
               "radarID" : 13023,
               "targetType" : 3,
               "trueID" : 793,
               "velocity" : [ 253.81737269999999, 54.947769289999997, 150.19149089999999 ]
            }
         ]
      },
      {
         "radarID" : 13135,
         "tracks" : [
            {
               "detectedID" : 1006,
               "detectedTime" : 1190.3,
               "entityID" : 13135,
               "height" : 4252.1517469999999,
               "lla" : [ 121.1239173, -27.494794039999999, -137570.50399999999 ],
               "radarID" : 13135,
               "targetType" : 3,
               "trueID" : 811,
               "velocity" : [ 268.25926989999999, 106.4391183, 81.900416509999999 ]
            }
         ]
      }
   ],
   "terminator" : 0
}
