{
   "data" : [
      {
         "radarID" : 13128,
         "tracks" : [
            {
               "detectedID" : 1004,
               "detectedTime" : 1190.5,
               "entityID" : 13128,
               "height" : 2519.3215930000001,
               "lla" : [ 120.5750462, -27.118699809999999, -78736.165340000007 ],
               "radarID" : 13128,
               "targetType" : 3,
               "trueID" : 799,
               "velocity" : [ 262.18068729999999, 144.9597335, 15.74683696 ]
            }
         ]
      }
   ],
   "terminator" : 0
}
