{
   "data" : [
      {
         "radarID" : 13114,
         "tracks" : [
            {
               "detectedID" : 1002,
               "detectedTime" : 1192.6500000000001,
               "entityID" : 13114,
               "height" : 820.42411430000004,
               "lla" : [ 121.0134802, -27.418848350000001, -100625.1229 ],
               "radarID" : 13114,
               "targetType" : 3,
               "trueID" : 793,
               "velocity" : [ 253.83229879999999, 54.922940519999997, 150.17534649999999 ]
            }
         ]
      }
   ],
   "terminator" : 0
}
