{
   "data" : [
      {
         "radarID" : 13065,
         "tracks" : [
            {
               "detectedID" : 1004,
               "detectedTime" : 1197.1500000000001,
               "entityID" : 13065,
               "height" : 5001.2897279999997,
               "lla" : [ 120.55444, -27.10450458, -77097.275720000005 ],
               "radarID" : 13065,
               "targetType" : 3,
               "trueID" : 799,
               "velocity" : [ 262.22255410000002, 144.8888403, 15.702103660000001 ]
            }
         ]
      },
      {
         "radarID" : 13079,
         "tracks" : [
            {
               "detectedID" : 1004,
               "detectedTime" : 1197.1500000000001,
               "entityID" : 13079,
               "height" : 5000.7418299999999,
               "lla" : [ 120.5544763, -27.104529530000001, -77096.530989999999 ],
               "radarID" : 13079,
               "targetType" : 3,
               "trueID" : 799,
               "velocity" : [ 262.22255410000002, 144.8888403, 15.702103660000001 ]
            }
         ]
      }
   ],
   "terminator" : 0
}
