{
   "data" : [
      {
         "radarID" : 13135,
         "tracks" : [
            {
               "detectedID" : 1002,
               "detectedTime" : 1200.3499999999999,
               "entityID" : 13135,
               "height" : 1830.058405,
               "lla" : [ 120.9926737, -27.404713149999999, -101220.5549 ],
               "radarID" : 13135,
               "targetType" : 3,
               "trueID" : 793,
               "velocity" : [ 253.8811838, 54.841582129999999, 150.12243470000001 ]
            }
         ]
      }
   ],
   "terminator" : 0
}
