{
   "data" : [
      {
         "radarID" : 13093,
         "tracks" : [
            {
               "detectedID" : 1006,
               "detectedTime" : 1201.5999999999999,
               "entityID" : 13093,
               "height" : 1089.192278,
               "lla" : [ 121.0920131, -27.473274830000001, -142484.49350000001 ],
               "radarID" : 13093,
               "targetType" : 3,
               "trueID" : 811,
               "velocity" : [ 268.33040790000001, 106.3207738, 81.821056429999999 ]
            }
         ]
      },
      {
         "radarID" : 13107,
         "tracks" : [
            {
               "detectedID" : 1006,
               "detectedTime" : 1201.5999999999999,
               "entityID" : 13107,
               "height" : 5692.6091040000001,
               "lla" : [ 121.0905175, -27.472143620000001, -137999.81020000001 ],
               "radarID" : 13107,
               "targetType" : 3,
               "trueID" : 811,
               "velocity" : [ 268.33040790000001, 106.3207738, 81.821056429999999 ]
            }
         ]
      }
   ],
   "terminator" : 0
}
