{
   "data" : [
      {
         "radarID" : 13093,
         "tracks" : [
            {
               "detectedID" : 1002,
               "detectedTime" : 1202.8,
               "entityID" : 13093,
               "height" : 680.52711039999997,
               "lla" : [ 120.9879662, -27.401548200000001, -102689.0488 ],
               "radarID" : 13093,
               "targetType" : 3,
               "trueID" : 793,
               "velocity" : [ 253.89673110000001, 54.81569391, 150.10559499999999 ]
            }
         ]
      }
   ],
   "terminator" : 0
}
