{
   "data" : [
      {
         "radarID" : 13002,
         "tracks" : [
            {
               "detectedID" : 1001,
               "detectedTime" : 1207.1500000000001,
               "entityID" : 13002,
               "height" : 360.32906960000003,
               "lla" : [ 120.65481459999999, -27.175621209999999, -164531.0564 ],
               "radarID" : 13002,
               "targetType" : 3,
               "trueID" : 817,
               "velocity" : [ 268.97026779999999, 100.8820424, 86.474323100000007 ]
            }
         ]
      },
      {
         "radarID" : 13065,
         "tracks" : [
            {
               "detectedID" : 1004,
               "detectedTime" : 1207.1500000000001,
               "entityID" : 13065,
               "height" : 5001.1361209999995,
               "lla" : [ 120.5238875, -27.083538470000001, -78367.187590000001 ],
               "radarID" : 13065,
               "targetType" : 3,
               "trueID" : 799,
               "velocity" : [ 262.28546369999998, 144.78220730000001, 15.6348325 ]
            }
         ]
      },
      {
         "radarID" : 13079,
         "tracks" : [
            {
               "detectedID" : 1004,
               "detectedTime" : 1207.1500000000001,
               "entityID" : 13079,
               "height" : 5000.8614289999996,
               "lla" : [ 120.5239014, -27.083548, -78366.860650000002 ],
               "radarID" : 13079,
               "targetType" : 3,
               "trueID" : 799,
               "velocity" : [ 262.28546369999998, 144.78220730000001, 15.6348325 ]
            }
         ]
      }
   ],
   "terminator" : 0
}
