{
   "data" : [
      {
         "radarID" : 13023,
         "tracks" : [
            {
               "detectedID" : 1001,
               "detectedTime" : 1209.9000000000001,
               "entityID" : 13023,
               "height" : 5431.6512220000004,
               "lla" : [ 120.64914419999999, -27.171616140000001, -159985.68799999999 ],
               "radarID" : 13023,
               "targetType" : 3,
               "trueID" : 817,
               "velocity" : [ 268.98733659999999, 100.8531268, 86.454956940000002 ]
            }
         ]
      },
      {
         "radarID" : 13072,
         "tracks" : [
            {
               "detectedID" : 1006,
               "detectedTime" : 1209.9000000000001,
               "entityID" : 13072,
               "height" : 5650.9047090000004,
               "lla" : [ 121.0660774, -27.455586790000002, -139415.17050000001 ],
               "radarID" : 13072,
               "targetType" : 3,
               "trueID" : 811,
               "velocity" : [ 268.3826115, 106.2338292, 81.762750629999999 ]
            }
         ]
      }
   ],
   "terminator" : 0
}
