{
   "data" : [
      {
         "radarID" : 13114,
         "tracks" : [
            {
               "detectedID" : 1004,
               "detectedTime" : 1214.05,
               "entityID" : 13114,
               "height" : 730.33471710000003,
               "lla" : [ 120.5036932, -27.06977663, -83345.409920000006 ],
               "radarID" : 13114,
               "targetType" : 3,
               "trueID" : 799,
               "velocity" : [ 262.32883759999999, 144.7086118, 15.588413279999999 ]
            }
         ]
      }
   ],
   "terminator" : 0
}
