{
   "data" : [
      {
         "radarID" : 12924,
         "tracks" : [
            {
               "detectedID" : 1006,
               "detectedTime" : 1214.95,
               "entityID" : 12924,
               "height" : 3768.4503580000001,
               "lla" : [ 121.0511992, -27.445549010000001, -142050.4185 ],
               "radarID" : 12924,
               "targetType" : 3,
               "trueID" : 811,
               "velocity" : [ 268.41435389999998, 106.1809214, 81.727269300000003 ]
            }
         ]
      }
   ],
   "terminator" : 0
}
