{
   "data" : [
      {
         "radarID" : 12931,
         "tracks" : [
            {
               "detectedID" : 1006,
               "detectedTime" : 1216.8499999999999,
               "entityID" : 12931,
               "height" : 5647.2699629999997,
               "lla" : [ 121.04562749999999, -27.441725120000001, -140566.68460000001 ],
               "radarID" : 12931,
               "targetType" : 3,
               "trueID" : 811,
               "velocity" : [ 268.42629269999998, 106.1610139, 81.71391869 ]
            }
         ]
      },
      {
         "radarID" : 12938,
         "tracks" : [
            {
               "detectedID" : 1006,
               "detectedTime" : 1216.8499999999999,
               "entityID" : 12938,
               "height" : 5647.0900540000002,
               "lla" : [ 121.0456466, -27.441738090000001, -140566.57199999999 ],
               "radarID" : 12938,
               "targetType" : 3,
               "trueID" : 811,
               "velocity" : [ 268.42629269999998, 106.1610139, 81.71391869 ]
            }
         ]
      },
      {
         "radarID" : 12974,
         "tracks" : [
            {
               "detectedID" : 1006,
               "detectedTime" : 1216.8499999999999,
               "entityID" : 12974,
               "height" : 5647.0392419999998,
               "lla" : [ 121.0456326, -27.441728600000001, -140566.75589999999 ],
               "radarID" : 12974,
               "targetType" : 3,
               "trueID" : 811,
               "velocity" : [ 268.42629269999998, 106.1610139, 81.71391869 ]
            }
         ]
      }
   ],
   "terminator" : 0
}
