{
   "data" : [
      {
         "radarID" : 13065,
         "tracks" : [
            {
               "detectedID" : 1005,
               "detectedTime" : 302.14999999999998,
               "entityID" : 13065,
               "height" : 5695.6838710000002,
               "lla" : [ 123.4724629, -29.04117883, 7281.3079079999998 ],
               "radarID" : 13065,
               "targetType" : 3,
               "trueID" : 805,
               "velocity" : [ 261.73936980000002, 135.74851530000001, 55.361023189999997 ]
            },
            {
               "detectedID" : 1006,
               "detectedTime" : 302.14999999999998,
               "entityID" : 13065,
               "height" : 6068.5760270000001,
               "lla" : [ 123.7180839, -29.19820752, 13714.75728 ],
               "radarID" : 13065,
               "targetType" : 3,
               "trueID" : 811,
               "velocity" : [ 262.43305989999999, 115.6447407, 88.063517050000002 ]
            }
         ]
      }
   ],
   "terminator" : 0
}
