{
   "data" : [
      {
         "radarID" : 12981,
         "tracks" : [
            {
               "detectedID" : 1005,
               "detectedTime" : 1216.95,
               "entityID" : 12981,
               "height" : 909.70249460000002,
               "lla" : [ 120.7065458, -27.210307530000001, -135240.1876 ],
               "radarID" : 12981,
               "targetType" : 3,
               "trueID" : 805,
               "velocity" : [ 267.69918849999999, 126.21633300000001, 49.05692363 ]
            }
         ]
      }
   ],
   "terminator" : 0
}
