{
   "data" : [
      {
         "radarID" : 13114,
         "tracks" : [
            {
               "detectedID" : 1005,
               "detectedTime" : 1221.8499999999999,
               "entityID" : 13114,
               "height" : 456.67016710000001,
               "lla" : [ 120.6953742, -27.202685460000001, -136337.12710000001 ],
               "radarID" : 13114,
               "targetType" : 3,
               "trueID" : 805,
               "velocity" : [ 267.7297901, 126.16463330000001, 49.022900419999999 ]
            }
         ]
      }
   ],
   "terminator" : 0
}
