{
   "data" : [
      {
         "radarID" : 13093,
         "tracks" : [
            {
               "detectedID" : 1003,
               "detectedTime" : 1222.0,
               "entityID" : 13093,
               "height" : 99.813258809999994,
               "lla" : [ 120.40032669999999, -27.000084810000001, -142081.54620000001 ],
               "radarID" : 13093,
               "targetType" : 3,
               "trueID" : 781,
               "velocity" : [ 248.4369562, 38.819159399999997, 163.62197789999999 ]
            }
         ]
      },
      {
         "radarID" : 13107,
         "tracks" : [
            {
               "detectedID" : 1003,
               "detectedTime" : 1222.0,
               "entityID" : 13107,
               "height" : 977.33167749999996,
               "lla" : [ 120.4001616, -26.999949189999999, -141228.4173 ],
               "radarID" : 13107,
               "targetType" : 3,
               "trueID" : 781,
               "velocity" : [ 248.4369562, 38.819159399999997, 163.62197789999999 ]
            }
         ]
      }
   ],
   "terminator" : 0
}
