{
   "data" : [
      {
         "radarID" : 12924,
         "tracks" : [
            {
               "detectedID" : 1006,
               "detectedTime" : 1224.95,
               "entityID" : 12924,
               "height" : 3733.7263549999998,
               "lla" : [ 121.02179870000001, -27.425612439999998, -143742.5197 ],
               "radarID" : 12924,
               "targetType" : 3,
               "trueID" : 811,
               "velocity" : [ 268.4771657, 106.0761358, 81.656995600000002 ]
            }
         ]
      }
   ],
   "terminator" : 0
}
