{
   "data" : [
      {
         "radarID" : 12910,
         "tracks" : [
            {
               "detectedID" : 1006,
               "detectedTime" : 1225.4000000000001,
               "entityID" : 12910,
               "height" : 1994.6460970000001,
               "lla" : [ 121.0200866, -27.424493729999998, -145490.94940000001 ],
               "radarID" : 12910,
               "targetType" : 3,
               "trueID" : 811,
               "velocity" : [ 268.4799908, 106.0714199, 81.653832850000001 ]
            }
         ]
      }
   ],
   "terminator" : 0
}
