{
   "data" : [
      {
         "radarID" : 13009,
         "tracks" : [
            {
               "detectedID" : 1002,
               "detectedTime" : 1225.95,
               "entityID" : 13009,
               "height" : 630.41614130000005,
               "lla" : [ 120.9268902, -27.360082810000002, -107204.1482 ],
               "radarID" : 13009,
               "targetType" : 3,
               "trueID" : 793,
               "velocity" : [ 254.04347060000001, 54.571041780000002, 149.9463786 ]
            }
         ]
      }
   ],
   "terminator" : 0
}
