{
   "data" : [
      {
         "radarID" : 13079,
         "tracks" : [
            {
               "detectedID" : 1005,
               "detectedTime" : 1229.0999999999999,
               "entityID" : 13079,
               "height" : 5355.3060500000001,
               "lla" : [ 120.67129250000001, -27.186093280000001, -132650.71090000001 ],
               "radarID" : 13079,
               "targetType" : 3,
               "trueID" : 805,
               "velocity" : [ 267.77504210000001, 126.0881267, 48.972555149999998 ]
            }
         ]
      },
      {
         "radarID" : 13086,
         "tracks" : [
            {
               "detectedID" : 1005,
               "detectedTime" : 1229.0999999999999,
               "entityID" : 13086,
               "height" : 5356.943381,
               "lla" : [ 120.6712581, -27.186069809999999, -132654.64619999999 ],
               "radarID" : 13086,
               "targetType" : 3,
               "trueID" : 805,
               "velocity" : [ 267.77504210000001, 126.0881267, 48.972555149999998 ]
            }
         ]
      }
   ],
   "terminator" : 0
}
