{
   "data" : [
      {
         "radarID" : 13135,
         "tracks" : [
            {
               "detectedID" : 1005,
               "detectedTime" : 1230.0,
               "entityID" : 13135,
               "height" : 2837.6120129999999,
               "lla" : [ 120.66864169999999, -27.18434482, -135305.4333 ],
               "radarID" : 13135,
               "targetType" : 3,
               "trueID" : 805,
               "velocity" : [ 267.7806574, 126.07862830000001, 48.966304989999998 ]
            }
         ]
      }
   ],
   "terminator" : 0
}
