{
   "data" : [
      {
         "radarID" : 13093,
         "tracks" : [
            {
               "detectedID" : 1001,
               "detectedTime" : 1230.95,
               "entityID" : 13093,
               "height" : 618.26431760000003,
               "lla" : [ 120.5888137, -27.130438250000001, -168236.43659999999 ],
               "radarID" : 13093,
               "targetType" : 3,
               "trueID" : 817,
               "velocity" : [ 269.11784130000001, 100.63173569999999, 86.306669740000004 ]
            }
         ]
      }
   ],
   "terminator" : 0
}
