{
   "data" : [
      {
         "radarID" : 13093,
         "tracks" : [
            {
               "detectedID" : 1006,
               "detectedTime" : 1231.5,
               "entityID" : 13093,
               "height" : 987.50137459999996,
               "lla" : [ 121.0039771, -27.413592609999998, -147532.1243 ],
               "radarID" : 13093,
               "targetType" : 3,
               "trueID" : 811,
               "velocity" : [ 268.51827530000003, 106.0074886, 81.6109565 ]
            }
         ]
      },
      {
         "radarID" : 13114,
         "tracks" : [
            {
               "detectedID" : 1006,
               "detectedTime" : 1231.5,
               "entityID" : 13114,
               "height" : 1190.2133550000001,
               "lla" : [ 121.0038806, -27.413521899999999, -147336.4675 ],
               "radarID" : 13114,
               "targetType" : 3,
               "trueID" : 811,
               "velocity" : [ 268.51827530000003, 106.0074886, 81.6109565 ]
            }
         ]
      }
   ],
   "terminator" : 0
}
