{
   "data" : [
      {
         "radarID" : 12903,
         "tracks" : [
            {
               "detectedID" : 1006,
               "detectedTime" : 1235.4000000000001,
               "entityID" : 12903,
               "height" : 5639.9622369999997,
               "lla" : [ 120.9910193, -27.404678149999999, -143647.43789999999 ],
               "radarID" : 12903,
               "targetType" : 3,
               "trueID" : 811,
               "velocity" : [ 268.5427406, 105.96660989999999, 81.583540209999995 ]
            }
         ]
      },
      {
         "radarID" : 12917,
         "tracks" : [
            {
               "detectedID" : 1006,
               "detectedTime" : 1235.4000000000001,
               "entityID" : 12917,
               "height" : 1721.1354449999999,
               "lla" : [ 120.99059370000001, -27.404485820000001, -147403.14720000001 ],
               "radarID" : 12917,
               "targetType" : 3,
               "trueID" : 811,
               "velocity" : [ 268.5427406, 105.96660989999999, 81.583540209999995 ]
            }
         ]
      }
   ],
   "terminator" : 0
}
