{
   "data" : [
      {
         "radarID" : 12988,
         "tracks" : [
            {
               "detectedID" : 1004,
               "detectedTime" : 1236.2,
               "entityID" : 12988,
               "height" : 5006.2700960000002,
               "lla" : [ 120.4350652, -27.022503069999999, -82050.998730000007 ],
               "radarID" : 12988,
               "targetType" : 3,
               "trueID" : 799,
               "velocity" : [ 262.46788850000002, 144.47225599999999, 15.43938915 ]
            }
         ]
      }
   ],
   "terminator" : 0
}
