{
   "data" : [
      {
         "radarID" : 12931,
         "tracks" : [
            {
               "detectedID" : 1006,
               "detectedTime" : 1236.9000000000001,
               "entityID" : 12931,
               "height" : 5638.492553,
               "lla" : [ 120.9865425, -27.401638699999999, -143890.76639999999 ],
               "radarID" : 12931,
               "targetType" : 3,
               "trueID" : 811,
               "velocity" : [ 268.55214799999999, 105.9508864, 81.572994750000007 ]
            }
         ]
      },
      {
         "radarID" : 12938,
         "tracks" : [
            {
               "detectedID" : 1006,
               "detectedTime" : 1236.9000000000001,
               "entityID" : 12938,
               "height" : 5639.26944,
               "lla" : [ 120.9864711, -27.40159014, -143891.4516 ],
               "radarID" : 12938,
               "targetType" : 3,
               "trueID" : 811,
               "velocity" : [ 268.55214799999999, 105.9508864, 81.572994750000007 ]
            }
         ]
      },
      {
         "radarID" : 12974,
         "tracks" : [
            {
               "detectedID" : 1006,
               "detectedTime" : 1236.9000000000001,
               "entityID" : 12974,
               "height" : 5638.664546,
               "lla" : [ 120.9865396, -27.401636719999999, -143890.6936 ],
               "radarID" : 12974,
               "targetType" : 3,
               "trueID" : 811,
               "velocity" : [ 268.55214799999999, 105.9508864, 81.572994750000007 ]
            }
         ]
      }
   ],
   "terminator" : 0
}
