{
   "data" : [
      {
         "radarID" : 12938,
         "tracks" : [
            {
               "detectedID" : 1001,
               "detectedTime" : 1237.0999999999999,
               "entityID" : 12938,
               "height" : 5412.9894450000002,
               "lla" : [ 120.5696732, -27.11719935, -164557.03529999999 ],
               "radarID" : 12938,
               "targetType" : 3,
               "trueID" : 817,
               "velocity" : [ 269.1559201, 100.5670353, 86.263329889999994 ]
            }
         ]
      },
      {
         "radarID" : 12995,
         "tracks" : [
            {
               "detectedID" : 1001,
               "detectedTime" : 1237.0999999999999,
               "entityID" : 12995,
               "height" : 5418.9609330000003,
               "lla" : [ 120.5695774, -27.11713344, -164552.6917 ],
               "radarID" : 12995,
               "targetType" : 3,
               "trueID" : 817,
               "velocity" : [ 269.1559201, 100.5670353, 86.263329889999994 ]
            }
         ]
      }
   ],
   "terminator" : 0
}
