{
   "data" : [
      {
         "radarID" : 12981,
         "tracks" : [
            {
               "detectedID" : 1006,
               "detectedTime" : 1237.6500000000001,
               "entityID" : 12981,
               "height" : 450.81182050000001,
               "lla" : [ 120.98189069999999, -27.39861058, -149180.6059 ],
               "radarID" : 12981,
               "targetType" : 3,
               "trueID" : 811,
               "velocity" : [ 268.55685119999998, 105.94302450000001, 81.56772187 ]
            }
         ]
      },
      {
         "radarID" : 12988,
         "tracks" : [
            {
               "detectedID" : 1006,
               "detectedTime" : 1237.6500000000001,
               "entityID" : 12988,
               "height" : 5637.3570129999998,
               "lla" : [ 120.9843386, -27.40014244, -144015.17660000001 ],
               "radarID" : 12988,
               "targetType" : 3,
               "trueID" : 811,
               "velocity" : [ 268.55685119999998, 105.94302450000001, 81.56772187 ]
            }
         ]
      },
      {
         "radarID" : 13009,
         "tracks" : [
            {
               "detectedID" : 1006,
               "detectedTime" : 1237.6500000000001,
               "entityID" : 13009,
               "height" : 162.84341670000001,
               "lla" : [ 120.980552, -27.39770854, -149521.14569999999 ],
               "radarID" : 13009,
               "targetType" : 3,
               "trueID" : 811,
               "velocity" : [ 268.55685119999998, 105.94302450000001, 81.56772187 ]
            }
         ]
      }
   ],
   "terminator" : 0
}
