{
   "data" : [
      {
         "radarID" : 13121,
         "tracks" : [
            {
               "detectedID" : 1004,
               "detectedTime" : 1240.3,
               "entityID" : 13121,
               "height" : 5006.1242430000002,
               "lla" : [ 120.42257619999999, -27.013911329999999, -82571.682220000002 ],
               "radarID" : 13121,
               "targetType" : 3,
               "trueID" : 799,
               "velocity" : [ 262.49359600000003, 144.4284888, 15.411802590000001 ]
            }
         ]
      }
   ],
   "terminator" : 0
}
