{
   "data" : [
      {
         "radarID" : 13107,
         "tracks" : [
            {
               "detectedID" : 1002,
               "detectedTime" : 1242.6500000000001,
               "entityID" : 13107,
               "height" : 4965.8135220000004,
               "lla" : [ 120.8856298, -27.331933670000002, -106178.78389999999 ],
               "radarID" : 13107,
               "targetType" : 3,
               "trueID" : 793,
               "velocity" : [ 254.14913859999999, 54.394515069999997, 149.83141209999999 ]
            }
         ]
      }
   ],
   "terminator" : 0
}
