{
   "data" : [
      {
         "radarID" : 13058,
         "tracks" : [
            {
               "detectedID" : 1001,
               "detectedTime" : 311.89999999999998,
               "entityID" : 13058,
               "height" : 5857.0921850000004,
               "lla" : [ 123.256356, -28.90247097, -6995.2702829999998 ],
               "radarID" : 13058,
               "targetType" : 3,
               "trueID" : 817,
               "velocity" : [ 263.17652420000002, 110.2036693, 92.699883510000006 ]
            }
         ]
      }
   ],
   "terminator" : 0
}
