{
   "data" : [
      {
         "radarID" : 12988,
         "tracks" : [
            {
               "detectedID" : 1004,
               "detectedTime" : 1246.2,
               "entityID" : 12988,
               "height" : 5005.9611400000003,
               "lla" : [ 120.40450490000001, -27.001474819999999, -83318.177779999998 ],
               "radarID" : 12988,
               "targetType" : 3,
               "trueID" : 799,
               "velocity" : [ 262.53057269999999, 144.36549729999999, 15.372103790000001 ]
            }
         ]
      },
      {
         "radarID" : 12995,
         "tracks" : [
            {
               "detectedID" : 1005,
               "detectedTime" : 1246.2,
               "entityID" : 12995,
               "height" : 5317.9873550000002,
               "lla" : [ 120.6193638, -27.150553429999999, -135200.0827 ],
               "radarID" : 12995,
               "targetType" : 3,
               "trueID" : 805,
               "velocity" : [ 267.88165120000002, 125.9076187, 48.853787089999997 ]
            }
         ]
      }
   ],
   "terminator" : 0
}
