{
   "data" : [
      {
         "radarID" : 13030,
         "tracks" : [
            {
               "detectedID" : 1004,
               "detectedTime" : 1248.1500000000001,
               "entityID" : 13030,
               "height" : 1114.9716960000001,
               "lla" : [ 120.3972878, -26.996603579999999, -87470.913610000003 ],
               "radarID" : 13030,
               "targetType" : 3,
               "trueID" : 799,
               "velocity" : [ 262.5427894, 144.34467559999999, 15.35898272 ]
            }
         ]
      },
      {
         "radarID" : 13037,
         "tracks" : [
            {
               "detectedID" : 1004,
               "detectedTime" : 1248.1500000000001,
               "entityID" : 13037,
               "height" : 1124.4891270000001,
               "lla" : [ 120.3972802, -26.9965981, -87461.269279999993 ],
               "radarID" : 13037,
               "targetType" : 3,
               "trueID" : 799,
               "velocity" : [ 262.5427894, 144.34467559999999, 15.35898272 ]
            }
         ]
      },
      {
         "radarID" : 13044,
         "tracks" : [
            {
               "detectedID" : 1004,
               "detectedTime" : 1248.1500000000001,
               "entityID" : 13044,
               "height" : 1108.4104219999999,
               "lla" : [ 120.3972859, -26.996602450000001, -87478.496239999993 ],
               "radarID" : 13044,
               "targetType" : 3,
               "trueID" : 799,
               "velocity" : [ 262.5427894, 144.34467559999999, 15.35898272 ]
            }
         ]
      }
   ],
   "terminator" : 0
}
