{
   "data" : [
      {
         "radarID" : 13065,
         "tracks" : [
            {
               "detectedID" : 1002,
               "detectedTime" : 1248.8,
               "entityID" : 13065,
               "height" : 5003.543662,
               "lla" : [ 120.8700845, -27.321360259999999, -107317.33839999999 ],
               "radarID" : 13065,
               "targetType" : 3,
               "trueID" : 793,
               "velocity" : [ 254.1880128, 54.329498520000001, 149.78905080000001 ]
            }
         ]
      }
   ],
   "terminator" : 0
}
