{
   "data" : [
      {
         "radarID" : 13037,
         "tracks" : [
            {
               "detectedID" : 1005,
               "detectedTime" : 1249.1500000000001,
               "entityID" : 13037,
               "height" : 2592.7009069999999,
               "lla" : [ 120.6098992, -27.144140650000001, -138366.41269999999 ],
               "radarID" : 13037,
               "targetType" : 3,
               "trueID" : 805,
               "velocity" : [ 267.90002529999998, 125.8764702, 48.833294649999999 ]
            }
         ]
      }
   ],
   "terminator" : 0
}
