{
   "data" : [
      {
         "radarID" : 13072,
         "tracks" : [
            {
               "detectedID" : 1006,
               "detectedTime" : 1249.7,
               "entityID" : 13072,
               "height" : 5632.526339,
               "lla" : [ 120.9488461, -27.37603511, -146011.3737 ],
               "radarID" : 13072,
               "targetType" : 3,
               "trueID" : 811,
               "velocity" : [ 268.63236979999999, 105.8166913, 81.482990290000004 ]
            }
         ]
      }
   ],
   "terminator" : 0
}
