{
   "data" : [
      {
         "radarID" : 13135,
         "tracks" : [
            {
               "detectedID" : 1006,
               "detectedTime" : 1250.1500000000001,
               "entityID" : 13135,
               "height" : 4354.4824799999997,
               "lla" : [ 120.9476895, -27.375282689999999, -147369.92800000001 ],
               "radarID" : 13135,
               "targetType" : 3,
               "trueID" : 811,
               "velocity" : [ 268.6351884, 105.8119729, 81.479825529999999 ]
            }
         ]
      },
      {
         "radarID" : 13142,
         "tracks" : [
            {
               "detectedID" : 1006,
               "detectedTime" : 1250.1500000000001,
               "entityID" : 13142,
               "height" : 5639.6915300000001,
               "lla" : [ 120.94746910000001, -27.375099240000001, -146080.83840000001 ],
               "radarID" : 13142,
               "targetType" : 3,
               "trueID" : 811,
               "velocity" : [ 268.6351884, 105.8119729, 81.479825529999999 ]
            }
         ]
      }
   ],
   "terminator" : 0
}
