{
   "data" : [
      {
         "radarID" : 13009,
         "tracks" : [
            {
               "detectedID" : 1004,
               "detectedTime" : 1255.95,
               "entityID" : 13009,
               "height" : 2557.564711,
               "lla" : [ 120.37426290000001, -26.980710909999999, -86944.270759999999 ],
               "radarID" : 13009,
               "targetType" : 3,
               "trueID" : 799,
               "velocity" : [ 262.59163419999999, 144.2613767, 15.30649706 ]
            }
         ]
      }
   ],
   "terminator" : 0
}
