{
   "data" : [
      {
         "radarID" : 12931,
         "tracks" : [
            {
               "detectedID" : 1006,
               "detectedTime" : 43.450000000000003,
               "entityID" : 12931,
               "height" : 6188.3126190000003,
               "lla" : [ 124.4660525, -29.670043199999999, 58156.469590000001 ],
               "radarID" : 12931,
               "targetType" : 3,
               "trueID" : 811,
               "velocity" : [ 260.64956569999998, 118.2892222, 89.830194480000003 ]
            }
         ]
      },
      {
         "radarID" : 12938,
         "tracks" : [
            {
               "detectedID" : 1006,
               "detectedTime" : 43.450000000000003,
               "entityID" : 12938,
               "height" : 6193.6173930000004,
               "lla" : [ 124.4662778, -29.670183649999998, 58183.52506 ],
               "radarID" : 12938,
               "targetType" : 3,
               "trueID" : 811,
               "velocity" : [ 260.64956569999998, 118.2892222, 89.830194480000003 ]
            }
         ]
      }
   ],
   "terminator" : 0
}
