{
   "data" : [
      {
         "radarID" : 13002,
         "tracks" : [
            {
               "detectedID" : 1005,
               "detectedTime" : 1256.3499999999999,
               "entityID" : 13002,
               "height" : 708.06873789999997,
               "lla" : [ 120.58709039999999, -27.128557310000001, -141180.72529999999 ],
               "radarID" : 13002,
               "targetType" : 3,
               "trueID" : 805,
               "velocity" : [ 267.9448491, 125.80043670000001, 48.783275230000001 ]
            }
         ]
      }
   ],
   "terminator" : 0
}
