{
   "data" : [
      {
         "radarID" : 13065,
         "tracks" : [
            {
               "detectedID" : 1002,
               "detectedTime" : 1258.8,
               "entityID" : 13065,
               "height" : 5003.4883239999999,
               "lla" : [ 120.84479949999999, -27.304155649999998, -109227.9198 ],
               "radarID" : 13065,
               "targetType" : 3,
               "trueID" : 793,
               "velocity" : [ 254.25117729999999, 54.223771130000003, 149.72014390000001 ]
            }
         ]
      }
   ],
   "terminator" : 0
}
