{
   "data" : [
      {
         "radarID" : 13079,
         "tracks" : [
            {
               "detectedID" : 1006,
               "detectedTime" : 1259.5999999999999,
               "entityID" : 13079,
               "height" : 5630.4814349999997,
               "lla" : [ 120.9196745, -27.356206409999999, -147650.27420000001 ],
               "radarID" : 13079,
               "targetType" : 3,
               "trueID" : 811,
               "velocity" : [ 268.6943498, 105.7128737, 81.413357140000002 ]
            }
         ]
      },
      {
         "radarID" : 13086,
         "tracks" : [
            {
               "detectedID" : 1006,
               "detectedTime" : 1259.5999999999999,
               "entityID" : 13086,
               "height" : 5627.9109189999999,
               "lla" : [ 120.9196841, -27.35621287, -147645.65599999999 ],
               "radarID" : 13086,
               "targetType" : 3,
               "trueID" : 811,
               "velocity" : [ 268.6943498, 105.7128737, 81.413357140000002 ]
            }
         ]
      }
   ],
   "terminator" : 0
}
