{
   "data" : [
      {
         "radarID" : 13023,
         "tracks" : [
            {
               "detectedID" : 1005,
               "detectedTime" : 1259.8499999999999,
               "entityID" : 13023,
               "height" : 5346.8007930000003,
               "lla" : [ 120.5778801, -27.12213027, -137169.3861 ],
               "radarID" : 13023,
               "targetType" : 3,
               "trueID" : 805,
               "velocity" : [ 267.96662739999999, 125.76347079999999, 48.758958200000002 ]
            }
         ]
      },
      {
         "radarID" : 13142,
         "tracks" : [
            {
               "detectedID" : 1001,
               "detectedTime" : 1259.8499999999999,
               "entityID" : 13142,
               "height" : 5415.6963939999996,
               "lla" : [ 120.5030265, -27.071488080000002, -168387.29500000001 ],
               "radarID" : 13142,
               "targetType" : 3,
               "trueID" : 817,
               "velocity" : [ 269.29658519999998, 100.3276238, 86.102944739999998 ]
            }
         ]
      }
   ],
   "terminator" : 0
}
