{
   "data" : [
      {
         "radarID" : 12910,
         "tracks" : [
            {
               "detectedID" : 1002,
               "detectedTime" : 1265.4000000000001,
               "entityID" : 12910,
               "height" : 4262.4626230000003,
               "lla" : [ 120.82802390000001, -27.29275393, -111212.6351 ],
               "radarID" : 12910,
               "targetType" : 3,
               "trueID" : 793,
               "velocity" : [ 254.292835, 54.153984680000001, 149.67464720000001 ]
            }
         ]
      },
      {
         "radarID" : 12917,
         "tracks" : [
            {
               "detectedID" : 1002,
               "detectedTime" : 1265.4000000000001,
               "entityID" : 12917,
               "height" : 3865.0016780000001,
               "lla" : [ 120.82790129999999, -27.292679979999999, -111592.5376 ],
               "radarID" : 12917,
               "targetType" : 3,
               "trueID" : 793,
               "velocity" : [ 254.292835, 54.153984680000001, 149.67464720000001 ]
            }
         ]
      }
   ],
   "terminator" : 0
}
