{
   "data" : [
      {
         "radarID" : 12903,
         "tracks" : [
            {
               "detectedID" : 1001,
               "detectedTime" : 1265.9000000000001,
               "entityID" : 12903,
               "height" : 5405.9063070000002,
               "lla" : [ 120.4851038, -27.059182409999998, -169373.38039999999 ],
               "radarID" : 12903,
               "targetType" : 3,
               "trueID" : 817,
               "velocity" : [ 269.3339411, 100.2639369, 86.060276200000004 ]
            }
         ]
      },
      {
         "radarID" : 12910,
         "tracks" : [
            {
               "detectedID" : 1001,
               "detectedTime" : 1265.9000000000001,
               "entityID" : 12910,
               "height" : 2257.4902900000002,
               "lla" : [ 120.4846306, -27.05893528, -172406.59890000001 ],
               "radarID" : 12910,
               "targetType" : 3,
               "trueID" : 817,
               "velocity" : [ 269.3339411, 100.2639369, 86.060276200000004 ]
            }
         ]
      },
      {
         "radarID" : 12917,
         "tracks" : [
            {
               "detectedID" : 1001,
               "detectedTime" : 1265.9000000000001,
               "entityID" : 12917,
               "height" : 1962.164176,
               "lla" : [ 120.4845048, -27.05885602, -172688.73749999999 ],
               "radarID" : 12917,
               "targetType" : 3,
               "trueID" : 817,
               "velocity" : [ 269.3339411, 100.2639369, 86.060276200000004 ]
            }
         ]
      }
   ],
   "terminator" : 0
}
