{
   "data" : [
      {
         "radarID" : 13030,
         "tracks" : [
            {
               "detectedID" : 1001,
               "detectedTime" : 1269.3,
               "entityID" : 13030,
               "height" : 4338.1796700000004,
               "lla" : [ 120.4750624, -27.052313999999999, -171012.8573 ],
               "radarID" : 13030,
               "targetType" : 3,
               "trueID" : 817,
               "velocity" : [ 269.35492490000001, 100.2281423, 86.036294119999994 ]
            }
         ]
      },
      {
         "radarID" : 13044,
         "tracks" : [
            {
               "detectedID" : 1001,
               "detectedTime" : 1269.3,
               "entityID" : 13044,
               "height" : 4361.0303960000001,
               "lla" : [ 120.4750688, -27.052318039999999, -170999.0773 ],
               "radarID" : 13044,
               "targetType" : 3,
               "trueID" : 817,
               "velocity" : [ 269.35492490000001, 100.2281423, 86.036294119999994 ]
            }
         ]
      }
   ],
   "terminator" : 0
}
