{
   "data" : [
      {
         "radarID" : 13072,
         "tracks" : [
            {
               "detectedID" : 1006,
               "detectedTime" : 1269.5999999999999,
               "entityID" : 13072,
               "height" : 5623.1663790000002,
               "lla" : [ 120.8902047, -27.336161600000001, -149304.77619999999 ],
               "radarID" : 13072,
               "targetType" : 3,
               "trueID" : 811,
               "velocity" : [ 268.75689679999999, 105.60798440000001, 81.343002650000003 ]
            }
         ]
      }
   ],
   "terminator" : 0
}
