{
   "data" : [
      {
         "radarID" : 13107,
         "tracks" : [
            {
               "detectedID" : 1003,
               "detectedTime" : 1271.4000000000001,
               "entityID" : 13107,
               "height" : 989.09913070000005,
               "lla" : [ 120.28102060000001, -26.917941899999999, -150849.17619999999 ],
               "radarID" : 13107,
               "targetType" : 3,
               "trueID" : 781,
               "velocity" : [ 248.7439172, 38.294778989999998, 163.27882149999999 ]
            },
            {
               "detectedID" : 1006,
               "detectedTime" : 1271.4000000000001,
               "entityID" : 13107,
               "height" : 5626.7976559999997,
               "lla" : [ 120.8848972, -27.332550000000001, -149599.2402 ],
               "radarID" : 13107,
               "targetType" : 3,
               "trueID" : 811,
               "velocity" : [ 268.76814890000003, 105.58910179999999, 81.330336919999993 ]
            }
         ]
      }
   ],
   "terminator" : 0
}
