{
   "data" : [
      {
         "radarID" : 12924,
         "tracks" : [
            {
               "detectedID" : 1001,
               "detectedTime" : 1275.3499999999999,
               "entityID" : 12924,
               "height" : 3501.6671019999999,
               "lla" : [ 120.4574743, -27.040251099999999, -172777.1134 ],
               "radarID" : 12924,
               "targetType" : 3,
               "trueID" : 817,
               "velocity" : [ 269.39224680000001, 100.1644429, 85.993614649999998 ]
            }
         ]
      }
   ],
   "terminator" : 0
}
