{
   "data" : [
      {
         "radarID" : 12903,
         "tracks" : [
            {
               "detectedID" : 1006,
               "detectedTime" : 1275.55,
               "entityID" : 12903,
               "height" : 5622.5113469999997,
               "lla" : [ 120.8726887, -27.32424121, -150292.33960000001 ],
               "radarID" : 12903,
               "targetType" : 3,
               "trueID" : 811,
               "velocity" : [ 268.794084, 105.5455642, 81.301133160000006 ]
            }
         ]
      },
      {
         "radarID" : 12910,
         "tracks" : [
            {
               "detectedID" : 1006,
               "detectedTime" : 1275.55,
               "entityID" : 12910,
               "height" : 1991.572766,
               "lla" : [ 120.87219109999999, -27.323992029999999, -153777.7868 ],
               "radarID" : 12910,
               "targetType" : 3,
               "trueID" : 811,
               "velocity" : [ 268.794084, 105.5455642, 81.301133160000006 ]
            }
         ]
      },
      {
         "radarID" : 12917,
         "tracks" : [
            {
               "detectedID" : 1006,
               "detectedTime" : 1275.55,
               "entityID" : 12917,
               "height" : 1717.3645690000001,
               "lla" : [ 120.8721482, -27.32396954, -154038.2507 ],
               "radarID" : 12917,
               "targetType" : 3,
               "trueID" : 811,
               "velocity" : [ 268.794084, 105.5455642, 81.301133160000006 ]
            }
         ]
      }
   ],
   "terminator" : 0
}
