{
   "data" : [
      {
         "radarID" : 13030,
         "tracks" : [
            {
               "detectedID" : 1004,
               "detectedTime" : 1278.0999999999999,
               "entityID" : 13030,
               "height" : 1278.587892,
               "lla" : [ 120.3057594, -26.933522320000002, -91091.592869999993 ],
               "radarID" : 13030,
               "targetType" : 3,
               "trueID" : 799,
               "velocity" : [ 262.73014949999998, 144.02472209999999, 15.15743915 ]
            }
         ]
      },
      {
         "radarID" : 13037,
         "tracks" : [
            {
               "detectedID" : 1004,
               "detectedTime" : 1278.0999999999999,
               "entityID" : 13037,
               "height" : 1289.478423,
               "lla" : [ 120.30577940000001, -26.933535769999999, -91078.123179999995 ],
               "radarID" : 13037,
               "targetType" : 3,
               "trueID" : 799,
               "velocity" : [ 262.73014949999998, 144.02472209999999, 15.15743915 ]
            }
         ]
      },
      {
         "radarID" : 13044,
         "tracks" : [
            {
               "detectedID" : 1004,
               "detectedTime" : 1278.0999999999999,
               "entityID" : 13044,
               "height" : 1270.8991719999999,
               "lla" : [ 120.30575450000001, -26.933519090000001, -91100.390459999995 ],
               "radarID" : 13044,
               "targetType" : 3,
               "trueID" : 799,
               "velocity" : [ 262.73014949999998, 144.02472209999999, 15.15743915 ]
            }
         ]
      }
   ],
   "terminator" : 0
}
