{
   "data" : [
      {
         "radarID" : 13142,
         "tracks" : [
            {
               "detectedID" : 1004,
               "detectedTime" : 1279.3,
               "entityID" : 13142,
               "height" : 5001.5995130000001,
               "lla" : [ 120.3033191, -26.931746140000001, -87506.099170000001 ],
               "radarID" : 13142,
               "targetType" : 3,
               "trueID" : 799,
               "velocity" : [ 262.73764560000001, 144.0118966, 15.14936327 ]
            }
         ]
      }
   ],
   "terminator" : 0
}
