{
   "data" : [
      {
         "radarID" : 12910,
         "tracks" : [
            {
               "detectedID" : 1006,
               "detectedTime" : 1285.5999999999999,
               "entityID" : 12910,
               "height" : 1995.4259979999999,
               "lla" : [ 120.84250160000001, -27.30377541, -155429.45670000001 ],
               "radarID" : 12910,
               "targetType" : 3,
               "trueID" : 811,
               "velocity" : [ 268.85684850000001, 105.4401132, 81.230397929999995 ]
            }
         ]
      }
   ],
   "terminator" : 0
}
