{
   "data" : [
      {
         "radarID" : 13086,
         "tracks" : [
            {
               "detectedID" : 1004,
               "detectedTime" : 1287.3,
               "entityID" : 13086,
               "height" : 5000.8990599999997,
               "lla" : [ 120.27886289999999, -26.914869020000001, -88516.009030000001 ],
               "radarID" : 13086,
               "targetType" : 3,
               "trueID" : 799,
               "velocity" : [ 262.78759860000002, 143.92638120000001, 15.095522689999999 ]
            }
         ]
      }
   ],
   "terminator" : 0
}
