{
   "data" : [
      {
         "radarID" : 13072,
         "tracks" : [
            {
               "detectedID" : 1002,
               "detectedTime" : 1287.8499999999999,
               "entityID" : 13072,
               "height" : 5002.5765950000005,
               "lla" : [ 120.77128810000001, -27.254080139999999, -114778.71679999999 ],
               "radarID" : 13072,
               "targetType" : 3,
               "trueID" : 793,
               "velocity" : [ 254.43435070000001, 53.916567120000003, 149.51978120000001 ]
            }
         ]
      }
   ],
   "terminator" : 0
}
