{
   "data" : [
      {
         "radarID" : 13121,
         "tracks" : [
            {
               "detectedID" : 1004,
               "detectedTime" : 1290.2,
               "entityID" : 13121,
               "height" : 5005.3989810000003,
               "lla" : [ 120.2699951, -26.908747120000001, -88882.262560000003 ],
               "radarID" : 13121,
               "targetType" : 3,
               "trueID" : 799,
               "velocity" : [ 262.80569739999999, 143.89537680000001, 15.07600491 ]
            }
         ]
      },
      {
         "radarID" : 13128,
         "tracks" : [
            {
               "detectedID" : 1004,
               "detectedTime" : 1290.2,
               "entityID" : 13128,
               "height" : 2373.0085319999998,
               "lla" : [ 120.27012070000001, -26.9089001, -91515.118570000006 ],
               "radarID" : 13128,
               "targetType" : 3,
               "trueID" : 799,
               "velocity" : [ 262.80569739999999, 143.89537680000001, 15.07600491 ]
            }
         ]
      }
   ],
   "terminator" : 0
}
