{
   "data" : [
      {
         "radarID" : 12924,
         "tracks" : [
            {
               "detectedID" : 1006,
               "detectedTime" : 1295.0999999999999,
               "entityID" : 12924,
               "height" : 3532.6348830000002,
               "lla" : [ 120.8150524, -27.285034880000001, -155518.8664 ],
               "radarID" : 12924,
               "targetType" : 3,
               "trueID" : 811,
               "velocity" : [ 268.9161229, 105.3404117, 81.163517040000002 ]
            }
         ]
      }
   ],
   "terminator" : 0
}
