{
   "data" : [
      {
         "radarID" : 12924,
         "tracks" : [
            {
               "detectedID" : 1005,
               "detectedTime" : 1295.3,
               "entityID" : 12924,
               "height" : 5323.2765710000003,
               "lla" : [ 120.4701924, -27.048225009999999, -142408.34169999999 ],
               "radarID" : 12924,
               "targetType" : 3,
               "trueID" : 805,
               "velocity" : [ 268.18680210000002, 125.38886770000001, 48.512586679999998 ]
            }
         ]
      }
   ],
   "terminator" : 0
}
