{
   "data" : [
      {
         "radarID" : 12903,
         "tracks" : [
            {
               "detectedID" : 1002,
               "detectedTime" : 1295.45,
               "entityID" : 12903,
               "height" : 5007.5390589999997,
               "lla" : [ 120.7521215, -27.241010500000002, -116238.78049999999 ],
               "radarID" : 12903,
               "targetType" : 3,
               "trueID" : 793,
               "velocity" : [ 254.48219370000001, 53.836180910000003, 149.46731650000001 ]
            }
         ]
      },
      {
         "radarID" : 12910,
         "tracks" : [
            {
               "detectedID" : 1002,
               "detectedTime" : 1295.45,
               "entityID" : 12910,
               "height" : 4156.3116890000001,
               "lla" : [ 120.7519204, -27.24089378, -117053.83990000001 ],
               "radarID" : 12910,
               "targetType" : 3,
               "trueID" : 793,
               "velocity" : [ 254.48219370000001, 53.836180910000003, 149.46731650000001 ]
            }
         ]
      },
      {
         "radarID" : 12917,
         "tracks" : [
            {
               "detectedID" : 1002,
               "detectedTime" : 1295.45,
               "entityID" : 12917,
               "height" : 3759.8436019999999,
               "lla" : [ 120.75189469999999, -27.240886010000001, -117437.1385 ],
               "radarID" : 12917,
               "targetType" : 3,
               "trueID" : 793,
               "velocity" : [ 254.48219370000001, 53.836180910000003, 149.46731650000001 ]
            }
         ]
      }
   ],
   "terminator" : 0
}
