{
   "data" : [
      {
         "radarID" : 12931,
         "tracks" : [
            {
               "detectedID" : 1001,
               "detectedTime" : 1297.25,
               "entityID" : 12931,
               "height" : 5385.2188210000004,
               "lla" : [ 120.3933518, -26.99611286, -174618.2444 ],
               "radarID" : 12931,
               "targetType" : 3,
               "trueID" : 817,
               "velocity" : [ 269.52716370000002, 99.933794039999995, 85.839063620000005 ]
            }
         ]
      },
      {
         "radarID" : 12995,
         "tracks" : [
            {
               "detectedID" : 1001,
               "detectedTime" : 1297.25,
               "entityID" : 12995,
               "height" : 5441.1039920000003,
               "lla" : [ 120.3933152, -26.996086269999999, -174563.99979999999 ],
               "radarID" : 12995,
               "targetType" : 3,
               "trueID" : 817,
               "velocity" : [ 269.52716370000002, 99.933794039999995, 85.839063620000005 ]
            }
         ]
      },
      {
         "radarID" : 13065,
         "tracks" : [
            {
               "detectedID" : 1004,
               "detectedTime" : 1297.25,
               "entityID" : 13065,
               "height" : 5001.0196329999999,
               "lla" : [ 120.24845070000001, -26.893868789999999, -89771.678549999997 ],
               "radarID" : 13065,
               "targetType" : 3,
               "trueID" : 799,
               "velocity" : [ 262.84967610000001, 143.8199927, 15.0285552 ]
            }
         ]
      }
   ],
   "terminator" : 0
}
