{
   "data" : [
      {
         "radarID" : 13072,
         "tracks" : [
            {
               "detectedID" : 1001,
               "detectedTime" : 1298.95,
               "entityID" : 13072,
               "height" : 5384.2867109999997,
               "lla" : [ 120.38834900000001, -26.992670189999998, -174902.0877 ],
               "radarID" : 13072,
               "targetType" : 3,
               "trueID" : 817,
               "velocity" : [ 269.53762469999998, 99.91588539, 85.827062679999997 ]
            }
         ]
      }
   ],
   "terminator" : 0
}
