{
   "data" : [
      {
         "radarID" : 13051,
         "tracks" : [
            {
               "detectedID" : 1006,
               "detectedTime" : 1299.4000000000001,
               "entityID" : 13051,
               "height" : 2265.253244,
               "lla" : [ 120.8018802, -27.276089769999999, -157574.3928 ],
               "radarID" : 13051,
               "targetType" : 3,
               "trueID" : 811,
               "velocity" : [ 268.94293479999999, 105.2952768, 81.133239290000006 ]
            }
         ]
      },
      {
         "radarID" : 13058,
         "tracks" : [
            {
               "detectedID" : 1006,
               "detectedTime" : 1299.4000000000001,
               "entityID" : 13058,
               "height" : 5613.6507570000003,
               "lla" : [ 120.8023429, -27.276319350000001, -154234.1018 ],
               "radarID" : 13058,
               "targetType" : 3,
               "trueID" : 811,
               "velocity" : [ 268.94293479999999, 105.2952768, 81.133239290000006 ]
            }
         ]
      }
   ],
   "terminator" : 0
}
