{
   "data" : [
      {
         "radarID" : 13044,
         "tracks" : [
            {
               "detectedID" : 1006,
               "detectedTime" : 1299.5,
               "entityID" : 13044,
               "height" : 3759.5869090000001,
               "lla" : [ 120.8018058, -27.276000679999999, -156098.522 ],
               "radarID" : 13044,
               "targetType" : 3,
               "trueID" : 811,
               "velocity" : [ 268.94355819999998, 105.2942271, 81.13253512 ]
            }
         ]
      },
      {
         "radarID" : 13079,
         "tracks" : [
            {
               "detectedID" : 1006,
               "detectedTime" : 1299.5,
               "entityID" : 13079,
               "height" : 5611.2861700000003,
               "lla" : [ 120.80205549999999, -27.276123370000001, -154248.7225 ],
               "radarID" : 13079,
               "targetType" : 3,
               "trueID" : 811,
               "velocity" : [ 268.94355819999998, 105.2942271, 81.13253512 ]
            }
         ]
      },
      {
         "radarID" : 13086,
         "tracks" : [
            {
               "detectedID" : 1006,
               "detectedTime" : 1299.5,
               "entityID" : 13086,
               "height" : 5613.059714,
               "lla" : [ 120.8020471, -27.27611774, -154251.06890000001 ],
               "radarID" : 13086,
               "targetType" : 3,
               "trueID" : 811,
               "velocity" : [ 268.94355819999998, 105.2942271, 81.13253512 ]
            }
         ]
      }
   ],
   "terminator" : 0
}
