{
   "data" : [
      {
         "radarID" : 13135,
         "tracks" : [
            {
               "detectedID" : 1002,
               "detectedTime" : 1300.05,
               "entityID" : 13135,
               "height" : 2169.4526540000002,
               "lla" : [ 120.7404756, -27.233138400000001, -119942.6865 ],
               "radarID" : 13135,
               "targetType" : 3,
               "trueID" : 793,
               "velocity" : [ 254.51113549999999, 53.787522850000002, 149.43555230000001 ]
            }
         ]
      },
      {
         "radarID" : 13142,
         "tracks" : [
            {
               "detectedID" : 1002,
               "detectedTime" : 1300.05,
               "entityID" : 13142,
               "height" : 5007.8037359999998,
               "lla" : [ 120.7404106, -27.233021610000002, -117112.28350000001 ],
               "radarID" : 13142,
               "targetType" : 3,
               "trueID" : 793,
               "velocity" : [ 254.51113549999999, 53.787522850000002, 149.43555230000001 ]
            },
            {
               "detectedID" : 1006,
               "detectedTime" : 1300.05,
               "entityID" : 13142,
               "height" : 5620.3030859999999,
               "lla" : [ 120.80050369999999, -27.275065779999998, -154350.07089999999 ],
               "radarID" : 13142,
               "targetType" : 3,
               "trueID" : 811,
               "velocity" : [ 268.94698679999999, 105.28845370000001, 81.128662129999995 ]
            }
         ]
      }
   ],
   "terminator" : 0
}
