{
   "data" : [
      {
         "radarID" : 13135,
         "tracks" : [
            {
               "detectedID" : 1006,
               "detectedTime" : 1300.0999999999999,
               "entityID" : 13135,
               "height" : 4477.4063759999999,
               "lla" : [ 120.80029690000001, -27.274953799999999, -155483.4564 ],
               "radarID" : 13135,
               "targetType" : 3,
               "trueID" : 811,
               "velocity" : [ 268.94729849999999, 105.2879288, 81.128310040000002 ]
            }
         ]
      }
   ],
   "terminator" : 0
}
