{
   "data" : [
      {
         "radarID" : 12903,
         "tracks" : [
            {
               "detectedID" : 1001,
               "detectedTime" : 1306.05,
               "entityID" : 12903,
               "height" : 5382.8479010000001,
               "lla" : [ 120.367536, -26.978343590000001, -176089.0943 ],
               "radarID" : 12903,
               "targetType" : 3,
               "trueID" : 817,
               "velocity" : [ 269.58129650000001, 99.841083580000003, 85.776935159999994 ]
            }
         ]
      },
      {
         "radarID" : 12917,
         "tracks" : [
            {
               "detectedID" : 1001,
               "detectedTime" : 1306.05,
               "entityID" : 12917,
               "height" : 2045.6821910000001,
               "lla" : [ 120.3668224, -26.977934399999999, -179301.66889999999 ],
               "radarID" : 12917,
               "targetType" : 3,
               "trueID" : 817,
               "velocity" : [ 269.58129650000001, 99.841083580000003, 85.776935159999994 ]
            }
         ]
      }
   ],
   "terminator" : 0
}
