{
   "data" : [
      {
         "radarID" : 12931,
         "tracks" : [
            {
               "detectedID" : 1001,
               "detectedTime" : 1307.25,
               "entityID" : 12931,
               "height" : 5382.0877639999999,
               "lla" : [ 120.3638979, -26.975838509999999, -176291.59150000001 ],
               "radarID" : 12931,
               "targetType" : 3,
               "trueID" : 817,
               "velocity" : [ 269.58867470000001, 99.828439930000002, 85.768461959999996 ]
            }
         ]
      },
      {
         "radarID" : 12974,
         "tracks" : [
            {
               "detectedID" : 1001,
               "detectedTime" : 1307.25,
               "entityID" : 12974,
               "height" : 5377.1609680000001,
               "lla" : [ 120.364159, -26.97601856, -176286.3898 ],
               "radarID" : 12974,
               "targetType" : 3,
               "trueID" : 817,
               "velocity" : [ 269.58867470000001, 99.828439930000002, 85.768461959999996 ]
            }
         ]
      },
      {
         "radarID" : 13065,
         "tracks" : [
            {
               "detectedID" : 1004,
               "detectedTime" : 1307.25,
               "entityID" : 13065,
               "height" : 5001.8867019999998,
               "lla" : [ 120.2177916, -26.872683460000001, -91035.141399999993 ],
               "radarID" : 13065,
               "targetType" : 3,
               "trueID" : 799,
               "velocity" : [ 262.91200800000001, 143.71303739999999, 14.961247520000001 ]
            }
         ]
      }
   ],
   "terminator" : 0
}
