{
   "data" : [
      {
         "radarID" : 13093,
         "tracks" : [
            {
               "detectedID" : 1006,
               "detectedTime" : 1311.2,
               "entityID" : 13093,
               "height" : 777.8951879,
               "lla" : [ 120.7689215, -27.253648949999999, -160904.0754 ],
               "radarID" : 13093,
               "targetType" : 3,
               "trueID" : 811,
               "velocity" : [ 269.01645509999997, 105.1713962, 81.050134420000006 ]
            }
         ]
      },
      {
         "radarID" : 13114,
         "tracks" : [
            {
               "detectedID" : 1006,
               "detectedTime" : 1311.2,
               "entityID" : 13114,
               "height" : 962.06247240000005,
               "lla" : [ 120.7688083, -27.253566859999999, -160723.45449999999 ],
               "radarID" : 13114,
               "targetType" : 3,
               "trueID" : 811,
               "velocity" : [ 269.01645509999997, 105.1713962, 81.050134420000006 ]
            }
         ]
      }
   ],
   "terminator" : 0
}
