{
   "data" : [
      {
         "radarID" : 12924,
         "tracks" : [
            {
               "detectedID" : 1005,
               "detectedTime" : 1315.3,
               "entityID" : 12924,
               "height" : 5325.5492649999997,
               "lla" : [ 120.4096577, -27.006601010000001, -145340.12530000001 ],
               "radarID" : 12924,
               "targetType" : 3,
               "trueID" : 805,
               "velocity" : [ 268.31069100000002, 125.17737270000001, 48.373530160000001 ]
            }
         ]
      }
   ],
   "terminator" : 0
}
