{
   "data" : [
      {
         "radarID" : 12903,
         "tracks" : [
            {
               "detectedID" : 1002,
               "detectedTime" : 1315.5,
               "entityID" : 12903,
               "height" : 5016.9746050000003,
               "lla" : [ 120.70115130000001, -27.206224500000001, -120050.2222 ],
               "radarID" : 12903,
               "targetType" : 3,
               "trueID" : 793,
               "velocity" : [ 254.6082548, 53.624077360000001, 149.3288148 ]
            }
         ]
      },
      {
         "radarID" : 12910,
         "tracks" : [
            {
               "detectedID" : 1002,
               "detectedTime" : 1315.5,
               "entityID" : 12910,
               "height" : 4091.5870540000001,
               "lla" : [ 120.7012185, -27.206293630000001, -120954.0226 ],
               "radarID" : 12910,
               "targetType" : 3,
               "trueID" : 793,
               "velocity" : [ 254.6082548, 53.624077360000001, 149.3288148 ]
            }
         ]
      },
      {
         "radarID" : 12917,
         "tracks" : [
            {
               "detectedID" : 1002,
               "detectedTime" : 1315.5,
               "entityID" : 12917,
               "height" : 3696.964039,
               "lla" : [ 120.70110409999999, -27.206224850000002, -121327.8128 ],
               "radarID" : 12917,
               "targetType" : 3,
               "trueID" : 793,
               "velocity" : [ 254.6082548, 53.624077360000001, 149.3288148 ]
            }
         ]
      }
   ],
   "terminator" : 0
}
