{
   "data" : [
      {
         "radarID" : 12903,
         "tracks" : [
            {
               "detectedID" : 1005,
               "detectedTime" : 1315.75,
               "entityID" : 12903,
               "height" : 5322.5957060000001,
               "lla" : [ 120.4082272, -27.005616499999999, -145400.6912 ],
               "radarID" : 12903,
               "targetType" : 3,
               "trueID" : 805,
               "velocity" : [ 268.31347579999999, 125.1726128, 48.3704009 ]
            }
         ]
      },
      {
         "radarID" : 12910,
         "tracks" : [
            {
               "detectedID" : 1005,
               "detectedTime" : 1315.75,
               "entityID" : 12910,
               "height" : 3637.1727759999999,
               "lla" : [ 120.4077741, -27.005345689999999, -147021.86300000001 ],
               "radarID" : 12910,
               "targetType" : 3,
               "trueID" : 805,
               "velocity" : [ 268.31347579999999, 125.1726128, 48.3704009 ]
            }
         ]
      },
      {
         "radarID" : 12917,
         "tracks" : [
            {
               "detectedID" : 1005,
               "detectedTime" : 1315.75,
               "entityID" : 12917,
               "height" : 3258.6585399999999,
               "lla" : [ 120.4076369, -27.005260419999999, -147384.82440000001 ],
               "radarID" : 12917,
               "targetType" : 3,
               "trueID" : 805,
               "velocity" : [ 268.31347579999999, 125.1726128, 48.3704009 ]
            }
         ]
      }
   ],
   "terminator" : 0
}
