{
   "data" : [
      {
         "radarID" : 12931,
         "tracks" : [
            {
               "detectedID" : 1001,
               "detectedTime" : 1317.25,
               "entityID" : 12931,
               "height" : 5376.1020580000004,
               "lla" : [ 120.3346763, -26.955710939999999, -177958.41880000001 ],
               "radarID" : 12931,
               "targetType" : 3,
               "trueID" : 817,
               "velocity" : [ 269.65012610000002, 99.723063890000006, 85.697841249999996 ]
            }
         ]
      },
      {
         "radarID" : 12938,
         "tracks" : [
            {
               "detectedID" : 1001,
               "detectedTime" : 1317.25,
               "entityID" : 12938,
               "height" : 5371.6045320000003,
               "lla" : [ 120.3350741, -26.955985340000002, -177949.3719 ],
               "radarID" : 12938,
               "targetType" : 3,
               "trueID" : 817,
               "velocity" : [ 269.65012610000002, 99.723063890000006, 85.697841249999996 ]
            }
         ]
      },
      {
         "radarID" : 12974,
         "tracks" : [
            {
               "detectedID" : 1001,
               "detectedTime" : 1317.25,
               "entityID" : 12974,
               "height" : 5376.2418619999999,
               "lla" : [ 120.33467020000001, -26.955706670000001, -177958.50829999999 ],
               "radarID" : 12974,
               "targetType" : 3,
               "trueID" : 817,
               "velocity" : [ 269.65012610000002, 99.723063890000006, 85.697841249999996 ]
            }
         ]
      },
      {
         "radarID" : 13065,
         "tracks" : [
            {
               "detectedID" : 1004,
               "detectedTime" : 1317.25,
               "entityID" : 13065,
               "height" : 5000.8640670000004,
               "lla" : [ 120.1873137, -26.851608939999998, -92293.07071 ],
               "radarID" : 13065,
               "targetType" : 3,
               "trueID" : 799,
               "velocity" : [ 262.97428230000003, 143.60604979999999, 14.893936119999999 ]
            }
         ]
      }
   ],
   "terminator" : 0
}
