{
   "data" : [
      {
         "radarID" : 13135,
         "tracks" : [
            {
               "detectedID" : 1004,
               "detectedTime" : 332.44999999999999,
               "entityID" : 13135,
               "height" : 3067.0603580000002,
               "lla" : [ 122.650436, -28.507419509999998, 43588.340689999997 ],
               "radarID" : 13135,
               "targetType" : 3,
               "trueID" : 799,
               "velocity" : [ 115.9463504, -89.365944619999993, 261.8590686 ]
            }
         ]
      },
      {
         "radarID" : 13142,
         "tracks" : [
            {
               "detectedID" : 1004,
               "detectedTime" : 332.44999999999999,
               "entityID" : 13142,
               "height" : 4927.7799070000001,
               "lla" : [ 122.65037100000001, -28.507330110000002, 45461.472070000003 ],
               "radarID" : 13142,
               "targetType" : 3,
               "trueID" : 799,
               "velocity" : [ 115.9463504, -89.365944619999993, 261.8590686 ]
            }
         ]
      }
   ],
   "terminator" : 0
}
