{
   "data" : [
      {
         "radarID" : 13065,
         "tracks" : [
            {
               "detectedID" : 1006,
               "detectedTime" : 1319.3,
               "entityID" : 13065,
               "height" : 5603.4605760000004,
               "lla" : [ 120.7436519, -27.236278280000001, -157521.0202 ],
               "radarID" : 13065,
               "targetType" : 3,
               "trueID" : 811,
               "velocity" : [ 269.06687460000001, 105.0863409, 80.993073359999997 ]
            }
         ]
      }
   ],
   "terminator" : 0
}
