{
   "data" : [
      {
         "radarID" : 13135,
         "tracks" : [
            {
               "detectedID" : 1002,
               "detectedTime" : 332.5,
               "entityID" : 13135,
               "height" : 4191.8275780000004,
               "lla" : [ 122.9889324, -28.727653329999999, 61134.81798 ],
               "radarID" : 13135,
               "targetType" : 3,
               "trueID" : 793,
               "velocity" : [ -143.37422359999999, -199.37955260000001, 172.3125823 ]
            }
         ]
      },
      {
         "radarID" : 13142,
         "tracks" : [
            {
               "detectedID" : 1002,
               "detectedTime" : 332.5,
               "entityID" : 13142,
               "height" : 4959.0463419999996,
               "lla" : [ 122.9888716, -28.72759447, 61909.835339999998 ],
               "radarID" : 13142,
               "targetType" : 3,
               "trueID" : 793,
               "velocity" : [ -143.37422359999999, -199.37955260000001, 172.3125823 ]
            }
         ]
      }
   ],
   "terminator" : 0
}
