{
   "data" : [
      {
         "radarID" : 12995,
         "tracks" : [
            {
               "detectedID" : 1004,
               "detectedTime" : 1325.8499999999999,
               "entityID" : 12995,
               "height" : 5448.2027660000003,
               "lla" : [ 120.1609642, -26.833366479999999, -92946.311740000005 ],
               "radarID" : 12995,
               "targetType" : 3,
               "trueID" : 799,
               "velocity" : [ 263.02779199999998, 143.5140146, 14.83604534 ]
            }
         ]
      }
   ],
   "terminator" : 0
}
