{
   "data" : [
      {
         "radarID" : 13037,
         "tracks" : [
            {
               "detectedID" : 1002,
               "detectedTime" : 43.850000000000001,
               "entityID" : 13037,
               "height" : 1163.4187380000001,
               "lla" : [ 122.322956, -28.291806959999999, 61167.030989999999 ],
               "radarID" : 13037,
               "targetType" : 3,
               "trueID" : 793,
               "velocity" : [ -145.3159421, -196.32287579999999, 174.18554879999999 ]
            }
         ]
      }
   ],
   "terminator" : 0
}
