{
   "data" : [
      {
         "radarID" : 12995,
         "tracks" : [
            {
               "detectedID" : 1006,
               "detectedTime" : 1327.0,
               "entityID" : 12995,
               "height" : 5591.3442880000002,
               "lla" : [ 120.7209361, -27.220766510000001, -158797.109 ],
               "radarID" : 12995,
               "targetType" : 3,
               "trueID" : 811,
               "velocity" : [ 269.11476809999999, 105.0054719, 80.938819190000004 ]
            }
         ]
      },
      {
         "radarID" : 13009,
         "tracks" : [
            {
               "detectedID" : 1005,
               "detectedTime" : 1327.0,
               "entityID" : 13009,
               "height" : 929.27815320000002,
               "lla" : [ 120.37228949999999, -26.980985799999999, -151351.29800000001 ],
               "radarID" : 13009,
               "targetType" : 3,
               "trueID" : 805,
               "velocity" : [ 268.38305639999999, 125.0535971, 48.292162130000001 ]
            }
         ]
      }
   ],
   "terminator" : 0
}
