{
   "data" : [
      {
         "radarID" : 13037,
         "tracks" : [
            {
               "detectedID" : 1002,
               "detectedTime" : 1329.0999999999999,
               "entityID" : 13037,
               "height" : 2047.954174,
               "lla" : [ 120.6662566, -27.182462220000001, -125624.9339 ],
               "radarID" : 13037,
               "targetType" : 3,
               "trueID" : 793,
               "velocity" : [ 254.6936335, 53.480180259999997, 149.23479270000001 ]
            }
         ]
      },
      {
         "radarID" : 13079,
         "tracks" : [
            {
               "detectedID" : 1001,
               "detectedTime" : 1329.0999999999999,
               "entityID" : 13079,
               "height" : 5372.0936410000004,
               "lla" : [ 120.2999327, -26.93176236, -179934.3284 ],
               "radarID" : 13079,
               "targetType" : 3,
               "trueID" : 817,
               "velocity" : [ 269.72286910000003, 99.598164929999996, 85.614131060000005 ]
            }
         ]
      },
      {
         "radarID" : 13086,
         "tracks" : [
            {
               "detectedID" : 1001,
               "detectedTime" : 1329.0999999999999,
               "entityID" : 13086,
               "height" : 5378.0427309999995,
               "lla" : [ 120.2998559, -26.931709569999999, -179943.40719999999 ],
               "radarID" : 13086,
               "targetType" : 3,
               "trueID" : 817,
               "velocity" : [ 269.72286910000003, 99.598164929999996, 85.614131060000005 ]
            }
         ]
      },
      {
         "radarID" : 13135,
         "tracks" : [
            {
               "detectedID" : 1004,
               "detectedTime" : 1329.0999999999999,
               "entityID" : 13135,
               "height" : 701.95312679999995,
               "lla" : [ 120.1501825, -26.826022210000001, -98121.764479999998 ],
               "radarID" : 13135,
               "targetType" : 3,
               "trueID" : 799,
               "velocity" : [ 263.04800260000002, 143.4792276, 14.81416729 ]
            }
         ]
      }
   ],
   "terminator" : 0
}
