{
   "data" : [
      {
         "radarID" : 13030,
         "tracks" : [
            {
               "detectedID" : 1001,
               "detectedTime" : 1329.2,
               "entityID" : 13030,
               "height" : 4831.550596,
               "lla" : [ 120.2995214, -26.931492559999999, -180491.6416 ],
               "radarID" : 13030,
               "targetType" : 3,
               "trueID" : 817,
               "velocity" : [ 269.72348260000001, 99.597110799999996, 85.613424530000003 ]
            }
         ]
      },
      {
         "radarID" : 13037,
         "tracks" : [
            {
               "detectedID" : 1001,
               "detectedTime" : 1329.2,
               "entityID" : 13037,
               "height" : 4809.3785699999999,
               "lla" : [ 120.2995411, -26.931506939999998, -180521.5007 ],
               "radarID" : 13037,
               "targetType" : 3,
               "trueID" : 817,
               "velocity" : [ 269.72348260000001, 99.597110799999996, 85.613424530000003 ]
            }
         ]
      },
      {
         "radarID" : 13044,
         "tracks" : [
            {
               "detectedID" : 1001,
               "detectedTime" : 1329.2,
               "entityID" : 13044,
               "height" : 4854.0680050000001,
               "lla" : [ 120.2995134, -26.931487059999998, -180493.83660000001 ],
               "radarID" : 13044,
               "targetType" : 3,
               "trueID" : 817,
               "velocity" : [ 269.72348260000001, 99.597110799999996, 85.613424530000003 ]
            }
         ]
      }
   ],
   "terminator" : 0
}
