{
   "data" : [
      {
         "radarID" : 13065,
         "tracks" : [
            {
               "detectedID" : 1006,
               "detectedTime" : 1329.25,
               "entityID" : 13065,
               "height" : 5596.9721040000004,
               "lla" : [ 120.7143538, -27.216269860000001, -159154.6949 ],
               "radarID" : 13065,
               "targetType" : 3,
               "trueID" : 811,
               "velocity" : [ 269.12875630000002, 104.98183880000001, 80.922963690000003 ]
            }
         ]
      }
   ],
   "terminator" : 0
}
