{
   "data" : [
      {
         "radarID" : 13135,
         "tracks" : [
            {
               "detectedID" : 1002,
               "detectedTime" : 1330.0,
               "entityID" : 13135,
               "height" : 2298.5658370000001,
               "lla" : [ 120.6645307, -27.18127702, -125533.179 ],
               "radarID" : 13135,
               "targetType" : 3,
               "trueID" : 793,
               "velocity" : [ 254.69927989999999, 53.470656910000002, 149.22856849999999 ]
            },
            {
               "detectedID" : 1006,
               "detectedTime" : 1330.0,
               "entityID" : 13135,
               "height" : 4568.9387470000001,
               "lla" : [ 120.71218279999999, -27.214813849999999, -160323.89799999999 ],
               "radarID" : 13135,
               "targetType" : 3,
               "trueID" : 811,
               "velocity" : [ 269.13341839999998, 104.9739608, 80.917678319999993 ]
            }
         ]
      },
      {
         "radarID" : 13142,
         "tracks" : [
            {
               "detectedID" : 1006,
               "detectedTime" : 1330.0,
               "entityID" : 13142,
               "height" : 5605.1779349999997,
               "lla" : [ 120.7120939, -27.21472619, -159289.19810000001 ],
               "radarID" : 13142,
               "targetType" : 3,
               "trueID" : 811,
               "velocity" : [ 269.13341839999998, 104.9739608, 80.917678319999993 ]
            }
         ]
      }
   ],
   "terminator" : 0
}
