{
   "data" : [
      {
         "radarID" : 13093,
         "tracks" : [
            {
               "detectedID" : 1003,
               "detectedTime" : 1330.4000000000001,
               "entityID" : 13093,
               "height" : 82.098679160000003,
               "lla" : [ 120.13849449999999, -26.819571270000001, -163242.69690000001 ],
               "radarID" : 13093,
               "targetType" : 3,
               "trueID" : 781,
               "velocity" : [ 249.1087665, 37.668233880000003, 162.8678195 ]
            }
         ]
      }
   ],
   "terminator" : 0
}
