{
   "data" : [
      {
         "radarID" : 12924,
         "tracks" : [
            {
               "detectedID" : 1006,
               "detectedTime" : 1335.2,
               "entityID" : 12924,
               "height" : 3449.6868760000002,
               "lla" : [ 120.6966137, -27.204201390000001, -162196.5092 ],
               "radarID" : 12924,
               "targetType" : 3,
               "trueID" : 811,
               "velocity" : [ 269.1657328, 104.91933659999999, 80.881030319999994 ]
            }
         ]
      }
   ],
   "terminator" : 0
}
