{
   "data" : [
      {
         "radarID" : 13002,
         "tracks" : [
            {
               "detectedID" : 1005,
               "detectedTime" : 1336.6500000000001,
               "entityID" : 13002,
               "height" : 978.83144900000002,
               "lla" : [ 120.3430907, -26.96086923, -152689.04800000001 ],
               "radarID" : 13002,
               "targetType" : 3,
               "trueID" : 805,
               "velocity" : [ 268.4426813, 124.95148020000001, 48.22503983 ]
            }
         ]
      }
   ],
   "terminator" : 0
}
