{
   "data" : [
      {
         "radarID" : 13002,
         "tracks" : [
            {
               "detectedID" : 1001,
               "detectedTime" : 1337.45,
               "entityID" : 13002,
               "height" : 829.42440920000001,
               "lla" : [ 120.273623, -26.91372763, -185790.24429999999 ],
               "radarID" : 13002,
               "targetType" : 3,
               "trueID" : 817,
               "velocity" : [ 269.77407649999998, 99.510137510000007, 85.555129359999995 ]
            }
         ]
      }
   ],
   "terminator" : 0
}
