{
   "data" : [
      {
         "radarID" : 13051,
         "tracks" : [
            {
               "detectedID" : 1004,
               "detectedTime" : 1337.5,
               "entityID" : 13051,
               "height" : 1299.4924639999999,
               "lla" : [ 120.1240513, -26.807909909999999, -98532.2166 ],
               "radarID" : 13051,
               "targetType" : 3,
               "trueID" : 799,
               "velocity" : [ 263.10021110000002, 143.3893008, 14.75761908 ]
            }
         ]
      },
      {
         "radarID" : 13058,
         "tracks" : [
            {
               "detectedID" : 1004,
               "detectedTime" : 1337.5,
               "entityID" : 13058,
               "height" : 5002.4835599999997,
               "lla" : [ 120.1252794, -26.80866928, -94845.913639999999 ],
               "radarID" : 13058,
               "targetType" : 3,
               "trueID" : 799,
               "velocity" : [ 263.10021110000002, 143.3893008, 14.75761908 ]
            }
         ]
      }
   ],
   "terminator" : 0
}
