{
   "data" : [
      {
         "radarID" : 13065,
         "tracks" : [
            {
               "detectedID" : 1005,
               "detectedTime" : 1338.6500000000001,
               "entityID" : 13065,
               "height" : 5316.0189620000001,
               "lla" : [ 120.33846819999999, -26.957576799999998, -148745.5263 ],
               "radarID" : 13065,
               "targetType" : 3,
               "trueID" : 805,
               "velocity" : [ 268.45503189999999, 124.9303129, 48.211127220000002 ]
            }
         ]
      }
   ],
   "terminator" : 0
}
