{
   "data" : [
      {
         "radarID" : 13065,
         "tracks" : [
            {
               "detectedID" : 1001,
               "detectedTime" : 1338.95,
               "entityID" : 13065,
               "height" : 5367.1808769999998,
               "lla" : [ 120.27108200000001, -26.911861399999999, -181571.83730000001 ],
               "radarID" : 13065,
               "targetType" : 3,
               "trueID" : 817,
               "velocity" : [ 269.78327109999998, 99.494322580000002, 85.544528850000006 ]
            }
         ]
      },
      {
         "radarID" : 13079,
         "tracks" : [
            {
               "detectedID" : 1002,
               "detectedTime" : 1338.95,
               "entityID" : 13079,
               "height" : 5003.481581,
               "lla" : [ 120.64182940000001, -27.16568917, -124538.944 ],
               "radarID" : 13079,
               "targetType" : 3,
               "trueID" : 793,
               "velocity" : [ 254.75540520000001, 53.375947400000001, 149.1666577 ]
            }
         ]
      },
      {
         "radarID" : 13086,
         "tracks" : [
            {
               "detectedID" : 1002,
               "detectedTime" : 1338.95,
               "entityID" : 13086,
               "height" : 5003.5973649999996,
               "lla" : [ 120.6418286, -27.165688660000001, -124538.98239999999 ],
               "radarID" : 13086,
               "targetType" : 3,
               "trueID" : 793,
               "velocity" : [ 254.75540520000001, 53.375947400000001, 149.1666577 ]
            }
         ]
      }
   ],
   "terminator" : 0
}
