{
   "data" : [
      {
         "radarID" : 13114,
         "tracks" : [
            {
               "detectedID" : 1003,
               "detectedTime" : 1340.5,
               "entityID" : 13114,
               "height" : 147.91995019999999,
               "lla" : [ 120.11405860000001, -26.802668350000001, -165145.7697 ],
               "radarID" : 13114,
               "targetType" : 3,
               "trueID" : 781,
               "velocity" : [ 249.17103109999999, 37.560949649999998, 162.79733519999999 ]
            }
         ]
      }
   ],
   "terminator" : 0
}
