{
   "data" : [
      {
         "radarID" : 13114,
         "tracks" : [
            {
               "detectedID" : 1002,
               "detectedTime" : 1342.1500000000001,
               "entityID" : 13114,
               "height" : 341.19520749999998,
               "lla" : [ 120.63586669999999, -27.161731060000001, -129650.4881 ],
               "radarID" : 13114,
               "targetType" : 3,
               "trueID" : 793,
               "velocity" : [ 254.77546140000001, 53.342082560000001, 149.14451550000001 ]
            }
         ]
      }
   ],
   "terminator" : 0
}
