{
   "data" : [
      {
         "radarID" : 12910,
         "tracks" : [
            {
               "detectedID" : 1001,
               "detectedTime" : 1346.0999999999999,
               "entityID" : 12910,
               "height" : 2454.9895510000001,
               "lla" : [ 120.2492941, -26.89689525, -185571.6568 ],
               "radarID" : 12910,
               "targetType" : 3,
               "trueID" : 817,
               "velocity" : [ 269.82708000000002, 99.418931349999994, 85.493993869999997 ]
            }
         ]
      }
   ],
   "terminator" : 0
}
