{
   "data" : [
      {
         "radarID" : 12938,
         "tracks" : [
            {
               "detectedID" : 1006,
               "detectedTime" : 1347.0999999999999,
               "entityID" : 12938,
               "height" : 5588.8990050000002,
               "lla" : [ 120.66156359999999, -27.180184730000001, -162110.29680000001 ],
               "radarID" : 12938,
               "targetType" : 3,
               "trueID" : 811,
               "velocity" : [ 269.23962280000001, 104.79430790000001, 80.797144520000003 ]
            }
         ]
      },
      {
         "radarID" : 13016,
         "tracks" : [
            {
               "detectedID" : 1005,
               "detectedTime" : 1347.0999999999999,
               "entityID" : 13016,
               "height" : 1051.3419590000001,
               "lla" : [ 120.31123119999999, -26.93890506, -154170.06589999999 ],
               "radarID" : 13016,
               "targetType" : 3,
               "trueID" : 805,
               "velocity" : [ 268.50718699999999, 124.8408688, 48.152341700000001 ]
            }
         ]
      }
   ],
   "terminator" : 0
}
