{
   "data" : [
      {
         "radarID" : 12995,
         "tracks" : [
            {
               "detectedID" : 1001,
               "detectedTime" : 1347.3499999999999,
               "entityID" : 12995,
               "height" : 5361.8590219999996,
               "lla" : [ 120.24637420000001, -26.89480803, -182977.44949999999 ],
               "radarID" : 12995,
               "targetType" : 3,
               "trueID" : 817,
               "velocity" : [ 269.83473579999998, 99.405749920000005, 85.485158089999999 ]
            }
         ]
      },
      {
         "radarID" : 13086,
         "tracks" : [
            {
               "detectedID" : 1004,
               "detectedTime" : 1347.3499999999999,
               "entityID" : 13086,
               "height" : 5000.4510790000004,
               "lla" : [ 120.0952654, -26.787872369999999, -96081.953020000001 ],
               "radarID" : 13086,
               "targetType" : 3,
               "trueID" : 799,
               "velocity" : [ 263.16138009999997, 143.2838217, 14.69130616 ]
            }
         ]
      }
   ],
   "terminator" : 0
}
