{
   "data" : [
      {
         "radarID" : 13051,
         "tracks" : [
            {
               "detectedID" : 1004,
               "detectedTime" : 1347.5,
               "entityID" : 13051,
               "height" : 1360.607581,
               "lla" : [ 120.09348559999999, -26.786728419999999, -99728.855909999998 ],
               "radarID" : 13051,
               "targetType" : 3,
               "trueID" : 799,
               "velocity" : [ 263.16231110000001, 143.2822152, 14.690296289999999 ]
            }
         ]
      },
      {
         "radarID" : 13058,
         "tracks" : [
            {
               "detectedID" : 1004,
               "detectedTime" : 1347.5,
               "entityID" : 13058,
               "height" : 5000.7675179999997,
               "lla" : [ 120.09480360000001, -26.787552309999999, -96100.667740000004 ],
               "radarID" : 13058,
               "targetType" : 3,
               "trueID" : 799,
               "velocity" : [ 263.16231110000001, 143.2822152, 14.690296289999999 ]
            }
         ]
      }
   ],
   "terminator" : 0
}
