{
   "data" : [
      {
         "radarID" : 13093,
         "tracks" : [
            {
               "detectedID" : 1001,
               "detectedTime" : 1350.3,
               "entityID" : 13093,
               "height" : 576.4719523,
               "lla" : [ 120.23814539999999, -26.88924939, -188196.1887 ],
               "radarID" : 13093,
               "targetType" : 3,
               "trueID" : 817,
               "velocity" : [ 269.85279969999999, 99.374640389999996, 85.464304459999994 ]
            }
         ]
      },
      {
         "radarID" : 13107,
         "tracks" : [
            {
               "detectedID" : 1003,
               "detectedTime" : 1350.3,
               "entityID" : 13107,
               "height" : 981.61797630000001,
               "lla" : [ 120.0902932, -26.786200940000001, -166239.39929999999 ],
               "radarID" : 13107,
               "targetType" : 3,
               "trueID" : 781,
               "velocity" : [ 249.2313924, 37.456844240000002, 162.7289092 ]
            }
         ]
      }
   ],
   "terminator" : 0
}
