{
   "data" : [
      {
         "radarID" : 12995,
         "tracks" : [
            {
               "detectedID" : 1006,
               "detectedTime" : 1357.0999999999999,
               "entityID" : 12995,
               "height" : 5568.2216310000003,
               "lla" : [ 120.63211010000001, -27.160033080000002, -163771.85990000001 ],
               "radarID" : 12995,
               "targetType" : 3,
               "trueID" : 811,
               "velocity" : [ 269.30165010000002, 104.6892165, 80.726632620000004 ]
            }
         ]
      },
      {
         "radarID" : 13016,
         "tracks" : [
            {
               "detectedID" : 1005,
               "detectedTime" : 1357.0999999999999,
               "entityID" : 13016,
               "height" : 1101.117293,
               "lla" : [ 120.2808261, -26.917928799999999, -155581.86230000001 ],
               "radarID" : 13016,
               "targetType" : 3,
               "trueID" : 805,
               "velocity" : [ 268.56885440000002, 124.7349924, 48.08276317 ]
            }
         ]
      }
   ],
   "terminator" : 0
}
