{
   "data" : [
      {
         "radarID" : 12995,
         "tracks" : [
            {
               "detectedID" : 1001,
               "detectedTime" : 1357.4000000000001,
               "entityID" : 12995,
               "height" : 5364.0474759999997,
               "lla" : [ 120.21687919999999, -26.874437749999998, -184645.70550000001 ],
               "radarID" : 12995,
               "targetType" : 3,
               "trueID" : 817,
               "velocity" : [ 269.89625439999998, 99.299758819999994, 85.414107610000002 ]
            }
         ]
      }
   ],
   "terminator" : 0
}
