{
   "data" : [
      {
         "radarID" : 13016,
         "tracks" : [
            {
               "detectedID" : 1006,
               "detectedTime" : 1357.8499999999999,
               "entityID" : 13016,
               "height" : 542.5352153,
               "lla" : [ 120.62769950000001, -27.157140439999999, -168888.77970000001 ],
               "radarID" : 13016,
               "targetType" : 3,
               "trueID" : 811,
               "velocity" : [ 269.30629970000001, 104.6813337, 80.721343500000003 ]
            },
            {
               "detectedID" : 1001,
               "detectedTime" : 1357.8499999999999,
               "entityID" : 13016,
               "height" : 1206.618514,
               "lla" : [ 120.2140303, -26.872573540000001, -188823.6819 ],
               "radarID" : 13016,
               "targetType" : 3,
               "trueID" : 817,
               "velocity" : [ 269.89900749999998, 99.29501243, 85.410925789999993 ]
            }
         ]
      }
   ],
   "terminator" : 0
}
