{
   "data" : [
      {
         "radarID" : 13030,
         "tracks" : [
            {
               "detectedID" : 1004,
               "detectedTime" : 1358.05,
               "entityID" : 13030,
               "height" : 1777.21453,
               "lla" : [ 120.0614128, -26.764478780000001, -100658.1528 ],
               "radarID" : 13030,
               "targetType" : 3,
               "trueID" : 799,
               "velocity" : [ 263.22776429999999, 143.1692046, 14.619266550000001 ]
            }
         ]
      },
      {
         "radarID" : 13044,
         "tracks" : [
            {
               "detectedID" : 1004,
               "detectedTime" : 1358.05,
               "entityID" : 13044,
               "height" : 1766.2220030000001,
               "lla" : [ 120.06150839999999, -26.764545330000001, -100662.15519999999 ],
               "radarID" : 13044,
               "targetType" : 3,
               "trueID" : 799,
               "velocity" : [ 263.22776429999999, 143.1692046, 14.619266550000001 ]
            }
         ]
      }
   ],
   "terminator" : 0
}
