{
   "data" : [
      {
         "radarID" : 13072,
         "tracks" : [
            {
               "detectedID" : 1001,
               "detectedTime" : 1358.8,
               "entityID" : 13072,
               "height" : 5356.8337739999997,
               "lla" : [ 120.2127519, -26.871586529999998, -184888.95110000001 ],
               "radarID" : 13072,
               "targetType" : 3,
               "trueID" : 817,
               "velocity" : [ 269.90481929999999, 99.28499214, 85.404208510000004 ]
            }
         ]
      },
      {
         "radarID" : 13079,
         "tracks" : [
            {
               "detectedID" : 1005,
               "detectedTime" : 1358.8,
               "entityID" : 13079,
               "height" : 5309.4411469999995,
               "lla" : [ 120.2771874, -26.91531359, -151696.69209999999 ],
               "radarID" : 13079,
               "targetType" : 3,
               "trueID" : 805,
               "velocity" : [ 268.57933200000002, 124.7169906, 48.070933750000002 ]
            }
         ]
      },
      {
         "radarID" : 13086,
         "tracks" : [
            {
               "detectedID" : 1005,
               "detectedTime" : 1358.8,
               "entityID" : 13086,
               "height" : 5310.0972670000001,
               "lla" : [ 120.2771675, -26.915299879999999, -151698.40549999999 ],
               "radarID" : 13086,
               "targetType" : 3,
               "trueID" : 805,
               "velocity" : [ 268.57933200000002, 124.7169906, 48.070933750000002 ]
            }
         ]
      }
   ],
   "terminator" : 0
}
