{
   "data" : [
      {
         "radarID" : 13023,
         "tracks" : [
            {
               "detectedID" : 1005,
               "detectedTime" : 1359.5999999999999,
               "entityID" : 13023,
               "height" : 5315.3309520000003,
               "lla" : [ 120.27474530000001, -26.91362861, -151833.60550000001 ],
               "radarID" : 13023,
               "targetType" : 3,
               "trueID" : 805,
               "velocity" : [ 268.58426200000002, 124.708519, 48.065366859999997 ]
            }
         ]
      }
   ],
   "terminator" : 0
}
