{
   "data" : [
      {
         "radarID" : 12995,
         "tracks" : [
            {
               "detectedID" : 1002,
               "detectedTime" : 1366.0999999999999,
               "entityID" : 12995,
               "height" : 5021.5130799999997,
               "lla" : [ 120.57295259999999, -27.11855525, -129706.75199999999 ],
               "radarID" : 12995,
               "targetType" : 3,
               "trueID" : 793,
               "velocity" : [ 254.92538579999999, 53.08858815, 148.97868800000001 ]
            }
         ]
      }
   ],
   "terminator" : 0
}
