{
   "data" : [
      {
         "radarID" : 13142,
         "tracks" : [
            {
               "detectedID" : 1001,
               "detectedTime" : 1369.7,
               "entityID" : 13142,
               "height" : 5361.6989880000001,
               "lla" : [ 120.180786, -26.84949284, -186710.18719999999 ],
               "radarID" : 13142,
               "targetType" : 3,
               "trueID" : 817,
               "velocity" : [ 269.9714639, 99.170008379999999, 85.327124220000002 ]
            }
         ]
      }
   ],
   "terminator" : 0
}
