{
   "data" : [
      {
         "radarID" : 12938,
         "tracks" : [
            {
               "detectedID" : 1005,
               "detectedTime" : 1376.8499999999999,
               "entityID" : 12938,
               "height" : 5304.7481399999997,
               "lla" : [ 120.2221874, -26.877332089999999, -154336.00529999999 ],
               "radarID" : 12938,
               "targetType" : 3,
               "trueID" : 805,
               "velocity" : [ 268.6904735, 124.5258058, 47.94531413 ]
            }
         ]
      },
      {
         "radarID" : 12974,
         "tracks" : [
            {
               "detectedID" : 1005,
               "detectedTime" : 1376.8499999999999,
               "entityID" : 12974,
               "height" : 5294.6590649999998,
               "lla" : [ 120.22263340000001, -26.877640759999998, -154333.94349999999 ],
               "radarID" : 12974,
               "targetType" : 3,
               "trueID" : 805,
               "velocity" : [ 268.6904735, 124.5258058, 47.94531413 ]
            }
         ]
      }
   ],
   "terminator" : 0
}
