{
   "data" : [
      {
         "radarID" : 13079,
         "tracks" : [
            {
               "detectedID" : 1004,
               "detectedTime" : 343.39999999999998,
               "entityID" : 13079,
               "height" : 4930.5580609999997,
               "lla" : [ 122.64430160000001, -28.503406250000001, 43501.336790000001 ],
               "radarID" : 13079,
               "targetType" : 3,
               "trueID" : 799,
               "velocity" : [ 116.0204043, -89.481472819999993, 261.78680600000001 ]
            }
         ]
      },
      {
         "radarID" : 13086,
         "tracks" : [
            {
               "detectedID" : 1004,
               "detectedTime" : 343.39999999999998,
               "entityID" : 13086,
               "height" : 4926.6202860000003,
               "lla" : [ 122.6441971, -28.503338150000001, 43487.885020000002 ],
               "radarID" : 13086,
               "targetType" : 3,
               "trueID" : 799,
               "velocity" : [ 116.0204043, -89.481472819999993, 261.78680600000001 ]
            }
         ]
      }
   ],
   "terminator" : 0
}
