{
   "data" : [
      {
         "radarID" : 13072,
         "tracks" : [
            {
               "detectedID" : 1001,
               "detectedTime" : 1378.8,
               "entityID" : 13072,
               "height" : 5346.0578939999996,
               "lla" : [ 120.1540873, -26.831027039999999, -188215.7787 ],
               "radarID" : 13072,
               "targetType" : 3,
               "trueID" : 817,
               "velocity" : [ 270.02704870000002, 99.073992939999997, 85.262752199999994 ]
            }
         ]
      }
   ],
   "terminator" : 0
}
