{
   "data" : [
      {
         "radarID" : 13030,
         "tracks" : [
            {
               "detectedID" : 1006,
               "detectedTime" : 1379.3499999999999,
               "entityID" : 13030,
               "height" : 4270.8577850000001,
               "lla" : [ 120.56620909999999, -27.11492827, -168741.8689 ],
               "radarID" : 13030,
               "targetType" : 3,
               "trueID" : 811,
               "velocity" : [ 269.43944750000003, 104.4553058, 80.569679379999997 ]
            }
         ]
      },
      {
         "radarID" : 13037,
         "tracks" : [
            {
               "detectedID" : 1006,
               "detectedTime" : 1379.3499999999999,
               "entityID" : 13037,
               "height" : 4243.9682380000004,
               "lla" : [ 120.5661996, -27.114922140000001, -168758.97229999999 ],
               "radarID" : 13037,
               "targetType" : 3,
               "trueID" : 811,
               "velocity" : [ 269.43944750000003, 104.4553058, 80.569679379999997 ]
            }
         ]
      },
      {
         "radarID" : 13044,
         "tracks" : [
            {
               "detectedID" : 1006,
               "detectedTime" : 1379.3499999999999,
               "entityID" : 13044,
               "height" : 4293.4496630000003,
               "lla" : [ 120.56620119999999, -27.114921720000002, -168698.65830000001 ],
               "radarID" : 13044,
               "targetType" : 3,
               "trueID" : 811,
               "velocity" : [ 269.43944750000003, 104.4553058, 80.569679379999997 ]
            }
         ]
      }
   ],
   "terminator" : 0
}
