{
   "data" : [
      {
         "radarID" : 13107,
         "tracks" : [
            {
               "detectedID" : 1003,
               "detectedTime" : 1380.0,
               "entityID" : 13107,
               "height" : 1001.992563,
               "lla" : [ 120.01837570000001, -26.736377869999998, -172011.34599999999 ],
               "radarID" : 13107,
               "targetType" : 3,
               "trueID" : 781,
               "velocity" : [ 249.41399999999999, 37.141294129999999, 162.5213244 ]
            }
         ]
      }
   ],
   "terminator" : 0
}
