{
   "data" : [
      {
         "radarID" : 13016,
         "tracks" : [
            {
               "detectedID" : 1005,
               "detectedTime" : 1387.1500000000001,
               "entityID" : 13016,
               "height" : 1258.9908479999999,
               "lla" : [ 120.1895438, -26.854867179999999, -159806.97010000001 ],
               "radarID" : 13016,
               "targetType" : 3,
               "trueID" : 805,
               "velocity" : [ 268.75380840000003, 124.4166685, 47.87361533 ]
            }
         ]
      }
   ],
   "terminator" : 0
}
