{
   "data" : [
      {
         "radarID" : 12938,
         "tracks" : [
            {
               "detectedID" : 1005,
               "detectedTime" : 343.89999999999998,
               "entityID" : 12938,
               "height" : 5681.9354249999997,
               "lla" : [ 123.3468606, -28.960601100000002, 845.72503930000005 ],
               "radarID" : 12938,
               "targetType" : 3,
               "trueID" : 805,
               "velocity" : [ 262.02197799999999, 135.3187939, 55.075467060000001 ]
            }
         ]
      }
   ],
   "terminator" : 0
}
