{
   "data" : [
      {
         "radarID" : 13072,
         "tracks" : [
            {
               "detectedID" : 1005,
               "detectedTime" : 1388.2,
               "entityID" : 13072,
               "height" : 5296.133323,
               "lla" : [ 120.1878134, -26.853570619999999, -155992.07860000001 ],
               "radarID" : 13072,
               "targetType" : 3,
               "trueID" : 805,
               "velocity" : [ 268.76026139999999, 124.4055412, 47.866305599999997 ]
            }
         ]
      }
   ],
   "terminator" : 0
}
