{
   "data" : [
      {
         "radarID" : 13086,
         "tracks" : [
            {
               "detectedID" : 1001,
               "detectedTime" : 1389.0,
               "entityID" : 13086,
               "height" : 5342.6773899999998,
               "lla" : [ 120.1241471, -26.810306400000002, -189911.65729999999 ],
               "radarID" : 13086,
               "targetType" : 3,
               "trueID" : 817,
               "velocity" : [ 270.08929380000001, 98.966349820000005, 85.190580299999993 ]
            }
         ]
      }
   ],
   "terminator" : 0
}
