{
   "data" : [
      {
         "radarID" : 13058,
         "tracks" : [
            {
               "detectedID" : 1006,
               "detectedTime" : 1389.2,
               "entityID" : 13058,
               "height" : 5572.2535070000004,
               "lla" : [ 120.5373386, -27.095098539999999, -169045.0931 ],
               "radarID" : 13058,
               "targetType" : 3,
               "trueID" : 811,
               "velocity" : [ 269.50035589999999, 104.3517181, 80.500168430000002 ]
            }
         ]
      }
   ],
   "terminator" : 0
}
