{
   "data" : [
      {
         "radarID" : 13044,
         "tracks" : [
            {
               "detectedID" : 1006,
               "detectedTime" : 1389.3499999999999,
               "entityID" : 13044,
               "height" : 4366.9021780000003,
               "lla" : [ 120.5366801, -27.09467764, -170271.36379999999 ],
               "radarID" : 13044,
               "targetType" : 3,
               "trueID" : 811,
               "velocity" : [ 269.501283, 104.35014049999999, 80.499109759999996 ]
            }
         ]
      }
   ],
   "terminator" : 0
}
