{
   "data" : [
      {
         "radarID" : 13023,
         "tracks" : [
            {
               "detectedID" : 1005,
               "detectedTime" : 1389.55,
               "entityID" : 13023,
               "height" : 5299.2868509999998,
               "lla" : [ 120.1837228, -26.850741280000001, -156173.01519999999 ],
               "radarID" : 13023,
               "targetType" : 3,
               "trueID" : 805,
               "velocity" : [ 268.76855710000001, 124.39123429999999, 47.856907190000001 ]
            }
         ]
      }
   ],
   "terminator" : 0
}
