{
   "data" : [
      {
         "radarID" : 13072,
         "tracks" : [
            {
               "detectedID" : 1004,
               "detectedTime" : 1396.55,
               "entityID" : 13072,
               "height" : 5002.2853889999997,
               "lla" : [ 119.9447371, -26.683358699999999, -102258.0107 ],
               "radarID" : 13072,
               "targetType" : 3,
               "trueID" : 799,
               "velocity" : [ 263.4660801, 142.75648649999999, 14.360020540000001 ]
            }
         ]
      }
   ],
   "terminator" : 0
}
