{
   "data" : [
      {
         "radarID" : 12981,
         "tracks" : [
            {
               "detectedID" : 1002,
               "detectedTime" : 1396.95,
               "entityID" : 12981,
               "height" : 1314.2213730000001,
               "lla" : [ 120.4933844, -27.064104440000001, -139240.72010000001 ],
               "radarID" : 12981,
               "targetType" : 3,
               "trueID" : 793,
               "velocity" : [ 255.1180263, 52.761965580000002, 148.7648064 ]
            }
         ]
      }
   ],
   "terminator" : 0
}
