{
   "data" : [
      {
         "radarID" : 13079,
         "tracks" : [
            {
               "detectedID" : 1002,
               "detectedTime" : 1398.8499999999999,
               "entityID" : 13079,
               "height" : 5004.3192399999998,
               "lla" : [ 120.4898017, -27.061555800000001, -135976.5281 ],
               "radarID" : 13079,
               "targetType" : 3,
               "trueID" : 793,
               "velocity" : [ 255.12987319999999, 52.741845900000001, 148.75162349999999 ]
            }
         ]
      },
      {
         "radarID" : 13086,
         "tracks" : [
            {
               "detectedID" : 1002,
               "detectedTime" : 1398.8499999999999,
               "entityID" : 13086,
               "height" : 5004.7846980000004,
               "lla" : [ 120.4897873, -27.061545899999999, -135977.84080000001 ],
               "radarID" : 13086,
               "targetType" : 3,
               "trueID" : 793,
               "velocity" : [ 255.12987319999999, 52.741845900000001, 148.75162349999999 ]
            }
         ]
      },
      {
         "radarID" : 13135,
         "tracks" : [
            {
               "detectedID" : 1004,
               "detectedTime" : 1398.8499999999999,
               "entityID" : 13135,
               "height" : 910.04609210000001,
               "lla" : [ 119.93676139999999, -26.677913419999999, -106658.31 ],
               "radarID" : 13135,
               "targetType" : 3,
               "trueID" : 799,
               "velocity" : [ 263.48029029999998, 142.73181510000001, 14.34453113 ]
            }
         ]
      }
   ],
   "terminator" : 0
}
