{
   "data" : [
      {
         "radarID" : 13030,
         "tracks" : [
            {
               "detectedID" : 1002,
               "detectedTime" : 1399.05,
               "entityID" : 13030,
               "height" : 2581.2532369999999,
               "lla" : [ 120.4888107, -27.06093705, -138441.56789999999 ],
               "radarID" : 13030,
               "targetType" : 3,
               "trueID" : 793,
               "velocity" : [ 255.1311201, 52.739728020000001, 148.75023580000001 ]
            }
         ]
      },
      {
         "radarID" : 13037,
         "tracks" : [
            {
               "detectedID" : 1002,
               "detectedTime" : 1399.05,
               "entityID" : 13037,
               "height" : 2568.5680510000002,
               "lla" : [ 120.48879959999999, -27.060929600000001, -138450.67920000001 ],
               "radarID" : 13037,
               "targetType" : 3,
               "trueID" : 793,
               "velocity" : [ 255.1311201, 52.739728020000001, 148.75023580000001 ]
            }
         ]
      },
      {
         "radarID" : 13044,
         "tracks" : [
            {
               "detectedID" : 1002,
               "detectedTime" : 1399.05,
               "entityID" : 13044,
               "height" : 2593.3172920000002,
               "lla" : [ 120.48882690000001, -27.060947779999999, -138427.26360000001 ],
               "radarID" : 13044,
               "targetType" : 3,
               "trueID" : 793,
               "velocity" : [ 255.1311201, 52.739728020000001, 148.75023580000001 ]
            }
         ]
      }
   ],
   "terminator" : 0
}
