{
   "data" : [
      {
         "radarID" : 13107,
         "tracks" : [
            {
               "detectedID" : 1003,
               "detectedTime" : 1399.8499999999999,
               "entityID" : 13107,
               "height" : 997.18917160000001,
               "lla" : [ 119.970265, -26.70300318, -175885.26209999999 ],
               "radarID" : 13107,
               "targetType" : 3,
               "trueID" : 781,
               "velocity" : [ 249.535774, 36.930356930000002, 162.38240740000001 ]
            }
         ]
      },
      {
         "radarID" : 13135,
         "tracks" : [
            {
               "detectedID" : 1002,
               "detectedTime" : 1399.8499999999999,
               "entityID" : 13135,
               "height" : 2648.9131940000002,
               "lla" : [ 120.48718239999999, -27.059818499999999, -138516.69579999999 ],
               "radarID" : 13135,
               "targetType" : 3,
               "trueID" : 793,
               "velocity" : [ 255.13610750000001, 52.731256440000003, 148.74468469999999 ]
            }
         ]
      },
      {
         "radarID" : 13142,
         "tracks" : [
            {
               "detectedID" : 1006,
               "detectedTime" : 1399.8499999999999,
               "entityID" : 13142,
               "height" : 5572.5187059999998,
               "lla" : [ 120.5058458, -27.07348962, -170794.70610000001 ],
               "radarID" : 13142,
               "targetType" : 3,
               "trueID" : 811,
               "velocity" : [ 269.56614619999999, 104.23969219999999, 80.424992430000003 ]
            }
         ]
      }
   ],
   "terminator" : 0
}
