{
   "data" : [
      {
         "radarID" : 13093,
         "tracks" : [
            {
               "detectedID" : 1001,
               "detectedTime" : 1400.05,
               "entityID" : 13093,
               "height" : 618.47371929999997,
               "lla" : [ 120.0917477, -26.787989190000001, -196423.32689999999 ],
               "radarID" : 13093,
               "targetType" : 3,
               "trueID" : 817,
               "velocity" : [ 270.15665610000002, 98.849710900000005, 85.112371859999996 ]
            }
         ]
      }
   ],
   "terminator" : 0
}
