{
   "data" : [
      {
         "radarID" : 13058,
         "tracks" : [
            {
               "detectedID" : 1005,
               "detectedTime" : 1408.7,
               "entityID" : 13058,
               "height" : 5291.8383119999999,
               "lla" : [ 120.1254438, -26.810409669999999, -158984.86850000001 ],
               "radarID" : 13058,
               "targetType" : 3,
               "trueID" : 805,
               "velocity" : [ 268.88611639999999, 124.1882339, 47.723568180000001 ]
            }
         ]
      },
      {
         "radarID" : 13079,
         "tracks" : [
            {
               "detectedID" : 1005,
               "detectedTime" : 1408.7,
               "entityID" : 13079,
               "height" : 5291.6286270000001,
               "lla" : [ 120.12543049999999, -26.810400449999999, -158985.76430000001 ],
               "radarID" : 13079,
               "targetType" : 3,
               "trueID" : 805,
               "velocity" : [ 268.88611639999999, 124.1882339, 47.723568180000001 ]
            }
         ]
      },
      {
         "radarID" : 13086,
         "tracks" : [
            {
               "detectedID" : 1005,
               "detectedTime" : 1408.7,
               "entityID" : 13086,
               "height" : 5290.7263380000004,
               "lla" : [ 120.1254527, -26.810415819999999, -158984.19990000001 ],
               "radarID" : 13086,
               "targetType" : 3,
               "trueID" : 805,
               "velocity" : [ 268.88611639999999, 124.1882339, 47.723568180000001 ]
            }
         ]
      }
   ],
   "terminator" : 0
}
