{
   "data" : [
      {
         "radarID" : 13114,
         "tracks" : [
            {
               "detectedID" : 1002,
               "detectedTime" : 1411.7,
               "entityID" : 13114,
               "height" : 225.84034220000001,
               "lla" : [ 120.4594807, -27.040867280000001, -143067.1716 ],
               "radarID" : 13114,
               "targetType" : 3,
               "trueID" : 793,
               "velocity" : [ 255.20994160000001, 52.605762640000002, 148.66243449999999 ]
            }
         ]
      }
   ],
   "terminator" : 0
}
