{
   "data" : [
      {
         "radarID" : 13093,
         "tracks" : [
            {
               "detectedID" : 1004,
               "detectedTime" : 1415.25,
               "entityID" : 13093,
               "height" : 598.44283910000001,
               "lla" : [ 119.88723109999999, -26.643444559999999, -108841.9063 ],
               "radarID" : 13093,
               "targetType" : 3,
               "trueID" : 799,
               "velocity" : [ 263.58152810000001, 142.5558455, 14.23407796 ]
            }
         ]
      }
   ],
   "terminator" : 0
}
