{
   "data" : [
      {
         "radarID" : 12995,
         "tracks" : [
            {
               "detectedID" : 1001,
               "detectedTime" : 1417.5,
               "entityID" : 12995,
               "height" : 5506.2085589999997,
               "lla" : [ 120.0403767, -26.752252989999999, -194483.29319999999 ],
               "radarID" : 12995,
               "targetType" : 3,
               "trueID" : 817,
               "velocity" : [ 270.26288520000003, 98.665462419999997, 84.988819199999995 ]
            }
         ]
      },
      {
         "radarID" : 13051,
         "tracks" : [
            {
               "detectedID" : 1004,
               "detectedTime" : 1417.5,
               "entityID" : 13051,
               "height" : 1827.728486,
               "lla" : [ 119.8795602, -26.638074280000001, -108038.7071 ],
               "radarID" : 13051,
               "targetType" : 3,
               "trueID" : 799,
               "velocity" : [ 263.59540550000003, 142.5316962, 14.218923330000001 ]
            }
         ]
      },
      {
         "radarID" : 13058,
         "tracks" : [
            {
               "detectedID" : 1004,
               "detectedTime" : 1417.5,
               "entityID" : 13058,
               "height" : 5002.3968180000002,
               "lla" : [ 119.880629, -26.638740599999998, -104882.3226 ],
               "radarID" : 13058,
               "targetType" : 3,
               "trueID" : 799,
               "velocity" : [ 263.59540550000003, 142.5316962, 14.218923330000001 ]
            }
         ]
      }
   ],
   "terminator" : 0
}
