{
   "data" : [
      {
         "radarID" : 13079,
         "tracks" : [
            {
               "detectedID" : 1005,
               "detectedTime" : 1418.7,
               "entityID" : 13079,
               "height" : 5288.5832300000002,
               "lla" : [ 120.09499820000001, -26.789318720000001, -160444.6588 ],
               "radarID" : 13079,
               "targetType" : 3,
               "trueID" : 805,
               "velocity" : [ 268.94741870000001, 124.0821885, 47.65392396 ]
            }
         ]
      },
      {
         "radarID" : 13086,
         "tracks" : [
            {
               "detectedID" : 1005,
               "detectedTime" : 1418.7,
               "entityID" : 13086,
               "height" : 5284.1163310000002,
               "lla" : [ 120.0951153, -26.78939982, -160436.18719999999 ],
               "radarID" : 13086,
               "targetType" : 3,
               "trueID" : 805,
               "velocity" : [ 268.94741870000001, 124.0821885, 47.65392396 ]
            }
         ]
      }
   ],
   "terminator" : 0
}
