{
   "data" : [
      {
         "radarID" : 13023,
         "tracks" : [
            {
               "detectedID" : 1002,
               "detectedTime" : 1419.7,
               "entityID" : 13023,
               "height" : 5010.1038310000004,
               "lla" : [ 120.43683350000001, -27.025190460000001, -139972.01190000001 ],
               "radarID" : 13023,
               "targetType" : 3,
               "trueID" : 793,
               "velocity" : [ 255.25974260000001, 52.521032120000001, 148.6068807 ]
            }
         ]
      },
      {
         "radarID" : 13107,
         "tracks" : [
            {
               "detectedID" : 1003,
               "detectedTime" : 1419.7,
               "entityID" : 13107,
               "height" : 982.15101649999997,
               "lla" : [ 119.9221256, -26.669572720000001, -179768.1606 ],
               "radarID" : 13107,
               "targetType" : 3,
               "trueID" : 781,
               "velocity" : [ 249.65733019999999, 36.719388410000001, 162.243348 ]
            }
         ]
      }
   ],
   "terminator" : 0
}
