{
   "data" : [
      {
         "radarID" : 13072,
         "tracks" : [
            {
               "detectedID" : 1004,
               "detectedTime" : 1426.6500000000001,
               "entityID" : 13072,
               "height" : 5001.7887730000002,
               "lla" : [ 119.85269820000001, -26.619281239999999, -106025.3885 ],
               "radarID" : 13072,
               "targetType" : 3,
               "trueID" : 799,
               "velocity" : [ 263.65181089999999, 142.43347109999999, 14.15729185 ]
            }
         ]
      }
   ],
   "terminator" : 0
}
