{
   "data" : [
      {
         "radarID" : 12931,
         "tracks" : [
            {
               "detectedID" : 1002,
               "detectedTime" : 1426.75,
               "entityID" : 12931,
               "height" : 5007.1287519999996,
               "lla" : [ 120.41878010000001, -27.012785090000001, -141301.55799999999 ],
               "radarID" : 12931,
               "targetType" : 3,
               "trueID" : 793,
               "velocity" : [ 255.30359970000001, 52.44635735, 148.5579065 ]
            }
         ]
      },
      {
         "radarID" : 12995,
         "tracks" : [
            {
               "detectedID" : 1005,
               "detectedTime" : 1426.75,
               "entityID" : 12995,
               "height" : 5150.5825880000002,
               "lla" : [ 120.0705463, -26.77237276, -161744.09330000001 ],
               "radarID" : 12995,
               "targetType" : 3,
               "trueID" : 805,
               "velocity" : [ 268.99672390000001, 123.9968021, 47.597852660000001 ]
            }
         ]
      }
   ],
   "terminator" : 0
}
