{
   "data" : [
      {
         "radarID" : 13009,
         "tracks" : [
            {
               "detectedID" : 1006,
               "detectedTime" : 1427.8499999999999,
               "entityID" : 13009,
               "height" : 814.09783159999995,
               "lla" : [ 120.4212689, -27.015499850000001, -180093.51389999999 ],
               "radarID" : 13009,
               "targetType" : 3,
               "trueID" : 811,
               "velocity" : [ 269.73879399999998, 103.94504019999999, 80.227250060000003 ]
            },
            {
               "detectedID" : 1001,
               "detectedTime" : 1427.8499999999999,
               "entityID" : 13009,
               "height" : 1597.482434,
               "lla" : [ 120.0086019, -26.73030348, -200046.21919999999 ],
               "radarID" : 13009,
               "targetType" : 3,
               "trueID" : 817,
               "velocity" : [ 270.32580639999998, 98.556149169999998, 84.915510069999996 ]
            }
         ]
      },
      {
         "radarID" : 13016,
         "tracks" : [
            {
               "detectedID" : 1006,
               "detectedTime" : 1427.8499999999999,
               "entityID" : 13016,
               "height" : 848.85969509999995,
               "lla" : [ 120.42127929999999, -27.015506160000001, -180060.2591 ],
               "radarID" : 13016,
               "targetType" : 3,
               "trueID" : 811,
               "velocity" : [ 269.73879399999998, 103.94504019999999, 80.227250060000003 ]
            },
            {
               "detectedID" : 1001,
               "detectedTime" : 1427.8499999999999,
               "entityID" : 13016,
               "height" : 1646.0660089999999,
               "lla" : [ 120.0086009, -26.73030155, -200000.10060000001 ],
               "radarID" : 13016,
               "targetType" : 3,
               "trueID" : 817,
               "velocity" : [ 270.32580639999998, 98.556149169999998, 84.915510069999996 ]
            }
         ]
      }
   ],
   "terminator" : 0
}
