{
   "data" : [
      {
         "radarID" : 13023,
         "tracks" : [
            {
               "detectedID" : 1004,
               "detectedTime" : 1428.55,
               "entityID" : 13023,
               "height" : 5000.8410759999997,
               "lla" : [ 119.8469467, -26.615272640000001, -106256.8817 ],
               "radarID" : 13023,
               "targetType" : 3,
               "trueID" : 799,
               "velocity" : [ 263.66351759999998, 142.413071, 14.14449351 ]
            }
         ]
      },
      {
         "radarID" : 13065,
         "tracks" : [
            {
               "detectedID" : 1005,
               "detectedTime" : 1428.55,
               "entityID" : 13065,
               "height" : 5282.2755559999996,
               "lla" : [ 120.0651575, -26.768632790000002, -161870.7677 ],
               "radarID" : 13065,
               "targetType" : 3,
               "trueID" : 805,
               "velocity" : [ 269.00774339999998, 123.9777071, 47.585314029999999 ]
            }
         ]
      }
   ],
   "terminator" : 0
}
