{
   "data" : [
      {
         "radarID" : 13058,
         "tracks" : [
            {
               "detectedID" : 1005,
               "detectedTime" : 1428.6500000000001,
               "entityID" : 13058,
               "height" : 5283.7206189999997,
               "lla" : [ 120.0647819, -26.768372339999999, -161890.7616 ],
               "radarID" : 13058,
               "targetType" : 3,
               "trueID" : 805,
               "velocity" : [ 269.00835560000002, 123.9766463, 47.584617430000002 ]
            }
         ]
      },
      {
         "radarID" : 13065,
         "tracks" : [
            {
               "detectedID" : 1002,
               "detectedTime" : 1428.6500000000001,
               "entityID" : 13065,
               "height" : 5003.8998840000004,
               "lla" : [ 120.4141024, -27.009570409999998, -141661.40909999999 ],
               "radarID" : 13065,
               "targetType" : 3,
               "trueID" : 793,
               "velocity" : [ 255.3154145, 52.426231270000002, 148.54470499999999 ]
            }
         ]
      },
      {
         "radarID" : 13079,
         "tracks" : [
            {
               "detectedID" : 1005,
               "detectedTime" : 1428.6500000000001,
               "entityID" : 13079,
               "height" : 5284.1480890000003,
               "lla" : [ 120.0647451, -26.768346879999999, -161893.40220000001 ],
               "radarID" : 13079,
               "targetType" : 3,
               "trueID" : 805,
               "velocity" : [ 269.00835560000002, 123.9766463, 47.584617430000002 ]
            }
         ]
      },
      {
         "radarID" : 13086,
         "tracks" : [
            {
               "detectedID" : 1005,
               "detectedTime" : 1428.6500000000001,
               "entityID" : 13086,
               "height" : 5284.0184479999998,
               "lla" : [ 120.06474799999999, -26.768348899999999, -161893.24660000001 ],
               "radarID" : 13086,
               "targetType" : 3,
               "trueID" : 805,
               "velocity" : [ 269.00835560000002, 123.9766463, 47.584617430000002 ]
            }
         ]
      }
   ],
   "terminator" : 0
}
