{
   "data" : [
      {
         "radarID" : 13023,
         "tracks" : [
            {
               "detectedID" : 1002,
               "detectedTime" : 1429.7,
               "entityID" : 13023,
               "height" : 5008.0947660000002,
               "lla" : [ 120.4114101, -27.007719890000001, -141865.5079 ],
               "radarID" : 13023,
               "targetType" : 3,
               "trueID" : 793,
               "velocity" : [ 255.32194290000001, 52.415108799999999, 148.5374089 ]
            }
         ]
      }
   ],
   "terminator" : 0
}
