{
   "data" : [
      {
         "radarID" : 13114,
         "tracks" : [
            {
               "detectedID" : 1002,
               "detectedTime" : 1431.55,
               "entityID" : 13114,
               "height" : 205.4494842,
               "lla" : [ 120.4089735, -27.006169079999999, -146889.97750000001 ],
               "radarID" : 13114,
               "targetType" : 3,
               "trueID" : 793,
               "velocity" : [ 255.3334438, 52.395511749999997, 148.524553 ]
            }
         ]
      }
   ],
   "terminator" : 0
}
