{
   "data" : [
      {
         "radarID" : 12903,
         "tracks" : [
            {
               "detectedID" : 1005,
               "detectedTime" : 1436.0,
               "entityID" : 12903,
               "height" : 5284.5396989999999,
               "lla" : [ 120.0424106, -26.752855220000001, -162964.3046 ],
               "radarID" : 12903,
               "targetType" : 3,
               "trueID" : 805,
               "velocity" : [ 269.05333150000001, 123.89866550000001, 47.53341442 ]
            }
         ]
      },
      {
         "radarID" : 12910,
         "tracks" : [
            {
               "detectedID" : 1006,
               "detectedTime" : 1436.0,
               "entityID" : 12910,
               "height" : 2219.7428869999999,
               "lla" : [ 120.3982944, -26.999659059999999, -179948.77429999999 ],
               "radarID" : 12910,
               "targetType" : 3,
               "trueID" : 811,
               "velocity" : [ 269.7889591, 103.85924180000001, 80.169666660000004 ]
            },
            {
               "detectedID" : 1005,
               "detectedTime" : 1436.0,
               "entityID" : 12910,
               "height" : 4094.8067219999998,
               "lla" : [ 120.04200590000001, -26.752603279999999, -164109.5018 ],
               "radarID" : 12910,
               "targetType" : 3,
               "trueID" : 805,
               "velocity" : [ 269.05333150000001, 123.89866550000001, 47.53341442 ]
            }
         ]
      },
      {
         "radarID" : 12917,
         "tracks" : [
            {
               "detectedID" : 1005,
               "detectedTime" : 1436.0,
               "entityID" : 12917,
               "height" : 3695.764467,
               "lla" : [ 120.0417846, -26.752459399999999, -164497.78039999999 ],
               "radarID" : 12917,
               "targetType" : 3,
               "trueID" : 805,
               "velocity" : [ 269.05333150000001, 123.89866550000001, 47.53341442 ]
            }
         ]
      }
   ],
   "terminator" : 0
}
