{
   "data" : [
      {
         "radarID" : 13009,
         "tracks" : [
            {
               "detectedID" : 1004,
               "detectedTime" : 1436.3,
               "entityID" : 13009,
               "height" : 3592.4590889999999,
               "lla" : [ 119.8227576, -26.598442410000001, -108613.931 ],
               "radarID" : 13009,
               "targetType" : 3,
               "trueID" : 799,
               "velocity" : [ 263.71124759999998, 142.32984680000001, 14.09228766 ]
            }
         ]
      }
   ],
   "terminator" : 0
}
