{
   "data" : [
      {
         "radarID" : 12931,
         "tracks" : [
            {
               "detectedID" : 1002,
               "detectedTime" : 1436.75,
               "entityID" : 12931,
               "height" : 5005.5395719999997,
               "lla" : [ 120.3934725, -26.995387619999999, -143208.97409999999 ],
               "radarID" : 12931,
               "targetType" : 3,
               "trueID" : 793,
               "velocity" : [ 255.36576020000001, 52.34042608, 148.48841150000001 ]
            }
         ]
      },
      {
         "radarID" : 12938,
         "tracks" : [
            {
               "detectedID" : 1002,
               "detectedTime" : 1436.75,
               "entityID" : 12938,
               "height" : 5005.6509800000003,
               "lla" : [ 120.39346639999999, -26.995383400000001, -143208.9676 ],
               "radarID" : 12938,
               "targetType" : 3,
               "trueID" : 793,
               "velocity" : [ 255.36576020000001, 52.34042608, 148.48841150000001 ]
            }
         ]
      },
      {
         "radarID" : 12974,
         "tracks" : [
            {
               "detectedID" : 1002,
               "detectedTime" : 1436.75,
               "entityID" : 12974,
               "height" : 5010.1780859999999,
               "lla" : [ 120.3932975, -26.995266990000001, -143208.66 ],
               "radarID" : 12974,
               "targetType" : 3,
               "trueID" : 793,
               "velocity" : [ 255.36576020000001, 52.34042608, 148.48841150000001 ]
            }
         ]
      }
   ],
   "terminator" : 0
}
