{
   "data" : [
      {
         "radarID" : 13030,
         "tracks" : [
            {
               "detectedID" : 1004,
               "detectedTime" : 1437.95,
               "entityID" : 13030,
               "height" : 2365.3109460000001,
               "lla" : [ 119.8172393, -26.594624750000001, -110071.3355 ],
               "radarID" : 13030,
               "targetType" : 3,
               "trueID" : 799,
               "velocity" : [ 263.72140519999999, 142.31212540000001, 14.08117242 ]
            }
         ]
      },
      {
         "radarID" : 13037,
         "tracks" : [
            {
               "detectedID" : 1004,
               "detectedTime" : 1437.95,
               "entityID" : 13037,
               "height" : 2384.0590309999998,
               "lla" : [ 119.8172105, -26.594604230000002, -110055.4611 ],
               "radarID" : 13037,
               "targetType" : 3,
               "trueID" : 799,
               "velocity" : [ 263.72140519999999, 142.31212540000001, 14.08117242 ]
            }
         ]
      }
   ],
   "terminator" : 0
}
