{
   "data" : [
      {
         "radarID" : 13079,
         "tracks" : [
            {
               "detectedID" : 1001,
               "detectedTime" : 1438.95,
               "entityID" : 13079,
               "height" : 5320.6668479999998,
               "lla" : [ 119.97736860000001, -26.70852378, -198217.58059999999 ],
               "radarID" : 13079,
               "targetType" : 3,
               "trueID" : 817,
               "velocity" : [ 270.393216, 98.438888879999993, 84.836866220000005 ]
            }
         ]
      },
      {
         "radarID" : 13086,
         "tracks" : [
            {
               "detectedID" : 1001,
               "detectedTime" : 1438.95,
               "entityID" : 13086,
               "height" : 5332.5884159999996,
               "lla" : [ 119.97719530000001, -26.7084036, -198234.15419999999 ],
               "radarID" : 13086,
               "targetType" : 3,
               "trueID" : 817,
               "velocity" : [ 270.393216, 98.438888879999993, 84.836866220000005 ]
            }
         ]
      }
   ],
   "terminator" : 0
}
