{
   "data" : [
      {
         "radarID" : 12981,
         "tracks" : [
            {
               "detectedID" : 1002,
               "detectedTime" : 1447.0999999999999,
               "entityID" : 12981,
               "height" : 1513.105861,
               "lla" : [ 120.3659629, -26.97655056, -148616.23000000001 ],
               "radarID" : 12981,
               "targetType" : 3,
               "trueID" : 793,
               "velocity" : [ 255.43003669999999, 52.230775370000003, 148.4164494 ]
            }
         ]
      }
   ],
   "terminator" : 0
}
