{
   "data" : [
      {
         "radarID" : 12988,
         "tracks" : [
            {
               "detectedID" : 1002,
               "detectedTime" : 1447.1500000000001,
               "entityID" : 12988,
               "height" : 5003.3575279999995,
               "lla" : [ 120.3670422, -26.977207570000001, -145193.0558 ],
               "radarID" : 12988,
               "targetType" : 3,
               "trueID" : 793,
               "velocity" : [ 255.43034710000001, 52.230245629999999, 148.41610170000001 ]
            }
         ]
      }
   ],
   "terminator" : 0
}
