{
   "data" : [
      {
         "radarID" : 13114,
         "tracks" : [
            {
               "detectedID" : 1003,
               "detectedTime" : 1449.7,
               "entityID" : 13114,
               "height" : 308.29085730000003,
               "lla" : [ 119.84928619999999, -26.618937240000001, -186275.9964 ],
               "radarID" : 13114,
               "targetType" : 3,
               "trueID" : 781,
               "velocity" : [ 249.84062890000001, 36.400485080000003, 162.03291279999999 ]
            }
         ]
      },
      {
         "radarID" : 13142,
         "tracks" : [
            {
               "detectedID" : 1002,
               "detectedTime" : 1449.7,
               "entityID" : 13142,
               "height" : 5008.6403380000002,
               "lla" : [ 120.3605458, -26.972737349999999, -145680.07769999999 ],
               "radarID" : 13142,
               "targetType" : 3,
               "trueID" : 793,
               "velocity" : [ 255.44617389999999, 52.203228369999998, 148.39836650000001 ]
            }
         ]
      }
   ],
   "terminator" : 0
}
