{
   "data" : [
      {
         "radarID" : 13107,
         "tracks" : [
            {
               "detectedID" : 1006,
               "detectedTime" : 1450.55,
               "entityID" : 13107,
               "height" : 5593.9791340000002,
               "lla" : [ 120.3560435, -26.97049045, -179082.46580000001 ],
               "radarID" : 13107,
               "targetType" : 3,
               "trueID" : 811,
               "velocity" : [ 269.87841930000002, 103.70603029999999, 80.066835019999999 ]
            }
         ]
      }
   ],
   "terminator" : 0
}
