{
   "data" : [
      {
         "radarID" : 13114,
         "tracks" : [
            {
               "detectedID" : 1002,
               "detectedTime" : 1451.3499999999999,
               "entityID" : 13114,
               "height" : 190.66454770000001,
               "lla" : [ 120.35850480000001, -26.9714575, -150700.1164 ],
               "radarID" : 13114,
               "targetType" : 3,
               "trueID" : 793,
               "velocity" : [ 255.4564129, 52.185746229999999, 148.38688959999999 ]
            }
         ]
      }
   ],
   "terminator" : 0
}
