{
   "data" : [
      {
         "radarID" : 12981,
         "tracks" : [
            {
               "detectedID" : 1002,
               "detectedTime" : 1457.1500000000001,
               "entityID" : 12981,
               "height" : 1557.2253029999999,
               "lla" : [ 120.3404113, -26.958963019999999, -150490.01240000001 ],
               "radarID" : 12981,
               "targetType" : 3,
               "trueID" : 793,
               "velocity" : [ 255.49239220000001, 52.12429143, 148.34653950000001 ]
            }
         ]
      },
      {
         "radarID" : 12988,
         "tracks" : [
            {
               "detectedID" : 1002,
               "detectedTime" : 1457.1500000000001,
               "entityID" : 12988,
               "height" : 5002.7961770000002,
               "lla" : [ 120.3416321, -26.959718970000001, -147100.34039999999 ],
               "radarID" : 12988,
               "targetType" : 3,
               "trueID" : 793,
               "velocity" : [ 255.49239220000001, 52.12429143, 148.34653950000001 ]
            }
         ]
      }
   ],
   "terminator" : 0
}
