{
   "data" : [
      {
         "radarID" : 13065,
         "tracks" : [
            {
               "detectedID" : 1004,
               "detectedTime" : 1457.3499999999999,
               "entityID" : 13065,
               "height" : 5000.8650209999996,
               "lla" : [ 119.7588496, -26.553808119999999, -109857.00139999999 ],
               "radarID" : 13065,
               "targetType" : 3,
               "trueID" : 799,
               "velocity" : [ 263.84072099999997, 142.1036885, 13.950470640000001 ]
            }
         ]
      }
   ],
   "terminator" : 0
}
