{
   "data" : [
      {
         "radarID" : 12981,
         "tracks" : [
            {
               "detectedID" : 1006,
               "detectedTime" : 1457.8,
               "entityID" : 12981,
               "height" : 1558.7175689999999,
               "lla" : [ 120.3331412, -26.954813940000001, -184252.54949999999 ],
               "radarID" : 12981,
               "targetType" : 3,
               "trueID" : 811,
               "velocity" : [ 269.92294859999998, 103.6296698, 80.015581839999996 ]
            }
         ]
      },
      {
         "radarID" : 12988,
         "tracks" : [
            {
               "detectedID" : 1006,
               "detectedTime" : 1457.8,
               "entityID" : 12988,
               "height" : 5537.3927110000004,
               "lla" : [ 120.3346078, -26.955724839999998, -180323.9933 ],
               "radarID" : 12988,
               "targetType" : 3,
               "trueID" : 811,
               "velocity" : [ 269.92294859999998, 103.6296698, 80.015581839999996 ]
            },
            {
               "detectedID" : 1001,
               "detectedTime" : 1457.8,
               "entityID" : 12988,
               "height" : 5310.1193569999996,
               "lla" : [ 119.9218973, -26.66997018, -201348.99919999999 ],
               "radarID" : 12988,
               "targetType" : 3,
               "trueID" : 817,
               "velocity" : [ 270.50752249999999, 98.239696609999996, 84.703260169999993 ]
            }
         ]
      }
   ],
   "terminator" : 0
}
