{
   "data" : [
      {
         "radarID" : 13072,
         "tracks" : [
            {
               "detectedID" : 1005,
               "detectedTime" : 1458.1500000000001,
               "entityID" : 13072,
               "height" : 5270.872429,
               "lla" : [ 119.9750015, -26.706051540000001, -166185.99950000001 ],
               "radarID" : 13072,
               "targetType" : 3,
               "trueID" : 805,
               "velocity" : [ 269.18867740000002, 123.66357309999999, 47.379074170000003 ]
            }
         ]
      }
   ],
   "terminator" : 0
}
