{
   "data" : [
      {
         "radarID" : 13058,
         "tracks" : [
            {
               "detectedID" : 1006,
               "detectedTime" : 1459.0999999999999,
               "entityID" : 13058,
               "height" : 5540.5426159999997,
               "lla" : [ 120.33077729999999, -26.953085219999998, -180535.2298 ],
               "radarID" : 13058,
               "targetType" : 3,
               "trueID" : 811,
               "velocity" : [ 269.93092990000002, 103.6159763, 80.006390629999999 ]
            }
         ]
      }
   ],
   "terminator" : 0
}
