{
   "data" : [
      {
         "radarID" : 12938,
         "tracks" : [
            {
               "detectedID" : 1005,
               "detectedTime" : 1466.95,
               "entityID" : 12938,
               "height" : 5268.9341020000002,
               "lla" : [ 119.94833920000001, -26.68751988, -167464.49170000001 ],
               "radarID" : 12938,
               "targetType" : 3,
               "trueID" : 805,
               "velocity" : [ 269.24236819999999, 123.5701358, 47.317741779999999 ]
            }
         ]
      },
      {
         "radarID" : 13002,
         "tracks" : [
            {
               "detectedID" : 1005,
               "detectedTime" : 1466.95,
               "entityID" : 13002,
               "height" : 1611.43777,
               "lla" : [ 119.9469867, -26.68666945, -171039.33559999999 ],
               "radarID" : 13002,
               "targetType" : 3,
               "trueID" : 805,
               "velocity" : [ 269.24236819999999, 123.5701358, 47.317741779999999 ]
            }
         ]
      }
   ],
   "terminator" : 0
}
