{
   "data" : [
      {
         "radarID" : 12931,
         "tracks" : [
            {
               "detectedID" : 1006,
               "detectedTime" : 1467.3,
               "entityID" : 12931,
               "height" : 5533.0985110000001,
               "lla" : [ 120.30656949999999, -26.936398700000002, -181881.6839 ],
               "radarID" : 12931,
               "targetType" : 3,
               "trueID" : 811,
               "velocity" : [ 269.98124999999999, 103.5295931, 79.948408369999996 ]
            }
         ]
      },
      {
         "radarID" : 12938,
         "tracks" : [
            {
               "detectedID" : 1006,
               "detectedTime" : 1467.3,
               "entityID" : 12938,
               "height" : 5533.0807279999999,
               "lla" : [ 120.306575, -26.936402510000001, -181881.68890000001 ],
               "radarID" : 12938,
               "targetType" : 3,
               "trueID" : 811,
               "velocity" : [ 269.98124999999999, 103.5295931, 79.948408369999996 ]
            }
         ]
      },
      {
         "radarID" : 12974,
         "tracks" : [
            {
               "detectedID" : 1006,
               "detectedTime" : 1467.3,
               "entityID" : 12974,
               "height" : 5537.7600949999996,
               "lla" : [ 120.30634360000001, -26.936242750000002, -181886.37210000001 ],
               "radarID" : 12974,
               "targetType" : 3,
               "trueID" : 811,
               "velocity" : [ 269.98124999999999, 103.5295931, 79.948408369999996 ]
            }
         ]
      },
      {
         "radarID" : 12988,
         "tracks" : [
            {
               "detectedID" : 1005,
               "detectedTime" : 1467.3,
               "entityID" : 12988,
               "height" : 5266.552162,
               "lla" : [ 119.9472495, -26.68676219, -167514.79120000001 ],
               "radarID" : 12988,
               "targetType" : 3,
               "trueID" : 805,
               "velocity" : [ 269.2445027, 123.5664191, 47.315302250000002 ]
            }
         ]
      }
   ],
   "terminator" : 0
}
