{
   "data" : [
      {
         "radarID" : 13065,
         "tracks" : [
            {
               "detectedID" : 1002,
               "detectedTime" : 1468.6500000000001,
               "entityID" : 13065,
               "height" : 5003.9574329999996,
               "lla" : [ 120.3123574, -26.93955798, -149291.98430000001 ],
               "radarID" : 13065,
               "targetType" : 3,
               "trueID" : 793,
               "velocity" : [ 255.56367409999999, 52.002430240000002, 148.26650240000001 ]
            }
         ]
      },
      {
         "radarID" : 13072,
         "tracks" : [
            {
               "detectedID" : 1001,
               "detectedTime" : 1468.6500000000001,
               "entityID" : 13072,
               "height" : 5303.3812710000002,
               "lla" : [ 119.89007549999999, -26.647831790000001, -203143.9785 ],
               "radarID" : 13072,
               "targetType" : 3,
               "trueID" : 817,
               "velocity" : [ 270.57322069999998, 98.125007370000006, 84.62632662 ]
            }
         ]
      },
      {
         "radarID" : 13135,
         "tracks" : [
            {
               "detectedID" : 1004,
               "detectedTime" : 1468.6500000000001,
               "entityID" : 13135,
               "height" : 1187.2304099999999,
               "lla" : [ 119.7231511, -26.52896217, -115099.8792 ],
               "radarID" : 13135,
               "targetType" : 3,
               "trueID" : 799,
               "velocity" : [ 263.9101263, 141.98221129999999, 13.87432621 ]
            }
         ]
      },
      {
         "radarID" : 13142,
         "tracks" : [
            {
               "detectedID" : 1004,
               "detectedTime" : 1468.6500000000001,
               "entityID" : 13142,
               "height" : 5002.6037379999998,
               "lla" : [ 119.72412679999999, -26.529549249999999, -111274.88959999999 ],
               "radarID" : 13142,
               "targetType" : 3,
               "trueID" : 799,
               "velocity" : [ 263.9101263, 141.98221129999999, 13.87432621 ]
            }
         ]
      }
   ],
   "terminator" : 0
}
