{
   "data" : [
      {
         "radarID" : 13107,
         "tracks" : [
            {
               "detectedID" : 1004,
               "detectedTime" : 1475.55,
               "entityID" : 13107,
               "height" : 4981.628968,
               "lla" : [ 119.70309829999999, -26.51484902, -112147.395 ],
               "radarID" : 13107,
               "targetType" : 3,
               "trueID" : 799,
               "velocity" : [ 263.95247440000003, 141.90800730000001, 13.82782405 ]
            }
         ]
      }
   ],
   "terminator" : 0
}
