{
   "data" : [
      {
         "radarID" : 13002,
         "tracks" : [
            {
               "detectedID" : 1004,
               "detectedTime" : 1476.2,
               "entityID" : 13002,
               "height" : 4229.4500749999997,
               "lla" : [ 119.7007701, -26.513239299999999, -112972.5808 ],
               "radarID" : 13002,
               "targetType" : 3,
               "trueID" : 799,
               "velocity" : [ 263.95646249999999, 141.9010159, 13.823443080000001 ]
            }
         ]
      }
   ],
   "terminator" : 0
}
