{
   "data" : [
      {
         "radarID" : 12903,
         "tracks" : [
            {
               "detectedID" : 1001,
               "detectedTime" : 1476.45,
               "entityID" : 12903,
               "height" : 5298.0238870000003,
               "lla" : [ 119.86722930000001, -26.63192828, -204442.32769999999 ],
               "radarID" : 12903,
               "targetType" : 3,
               "trueID" : 817,
               "velocity" : [ 270.62040730000001, 98.042542269999998, 84.57100586 ]
            }
         ]
      },
      {
         "radarID" : 12917,
         "tracks" : [
            {
               "detectedID" : 1001,
               "detectedTime" : 1476.45,
               "entityID" : 12917,
               "height" : 2653.980642,
               "lla" : [ 119.8662679, -26.63132353, -206994.88870000001 ],
               "radarID" : 12917,
               "targetType" : 3,
               "trueID" : 817,
               "velocity" : [ 270.62040730000001, 98.042542269999998, 84.57100586 ]
            }
         ]
      }
   ],
   "terminator" : 0
}
