{
   "data" : [
      {
         "radarID" : 13002,
         "tracks" : [
            {
               "detectedID" : 1002,
               "detectedTime" : 1476.7,
               "entityID" : 13002,
               "height" : 1056.2846480000001,
               "lla" : [ 120.29055940000001, -26.924633910000001, -154685.57490000001 ],
               "radarID" : 13002,
               "targetType" : 3,
               "trueID" : 793,
               "velocity" : [ 255.61352690000001, 51.917118610000003, 148.21045050000001 ]
            }
         ]
      },
      {
         "radarID" : 13072,
         "tracks" : [
            {
               "detectedID" : 1004,
               "detectedTime" : 1476.7,
               "entityID" : 13072,
               "height" : 5003.1872800000001,
               "lla" : [ 119.6995234, -26.51234865, -112271.16469999999 ],
               "radarID" : 13072,
               "targetType" : 3,
               "trueID" : 799,
               "velocity" : [ 263.95953020000002, 141.8956378, 13.82007306 ]
            }
         ]
      }
   ],
   "terminator" : 0
}
