{
   "data" : [
      {
         "radarID" : 13023,
         "tracks" : [
            {
               "detectedID" : 1004,
               "detectedTime" : 1478.45,
               "entityID" : 13023,
               "height" : 5000.6175990000002,
               "lla" : [ 119.69433960000001, -26.508723410000002, -112480.19130000001 ],
               "radarID" : 13023,
               "targetType" : 3,
               "trueID" : 799,
               "velocity" : [ 263.97026599999998, 141.87681330000001, 13.808277690000001 ]
            }
         ]
      }
   ],
   "terminator" : 0
}
