{
   "data" : [
      {
         "radarID" : 12924,
         "tracks" : [
            {
               "detectedID" : 1006,
               "detectedTime" : 1485.55,
               "entityID" : 12924,
               "height" : 3337.7561040000001,
               "lla" : [ 120.2522675, -26.898988509999999, -186969.54060000001 ],
               "radarID" : 12924,
               "targetType" : 3,
               "trueID" : 811,
               "velocity" : [ 270.093099, 103.33728309999999, 79.81931969 ]
            }
         ]
      },
      {
         "radarID" : 13114,
         "tracks" : [
            {
               "detectedID" : 1004,
               "detectedTime" : 1485.55,
               "entityID" : 13114,
               "height" : 528.21814640000002,
               "lla" : [ 119.67184109999999, -26.493092059999999, -117691.2129 ],
               "radarID" : 13114,
               "targetType" : 3,
               "trueID" : 799,
               "velocity" : [ 264.01380879999999, 141.80042209999999, 13.76041646 ]
            }
         ]
      }
   ],
   "terminator" : 0
}
