{
   "data" : [
      {
         "radarID" : 12903,
         "tracks" : [
            {
               "detectedID" : 1002,
               "detectedTime" : 1485.8499999999999,
               "entityID" : 12903,
               "height" : 5006.3002619999997,
               "lla" : [ 120.2686044, -26.909401509999999, -152579.36369999999 ],
               "radarID" : 12903,
               "targetType" : 3,
               "trueID" : 793,
               "velocity" : [ 255.67014739999999, 51.820140690000002, 148.1467135 ]
            }
         ]
      },
      {
         "radarID" : 12910,
         "tracks" : [
            {
               "detectedID" : 1002,
               "detectedTime" : 1485.8499999999999,
               "entityID" : 12910,
               "height" : 3777.738511,
               "lla" : [ 120.2683925, -26.90928542, -153766.50940000001 ],
               "radarID" : 12910,
               "targetType" : 3,
               "trueID" : 793,
               "velocity" : [ 255.67014739999999, 51.820140690000002, 148.1467135 ]
            }
         ]
      },
      {
         "radarID" : 12917,
         "tracks" : [
            {
               "detectedID" : 1002,
               "detectedTime" : 1485.8499999999999,
               "entityID" : 12917,
               "height" : 3391.5503450000001,
               "lla" : [ 120.2683851, -26.909289789999999, -154134.81789999999 ],
               "radarID" : 12917,
               "targetType" : 3,
               "trueID" : 793,
               "velocity" : [ 255.67014739999999, 51.820140690000002, 148.1467135 ]
            }
         ]
      },
      {
         "radarID" : 12924,
         "tracks" : [
            {
               "detectedID" : 1001,
               "detectedTime" : 1485.8499999999999,
               "entityID" : 12924,
               "height" : 3612.9701420000001,
               "lla" : [ 119.8390136, -26.612316310000001, -207609.92550000001 ],
               "radarID" : 12924,
               "targetType" : 3,
               "trueID" : 817,
               "velocity" : [ 270.67722500000002, 97.943143820000003, 84.504322049999999 ]
            }
         ]
      }
   ],
   "terminator" : 0
}
