{
   "data" : [
      {
         "radarID" : 12910,
         "tracks" : [
            {
               "detectedID" : 1001,
               "detectedTime" : 1486.45,
               "entityID" : 12910,
               "height" : 3018.2392610000002,
               "lla" : [ 119.8369079, -26.610863800000001, -208295.06219999999 ],
               "radarID" : 12910,
               "targetType" : 3,
               "trueID" : 817,
               "velocity" : [ 270.6808499, 97.936798589999995, 84.500065079999999 ]
            }
         ]
      }
   ],
   "terminator" : 0
}
