{
   "data" : [
      {
         "radarID" : 13002,
         "tracks" : [
            {
               "detectedID" : 1002,
               "detectedTime" : 1486.7,
               "entityID" : 13002,
               "height" : 1080.8237489999999,
               "lla" : [ 120.26513300000001, -26.907103209999999, -156568.0276 ],
               "radarID" : 13002,
               "targetType" : 3,
               "trueID" : 793,
               "velocity" : [ 255.6754048, 51.811131340000003, 148.1407912 ]
            }
         ]
      }
   ],
   "terminator" : 0
}
