{
   "data" : [
      {
         "radarID" : 13065,
         "tracks" : [
            {
               "detectedID" : 1002,
               "detectedTime" : 1488.6500000000001,
               "entityID" : 13065,
               "height" : 5003.3028279999999,
               "lla" : [ 120.2614805, -26.904488310000001, -153102.78599999999 ],
               "radarID" : 13065,
               "targetType" : 3,
               "trueID" : 793,
               "velocity" : [ 255.68746440000001, 51.790462519999998, 148.12720379999999 ]
            }
         ]
      },
      {
         "radarID" : 13072,
         "tracks" : [
            {
               "detectedID" : 1001,
               "detectedTime" : 1488.6500000000001,
               "entityID" : 13072,
               "height" : 5292.1575039999998,
               "lla" : [ 119.8313095, -26.60690696, -206454.62830000001 ],
               "radarID" : 13072,
               "targetType" : 3,
               "trueID" : 817,
               "velocity" : [ 270.6941392, 97.913532090000004, 84.484455580000002 ]
            }
         ]
      }
   ],
   "terminator" : 0
}
