{
   "data" : [
      {
         "radarID" : 13107,
         "tracks" : [
            {
               "detectedID" : 1005,
               "detectedTime" : 1489.45,
               "entityID" : 13107,
               "height" : 5253.4877630000001,
               "lla" : [ 119.879713, -26.6397701, -170739.38449999999 ],
               "radarID" : 13107,
               "targetType" : 3,
               "trueID" : 805,
               "velocity" : [ 269.37943689999997, 123.3311377, 47.160888900000003 ]
            }
         ]
      }
   ],
   "terminator" : 0
}
