{
   "data" : [
      {
         "radarID" : 12931,
         "tracks" : [
            {
               "detectedID" : 1002,
               "detectedTime" : 1496.9000000000001,
               "entityID" : 12931,
               "height" : 5005.149179,
               "lla" : [ 120.24038950000001, -26.889938399999998, -154682.70079999999 ],
               "radarID" : 12931,
               "targetType" : 3,
               "trueID" : 793,
               "velocity" : [ 255.738462, 51.70301284, 148.0697049 ]
            }
         ]
      },
      {
         "radarID" : 12995,
         "tracks" : [
            {
               "detectedID" : 1005,
               "detectedTime" : 1496.9000000000001,
               "entityID" : 12995,
               "height" : 5418.2677560000002,
               "lla" : [ 119.8570228, -26.623962070000001, -171660.47200000001 ],
               "radarID" : 12995,
               "targetType" : 3,
               "trueID" : 805,
               "velocity" : [ 269.42475560000003, 123.25197249999999, 47.108941430000002 ]
            }
         ]
      }
   ],
   "terminator" : 0
}
