{
   "data" : [
      {
         "radarID" : 12931,
         "tracks" : [
            {
               "detectedID" : 1001,
               "detectedTime" : 1497.45,
               "entityID" : 12931,
               "height" : 5288.2787390000003,
               "lla" : [ 119.8055196, -26.58892994, -207913.77420000001 ],
               "radarID" : 12931,
               "targetType" : 3,
               "trueID" : 817,
               "velocity" : [ 270.74726759999999, 97.820455679999995, 84.422008520000006 ]
            }
         ]
      },
      {
         "radarID" : 12995,
         "tracks" : [
            {
               "detectedID" : 1006,
               "detectedTime" : 1497.45,
               "entityID" : 12995,
               "height" : 5498.3899309999997,
               "lla" : [ 120.21732280000001, -26.874801869999999, -186846.27170000001 ],
               "radarID" : 12995,
               "targetType" : 3,
               "trueID" : 811,
               "velocity" : [ 270.16592370000001, 103.2118457, 79.735115010000001 ]
            }
         ]
      }
   ],
   "terminator" : 0
}
