{
   "data" : [
      {
         "radarID" : 13114,
         "tracks" : [
            {
               "detectedID" : 1003,
               "detectedTime" : 1499.45,
               "entityID" : 13114,
               "height" : 437.2864131,
               "lla" : [ 119.7283597, -26.53465937, -195846.14000000001 ],
               "radarID" : 13114,
               "targetType" : 3,
               "trueID" : 781,
               "velocity" : [ 250.14350189999999, 35.871480480000002, 161.6832254 ]
            }
         ]
      }
   ],
   "terminator" : 0
}
