{
   "data" : [
      {
         "radarID" : 12974,
         "tracks" : [
            {
               "detectedID" : 1005,
               "detectedTime" : 373.89999999999998,
               "entityID" : 12974,
               "height" : 5672.7662220000002,
               "lla" : [ 123.25662800000001, -28.90256364, -3764.2753750000002 ],
               "radarID" : 12974,
               "targetType" : 3,
               "trueID" : 805,
               "velocity" : [ 262.22442740000002, 135.0096916, 54.870145309999998 ]
            }
         ]
      }
   ],
   "terminator" : 0
}
