{
   "data" : [
      {
         "radarID" : 13072,
         "tracks" : [
            {
               "detectedID" : 1004,
               "detectedTime" : 1506.75,
               "entityID" : 13072,
               "height" : 5002.3498140000002,
               "lla" : [ 119.60763470000001, -26.44802528, -116010.1145 ],
               "radarID" : 13072,
               "targetType" : 3,
               "trueID" : 799,
               "velocity" : [ 264.14375890000002, 141.57203720000001, 13.617376650000001 ]
            }
         ]
      }
   ],
   "terminator" : 0
}
