{
   "data" : [
      {
         "radarID" : 12931,
         "tracks" : [
            {
               "detectedID" : 1005,
               "detectedTime" : 373.94999999999999,
               "entityID" : 12931,
               "height" : 5667.5996439999999,
               "lla" : [ 123.256322, -28.902367089999998, -3798.5070009999999 ],
               "radarID" : 12931,
               "targetType" : 3,
               "trueID" : 805,
               "velocity" : [ 262.22476440000003, 135.00917620000001, 54.869803019999999 ]
            }
         ]
      },
      {
         "radarID" : 12938,
         "tracks" : [
            {
               "detectedID" : 1005,
               "detectedTime" : 373.94999999999999,
               "entityID" : 12938,
               "height" : 5670.5696539999999,
               "lla" : [ 123.2564399, -28.902442700000002, -3779.9375530000002 ],
               "radarID" : 12938,
               "targetType" : 3,
               "trueID" : 805,
               "velocity" : [ 262.22476440000003, 135.00917620000001, 54.869803019999999 ]
            }
         ]
      }
   ],
   "terminator" : 0
}
