{
   "data" : [
      {
         "radarID" : 13030,
         "tracks" : [
            {
               "detectedID" : 1001,
               "detectedTime" : 381.39999999999998,
               "entityID" : 13030,
               "height" : 2948.977985,
               "lla" : [ 123.0569747, -28.773903310000001, -21861.494739999998 ],
               "radarID" : 13030,
               "targetType" : 3,
               "trueID" : 817,
               "velocity" : [ 263.64311780000003, 109.48673909999999, 92.222342240000003 ]
            }
         ]
      },
      {
         "radarID" : 13037,
         "tracks" : [
            {
               "detectedID" : 1001,
               "detectedTime" : 381.39999999999998,
               "entityID" : 13037,
               "height" : 2899.0474949999998,
               "lla" : [ 123.0570567, -28.7739577, -21908.59202 ],
               "radarID" : 13037,
               "targetType" : 3,
               "trueID" : 817,
               "velocity" : [ 263.64311780000003, 109.48673909999999, 92.222342240000003 ]
            }
         ]
      },
      {
         "radarID" : 13044,
         "tracks" : [
            {
               "detectedID" : 1001,
               "detectedTime" : 381.39999999999998,
               "entityID" : 13044,
               "height" : 2990.6469769999999,
               "lla" : [ 123.0570233, -28.773933719999999, -21818.77678 ],
               "radarID" : 13044,
               "targetType" : 3,
               "trueID" : 817,
               "velocity" : [ 263.64311780000003, 109.48673909999999, 92.222342240000003 ]
            }
         ]
      }
   ],
   "terminator" : 0
}
