{
   "data" : [
      {
         "radarID" : 12924,
         "tracks" : [
            {
               "detectedID" : 1006,
               "detectedTime" : 1515.5999999999999,
               "entityID" : 12924,
               "height" : 3353.6741849999999,
               "lla" : [ 120.1633083, -26.837513829999999, -191864.25539999999 ],
               "radarID" : 12924,
               "targetType" : 3,
               "trueID" : 811,
               "velocity" : [ 270.27683409999997, 103.0204655, 79.606636929999993 ]
            }
         ]
      }
   ],
   "terminator" : 0
}
