{
   "data" : [
      {
         "radarID" : 13023,
         "tracks" : [
            {
               "detectedID" : 1003,
               "detectedTime" : 53.049999999999997,
               "entityID" : 13023,
               "height" : 4190.5632580000001,
               "lla" : [ 122.5554317, -28.44442153, 73516.079180000001 ],
               "radarID" : 13023,
               "targetType" : 3,
               "trueID" : 781,
               "velocity" : [ -11.598224330000001, -178.64987350000001, 240.7274472 ]
            }
         ]
      },
      {
         "radarID" : 13135,
         "tracks" : [
            {
               "detectedID" : 1004,
               "detectedTime" : 53.049999999999997,
               "entityID" : 13135,
               "height" : 4041.2795409999999,
               "lla" : [ 122.7891812, -28.596844619999999, 93421.466339999999 ],
               "radarID" : 13135,
               "targetType" : 3,
               "trueID" : 799,
               "velocity" : [ 114.0463563, -86.410060060000006, 263.6792183 ]
            }
         ]
      },
      {
         "radarID" : 13142,
         "tracks" : [
            {
               "detectedID" : 1004,
               "detectedTime" : 53.049999999999997,
               "entityID" : 13142,
               "height" : 4813.5653359999997,
               "lla" : [ 122.7880354, -28.596079880000001, 94119.417100000006 ],
               "radarID" : 13142,
               "targetType" : 3,
               "trueID" : 799,
               "velocity" : [ 114.0463563, -86.410060060000006, 263.6792183 ]
            }
         ]
      }
   ],
   "terminator" : 0
}
