{
   "data" : [
      {
         "radarID" : 12931,
         "tracks" : [
            {
               "detectedID" : 1005,
               "detectedTime" : 1517.05,
               "entityID" : 12931,
               "height" : 5252.1541440000001,
               "lla" : [ 119.7957184, -26.581227089999999, -174736.5632 ],
               "radarID" : 12931,
               "targetType" : 3,
               "trueID" : 805,
               "velocity" : [ 269.5471637, 123.0377788, 46.968410069999997 ]
            }
         ]
      }
   ],
   "terminator" : 0
}
