{
   "data" : [
      {
         "radarID" : 13093,
         "tracks" : [
            {
               "detectedID" : 1001,
               "detectedTime" : 1519.5,
               "entityID" : 13093,
               "height" : 861.73867610000002,
               "lla" : [ 119.7399235, -26.543271059999999, -215939.86360000001 ],
               "radarID" : 13093,
               "targetType" : 3,
               "trueID" : 817,
               "velocity" : [ 270.88018729999999, 97.587162649999996, 84.26547223 ]
            }
         ]
      }
   ],
   "terminator" : 0
}
