{
   "data" : [
      {
         "radarID" : 13107,
         "tracks" : [
            {
               "detectedID" : 1006,
               "detectedTime" : 1520.2,
               "entityID" : 13107,
               "height" : 5502.3941679999998,
               "lla" : [ 120.1499926, -26.828248739999999, -190559.13329999999 ],
               "radarID" : 13107,
               "targetType" : 3,
               "trueID" : 811,
               "velocity" : [ 270.30491239999998, 102.9719496, 79.574065739999995 ]
            }
         ]
      }
   ],
   "terminator" : 0
}
