{
   "data" : [
      {
         "radarID" : 12910,
         "tracks" : [
            {
               "detectedID" : 1006,
               "detectedTime" : 1526.25,
               "entityID" : 12910,
               "height" : 2507.292324,
               "lla" : [ 120.1313485, -26.81541923, -194434.72089999999 ],
               "radarID" : 12910,
               "targetType" : 3,
               "trueID" : 811,
               "velocity" : [ 270.34182220000002, 102.9081334, 79.531221860000002 ]
            }
         ]
      },
      {
         "radarID" : 13002,
         "tracks" : [
            {
               "detectedID" : 1004,
               "detectedTime" : 1526.25,
               "entityID" : 13002,
               "height" : 4430.8776170000001,
               "lla" : [ 119.58406359999999, -26.431556220000001, -119052.0402 ],
               "radarID" : 13002,
               "targetType" : 3,
               "trueID" : 799,
               "velocity" : [ -15.382637620000001, -165.3227809, 249.86346789999999 ]
            }
         ]
      }
   ],
   "terminator" : 0
}
