{
   "data" : [
      {
         "radarID" : 13065,
         "tracks" : [
            {
               "detectedID" : 1004,
               "detectedTime" : 1527.4000000000001,
               "entityID" : 13065,
               "height" : 5000.5847100000001,
               "lla" : [ 119.5855406, -26.432582249999999, -118615.39230000001 ],
               "radarID" : 13065,
               "targetType" : 3,
               "trueID" : 799,
               "velocity" : [ -15.37558029, -165.3352103, 249.85567789999999 ]
            }
         ]
      }
   ],
   "terminator" : 0
}
