{
   "data" : [
      {
         "radarID" : 13093,
         "tracks" : [
            {
               "detectedID" : 1006,
               "detectedTime" : 1530.0999999999999,
               "entityID" : 13093,
               "height" : 663.21858259999999,
               "lla" : [ 120.12084040000001, -26.808194879999999, -196962.01240000001 ],
               "radarID" : 13093,
               "targetType" : 3,
               "trueID" : 811,
               "velocity" : [ 270.36529890000003, 102.86751870000001, 79.503954210000003 ]
            }
         ]
      }
   ],
   "terminator" : 0
}
