{
   "data" : [
      {
         "radarID" : 13093,
         "tracks" : [
            {
               "detectedID" : 1002,
               "detectedTime" : 1530.4000000000001,
               "entityID" : 13093,
               "height" : 117.92307769999999,
               "lla" : [ 120.1559286, -26.831729920000001, -165966.1692 ],
               "radarID" : 13093,
               "targetType" : 3,
               "trueID" : 793,
               "velocity" : [ 255.94514710000001, 51.347836440000002, 147.8359949 ]
            }
         ]
      }
   ],
   "terminator" : 0
}
