{
   "data" : [
      {
         "radarID" : 12924,
         "tracks" : [
            {
               "detectedID" : 1006,
               "detectedTime" : 1535.6500000000001,
               "entityID" : 12924,
               "height" : 3371.551477,
               "lla" : [ 120.1038843, -26.79638031, -195118.95600000001 ],
               "radarID" : 12924,
               "targetType" : 3,
               "trueID" : 811,
               "velocity" : [ 270.3991264, 102.8089645, 79.464641689999993 ]
            }
         ]
      }
   ],
   "terminator" : 0
}
