{
   "data" : [
      {
         "radarID" : 13044,
         "tracks" : [
            {
               "detectedID" : 1004,
               "detectedTime" : 1538.0,
               "entityID" : 13044,
               "height" : 3016.8355860000001,
               "lla" : [ 119.59502790000001, -26.439322829999998, -121820.7616 ],
               "radarID" : 13044,
               "targetType" : 3,
               "trueID" : 799,
               "velocity" : [ -15.31052817, -165.44975360000001, 249.78384009999999 ]
            }
         ]
      }
   ],
   "terminator" : 0
}
