{
   "data" : [
      {
         "radarID" : 13072,
         "tracks" : [
            {
               "detectedID" : 1005,
               "detectedTime" : 1538.05,
               "entityID" : 13072,
               "height" : 5242.563846,
               "lla" : [ 119.7317151, -26.53654405, -177778.78260000001 ],
               "radarID" : 13072,
               "targetType" : 3,
               "trueID" : 805,
               "velocity" : [ 269.67447850000002, 122.8144324, 46.821905370000003 ]
            }
         ]
      }
   ],
   "terminator" : 0
}
