{
   "data" : [
      {
         "radarID" : 12995,
         "tracks" : [
            {
               "detectedID" : 1004,
               "detectedTime" : 1546.25,
               "entityID" : 12995,
               "height" : 5308.5138509999997,
               "lla" : [ 119.60372099999999, -26.445391149999999, -120497.5249 ],
               "radarID" : 12995,
               "targetType" : 3,
               "trueID" : 799,
               "velocity" : [ -15.25989562, -165.5388739, 249.72788550000001 ]
            }
         ]
      }
   ],
   "terminator" : 0
}
