{
   "data" : [
      {
         "radarID" : 13009,
         "tracks" : [
            {
               "detectedID" : 1004,
               "detectedTime" : 1546.45,
               "entityID" : 13009,
               "height" : 3939.0633889999999,
               "lla" : [ 119.6035321, -26.445292670000001, -121858.5787 ],
               "radarID" : 13009,
               "targetType" : 3,
               "trueID" : 799,
               "velocity" : [ -15.258668139999999, -165.54103409999999, 249.72652859999999 ]
            }
         ]
      }
   ],
   "terminator" : 0
}
