{
   "data" : [
      {
         "radarID" : 12938,
         "tracks" : [
            {
               "detectedID" : 1002,
               "detectedTime" : 1546.95,
               "entityID" : 12938,
               "height" : 5002.905197,
               "lla" : [ 120.1129596, -26.801882039999999, -164222.5171 ],
               "radarID" : 12938,
               "targetType" : 3,
               "trueID" : 793,
               "velocity" : [ 256.04702099999997, 51.17232284, 147.72039939999999 ]
            }
         ]
      },
      {
         "radarID" : 12974,
         "tracks" : [
            {
               "detectedID" : 1002,
               "detectedTime" : 1546.95,
               "entityID" : 12974,
               "height" : 5012.1958619999996,
               "lla" : [ 120.1125129, -26.801572140000001, -164226.54550000001 ],
               "radarID" : 12974,
               "targetType" : 3,
               "trueID" : 793,
               "velocity" : [ 256.04702099999997, 51.17232284, 147.72039939999999 ]
            }
         ]
      }
   ],
   "terminator" : 0
}
