{
   "data" : [
      {
         "radarID" : 13023,
         "tracks" : [
            {
               "detectedID" : 1004,
               "detectedTime" : 1548.5,
               "entityID" : 13023,
               "height" : 5001.4488389999997,
               "lla" : [ 119.6059743, -26.446986240000001, -121044.8468 ],
               "radarID" : 13023,
               "targetType" : 3,
               "trueID" : 799,
               "velocity" : [ -15.24608639, -165.5631751, 249.71261860000001 ]
            }
         ]
      },
      {
         "radarID" : 13079,
         "tracks" : [
            {
               "detectedID" : 1005,
               "detectedTime" : 1548.5,
               "entityID" : 13079,
               "height" : 5241.1197430000002,
               "lla" : [ 119.6998883, -26.514300840000001, -179290.54190000001 ],
               "radarID" : 13079,
               "targetType" : 3,
               "trueID" : 805,
               "velocity" : [ 269.73773510000001, 122.70324650000001, 46.74898468 ]
            }
         ]
      },
      {
         "radarID" : 13086,
         "tracks" : [
            {
               "detectedID" : 1005,
               "detectedTime" : 1548.5,
               "entityID" : 13086,
               "height" : 5239.0438400000003,
               "lla" : [ 119.6999431, -26.514339190000001, -179287.17610000001 ],
               "radarID" : 13086,
               "targetType" : 3,
               "trueID" : 805,
               "velocity" : [ 269.73773510000001, 122.70324650000001, 46.74898468 ]
            }
         ]
      }
   ],
   "terminator" : 0
}
