{
   "data" : [
      {
         "radarID" : 13023,
         "tracks" : [
            {
               "detectedID" : 1005,
               "detectedTime" : 1549.2,
               "entityID" : 13023,
               "height" : 5242.0407299999997,
               "lla" : [ 119.69784629999999, -26.51287284, -179373.49419999999 ],
               "radarID" : 13023,
               "targetType" : 3,
               "trueID" : 805,
               "velocity" : [ 269.7419701, 122.6957975, 46.744099630000001 ]
            }
         ]
      },
      {
         "radarID" : 13107,
         "tracks" : [
            {
               "detectedID" : 1003,
               "detectedTime" : 1549.2,
               "entityID" : 13107,
               "height" : 882.91690259999996,
               "lla" : [ 119.6073, -26.450052710000001, -205098.2199 ],
               "radarID" : 13107,
               "targetType" : 3,
               "trueID" : 781,
               "velocity" : [ 250.4450057, 35.342280610000003, 161.33264500000001 ]
            }
         ]
      }
   ],
   "terminator" : 0
}
