{
   "data" : [
      {
         "radarID" : 13107,
         "tracks" : [
            {
               "detectedID" : 1004,
               "detectedTime" : 1555.75,
               "entityID" : 13107,
               "height" : 4973.5271730000004,
               "lla" : [ 119.6129547, -26.451906300000001, -121914.05250000001 ],
               "radarID" : 13107,
               "targetType" : 3,
               "trueID" : 799,
               "velocity" : [ -15.20158891, -165.64146600000001, 249.66340629999999 ]
            }
         ]
      },
      {
         "radarID" : 13114,
         "tracks" : [
            {
               "detectedID" : 1004,
               "detectedTime" : 1555.75,
               "entityID" : 13114,
               "height" : 426.91898950000001,
               "lla" : [ 119.6120116, -26.45135484, -126307.38370000001 ],
               "radarID" : 13114,
               "targetType" : 3,
               "trueID" : 799,
               "velocity" : [ -15.20158891, -165.64146600000001, 249.66340629999999 ]
            }
         ]
      }
   ],
   "terminator" : 0
}
