{
   "data" : [
      {
         "radarID" : 13030,
         "tracks" : [
            {
               "detectedID" : 1005,
               "detectedTime" : 1558.7,
               "entityID" : 13030,
               "height" : 4981.8864119999998,
               "lla" : [ 119.6687451, -26.492526680000001, -181023.03640000001 ],
               "radarID" : 13030,
               "targetType" : 3,
               "trueID" : 805,
               "velocity" : [ 269.7994157, 122.59469199999999, 46.677797519999999 ]
            }
         ]
      },
      {
         "radarID" : 13037,
         "tracks" : [
            {
               "detectedID" : 1005,
               "detectedTime" : 1558.7,
               "entityID" : 13037,
               "height" : 4977.7951279999997,
               "lla" : [ 119.6687355, -26.492519990000002, -181023.32089999999 ],
               "radarID" : 13037,
               "targetType" : 3,
               "trueID" : 805,
               "velocity" : [ 269.7994157, 122.59469199999999, 46.677797519999999 ]
            }
         ]
      },
      {
         "radarID" : 13135,
         "tracks" : [
            {
               "detectedID" : 1004,
               "detectedTime" : 1558.7,
               "entityID" : 13135,
               "height" : 1526.8150880000001,
               "lla" : [ 119.6149372, -26.453392439999998, -125705.4164 ],
               "radarID" : 13135,
               "targetType" : 3,
               "trueID" : 799,
               "velocity" : [ -15.183482590000001, -165.67331669999999, 249.64337359999999 ]
            }
         ]
      }
   ],
   "terminator" : 0
}
