{
   "data" : [
      {
         "radarID" : 13079,
         "tracks" : [
            {
               "detectedID" : 1006,
               "detectedTime" : 1559.0,
               "entityID" : 13079,
               "height" : 5499.5806540000003,
               "lla" : [ 120.0350694, -26.74862641, -196901.61199999999 ],
               "radarID" : 13079,
               "targetType" : 3,
               "trueID" : 811,
               "velocity" : [ 270.54124409999997, 102.5625385, 79.299186300000002 ]
            }
         ]
      },
      {
         "radarID" : 13086,
         "tracks" : [
            {
               "detectedID" : 1006,
               "detectedTime" : 1559.0,
               "entityID" : 13086,
               "height" : 5497.987408,
               "lla" : [ 120.03507949999999, -26.74863345, -196901.10000000001 ],
               "radarID" : 13086,
               "targetType" : 3,
               "trueID" : 811,
               "velocity" : [ 270.54124409999997, 102.5625385, 79.299186300000002 ]
            }
         ]
      }
   ],
   "terminator" : 0
}
