{
   "data" : [
      {
         "radarID" : 13023,
         "tracks" : [
            {
               "detectedID" : 1005,
               "detectedTime" : 1559.2,
               "entityID" : 13023,
               "height" : 5236.2867489999999,
               "lla" : [ 119.6674684, -26.491626249999999, -180802.51569999999 ],
               "radarID" : 13023,
               "targetType" : 3,
               "trueID" : 805,
               "velocity" : [ 269.80243769999998, 122.58936989999999, 46.674307679999998 ]
            }
         ]
      },
      {
         "radarID" : 13107,
         "tracks" : [
            {
               "detectedID" : 1003,
               "detectedTime" : 1559.2,
               "entityID" : 13107,
               "height" : 1021.887754,
               "lla" : [ 119.5828904, -26.432964460000001, -206919.0857 ],
               "radarID" : 13107,
               "targetType" : 3,
               "trueID" : 781,
               "velocity" : [ 250.5054442, 35.235885099999997, 161.26206869999999 ]
            }
         ]
      }
   ],
   "terminator" : 0
}
