{
   "data" : [
      {
         "radarID" : 13093,
         "tracks" : [
            {
               "detectedID" : 1006,
               "detectedTime" : 1559.95,
               "entityID" : 13093,
               "height" : 699.91999450000003,
               "lla" : [ 120.0322547, -26.74679648, -201794.45800000001 ],
               "radarID" : 13093,
               "targetType" : 3,
               "trueID" : 811,
               "velocity" : [ 270.54701929999999, 102.55251, 79.292452679999997 ]
            }
         ]
      }
   ],
   "terminator" : 0
}
