{
   "data" : [
      {
         "radarID" : 13107,
         "tracks" : [
            {
               "detectedID" : 1006,
               "detectedTime" : 1560.0,
               "entityID" : 13107,
               "height" : 5547.2468870000002,
               "lla" : [ 120.0321501, -26.74659977, -197007.43309999999 ],
               "radarID" : 13107,
               "targetType" : 3,
               "trueID" : 811,
               "velocity" : [ 270.54732319999999, 102.5519821, 79.292098269999997 ]
            }
         ]
      }
   ],
   "terminator" : 0
}
