{
   "data" : [
      {
         "radarID" : 13093,
         "tracks" : [
            {
               "detectedID" : 1002,
               "detectedTime" : 1560.0999999999999,
               "entityID" : 13093,
               "height" : 141.8802938,
               "lla" : [ 120.07943520000001, -26.778799599999999, -171617.5925 ],
               "radarID" : 13093,
               "targetType" : 3,
               "trueID" : 793,
               "velocity" : [ 256.12785559999998, 51.032844869999998, 147.6284876 ]
            }
         ]
      }
   ],
   "terminator" : 0
}
