{
   "data" : [
      {
         "radarID" : 13030,
         "tracks" : [
            {
               "detectedID" : 1006,
               "detectedTime" : 391.60000000000002,
               "entityID" : 13030,
               "height" : 3959.300103,
               "lla" : [ 123.4594352, -29.033095490000001, -3637.312042 ],
               "radarID" : 13030,
               "targetType" : 3,
               "trueID" : 811,
               "velocity" : [ 263.04072159999998, 114.72639580000001, 87.44960202 ]
            }
         ]
      },
      {
         "radarID" : 13037,
         "tracks" : [
            {
               "detectedID" : 1006,
               "detectedTime" : 391.60000000000002,
               "entityID" : 13037,
               "height" : 3902.281606,
               "lla" : [ 123.4592871, -29.033002, -3700.706416 ],
               "radarID" : 13037,
               "targetType" : 3,
               "trueID" : 811,
               "velocity" : [ 263.04072159999998, 114.72639580000001, 87.44960202 ]
            }
         ]
      },
      {
         "radarID" : 13044,
         "tracks" : [
            {
               "detectedID" : 1006,
               "detectedTime" : 391.60000000000002,
               "entityID" : 13044,
               "height" : 4004.9980700000001,
               "lla" : [ 123.45914380000001, -29.032907430000002, -3601.1023949999999 ],
               "radarID" : 13044,
               "targetType" : 3,
               "trueID" : 811,
               "velocity" : [ 263.04072159999998, 114.72639580000001, 87.44960202 ]
            }
         ]
      }
   ],
   "terminator" : 0
}
