{
   "data" : [
      {
         "radarID" : 13065,
         "tracks" : [
            {
               "detectedID" : 1002,
               "detectedTime" : 1568.5999999999999,
               "entityID" : 13065,
               "height" : 5006.3558320000002,
               "lla" : [ 120.0574586, -26.763450410000001, -168355.76560000001 ],
               "radarID" : 13065,
               "targetType" : 3,
               "trueID" : 793,
               "velocity" : [ 256.18005390000002, 50.942677879999998, 147.5690468 ]
            }
         ]
      }
   ],
   "terminator" : 0
}
