{
   "data" : [
      {
         "radarID" : 13093,
         "tracks" : [
            {
               "detectedID" : 1006,
               "detectedTime" : 1569.9000000000001,
               "entityID" : 13093,
               "height" : 714.95526949999999,
               "lla" : [ 120.0027221, -26.726300370000001, -203400.90179999999 ],
               "radarID" : 13093,
               "targetType" : 3,
               "trueID" : 811,
               "velocity" : [ 270.60747450000002, 102.44746240000001, 79.221917300000001 ]
            }
         ]
      }
   ],
   "terminator" : 0
}
