{
   "data" : [
      {
         "radarID" : 13107,
         "tracks" : [
            {
               "detectedID" : 1002,
               "detectedTime" : 1570.0999999999999,
               "entityID" : 13107,
               "height" : 5006.4391999999998,
               "lla" : [ 120.05368970000001, -26.760838790000001, -168632.6102 ],
               "radarID" : 13107,
               "targetType" : 3,
               "trueID" : 793,
               "velocity" : [ 256.18926110000001, 50.926765240000002, 147.5585548 ]
            }
         ]
      }
   ],
   "terminator" : 0
}
