{
   "data" : [
      {
         "radarID" : 12903,
         "tracks" : [
            {
               "detectedID" : 1006,
               "detectedTime" : 1576.4000000000001,
               "entityID" : 12903,
               "height" : 5485.7410099999997,
               "lla" : [ 119.9835503, -26.712865650000001, -199740.05900000001 ],
               "radarID" : 12903,
               "targetType" : 3,
               "trueID" : 811,
               "velocity" : [ 270.64693590000002, 102.37882639999999, 79.17582951 ]
            }
         ]
      },
      {
         "radarID" : 12917,
         "tracks" : [
            {
               "detectedID" : 1006,
               "detectedTime" : 1576.4000000000001,
               "entityID" : 12917,
               "height" : 2411.430186,
               "lla" : [ 119.98275510000001, -26.71238898, -202702.80669999999 ],
               "radarID" : 12917,
               "targetType" : 3,
               "trueID" : 811,
               "velocity" : [ 270.64693590000002, 102.37882639999999, 79.17582951 ]
            }
         ]
      }
   ],
   "terminator" : 0
}
