{
   "data" : [
      {
         "radarID" : 12931,
         "tracks" : [
            {
               "detectedID" : 1002,
               "detectedTime" : 1577.05,
               "entityID" : 12931,
               "height" : 5006.5362020000002,
               "lla" : [ 120.03583759999999, -26.748465939999999, -169962.8922 ],
               "radarID" : 12931,
               "targetType" : 3,
               "trueID" : 793,
               "velocity" : [ 256.23190449999998, 50.853033420000003, 147.50993220000001 ]
            }
         ]
      },
      {
         "radarID" : 12938,
         "tracks" : [
            {
               "detectedID" : 1005,
               "detectedTime" : 1577.05,
               "entityID" : 12938,
               "height" : 5229.9311040000002,
               "lla" : [ 119.6130118, -26.453504209999998, -183414.3174 ],
               "radarID" : 12938,
               "targetType" : 3,
               "trueID" : 805,
               "velocity" : [ 269.91022450000003, 122.39932949999999, 46.549703190000002 ]
            }
         ]
      }
   ],
   "terminator" : 0
}
