{
   "data" : [
      {
         "radarID" : 12995,
         "tracks" : [
            {
               "detectedID" : 1001,
               "detectedTime" : 1577.6500000000001,
               "entityID" : 12995,
               "height" : 5401.8776909999997,
               "lla" : [ 119.5691645, -26.423689549999999, -221034.85130000001 ],
               "radarID" : 12995,
               "targetType" : 3,
               "trueID" : 817,
               "velocity" : [ 271.2293272, 96.971424990000003, 83.852219969999993 ]
            }
         ]
      },
      {
         "radarID" : 13002,
         "tracks" : [
            {
               "detectedID" : 1006,
               "detectedTime" : 1577.6500000000001,
               "entityID" : 13002,
               "height" : 1361.0089720000001,
               "lla" : [ 119.9783044, -26.70932474, -203992.38500000001 ],
               "radarID" : 13002,
               "targetType" : 3,
               "trueID" : 811,
               "velocity" : [ 270.6545218, 102.3656261, 79.166965619999999 ]
            }
         ]
      }
   ],
   "terminator" : 0
}
