{
   "data" : [
      {
         "radarID" : 13002,
         "tracks" : [
            {
               "detectedID" : 1001,
               "detectedTime" : 1577.7,
               "entityID" : 13002,
               "height" : 2322.0729940000001,
               "lla" : [ 119.5679106, -26.422887060000001, -224058.72700000001 ],
               "radarID" : 13002,
               "targetType" : 3,
               "trueID" : 817,
               "velocity" : [ 271.22962649999999, 96.970895240000004, 83.851864359999993 ]
            }
         ]
      },
      {
         "radarID" : 13058,
         "tracks" : [
            {
               "detectedID" : 1004,
               "detectedTime" : 1577.7,
               "entityID" : 13058,
               "height" : 5002.7448290000002,
               "lla" : [ 119.6342602, -26.46691513, -124424.51360000001 ],
               "radarID" : 13058,
               "targetType" : 3,
               "trueID" : 799,
               "velocity" : [ -15.06685933, -165.87837920000001, 249.5142342 ]
            }
         ]
      }
   ],
   "terminator" : 0
}
