{
   "data" : [
      {
         "radarID" : 13072,
         "tracks" : [
            {
               "detectedID" : 1002,
               "detectedTime" : 1578.3,
               "entityID" : 13072,
               "height" : 5002.928038,
               "lla" : [ 120.0327522, -26.746327140000002, -170199.10149999999 ],
               "radarID" : 13072,
               "targetType" : 3,
               "trueID" : 793,
               "velocity" : [ 256.23957130000002, 50.839771740000003, 147.50118549999999 ]
            }
         ]
      }
   ],
   "terminator" : 0
}
