{
   "data" : [
      {
         "radarID" : 13023,
         "tracks" : [
            {
               "detectedID" : 1005,
               "detectedTime" : 1579.1500000000001,
               "entityID" : 13023,
               "height" : 5231.4972260000004,
               "lla" : [ 119.6066036, -26.449014689999998, -183702.20170000001 ],
               "radarID" : 13023,
               "targetType" : 3,
               "trueID" : 805,
               "velocity" : [ 269.9228928, 122.3769661, 46.535041659999997 ]
            }
         ]
      },
      {
         "radarID" : 13107,
         "tracks" : [
            {
               "detectedID" : 1003,
               "detectedTime" : 1579.1500000000001,
               "entityID" : 13107,
               "height" : 1055.5873429999999,
               "lla" : [ 119.5342387, -26.398883519999998, -210774.92370000001 ],
               "radarID" : 13107,
               "targetType" : 3,
               "trueID" : 781,
               "velocity" : [ 250.6258541, 35.023602179999997, 161.12116109999999 ]
            }
         ]
      }
   ],
   "terminator" : 0
}
