{
   "data" : [
      {
         "radarID" : 13009,
         "tracks" : [
            {
               "detectedID" : 1002,
               "detectedTime" : 1587.3499999999999,
               "entityID" : 13009,
               "height" : 1532.22514,
               "lla" : [ 120.0084191, -26.72953862, -175332.4509 ],
               "radarID" : 13009,
               "targetType" : 3,
               "trueID" : 793,
               "velocity" : [ 256.29505230000001, 50.743752059999998, 147.4378438 ]
            },
            {
               "detectedID" : 1005,
               "detectedTime" : 1587.3499999999999,
               "entityID" : 13009,
               "height" : 2583.5269779999999,
               "lla" : [ 119.5805333, -26.430810470000001, -187493.66320000001 ],
               "radarID" : 13009,
               "targetType" : 3,
               "trueID" : 805,
               "velocity" : [ 269.97233449999999, 122.28963109999999, 46.477787499999998 ]
            }
         ]
      },
      {
         "radarID" : 13016,
         "tracks" : [
            {
               "detectedID" : 1002,
               "detectedTime" : 1587.3499999999999,
               "entityID" : 13016,
               "height" : 1572.7066279999999,
               "lla" : [ 120.0084904, -26.729587129999999, -175290.5465 ],
               "radarID" : 13016,
               "targetType" : 3,
               "trueID" : 793,
               "velocity" : [ 256.29505230000001, 50.743752059999998, 147.4378438 ]
            },
            {
               "detectedID" : 1005,
               "detectedTime" : 1587.3499999999999,
               "entityID" : 13016,
               "height" : 2636.2696430000001,
               "lla" : [ 119.5803971, -26.430713690000001, -187450.37590000001 ],
               "radarID" : 13016,
               "targetType" : 3,
               "trueID" : 805,
               "velocity" : [ 269.97233449999999, 122.28963109999999, 46.477787499999998 ]
            }
         ]
      }
   ],
   "terminator" : 0
}
