{
   "data" : [
      {
         "radarID" : 13065,
         "tracks" : [
            {
               "detectedID" : 1005,
               "detectedTime" : 1588.4000000000001,
               "entityID" : 13065,
               "height" : 5226.8967990000001,
               "lla" : [ 119.578328, -26.42919942, -185054.12959999999 ],
               "radarID" : 13065,
               "targetType" : 3,
               "trueID" : 805,
               "velocity" : [ 269.97866260000001, 122.2784466, 46.47045567 ]
            }
         ]
      }
   ],
   "terminator" : 0
}
