{
   "data" : [
      {
         "radarID" : 13072,
         "tracks" : [
            {
               "detectedID" : 1001,
               "detectedTime" : 1588.55,
               "entityID" : 13072,
               "height" : 5245.5090039999995,
               "lla" : [ 119.5371342, -26.4012338, -222971.51500000001 ],
               "radarID" : 13072,
               "targetType" : 3,
               "trueID" : 817,
               "velocity" : [ 271.29454700000002, 96.855926800000006, 83.774687069999999 ]
            }
         ]
      }
   ],
   "terminator" : 0
}
