{
   "data" : [
      {
         "radarID" : 13107,
         "tracks" : [
            {
               "detectedID" : 1003,
               "detectedTime" : 1589.0999999999999,
               "entityID" : 13107,
               "height" : 991.58632580000005,
               "lla" : [ 119.50998300000001, -26.38188044, -212772.48480000001 ],
               "radarID" : 13107,
               "targetType" : 3,
               "trueID" : 781,
               "velocity" : [ 250.68582599999999, 34.917714760000003, 161.05082999999999 ]
            }
         ]
      }
   ],
   "terminator" : 0
}
