{
   "data" : [
      {
         "radarID" : 13093,
         "tracks" : [
            {
               "detectedID" : 1001,
               "detectedTime" : 1589.3,
               "entityID" : 13093,
               "height" : 1096.9598189999999,
               "lla" : [ 119.53417709999999, -26.399264590000001, -227195.0552 ],
               "radarID" : 13093,
               "targetType" : 3,
               "trueID" : 817,
               "velocity" : [ 271.29903200000001, 96.847978749999996, 83.76935143 ]
            }
         ]
      }
   ],
   "terminator" : 0
}
