{
   "data" : [
      {
         "radarID" : 13135,
         "tracks" : [
            {
               "detectedID" : 1002,
               "detectedTime" : 1589.55,
               "entityID" : 13135,
               "height" : 3948.6643170000002,
               "lla" : [ 120.003907, -26.726350400000001, -173402.07430000001 ],
               "radarID" : 13135,
               "targetType" : 3,
               "trueID" : 793,
               "velocity" : [ 256.30853239999999, 50.720408910000003, 147.42244170000001 ]
            }
         ]
      }
   ],
   "terminator" : 0
}
