{
   "data" : [
      {
         "radarID" : 12995,
         "tracks" : [
            {
               "detectedID" : 1006,
               "detectedTime" : 393.25,
               "entityID" : 12995,
               "height" : 7290.9933030000002,
               "lla" : [ 123.4535975, -29.02926926, -612.96459030000005 ],
               "radarID" : 12995,
               "targetType" : 3,
               "trueID" : 811,
               "velocity" : [ 263.0518869, 114.70943699999999, 87.438263090000007 ]
            }
         ]
      },
      {
         "radarID" : 13051,
         "tracks" : [
            {
               "detectedID" : 1004,
               "detectedTime" : 393.25,
               "entityID" : 13051,
               "height" : 1335.615616,
               "lla" : [ 122.6203204, -28.488013160000001, 31126.389729999999 ],
               "radarID" : 13051,
               "targetType" : 3,
               "trueID" : 799,
               "velocity" : [ 116.35714729999999, -90.007117210000004, 261.45694309999999 ]
            }
         ]
      },
      {
         "radarID" : 13079,
         "tracks" : [
            {
               "detectedID" : 1004,
               "detectedTime" : 393.25,
               "entityID" : 13079,
               "height" : 4945.3074100000003,
               "lla" : [ 122.6191876, -28.487182170000001, 34670.609629999999 ],
               "radarID" : 13079,
               "targetType" : 3,
               "trueID" : 799,
               "velocity" : [ 116.35714729999999, -90.007117210000004, 261.45694309999999 ]
            }
         ]
      },
      {
         "radarID" : 13086,
         "tracks" : [
            {
               "detectedID" : 1004,
               "detectedTime" : 393.25,
               "entityID" : 13086,
               "height" : 4944.2163650000002,
               "lla" : [ 122.6191453, -28.48715456, 34666.120869999999 ],
               "radarID" : 13086,
               "targetType" : 3,
               "trueID" : 799,
               "velocity" : [ 116.35714729999999, -90.007117210000004, 261.45694309999999 ]
            }
         ]
      }
   ],
   "terminator" : 0
}
