{
   "data" : [
      {
         "radarID" : 13009,
         "tracks" : [
            {
               "detectedID" : 1006,
               "detectedTime" : 1597.9000000000001,
               "entityID" : 13009,
               "height" : 1828.518507,
               "lla" : [ 119.918447, -26.66770786, -206843.0992 ],
               "radarID" : 13009,
               "targetType" : 3,
               "trueID" : 811,
               "velocity" : [ 270.77728230000002, 102.1517319, 79.023332400000001 ]
            },
            {
               "detectedID" : 1001,
               "detectedTime" : 1597.9000000000001,
               "entityID" : 13009,
               "height" : 2934.0931249999999,
               "lla" : [ 119.5087778, -26.38139455, -226774.01560000001 ],
               "radarID" : 13009,
               "targetType" : 3,
               "trueID" : 817,
               "velocity" : [ 271.35043580000001, 96.756832470000006, 83.708161840000002 ]
            }
         ]
      },
      {
         "radarID" : 13016,
         "tracks" : [
            {
               "detectedID" : 1006,
               "detectedTime" : 1597.9000000000001,
               "entityID" : 13016,
               "height" : 1880.3390830000001,
               "lla" : [ 119.9186661, -26.667858840000001, -206778.2206 ],
               "radarID" : 13016,
               "targetType" : 3,
               "trueID" : 811,
               "velocity" : [ 270.77728230000002, 102.1517319, 79.023332400000001 ]
            },
            {
               "detectedID" : 1001,
               "detectedTime" : 1597.9000000000001,
               "entityID" : 13016,
               "height" : 3001.4271410000001,
               "lla" : [ 119.5084706, -26.381177409999999, -226733.46179999999 ],
               "radarID" : 13016,
               "targetType" : 3,
               "trueID" : 817,
               "velocity" : [ 271.35043580000001, 96.756832470000006, 83.708161840000002 ]
            }
         ]
      }
   ],
   "terminator" : 0
}
