{
   "data" : [
      {
         "radarID" : 13072,
         "tracks" : [
            {
               "detectedID" : 1005,
               "detectedTime" : 1598.05,
               "entityID" : 13072,
               "height" : 5220.5554609999999,
               "lla" : [ 119.54893869999999, -26.40859012, -186445.06630000001 ],
               "radarID" : 13072,
               "targetType" : 3,
               "trueID" : 805,
               "velocity" : [ 270.03678969999999, 122.17564230000001, 46.403067329999999 ]
            }
         ]
      }
   ],
   "terminator" : 0
}
