{
   "data" : [
      {
         "radarID" : 13093,
         "tracks" : [
            {
               "detectedID" : 1004,
               "detectedTime" : 1605.9000000000001,
               "entityID" : 13093,
               "height" : 383.32056669999997,
               "lla" : [ 119.6606084, -26.485583210000001, -132156.01869999999 ],
               "radarID" : 13093,
               "targetType" : 3,
               "trueID" : 799,
               "velocity" : [ -14.893745969999999, -166.1824871, 249.3221958 ]
            }
         ]
      }
   ],
   "terminator" : 0
}
