{
   "data" : [
      {
         "radarID" : 13030,
         "tracks" : [
            {
               "detectedID" : 1002,
               "detectedTime" : 1608.9000000000001,
               "entityID" : 13030,
               "height" : 4555.5935019999997,
               "lla" : [ 119.9544784, -26.69202649, -176472.9277 ],
               "radarID" : 13030,
               "targetType" : 3,
               "trueID" : 793,
               "velocity" : [ 256.42697759999999, 50.515072439999997, 147.28690570000001 ]
            }
         ]
      },
      {
         "radarID" : 13037,
         "tracks" : [
            {
               "detectedID" : 1002,
               "detectedTime" : 1608.9000000000001,
               "entityID" : 13037,
               "height" : 4545.0511669999996,
               "lla" : [ 119.95442540000001, -26.691989970000002, -176486.83259999999 ],
               "radarID" : 13037,
               "targetType" : 3,
               "trueID" : 793,
               "velocity" : [ 256.42697759999999, 50.515072439999997, 147.28690570000001 ]
            }
         ]
      },
      {
         "radarID" : 13044,
         "tracks" : [
            {
               "detectedID" : 1002,
               "detectedTime" : 1608.9000000000001,
               "entityID" : 13044,
               "height" : 4566.8630910000002,
               "lla" : [ 119.95447660000001, -26.69202503, -176462.99290000001 ],
               "radarID" : 13044,
               "targetType" : 3,
               "trueID" : 793,
               "velocity" : [ 256.42697759999999, 50.515072439999997, 147.28690570000001 ]
            }
         ]
      }
   ],
   "terminator" : 0
}
