{
   "data" : [
      {
         "radarID" : 13114,
         "tracks" : [
            {
               "detectedID" : 1003,
               "detectedTime" : 1609.2,
               "entityID" : 13114,
               "height" : 845.63368600000001,
               "lla" : [ 119.4609057, -26.347449990000001, -216832.2102 ],
               "radarID" : 13114,
               "targetType" : 3,
               "trueID" : 781,
               "velocity" : [ 250.80680860000001, 34.703786909999998, 160.9086447 ]
            }
         ]
      },
      {
         "radarID" : 13135,
         "tracks" : [
            {
               "detectedID" : 1005,
               "detectedTime" : 1609.2,
               "entityID" : 13135,
               "height" : 4446.0003630000001,
               "lla" : [ 119.51479809999999, -26.384651609999999, -188822.46340000001 ],
               "radarID" : 13135,
               "targetType" : 3,
               "trueID" : 805,
               "velocity" : [ 270.103883, 122.0568267, 46.325192100000002 ]
            }
         ]
      },
      {
         "radarID" : 13142,
         "tracks" : [
            {
               "detectedID" : 1005,
               "detectedTime" : 1609.2,
               "entityID" : 13142,
               "height" : 5225.6906639999997,
               "lla" : [ 119.5148636, -26.384678430000001, -188069.19459999999 ],
               "radarID" : 13142,
               "targetType" : 3,
               "trueID" : 805,
               "velocity" : [ 270.103883, 122.0568267, 46.325192100000002 ]
            }
         ]
      }
   ],
   "terminator" : 0
}
