{
   "data" : [
      {
         "radarID" : 12903,
         "tracks" : [
            {
               "detectedID" : 1006,
               "detectedTime" : 1616.5,
               "entityID" : 12903,
               "height" : 5469.4797719999997,
               "lla" : [ 119.86462400000001, -26.630157929999999, -206280.14050000001 ],
               "radarID" : 12903,
               "targetType" : 3,
               "trueID" : 811,
               "velocity" : [ 270.88982420000002, 101.955185, 78.891339239999994 ]
            }
         ]
      },
      {
         "radarID" : 12917,
         "tracks" : [
            {
               "detectedID" : 1006,
               "detectedTime" : 1616.5,
               "entityID" : 12917,
               "height" : 2600.4107509999999,
               "lla" : [ 119.8639005, -26.629724719999999, -209045.06349999999 ],
               "radarID" : 12917,
               "targetType" : 3,
               "trueID" : 811,
               "velocity" : [ 270.88982420000002, 101.955185, 78.891339239999994 ]
            }
         ]
      }
   ],
   "terminator" : 0
}
