{
   "data" : [
      {
         "radarID" : 12995,
         "tracks" : [
            {
               "detectedID" : 1002,
               "detectedTime" : 1617.05,
               "entityID" : 12995,
               "height" : 4810.1758639999998,
               "lla" : [ 119.9337458, -26.677618339999999, -177766.81210000001 ],
               "radarID" : 12995,
               "targetType" : 3,
               "trueID" : 793,
               "velocity" : [ 256.47680179999998, 50.428574820000001, 147.2297829 ]
            },
            {
               "detectedID" : 1005,
               "detectedTime" : 1617.05,
               "entityID" : 12995,
               "height" : 4757.1936409999998,
               "lla" : [ 119.4910228, -26.367948500000001, -189624.01939999999 ],
               "radarID" : 12995,
               "targetType" : 3,
               "trueID" : 805,
               "velocity" : [ 270.1510748, 121.97315620000001, 46.270357439999998 ]
            }
         ]
      }
   ],
   "terminator" : 0
}
