{
   "data" : [
      {
         "radarID" : 12931,
         "tracks" : [
            {
               "detectedID" : 1006,
               "detectedTime" : 1617.45,
               "entityID" : 12931,
               "height" : 5466.1842379999998,
               "lla" : [ 119.86189760000001, -26.62825943, -206436.087 ],
               "radarID" : 12931,
               "targetType" : 3,
               "trueID" : 811,
               "velocity" : [ 270.89556670000002, 101.9451443, 78.884596029999997 ]
            }
         ]
      },
      {
         "radarID" : 12938,
         "tracks" : [
            {
               "detectedID" : 1006,
               "detectedTime" : 1617.45,
               "entityID" : 12938,
               "height" : 5469.0074750000003,
               "lla" : [ 119.8616744, -26.628103830000001, -206442.45629999999 ],
               "radarID" : 12938,
               "targetType" : 3,
               "trueID" : 811,
               "velocity" : [ 270.89556670000002, 101.9451443, 78.884596029999997 ]
            }
         ]
      },
      {
         "radarID" : 12988,
         "tracks" : [
            {
               "detectedID" : 1002,
               "detectedTime" : 1617.45,
               "entityID" : 12988,
               "height" : 5001.7273830000004,
               "lla" : [ 119.93280110000001, -26.676957309999999, -177654.7934 ],
               "radarID" : 12988,
               "targetType" : 3,
               "trueID" : 793,
               "velocity" : [ 256.47924619999998, 50.424329350000001, 147.22697880000001 ]
            }
         ]
      }
   ],
   "terminator" : 0
}
