{
   "data" : [
      {
         "radarID" : 13044,
         "tracks" : [
            {
               "detectedID" : 1004,
               "detectedTime" : 1618.2,
               "entityID" : 13044,
               "height" : 3049.1491080000001,
               "lla" : [ 119.6731619, -26.494353570000001, -131060.9607 ],
               "radarID" : 13044,
               "targetType" : 3,
               "trueID" : 799,
               "velocity" : [ -14.81823172, -166.3150369, 249.23829660000001 ]
            }
         ]
      }
   ],
   "terminator" : 0
}
