{
   "data" : [
      {
         "radarID" : 13072,
         "tracks" : [
            {
               "detectedID" : 1001,
               "detectedTime" : 1618.5,
               "entityID" : 13072,
               "height" : 5235.4638610000002,
               "lla" : [ 119.4487151, -26.339152129999999, -227916.80009999999 ],
               "radarID" : 13072,
               "targetType" : 3,
               "trueID" : 817,
               "velocity" : [ 271.47338569999999, 96.538441270000007, 83.561535419999998 ]
            }
         ]
      }
   ],
   "terminator" : 0
}
