{
   "data" : [
      {
         "radarID" : 13093,
         "tracks" : [
            {
               "detectedID" : 1006,
               "detectedTime" : 1619.7,
               "entityID" : 13093,
               "height" : 811.15005880000001,
               "lla" : [ 119.8548747, -26.62348695, -211405.3345 ],
               "radarID" : 13093,
               "targetType" : 3,
               "trueID" : 811,
               "velocity" : [ 270.90916540000001, 101.9213627, 78.868624629999999 ]
            }
         ]
      },
      {
         "radarID" : 13121,
         "tracks" : [
            {
               "detectedID" : 1004,
               "detectedTime" : 1619.7,
               "entityID" : 13121,
               "height" : 5016.8652709999997,
               "lla" : [ 119.67521309999999, -26.495746570000001, -129301.1606 ],
               "radarID" : 13121,
               "targetType" : 3,
               "trueID" : 799,
               "velocity" : [ -14.809022349999999, -166.33119769999999, 249.22805930000001 ]
            }
         ]
      }
   ],
   "terminator" : 0
}
