{
   "data" : [
      {
         "radarID" : 13030,
         "tracks" : [
            {
               "detectedID" : 1002,
               "detectedTime" : 1628.9000000000001,
               "entityID" : 13030,
               "height" : 4776.6961270000002,
               "lla" : [ 119.9033574, -26.65649831, -180070.89300000001 ],
               "radarID" : 13030,
               "targetType" : 3,
               "trueID" : 793,
               "velocity" : [ 256.54917829999999, 50.302795420000002, 147.1466882 ]
            }
         ]
      },
      {
         "radarID" : 13037,
         "tracks" : [
            {
               "detectedID" : 1002,
               "detectedTime" : 1628.9000000000001,
               "entityID" : 13037,
               "height" : 4765.8543639999998,
               "lla" : [ 119.9033397, -26.656486130000001, -180076.4865 ],
               "radarID" : 13037,
               "targetType" : 3,
               "trueID" : 793,
               "velocity" : [ 256.54917829999999, 50.302795420000002, 147.1466882 ]
            }
         ]
      },
      {
         "radarID" : 13044,
         "tracks" : [
            {
               "detectedID" : 1002,
               "detectedTime" : 1628.9000000000001,
               "entityID" : 13044,
               "height" : 4788.1583010000004,
               "lla" : [ 119.9033376, -26.656484349999999, -180065.8492 ],
               "radarID" : 13044,
               "targetType" : 3,
               "trueID" : 793,
               "velocity" : [ 256.54917829999999, 50.302795420000002, 147.1466882 ]
            }
         ]
      },
      {
         "radarID" : 13135,
         "tracks" : [
            {
               "detectedID" : 1004,
               "detectedTime" : 1628.9000000000001,
               "entityID" : 13135,
               "height" : 1756.923935,
               "lla" : [ 119.683443, -26.501621270000001, -133607.73910000001 ],
               "radarID" : 13135,
               "targetType" : 3,
               "trueID" : 799,
               "velocity" : [ -14.752536839999999, -166.43029859999999, 249.1652431 ]
            }
         ]
      }
   ],
   "terminator" : 0
}
