{
   "data" : [
      {
         "radarID" : 13135,
         "tracks" : [
            {
               "detectedID" : 1002,
               "detectedTime" : 1629.5,
               "entityID" : 13135,
               "height" : 4286.9415390000004,
               "lla" : [ 119.90180239999999, -26.65542967, -180673.9326 ],
               "radarID" : 13135,
               "targetType" : 3,
               "trueID" : 793,
               "velocity" : [ 256.55284089999998, 50.296426439999998, 147.1424797 ]
            }
         ]
      }
   ],
   "terminator" : 0
}
