{
   "data" : [
      {
         "radarID" : 12924,
         "tracks" : [
            {
               "detectedID" : 1001,
               "detectedTime" : 1636.1500000000001,
               "entityID" : 12924,
               "height" : 4073.7079279999998,
               "lla" : [ 119.39633240000001, -26.302343260000001, -231925.02600000001 ],
               "radarID" : 12924,
               "targetType" : 3,
               "trueID" : 817,
               "velocity" : [ 271.57852659999998, 96.351252709999997, 83.435843660000003 ]
            }
         ]
      }
   ],
   "terminator" : 0
}
