{
   "data" : [
      {
         "radarID" : 13002,
         "tracks" : [
            {
               "detectedID" : 1004,
               "detectedTime" : 1636.4000000000001,
               "entityID" : 13002,
               "height" : 3417.4207849999998,
               "lla" : [ 119.6910603, -26.50693648, -132780.9515 ],
               "radarID" : 13002,
               "targetType" : 3,
               "trueID" : 799,
               "velocity" : [ -14.70648703, -166.51106390000001, 249.11399969999999 ]
            }
         ]
      }
   ],
   "terminator" : 0
}
