{
   "data" : [
      {
         "radarID" : 12903,
         "tracks" : [
            {
               "detectedID" : 1006,
               "detectedTime" : 1636.55,
               "entityID" : 12903,
               "height" : 5460.9746029999997,
               "lla" : [ 119.80514549999999, -26.588710809999998, -209545.9846 ],
               "radarID" : 12903,
               "targetType" : 3,
               "trueID" : 811,
               "velocity" : [ 271.01090770000002, 101.7432293, 78.748988440000005 ]
            }
         ]
      },
      {
         "radarID" : 12917,
         "tracks" : [
            {
               "detectedID" : 1006,
               "detectedTime" : 1636.55,
               "entityID" : 12917,
               "height" : 2703.7809240000001,
               "lla" : [ 119.8043083, -26.588194739999999, -212206.33780000001 ],
               "radarID" : 12917,
               "targetType" : 3,
               "trueID" : 811,
               "velocity" : [ 271.01090770000002, 101.7432293, 78.748988440000005 ]
            }
         ]
      }
   ],
   "terminator" : 0
}
