{
   "data" : [
      {
         "radarID" : 12910,
         "tracks" : [
            {
               "detectedID" : 1001,
               "detectedTime" : 1636.7,
               "entityID" : 12910,
               "height" : 3927.4943060000001,
               "lla" : [ 119.3948702, -26.301318380000001, -232159.58850000001 ],
               "radarID" : 12910,
               "targetType" : 3,
               "trueID" : 817,
               "velocity" : [ 271.58179990000002, 96.34541858, 83.431925989999996 ]
            }
         ]
      }
   ],
   "terminator" : 0
}
