{
   "data" : [
      {
         "radarID" : 13030,
         "tracks" : [
            {
               "detectedID" : 1003,
               "detectedTime" : 402.64999999999998,
               "entityID" : 13030,
               "height" : 540.70457069999998,
               "lla" : [ 122.34870979999999, -28.309865479999999, 18007.265869999999 ],
               "radarID" : 13030,
               "targetType" : 3,
               "trueID" : 781,
               "velocity" : [ 243.15074609999999, 47.485151530000003, 169.18296330000001 ]
            }
         ]
      },
      {
         "radarID" : 13037,
         "tracks" : [
            {
               "detectedID" : 1003,
               "detectedTime" : 402.64999999999998,
               "entityID" : 13037,
               "height" : 528.0195751,
               "lla" : [ 122.3486661, -28.309837089999998, 17991.720290000001 ],
               "radarID" : 13037,
               "targetType" : 3,
               "trueID" : 781,
               "velocity" : [ 243.15074609999999, 47.485151530000003, 169.18296330000001 ]
            }
         ]
      }
   ],
   "terminator" : 0
}
