{
   "data" : [
      {
         "radarID" : 13002,
         "tracks" : [
            {
               "detectedID" : 1001,
               "detectedTime" : 1637.7,
               "entityID" : 13002,
               "height" : 2821.6031790000002,
               "lla" : [ 119.39125180000001, -26.29879962, -233422.54509999999 ],
               "radarID" : 13002,
               "targetType" : 3,
               "trueID" : 817,
               "velocity" : [ 271.58775100000003, 96.334810899999994, 83.424802810000003 ]
            }
         ]
      },
      {
         "radarID" : 13065,
         "tracks" : [
            {
               "detectedID" : 1004,
               "detectedTime" : 1637.7,
               "entityID" : 13065,
               "height" : 5002.4577760000002,
               "lla" : [ 119.6927065, -26.508054479999998, -131386.927 ],
               "radarID" : 13065,
               "targetType" : 3,
               "trueID" : 799,
               "velocity" : [ -14.6985049, -166.52506109999999, 249.1051143 ]
            }
         ]
      }
   ],
   "terminator" : 0
}
