{
   "data" : [
      {
         "radarID" : 13030,
         "tracks" : [
            {
               "detectedID" : 1004,
               "detectedTime" : 1638.2,
               "entityID" : 13030,
               "height" : 3081.5055029999999,
               "lla" : [ 119.6924963, -26.507957210000001, -133371.62959999999 ],
               "radarID" : 13030,
               "targetType" : 3,
               "trueID" : 799,
               "velocity" : [ -14.69543483, -166.53044449999999, 249.1016966 ]
            }
         ]
      },
      {
         "radarID" : 13037,
         "tracks" : [
            {
               "detectedID" : 1004,
               "detectedTime" : 1638.2,
               "entityID" : 13037,
               "height" : 3094.5495780000001,
               "lla" : [ 119.6926091, -26.50803565, -133346.85209999999 ],
               "radarID" : 13037,
               "targetType" : 3,
               "trueID" : 799,
               "velocity" : [ -14.69543483, -166.53044449999999, 249.1016966 ]
            }
         ]
      },
      {
         "radarID" : 13044,
         "tracks" : [
            {
               "detectedID" : 1004,
               "detectedTime" : 1638.2,
               "entityID" : 13044,
               "height" : 3071.3764980000001,
               "lla" : [ 119.6927037, -26.50810225, -133361.90040000001 ],
               "radarID" : 13044,
               "targetType" : 3,
               "trueID" : 799,
               "velocity" : [ -14.69543483, -166.53044449999999, 249.1016966 ]
            }
         ]
      }
   ],
   "terminator" : 0
}
