{
   "data" : [
      {
         "radarID" : 13093,
         "tracks" : [
            {
               "detectedID" : 1002,
               "detectedTime" : 1639.5,
               "entityID" : 13093,
               "height" : 267.1176706,
               "lla" : [ 119.8755953, -26.637304629999999, -186597.04730000001 ],
               "radarID" : 13093,
               "targetType" : 3,
               "trueID" : 793,
               "velocity" : [ 256.6138527, 50.190270949999999, 147.07231999999999 ]
            }
         ]
      }
   ],
   "terminator" : 0
}
