{
   "data" : [
      {
         "radarID" : 12924,
         "tracks" : [
            {
               "detectedID" : 1006,
               "detectedTime" : 1645.9000000000001,
               "entityID" : 12924,
               "height" : 3569.1497960000002,
               "lla" : [ 119.7773062, -26.569338890000001, -212871.61869999999 ],
               "radarID" : 12924,
               "targetType" : 3,
               "trueID" : 811,
               "velocity" : [ 271.06729089999999, 101.6443563, 78.68258136 ]
            }
         ]
      },
      {
         "radarID" : 13107,
         "tracks" : [
            {
               "detectedID" : 1004,
               "detectedTime" : 1645.9000000000001,
               "entityID" : 13107,
               "height" : 4982.6004300000004,
               "lla" : [ 119.7007536, -26.513714839999999, -132357.69070000001 ],
               "radarID" : 13107,
               "targetType" : 3,
               "trueID" : 799,
               "velocity" : [ -14.64815492, -166.6133365, 249.04904669999999 ]
            }
         ]
      },
      {
         "radarID" : 13114,
         "tracks" : [
            {
               "detectedID" : 1004,
               "detectedTime" : 1645.9000000000001,
               "entityID" : 13114,
               "height" : 176.05360820000001,
               "lla" : [ 119.699134, -26.512697450000001, -136988.07620000001 ],
               "radarID" : 13114,
               "targetType" : 3,
               "trueID" : 799,
               "velocity" : [ -14.64815492, -166.6133365, 249.04904669999999 ]
            }
         ]
      }
   ],
   "terminator" : 0
}
