{
   "data" : [
      {
         "radarID" : 12917,
         "tracks" : [
            {
               "detectedID" : 1001,
               "detectedTime" : 1646.8,
               "entityID" : 12917,
               "height" : 3670.5807679999998,
               "lla" : [ 119.36481190000001, -26.2801665, -234066.1293 ],
               "radarID" : 12917,
               "targetType" : 3,
               "trueID" : 817,
               "velocity" : [ 271.64187820000001, 96.238271229999995, 83.359973310000001 ]
            }
         ]
      }
   ],
   "terminator" : 0
}
