{
   "data" : [
      {
         "radarID" : 13002,
         "tracks" : [
            {
               "detectedID" : 1002,
               "detectedTime" : 1647.2,
               "entityID" : 13002,
               "height" : 1668.981489,
               "lla" : [ 119.8554568, -26.623252069999999, -186583.29759999999 ],
               "radarID" : 13002,
               "targetType" : 3,
               "trueID" : 793,
               "velocity" : [ 256.66079309999998, 50.108523820000002, 147.0182748 ]
            }
         ]
      }
   ],
   "terminator" : 0
}
