{
   "data" : [
      {
         "radarID" : 12995,
         "tracks" : [
            {
               "detectedID" : 1006,
               "detectedTime" : 1647.5999999999999,
               "entityID" : 12995,
               "height" : 5340.3543829999999,
               "lla" : [ 119.77248659999999, -26.565932249999999, -211451.57769999999 ],
               "radarID" : 12995,
               "targetType" : 3,
               "trueID" : 811,
               "velocity" : [ 271.07753680000002, 101.6263774, 78.670505700000007 ]
            }
         ]
      }
   ],
   "terminator" : 0
}
