{
   "data" : [
      {
         "radarID" : 13065,
         "tracks" : [
            {
               "detectedID" : 1002,
               "detectedTime" : 1648.5999999999999,
               "entityID" : 13065,
               "height" : 5005.9022150000001,
               "lla" : [ 119.8530239, -26.621477070000001, -183588.39350000001 ],
               "radarID" : 13065,
               "targetType" : 3,
               "trueID" : 793,
               "velocity" : [ 256.66932409999998, 50.093660020000002, 147.0084463 ]
            }
         ]
      }
   ],
   "terminator" : 0
}
