{
   "data" : [
      {
         "radarID" : 13093,
         "tracks" : [
            {
               "detectedID" : 1004,
               "detectedTime" : 1656.0,
               "entityID" : 13093,
               "height" : 241.43471210000001,
               "lla" : [ 119.70910720000001, -26.519709760000001, -138116.66390000001 ],
               "radarID" : 13093,
               "targetType" : 3,
               "trueID" : 799,
               "velocity" : [ -14.586135820000001, -166.7220313, 248.97993679999999 ]
            }
         ]
      }
   ],
   "terminator" : 0
}
