{
   "data" : [
      {
         "radarID" : 12995,
         "tracks" : [
            {
               "detectedID" : 1004,
               "detectedTime" : 1656.3499999999999,
               "entityID" : 12995,
               "height" : 5098.6614289999998,
               "lla" : [ 119.710949, -26.52088195, -133466.87530000001 ],
               "radarID" : 12995,
               "targetType" : 3,
               "trueID" : 799,
               "velocity" : [ -14.58398659, -166.72579730000001, 248.97754090000001 ]
            }
         ]
      }
   ],
   "terminator" : 0
}
