{
   "data" : [
      {
         "radarID" : 12917,
         "tracks" : [
            {
               "detectedID" : 1005,
               "detectedTime" : 1656.4000000000001,
               "entityID" : 12917,
               "height" : 5022.9846479999997,
               "lla" : [ 119.3711648, -26.28364393, -195015.133 ],
               "radarID" : 12917,
               "targetType" : 3,
               "trueID" : 805,
               "velocity" : [ 270.38708120000001, 121.5534878, 45.995389850000002 ]
            }
         ]
      },
      {
         "radarID" : 13002,
         "tracks" : [
            {
               "detectedID" : 1004,
               "detectedTime" : 1656.4000000000001,
               "entityID" : 13002,
               "height" : 3251.8598820000002,
               "lla" : [ 119.7105408, -26.520641680000001, -135271.2659 ],
               "radarID" : 13002,
               "targetType" : 3,
               "trueID" : 799,
               "velocity" : [ -14.58367956, -166.72633529999999, 248.97719860000001 ]
            }
         ]
      }
   ],
   "terminator" : 0
}
