{
   "data" : [
      {
         "radarID" : 13023,
         "tracks" : [
            {
               "detectedID" : 1004,
               "detectedTime" : 1658.8499999999999,
               "entityID" : 13023,
               "height" : 5000.9786899999999,
               "lla" : [ 119.7135675, -26.522724459999999, -133830.484 ],
               "radarID" : 13023,
               "targetType" : 3,
               "trueID" : 799,
               "velocity" : [ -14.56863485, -166.7526957, 248.9604253 ]
            }
         ]
      }
   ],
   "terminator" : 0
}
