{
   "data" : [
      {
         "radarID" : 13114,
         "tracks" : [
            {
               "detectedID" : 1001,
               "detectedTime" : 1659.25,
               "entityID" : 13114,
               "height" : 1470.6030040000001,
               "lla" : [ 119.3279204, -26.254236280000001, -238305.86300000001 ],
               "radarID" : 13114,
               "targetType" : 3,
               "trueID" : 817,
               "velocity" : [ 271.71585099999999, 96.106163760000001, 83.271253090000002 ]
            }
         ]
      }
   ],
   "terminator" : 0
}
