{
   "data" : [
      {
         "radarID" : 13093,
         "tracks" : [
            {
               "detectedID" : 1006,
               "detectedTime" : 1659.5,
               "entityID" : 13093,
               "height" : 913.23637150000002,
               "lla" : [ 119.73667620000001, -26.54104598, -217763.94149999999 ],
               "radarID" : 13093,
               "targetType" : 3,
               "trueID" : 811,
               "velocity" : [ 271.14920949999998, 101.50050640000001, 78.585961990000001 ]
            }
         ]
      },
      {
         "radarID" : 13107,
         "tracks" : [
            {
               "detectedID" : 1002,
               "detectedTime" : 1659.5,
               "entityID" : 13107,
               "height" : 5017.9391830000004,
               "lla" : [ 119.8251137, -26.602043429999998, -185649.1329 ],
               "radarID" : 13107,
               "targetType" : 3,
               "trueID" : 793,
               "velocity" : [ 256.73570599999999, 49.977927399999999, 146.9319026 ]
            }
         ]
      }
   ],
   "terminator" : 0
}
