{
   "data" : [
      {
         "radarID" : 13114,
         "tracks" : [
            {
               "detectedID" : 1004,
               "detectedTime" : 1666.0,
               "entityID" : 13114,
               "height" : 135.83337560000001,
               "lla" : [ 119.7184572, -26.526287409999998, -139368.2402 ],
               "radarID" : 13114,
               "targetType" : 3,
               "trueID" : 799,
               "velocity" : [ -14.52472787, -166.82961230000001, 248.91145560000001 ]
            }
         ]
      }
   ],
   "terminator" : 0
}
