{
   "data" : [
      {
         "radarID" : 13065,
         "tracks" : [
            {
               "detectedID" : 1002,
               "detectedTime" : 1668.5999999999999,
               "entityID" : 13065,
               "height" : 5007.4177099999997,
               "lla" : [ 119.8017529, -26.58576892, -187401.12090000001 ],
               "radarID" : 13065,
               "targetType" : 3,
               "trueID" : 793,
               "velocity" : [ 256.7910741, 49.881296740000003, 146.86796949999999 ]
            }
         ]
      },
      {
         "radarID" : 13072,
         "tracks" : [
            {
               "detectedID" : 1006,
               "detectedTime" : 1668.5999999999999,
               "entityID" : 13072,
               "height" : 5442.6993009999997,
               "lla" : [ 119.7101993, -26.522434409999999, -214760.08499999999 ],
               "radarID" : 13072,
               "targetType" : 3,
               "trueID" : 811,
               "velocity" : [ 271.2039608, 101.40423079999999, 78.521294240000003 ]
            }
         ]
      },
      {
         "radarID" : 13114,
         "tracks" : [
            {
               "detectedID" : 1005,
               "detectedTime" : 1668.5999999999999,
               "entityID" : 13114,
               "height" : 528.56546349999996,
               "lla" : [ 119.33234210000001, -26.256403689999999, -201232.51190000001 ],
               "radarID" : 13114,
               "targetType" : 3,
               "trueID" : 805,
               "velocity" : [ 270.4600648, 121.4232902, 45.910107070000002 ]
            }
         ]
      }
   ],
   "terminator" : 0
}
