{
   "data" : [
      {
         "radarID" : 13065,
         "tracks" : [
            {
               "detectedID" : 1006,
               "detectedTime" : 1668.75,
               "entityID" : 13065,
               "height" : 5448.3909290000001,
               "lla" : [ 119.7096841, -26.522074409999998, -214790.62580000001 ],
               "radarID" : 13065,
               "targetType" : 3,
               "trueID" : 811,
               "velocity" : [ 271.2048628, 101.4026437, 78.520228169999996 ]
            }
         ]
      }
   ],
   "terminator" : 0
}
