{
   "data" : [
      {
         "radarID" : 13051,
         "tracks" : [
            {
               "detectedID" : 1001,
               "detectedTime" : 411.69999999999999,
               "entityID" : 13051,
               "height" : 2195.2002029999999,
               "lla" : [ 122.9699675, -28.71759183, -27798.736349999999 ],
               "radarID" : 13051,
               "targetType" : 3,
               "trueID" : 817,
               "velocity" : [ 263.84565889999999, 109.1738148, 92.013838309999997 ]
            }
         ]
      },
      {
         "radarID" : 13058,
         "tracks" : [
            {
               "detectedID" : 1001,
               "detectedTime" : 411.69999999999999,
               "entityID" : 13058,
               "height" : 5808.2417269999996,
               "lla" : [ 122.96869460000001, -28.716673029999999, -24224.313450000001 ],
               "radarID" : 13058,
               "targetType" : 3,
               "trueID" : 817,
               "velocity" : [ 263.84565889999999, 109.1738148, 92.013838309999997 ]
            }
         ]
      }
   ],
   "terminator" : 0
}
