{
   "data" : [
      {
         "radarID" : 13142,
         "tracks" : [
            {
               "detectedID" : 1002,
               "detectedTime" : 1669.4000000000001,
               "entityID" : 13142,
               "height" : 5018.1913240000003,
               "lla" : [ 119.7996469, -26.58430237, -187597.93830000001 ],
               "radarID" : 13142,
               "targetType" : 3,
               "trueID" : 793,
               "velocity" : [ 256.79593940000001, 49.87280131, 146.86234769999999 ]
            }
         ]
      }
   ],
   "terminator" : 0
}
