{
   "data" : [
      {
         "radarID" : 13107,
         "tracks" : [
            {
               "detectedID" : 1002,
               "detectedTime" : 1669.45,
               "entityID" : 13107,
               "height" : 5010.3590409999997,
               "lla" : [ 119.79963549999999, -26.58429319, -187550.37719999999 ],
               "radarID" : 13107,
               "targetType" : 3,
               "trueID" : 793,
               "velocity" : [ 256.7962435, 49.872270350000001, 146.86199640000001 ]
            }
         ]
      },
      {
         "radarID" : 13135,
         "tracks" : [
            {
               "detectedID" : 1002,
               "detectedTime" : 1669.45,
               "entityID" : 13135,
               "height" : 4647.4416119999996,
               "lla" : [ 119.79957880000001, -26.58426296, -187916.5257 ],
               "radarID" : 13135,
               "targetType" : 3,
               "trueID" : 793,
               "velocity" : [ 256.7962435, 49.872270350000001, 146.86199640000001 ]
            }
         ]
      }
   ],
   "terminator" : 0
}
