{
   "data" : [
      {
         "radarID" : 12903,
         "tracks" : [
            {
               "detectedID" : 1002,
               "detectedTime" : 1676.3,
               "entityID" : 12903,
               "height" : 5004.033555,
               "lla" : [ 119.78219350000001, -26.572136069999999, -188864.3443 ],
               "radarID" : 12903,
               "targetType" : 3,
               "trueID" : 793,
               "velocity" : [ 256.83788729999998, 49.799525340000002, 146.81385119999999 ]
            }
         ]
      },
      {
         "radarID" : 12917,
         "tracks" : [
            {
               "detectedID" : 1002,
               "detectedTime" : 1676.3,
               "entityID" : 12917,
               "height" : 3536.2945359999999,
               "lla" : [ 119.7817134, -26.571836869999998, -190280.09479999999 ],
               "radarID" : 12917,
               "targetType" : 3,
               "trueID" : 793,
               "velocity" : [ 256.83788729999998, 49.799525340000002, 146.81385119999999 ]
            }
         ]
      }
   ],
   "terminator" : 0
}
