{
   "data" : [
      {
         "radarID" : 13065,
         "tracks" : [
            {
               "detectedID" : 1006,
               "detectedTime" : 412.0,
               "entityID" : 13065,
               "height" : 6018.9746029999997,
               "lla" : [ 123.3994817, -28.994609350000001, -5059.2561439999999 ],
               "radarID" : 13065,
               "targetType" : 3,
               "trueID" : 811,
               "velocity" : [ 263.17865460000002, 114.5166751, 87.309374529999999 ]
            }
         ]
      },
      {
         "radarID" : 13086,
         "tracks" : [
            {
               "detectedID" : 1006,
               "detectedTime" : 412.0,
               "entityID" : 13086,
               "height" : 6022.6543469999997,
               "lla" : [ 123.3995401, -28.994646759999998, -5053.288552 ],
               "radarID" : 13086,
               "targetType" : 3,
               "trueID" : 811,
               "velocity" : [ 263.17865460000002, 114.5166751, 87.309374529999999 ]
            }
         ]
      }
   ],
   "terminator" : 0
}
