{
   "data" : [
      {
         "radarID" : 13065,
         "tracks" : [
            {
               "detectedID" : 1002,
               "detectedTime" : 1678.5999999999999,
               "entityID" : 13065,
               "height" : 5007.1230610000002,
               "lla" : [ 119.7761606, -26.567929620000001, -189302.80989999999 ],
               "radarID" : 13065,
               "targetType" : 3,
               "trueID" : 793,
               "velocity" : [ 256.85186399999998, 49.775098880000002, 146.7976822 ]
            }
         ]
      },
      {
         "radarID" : 13072,
         "tracks" : [
            {
               "detectedID" : 1006,
               "detectedTime" : 1678.5999999999999,
               "entityID" : 13072,
               "height" : 5442.091856,
               "lla" : [ 119.6803975, -26.501602550000001, -216394.31229999999 ],
               "radarID" : 13072,
               "targetType" : 3,
               "trueID" : 811,
               "velocity" : [ 271.26406989999998, 101.2984122, 78.450214130000006 ]
            }
         ]
      },
      {
         "radarID" : 13114,
         "tracks" : [
            {
               "detectedID" : 1005,
               "detectedTime" : 1678.5999999999999,
               "entityID" : 13114,
               "height" : 562.38772429999995,
               "lla" : [ 119.3018527, -26.234904920000002, -202627.1496 ],
               "radarID" : 13114,
               "targetType" : 3,
               "trueID" : 805,
               "velocity" : [ 270.51982129999999, 121.316541, 45.840191760000003 ]
            }
         ]
      }
   ],
   "terminator" : 0
}
