{
   "data" : [
      {
         "radarID" : 13128,
         "tracks" : [
            {
               "detectedID" : 1004,
               "detectedTime" : 1679.8,
               "entityID" : 13128,
               "height" : 3931.6198439999998,
               "lla" : [ 119.7337677, -26.536952960000001, -137369.12220000001 ],
               "radarID" : 13128,
               "targetType" : 3,
               "trueID" : 799,
               "velocity" : [ -14.439980179999999, -166.9780126, 248.81686089999999 ]
            }
         ]
      }
   ],
   "terminator" : 0
}
