{
   "data" : [
      {
         "radarID" : 12995,
         "tracks" : [
            {
               "detectedID" : 1004,
               "detectedTime" : 1686.4000000000001,
               "entityID" : 12995,
               "height" : 5808.4643770000002,
               "lla" : [ 119.74030860000001, -26.541502659999999, -136286.01319999999 ],
               "radarID" : 12995,
               "targetType" : 3,
               "trueID" : 799,
               "velocity" : [ -14.399446749999999, -167.0489614, 248.7715829 ]
            }
         ]
      }
   ],
   "terminator" : 0
}
