{
   "data" : [
      {
         "radarID" : 12995,
         "tracks" : [
            {
               "detectedID" : 1005,
               "detectedTime" : 1687.1500000000001,
               "entityID" : 12995,
               "height" : 4890.3488820000002,
               "lla" : [ 119.2772666, -26.217450580000001, -199544.43220000001 ],
               "radarID" : 12995,
               "targetType" : 3,
               "trueID" : 805,
               "velocity" : [ 270.57086570000001, 121.22524919999999, 45.780406050000003 ]
            }
         ]
      }
   ],
   "terminator" : 0
}
