{
   "data" : [
      {
         "radarID" : 12995,
         "tracks" : [
            {
               "detectedID" : 1006,
               "detectedTime" : 1687.6500000000001,
               "entityID" : 12995,
               "height" : 5453.3961769999996,
               "lla" : [ 119.6536424, -26.48288801, -217836.90239999999 ],
               "radarID" : 12995,
               "targetType" : 3,
               "trueID" : 811,
               "velocity" : [ 271.31841700000001, 101.2026271, 78.385871620000003 ]
            }
         ]
      }
   ],
   "terminator" : 0
}
