{
   "data" : [
      {
         "radarID" : 13114,
         "tracks" : [
            {
               "detectedID" : 1001,
               "detectedTime" : 1689.1500000000001,
               "entityID" : 13114,
               "height" : 1615.3355059999999,
               "lla" : [ 119.23963790000001, -26.191958840000002, -243060.5362 ],
               "radarID" : 13114,
               "targetType" : 3,
               "trueID" : 817,
               "velocity" : [ 271.89312510000002, 95.788759440000007, 83.058064590000001 ]
            }
         ]
      }
   ],
   "terminator" : 0
}
