{
   "data" : [
      {
         "radarID" : 12889,
         "tracks" : [
            {
               "detectedID" : 1001,
               "detectedTime" : 1693.7,
               "entityID" : 12889,
               "height" : 4454.2753670000002,
               "lla" : [ 119.2270771, -26.18301666, -240975.48850000001 ],
               "radarID" : 12889,
               "targetType" : 3,
               "trueID" : 817,
               "velocity" : [ 271.92005460000001, 95.740442200000004, 83.025608329999997 ]
            }
         ]
      }
   ],
   "terminator" : 0
}
