{
   "data" : [
      {
         "radarID" : 12896,
         "tracks" : [
            {
               "detectedID" : 1001,
               "detectedTime" : 1693.75,
               "entityID" : 12896,
               "height" : 5195.4144500000002,
               "lla" : [ 119.2264043, -26.182523809999999, -240328.79149999999 ],
               "radarID" : 12896,
               "targetType" : 3,
               "trueID" : 817,
               "velocity" : [ 271.92035040000002, 95.739911210000002, 83.025251650000001 ]
            }
         ]
      }
   ],
   "terminator" : 0
}
