{
   "data" : [
      {
         "radarID" : 12995,
         "tracks" : [
            {
               "detectedID" : 1005,
               "detectedTime" : 1697.1500000000001,
               "entityID" : 12995,
               "height" : 5193.1453940000001,
               "lla" : [ 119.24676909999999, -26.1959135, -200682.8126 ],
               "radarID" : 12995,
               "targetType" : 3,
               "trueID" : 805,
               "velocity" : [ 270.63051150000001, 121.1184504, 45.710471759999997 ]
            }
         ]
      }
   ],
   "terminator" : 0
}
