{
   "data" : [
      {
         "radarID" : 13023,
         "tracks" : [
            {
               "detectedID" : 1005,
               "detectedTime" : 1699.0,
               "entityID" : 13023,
               "height" : 5196.8526110000003,
               "lla" : [ 119.2408327, -26.191722049999999, -200999.9993 ],
               "radarID" : 13023,
               "targetType" : 3,
               "trueID" : 805,
               "velocity" : [ 270.6415394, 121.09868969999999, 45.697532789999997 ]
            }
         ]
      },
      {
         "radarID" : 13093,
         "tracks" : [
            {
               "detectedID" : 1001,
               "detectedTime" : 1699.0,
               "entityID" : 13093,
               "height" : 1605.6189649999999,
               "lla" : [ 119.210463, -26.171352519999999, -244679.54740000001 ],
               "radarID" : 13093,
               "targetType" : 3,
               "trueID" : 817,
               "velocity" : [ 271.95140739999999, 95.684155050000001, 82.987797310000005 ]
            }
         ]
      }
   ],
   "terminator" : 0
}
