{
   "data" : [
      {
         "radarID" : 13114,
         "tracks" : [
            {
               "detectedID" : 1004,
               "detectedTime" : 1706.1500000000001,
               "entityID" : 13114,
               "height" : 72.64412772,
               "lla" : [ 119.7566602, -26.553140160000002, -144131.27919999999 ],
               "radarID" : 13114,
               "targetType" : 3,
               "trueID" : 799,
               "velocity" : [ -14.278146169999999, -167.26117260000001, 248.63594810000001 ]
            }
         ]
      }
   ],
   "terminator" : 0
}
