{
   "data" : [
      {
         "radarID" : 13009,
         "tracks" : [
            {
               "detectedID" : 1004,
               "detectedTime" : 1706.7,
               "entityID" : 13009,
               "height" : 2722.7108199999998,
               "lla" : [ 119.75946690000001, -26.55504109, -141674.37659999999 ],
               "radarID" : 13009,
               "targetType" : 3,
               "trueID" : 799,
               "velocity" : [ -14.27476802, -167.26708020000001, 248.63216790000001 ]
            }
         ]
      },
      {
         "radarID" : 13016,
         "tracks" : [
            {
               "detectedID" : 1004,
               "detectedTime" : 1706.7,
               "entityID" : 13016,
               "height" : 2757.198292,
               "lla" : [ 119.7594242, -26.5550104, -141642.67619999999 ],
               "radarID" : 13016,
               "targetType" : 3,
               "trueID" : 799,
               "velocity" : [ -14.27476802, -167.26708020000001, 248.63216790000001 ]
            }
         ]
      }
   ],
   "terminator" : 0
}
