{
   "data" : [
      {
         "radarID" : 13002,
         "tracks" : [
            {
               "detectedID" : 1001,
               "detectedTime" : 1707.75,
               "entityID" : 13002,
               "height" : 3469.2062139999998,
               "lla" : [ 119.1847095, -26.153104020000001, -244266.78969999999 ],
               "radarID" : 13002,
               "targetType" : 3,
               "trueID" : 817,
               "velocity" : [ 272.00313219999998, 95.591215160000004, 82.925362079999999 ]
            }
         ]
      }
   ],
   "terminator" : 0
}
