{
   "data" : [
      {
         "radarID" : 12924,
         "tracks" : [
            {
               "detectedID" : 1002,
               "detectedTime" : 1715.8499999999999,
               "entityID" : 12924,
               "height" : 4776.953614,
               "lla" : [ 119.6808499, -26.501408949999998, -196611.777 ],
               "radarID" : 12924,
               "targetType" : 3,
               "trueID" : 793,
               "velocity" : [ 257.0778062, 49.379416839999998, 146.53557509999999 ]
            }
         ]
      }
   ],
   "terminator" : 0
}
