{
   "data" : [
      {
         "radarID" : 13002,
         "tracks" : [
            {
               "detectedID" : 1004,
               "detectedTime" : 1716.5,
               "entityID" : 13002,
               "height" : 2788.6561799999999,
               "lla" : [ 119.7690947, -26.561801379999999, -142753.73759999999 ],
               "radarID" : 13002,
               "targetType" : 3,
               "trueID" : 799,
               "velocity" : [ -14.214574130000001, -167.37232349999999, 248.56478269999999 ]
            }
         ]
      }
   ],
   "terminator" : 0
}
