{
   "data" : [
      {
         "radarID" : 13065,
         "tracks" : [
            {
               "detectedID" : 1005,
               "detectedTime" : 1718.3,
               "entityID" : 13065,
               "height" : 5183.1250760000003,
               "lla" : [ 119.1821162, -26.150224439999999, -203726.63589999999 ],
               "radarID" : 13065,
               "targetType" : 3,
               "trueID" : 805,
               "velocity" : [ 270.7564658, 120.8924827, 45.562527070000002 ]
            }
         ]
      },
      {
         "radarID" : 13093,
         "tracks" : [
            {
               "detectedID" : 1005,
               "detectedTime" : 1718.3,
               "entityID" : 13093,
               "height" : 741.70471459999999,
               "lla" : [ 119.1807187, -26.14934637, -208104.73139999999 ],
               "radarID" : 13093,
               "targetType" : 3,
               "trueID" : 805,
               "velocity" : [ 270.7564658, 120.8924827, 45.562527070000002 ]
            }
         ]
      }
   ],
   "terminator" : 0
}
