{
   "data" : [
      {
         "radarID" : 13086,
         "tracks" : [
            {
               "detectedID" : 1002,
               "detectedTime" : 1718.6500000000001,
               "entityID" : 13086,
               "height" : 5002.97066,
               "lla" : [ 119.6736171, -26.496348730000001, -196914.92110000001 ],
               "radarID" : 13086,
               "targetType" : 3,
               "trueID" : 793,
               "velocity" : [ 257.09475789999999, 49.349668260000001, 146.5158548 ]
            }
         ]
      }
   ],
   "terminator" : 0
}
