{
   "data" : [
      {
         "radarID" : 13114,
         "tracks" : [
            {
               "detectedID" : 1001,
               "detectedTime" : 1719.0999999999999,
               "entityID" : 13114,
               "height" : 1773.016781,
               "lla" : [ 119.1511623, -26.129423209999999, -247805.99249999999 ],
               "radarID" : 13114,
               "targetType" : 3,
               "trueID" : 817,
               "velocity" : [ 272.07015819999998, 95.470634750000002, 82.844353549999994 ]
            }
         ]
      },
      {
         "radarID" : 13135,
         "tracks" : [
            {
               "detectedID" : 1004,
               "detectedTime" : 1719.0999999999999,
               "entityID" : 13135,
               "height" : 2155.2675680000002,
               "lla" : [ 119.771788, -26.563709719999999, -143745.29579999999 ],
               "radarID" : 13135,
               "targetType" : 3,
               "trueID" : 799,
               "velocity" : [ -14.198603869999999, -167.40023909999999, 248.5468961 ]
            }
         ]
      },
      {
         "radarID" : 13142,
         "tracks" : [
            {
               "detectedID" : 1004,
               "detectedTime" : 1719.0999999999999,
               "entityID" : 13142,
               "height" : 5002.3466420000004,
               "lla" : [ 119.77243249999999, -26.564087839999999, -140880.7108 ],
               "radarID" : 13142,
               "targetType" : 3,
               "trueID" : 799,
               "velocity" : [ -14.198603869999999, -167.40023909999999, 248.5468961 ]
            }
         ]
      }
   ],
   "terminator" : 0
}
