{
   "data" : [
      {
         "radarID" : 13128,
         "tracks" : [
            {
               "detectedID" : 1004,
               "detectedTime" : 1719.8,
               "entityID" : 13128,
               "height" : 4324.4451209999997,
               "lla" : [ 119.7730129, -26.56451345, -141662.52590000001 ],
               "radarID" : 13128,
               "targetType" : 3,
               "trueID" : 799,
               "velocity" : [ -14.194304150000001, -167.40775450000001, 248.5420799 ]
            }
         ]
      }
   ],
   "terminator" : 0
}
