{
   "data" : [
      {
         "radarID" : 13107,
         "tracks" : [
            {
               "detectedID" : 1004,
               "detectedTime" : 1726.2,
               "entityID" : 13107,
               "height" : 5000.1704,
               "lla" : [ 119.7792822, -26.568898260000001, -141729.70420000001 ],
               "radarID" : 13107,
               "targetType" : 3,
               "trueID" : 799,
               "velocity" : [ -14.15499181, -167.47645739999999, 248.49803309999999 ]
            }
         ]
      }
   ],
   "terminator" : 0
}
