{
   "data" : [
      {
         "radarID" : 12917,
         "tracks" : [
            {
               "detectedID" : 1001,
               "detectedTime" : 1726.9000000000001,
               "entityID" : 12917,
               "height" : 4289.6805080000004,
               "lla" : [ 119.1286479, -26.113427309999999, -246579.64300000001 ],
               "radarID" : 12917,
               "targetType" : 3,
               "trueID" : 817,
               "velocity" : [ 272.11617530000001, 95.387753149999995, 82.788668670000007 ]
            }
         ]
      }
   ],
   "terminator" : 0
}
