{
   "data" : [
      {
         "radarID" : 13023,
         "tracks" : [
            {
               "detectedID" : 1001,
               "detectedTime" : 421.5,
               "entityID" : 13023,
               "height" : 5808.9142609999999,
               "lla" : [ 122.9404779, -28.698379289999998, -25910.97855 ],
               "radarID" : 13023,
               "targetType" : 3,
               "trueID" : 817,
               "velocity" : [ 263.91105279999999, 109.0725578, 91.946361249999995 ]
            }
         ]
      },
      {
         "radarID" : 13030,
         "tracks" : [
            {
               "detectedID" : 1005,
               "detectedTime" : 421.5,
               "entityID" : 13030,
               "height" : 2893.656962,
               "lla" : [ 123.1139635, -28.81061729, -13837.314850000001 ],
               "radarID" : 13030,
               "targetType" : 3,
               "trueID" : 805,
               "velocity" : [ 262.54457830000001, 134.5187008, 54.544143220000002 ]
            }
         ]
      },
      {
         "radarID" : 13037,
         "tracks" : [
            {
               "detectedID" : 1005,
               "detectedTime" : 421.5,
               "entityID" : 13037,
               "height" : 2845.3575470000001,
               "lla" : [ 123.1142502, -28.810803910000001, -13876.668100000001 ],
               "radarID" : 13037,
               "targetType" : 3,
               "trueID" : 805,
               "velocity" : [ 262.54457830000001, 134.5187008, 54.544143220000002 ]
            }
         ]
      },
      {
         "radarID" : 13044,
         "tracks" : [
            {
               "detectedID" : 1005,
               "detectedTime" : 421.5,
               "entityID" : 13044,
               "height" : 2934.4636049999999,
               "lla" : [ 123.1140563, -28.810676260000001, -13794.101210000001 ],
               "radarID" : 13044,
               "targetType" : 3,
               "trueID" : 805,
               "velocity" : [ 262.54457830000001, 134.5187008, 54.544143220000002 ]
            }
         ]
      }
   ],
   "terminator" : 0
}
