{
   "data" : [
      {
         "radarID" : 13009,
         "tracks" : [
            {
               "detectedID" : 1006,
               "detectedTime" : 1727.9000000000001,
               "entityID" : 13009,
               "height" : 2878.9387230000002,
               "lla" : [ 119.5330475, -26.398462599999998, -226888.6575 ],
               "radarID" : 13009,
               "targetType" : 3,
               "trueID" : 811,
               "velocity" : [ 271.55953219999998, 100.7764016, 78.099534890000001 ]
            },
            {
               "detectedID" : 1001,
               "detectedTime" : 1727.9000000000001,
               "entityID" : 13009,
               "height" : 4231.0914750000002,
               "lla" : [ 119.1255659, -26.111247410000001, -246812.31359999999 ],
               "radarID" : 13009,
               "targetType" : 3,
               "trueID" : 817,
               "velocity" : [ 272.12207230000001, 95.377126380000007, 82.781528769999994 ]
            }
         ]
      },
      {
         "radarID" : 13016,
         "tracks" : [
            {
               "detectedID" : 1006,
               "detectedTime" : 1727.9000000000001,
               "entityID" : 13016,
               "height" : 2944.1423439999999,
               "lla" : [ 119.53324739999999, -26.398601119999999, -226811.32740000001 ],
               "radarID" : 13016,
               "targetType" : 3,
               "trueID" : 811,
               "velocity" : [ 271.55953219999998, 100.7764016, 78.099534890000001 ]
            },
            {
               "detectedID" : 1001,
               "detectedTime" : 1727.9000000000001,
               "entityID" : 13016,
               "height" : 4311.007998,
               "lla" : [ 119.1255506, -26.111234580000001, -246737.9558 ],
               "radarID" : 13016,
               "targetType" : 3,
               "trueID" : 817,
               "velocity" : [ 272.12207230000001, 95.377126380000007, 82.781528769999994 ]
            }
         ]
      }
   ],
   "terminator" : 0
}
