{
   "data" : [
      {
         "radarID" : 12910,
         "tracks" : [
            {
               "detectedID" : 1006,
               "detectedTime" : 1736.6500000000001,
               "entityID" : 12910,
               "height" : 3624.3308499999998,
               "lla" : [ 119.5074874, -26.38050655, -227531.39999999999 ],
               "radarID" : 12910,
               "targetType" : 3,
               "trueID" : 811,
               "velocity" : [ 271.61182009999999, 100.6836964, 78.037250560000004 ]
            }
         ]
      }
   ],
   "terminator" : 0
}
