{
   "data" : [
      {
         "radarID" : 12903,
         "tracks" : [
            {
               "detectedID" : 1006,
               "detectedTime" : 1736.7,
               "entityID" : 12903,
               "height" : 5416.5524779999996,
               "lla" : [ 119.5078314, -26.38070402, -225813.80679999999 ],
               "radarID" : 12903,
               "targetType" : 3,
               "trueID" : 811,
               "velocity" : [ 271.6121187, 100.68316660000001, 78.036894610000004 ]
            }
         ]
      },
      {
         "radarID" : 12917,
         "tracks" : [
            {
               "detectedID" : 1006,
               "detectedTime" : 1736.7,
               "entityID" : 12917,
               "height" : 3302.1248759999999,
               "lla" : [ 119.5074304, -26.38047461, -227845.45499999999 ],
               "radarID" : 12917,
               "targetType" : 3,
               "trueID" : 811,
               "velocity" : [ 271.6121187, 100.68316660000001, 78.036894610000004 ]
            }
         ]
      }
   ],
   "terminator" : 0
}
