{
   "data" : [
      {
         "radarID" : 12917,
         "tracks" : [
            {
               "detectedID" : 1001,
               "detectedTime" : 1746.9000000000001,
               "entityID" : 12917,
               "height" : 4458.5574329999999,
               "lla" : [ 119.06957389999999, -26.071583059999998, -249685.09469999999 ],
               "radarID" : 12917,
               "targetType" : 3,
               "trueID" : 817,
               "velocity" : [ 272.23400120000002, 95.175177590000004, 82.645835550000001 ]
            }
         ]
      }
   ],
   "terminator" : 0
}
