{
   "data" : [
      {
         "radarID" : 12995,
         "tracks" : [
            {
               "detectedID" : 1005,
               "detectedTime" : 1747.2,
               "entityID" : 12995,
               "height" : 5530.687175,
               "lla" : [ 119.0940792, -26.087896369999999, -207500.58429999999 ],
               "radarID" : 12995,
               "targetType" : 3,
               "trueID" : 805,
               "velocity" : [ 270.92814190000001, 120.5835203, 45.360297260000003 ]
            }
         ]
      }
   ],
   "terminator" : 0
}
