{
   "data" : [
      {
         "radarID" : 13016,
         "tracks" : [
            {
               "detectedID" : 1001,
               "detectedTime" : 1747.95,
               "entityID" : 13016,
               "height" : 4534.8685070000001,
               "lla" : [ 119.0662542, -26.069228630000001, -249805.03940000001 ],
               "radarID" : 13016,
               "targetType" : 3,
               "trueID" : 817,
               "velocity" : [ 272.24018050000001, 95.164015039999995, 82.63833477 ]
            }
         ]
      }
   ],
   "terminator" : 0
}
