{
   "data" : [
      {
         "radarID" : 13079,
         "tracks" : [
            {
               "detectedID" : 1004,
               "detectedTime" : 1748.0999999999999,
               "entityID" : 13079,
               "height" : 5002.1617200000001,
               "lla" : [ 119.8007504, -26.58396823, -144303.3885 ],
               "radarID" : 13079,
               "targetType" : 3,
               "trueID" : 799,
               "velocity" : [ -14.02046127, -167.71143359999999, 248.3471395 ]
            }
         ]
      },
      {
         "radarID" : 13086,
         "tracks" : [
            {
               "detectedID" : 1004,
               "detectedTime" : 1748.0999999999999,
               "entityID" : 13086,
               "height" : 5001.4526219999998,
               "lla" : [ 119.8007791, -26.583988250000001, -144302.0963 ],
               "radarID" : 13086,
               "targetType" : 3,
               "trueID" : 799,
               "velocity" : [ -14.02046127, -167.71143359999999, 248.3471395 ]
            }
         ]
      }
   ],
   "terminator" : 0
}
