{
   "data" : [
      {
         "radarID" : 13065,
         "tracks" : [
            {
               "detectedID" : 1002,
               "detectedTime" : 1748.55,
               "entityID" : 13065,
               "height" : 5008.0658469999998,
               "lla" : [ 119.5967722, -26.442599439999999, -202610.78260000001 ],
               "radarID" : 13065,
               "targetType" : 3,
               "trueID" : 793,
               "velocity" : [ 257.27550020000001, 49.03194337, 146.3051111 ]
            }
         ]
      },
      {
         "radarID" : 13072,
         "tracks" : [
            {
               "detectedID" : 1006,
               "detectedTime" : 1748.55,
               "entityID" : 13072,
               "height" : 5407.3078830000004,
               "lla" : [ 119.4727843, -26.356093959999999, -227733.59599999999 ],
               "radarID" : 13072,
               "targetType" : 3,
               "trueID" : 811,
               "velocity" : [ 271.68285789999999, 100.55759020000001, 77.952522590000001 ]
            }
         ]
      }
   ],
   "terminator" : 0
}
