{
   "data" : [
      {
         "radarID" : 13023,
         "tracks" : [
            {
               "detectedID" : 1004,
               "detectedTime" : 1749.05,
               "entityID" : 13023,
               "height" : 5003.2765959999997,
               "lla" : [ 119.8017431, -26.58466456, -144407.0073 ],
               "radarID" : 13023,
               "targetType" : 3,
               "trueID" : 799,
               "velocity" : [ -14.01462517, -167.7216225, 248.3405879 ]
            }
         ]
      },
      {
         "radarID" : 13114,
         "tracks" : [
            {
               "detectedID" : 1001,
               "detectedTime" : 1749.05,
               "entityID" : 13114,
               "height" : 1943.1808619999999,
               "lla" : [ 119.06266859999999, -26.066752489999999, -252527.87640000001 ],
               "radarID" : 13114,
               "targetType" : 3,
               "trueID" : 817,
               "velocity" : [ 272.24665320000003, 95.152320700000004, 82.630476590000001 ]
            }
         ]
      }
   ],
   "terminator" : 0
}
