{
   "data" : [
      {
         "radarID" : 13093,
         "tracks" : [
            {
               "detectedID" : 1006,
               "detectedTime" : 1749.25,
               "entityID" : 13093,
               "height" : 1225.2804980000001,
               "lla" : [ 119.4699928, -26.354238710000001, -231969.28159999999 ],
               "radarID" : 13093,
               "targetType" : 3,
               "trueID" : 811,
               "velocity" : [ 271.68703399999998, 100.55017119999999, 77.947537830000002 ]
            }
         ]
      }
   ],
   "terminator" : 0
}
