{
   "data" : [
      {
         "radarID" : 13037,
         "tracks" : [
            {
               "detectedID" : 1003,
               "detectedTime" : 422.60000000000002,
               "entityID" : 13037,
               "height" : 466.19139519999999,
               "lla" : [ 122.30186639999999, -28.279068349999999, 14050.24267 ],
               "radarID" : 13037,
               "targetType" : 3,
               "trueID" : 781,
               "velocity" : [ 243.28379509999999, 47.274901569999997, 169.05052130000001 ]
            }
         ]
      }
   ],
   "terminator" : 0
}
