{
   "data" : [
      {
         "radarID" : 13093,
         "tracks" : [
            {
               "detectedID" : 1005,
               "detectedTime" : 1758.25,
               "entityID" : 13093,
               "height" : 924.77211899999998,
               "lla" : [ 119.0589188, -26.063087580000001, -213607.59080000001 ],
               "radarID" : 13093,
               "targetType" : 3,
               "trueID" : 805,
               "velocity" : [ 270.993651, 120.4653287, 45.282951660000002 ]
            }
         ]
      }
   ],
   "terminator" : 0
}
