{
   "data" : [
      {
         "radarID" : 13023,
         "tracks" : [
            {
               "detectedID" : 1004,
               "detectedTime" : 1759.05,
               "entityID" : 13023,
               "height" : 5004.3492759999999,
               "lla" : [ 119.8114985, -26.59151043, -145592.2445 ],
               "radarID" : 13023,
               "targetType" : 3,
               "trueID" : 799,
               "velocity" : [ -13.953191029999999, -167.82885390000001, 248.27159370000001 ]
            }
         ]
      }
   ],
   "terminator" : 0
}
