{
   "data" : [
      {
         "radarID" : 13114,
         "tracks" : [
            {
               "detectedID" : 1002,
               "detectedTime" : 1759.3,
               "entityID" : 13114,
               "height" : 673.66036499999996,
               "lla" : [ 119.568496, -26.422907609999999, -208941.53829999999 ],
               "radarID" : 13114,
               "targetType" : 3,
               "trueID" : 793,
               "velocity" : [ 257.3403586, 48.917687720000004, 146.22927089999999 ]
            }
         ]
      }
   ],
   "terminator" : 0
}
