{
   "data" : [
      {
         "radarID" : 12924,
         "tracks" : [
            {
               "detectedID" : 1006,
               "detectedTime" : 1766.1500000000001,
               "entityID" : 12924,
               "height" : 3981.8364240000001,
               "lla" : [ 119.4199801, -26.319012820000001, -231941.18659999999 ],
               "radarID" : 12924,
               "targetType" : 3,
               "trueID" : 811,
               "velocity" : [ 271.7877666, 100.3710227, 77.827165699999995 ]
            }
         ]
      }
   ],
   "terminator" : 0
}
