{
   "data" : [
      {
         "radarID" : 13009,
         "tracks" : [
            {
               "detectedID" : 1004,
               "detectedTime" : 1766.8,
               "entityID" : 13009,
               "height" : 2360.7732580000002,
               "lla" : [ 119.8181067, -26.59621551, -149096.65109999999 ],
               "radarID" : 13009,
               "targetType" : 3,
               "trueID" : 799,
               "velocity" : [ -13.90557768, -167.91193240000001, 248.21808530000001 ]
            }
         ]
      }
   ],
   "terminator" : 0
}
