{
   "data" : [
      {
         "radarID" : 13002,
         "tracks" : [
            {
               "detectedID" : 1005,
               "detectedTime" : 1767.25,
               "entityID" : 13002,
               "height" : 3980.488159,
               "lla" : [ 119.0323795, -26.044186700000001, -211865.30170000001 ],
               "radarID" : 13002,
               "targetType" : 3,
               "trueID" : 805,
               "velocity" : [ 271.04695290000001, 120.36904, 45.219946090000001 ]
            }
         ]
      }
   ],
   "terminator" : 0
}
