{
   "data" : [
      {
         "radarID" : 13009,
         "tracks" : [
            {
               "detectedID" : 1006,
               "detectedTime" : 1767.9000000000001,
               "entityID" : 13009,
               "height" : 3248.7192409999998,
               "lla" : [ 119.4146811, -26.315304650000002, -232956.9143 ],
               "radarID" : 13009,
               "targetType" : 3,
               "trueID" : 811,
               "velocity" : [ 271.79818770000003, 100.3524683, 77.814698309999997 ]
            },
            {
               "detectedID" : 1001,
               "detectedTime" : 1767.9000000000001,
               "entityID" : 13009,
               "height" : 4678.7251580000002,
               "lla" : [ 119.0073488, -26.027447250000002, -252918.8132 ],
               "radarID" : 13009,
               "targetType" : 3,
               "trueID" : 817,
               "velocity" : [ 272.35746010000003, 94.951882510000004, 82.495781260000001 ]
            }
         ]
      },
      {
         "radarID" : 13016,
         "tracks" : [
            {
               "detectedID" : 1006,
               "detectedTime" : 1767.9000000000001,
               "entityID" : 13016,
               "height" : 3319.813928,
               "lla" : [ 119.4143833, -26.315093610000002, -232912.891 ],
               "radarID" : 13016,
               "targetType" : 3,
               "trueID" : 811,
               "velocity" : [ 271.79818770000003, 100.3524683, 77.814698309999997 ]
            }
         ]
      }
   ],
   "terminator" : 0
}
