{
   "data" : [
      {
         "radarID" : 13107,
         "tracks" : [
            {
               "detectedID" : 1005,
               "detectedTime" : 1768.3,
               "entityID" : 13107,
               "height" : 5122.3751590000002,
               "lla" : [ 119.0296603, -26.042229280000001, -210895.26360000001 ],
               "radarID" : 13107,
               "targetType" : 3,
               "trueID" : 805,
               "velocity" : [ 271.05316829999998, 120.3578049, 45.21259491 ]
            }
         ]
      }
   ],
   "terminator" : 0
}
