{
   "data" : [
      {
         "radarID" : 12924,
         "tracks" : [
            {
               "detectedID" : 1006,
               "detectedTime" : 1776.1500000000001,
               "entityID" : 12924,
               "height" : 4024.9165659999999,
               "lla" : [ 119.3903591, -26.29817246, -233512.12950000001 ],
               "radarID" : 12924,
               "targetType" : 3,
               "trueID" : 811,
               "velocity" : [ 271.84729099999998, 100.2649881, 77.755916339999999 ]
            }
         ]
      }
   ],
   "terminator" : 0
}
