{
   "data" : [
      {
         "radarID" : 13009,
         "tracks" : [
            {
               "detectedID" : 1001,
               "detectedTime" : 1777.95,
               "entityID" : 13009,
               "height" : 4794.100042,
               "lla" : [ 118.9777807, -26.006453220000001, -254436.15040000001 ],
               "radarID" : 13009,
               "targetType" : 3,
               "trueID" : 817,
               "velocity" : [ 272.41645039999997, 94.844987009999997, 82.423940759999994 ]
            }
         ]
      },
      {
         "radarID" : 13016,
         "tracks" : [
            {
               "detectedID" : 1006,
               "detectedTime" : 1777.95,
               "entityID" : 13016,
               "height" : 3417.2291829999999,
               "lla" : [ 119.3846499, -26.294170000000001, -234429.82380000001 ],
               "radarID" : 13016,
               "targetType" : 3,
               "trueID" : 811,
               "velocity" : [ 271.85799900000001, 100.24589949999999, 77.743089620000006 ]
            },
            {
               "detectedID" : 1001,
               "detectedTime" : 1777.95,
               "entityID" : 13016,
               "height" : 4879.1003449999998,
               "lla" : [ 118.9777984, -26.006463700000001, -254354.43830000001 ],
               "radarID" : 13016,
               "targetType" : 3,
               "trueID" : 817,
               "velocity" : [ 272.41645039999997, 94.844987009999997, 82.423940759999994 ]
            }
         ]
      }
   ],
   "terminator" : 0
}
