{
   "data" : [
      {
         "radarID" : 12903,
         "tracks" : [
            {
               "detectedID" : 1006,
               "detectedTime" : 1786.8,
               "entityID" : 12903,
               "height" : 5391.3628339999996,
               "lla" : [ 119.359025, -26.276079509999999, -233922.535 ],
               "radarID" : 12903,
               "targetType" : 3,
               "trueID" : 811,
               "velocity" : [ 271.91061860000002, 100.15203700000001, 77.680016780000003 ]
            }
         ]
      },
      {
         "radarID" : 12917,
         "tracks" : [
            {
               "detectedID" : 1006,
               "detectedTime" : 1786.8,
               "entityID" : 12917,
               "height" : 3655.2665649999999,
               "lla" : [ 119.35848489999999, -26.275741679999999, -235595.73499999999 ],
               "radarID" : 12917,
               "targetType" : 3,
               "trueID" : 811,
               "velocity" : [ 271.91061860000002, 100.15203700000001, 77.680016780000003 ]
            }
         ]
      }
   ],
   "terminator" : 0
}
