{
   "data" : [
      {
         "radarID" : 12924,
         "tracks" : [
            {
               "detectedID" : 1002,
               "detectedTime" : 1796.0,
               "entityID" : 12924,
               "height" : 4755.3858330000003,
               "lla" : [ 119.47490019999999, -26.357173710000001, -211871.58470000001 ],
               "radarID" : 12924,
               "targetType" : 3,
               "trueID" : 793,
               "velocity" : [ 257.5612873, 48.527530830000003, 145.97007239999999 ]
            }
         ]
      }
   ],
   "terminator" : 0
}
