{
   "data" : [
      {
         "radarID" : 12924,
         "tracks" : [
            {
               "detectedID" : 1006,
               "detectedTime" : 1796.2,
               "entityID" : 12924,
               "height" : 4115.9644609999996,
               "lla" : [ 119.3308305, -26.25624839, -236656.48360000001 ],
               "radarID" : 12924,
               "targetType" : 3,
               "trueID" : 811,
               "velocity" : [ 271.96645669999998, 100.0523223, 77.613009360000007 ]
            }
         ]
      }
   ],
   "terminator" : 0
}
