{
   "data" : [
      {
         "radarID" : 12924,
         "tracks" : [
            {
               "detectedID" : 1001,
               "detectedTime" : 1796.45,
               "entityID" : 12924,
               "height" : 4915.7860339999997,
               "lla" : [ 118.9231051, -25.96759887, -257331.41260000001 ],
               "radarID" : 12924,
               "targetType" : 3,
               "trueID" : 817,
               "velocity" : [ 272.52488090000003, 94.648158620000004, 82.291648319999993 ]
            }
         ]
      }
   ],
   "terminator" : 0
}
