{
   "data" : [
      {
         "radarID" : 12910,
         "tracks" : [
            {
               "detectedID" : 1002,
               "detectedTime" : 1796.5,
               "entityID" : 12910,
               "height" : 4260.8799870000003,
               "lla" : [ 119.47327660000001, -26.356045649999999, -212443.18369999999 ],
               "radarID" : 12910,
               "targetType" : 3,
               "trueID" : 793,
               "velocity" : [ 257.5642919, 48.522214349999999, 145.96653810000001 ]
            }
         ]
      }
   ],
   "terminator" : 0
}
