{
   "data" : [
      {
         "radarID" : 13114,
         "tracks" : [
            {
               "detectedID" : 1004,
               "detectedTime" : 1798.05,
               "entityID" : 13114,
               "height" : 14.0778941,
               "lla" : [ 119.8404002, -26.611948680000001, -155587.81760000001 ],
               "radarID" : 13114,
               "targetType" : 3,
               "trueID" : 799,
               "velocity" : [ -13.713571780000001, -168.2466962, 248.00199029999999 ]
            }
         ]
      }
   ],
   "terminator" : 0
}
