{
   "data" : [
      {
         "radarID" : 13058,
         "tracks" : [
            {
               "detectedID" : 1004,
               "detectedTime" : 1798.3,
               "entityID" : 13058,
               "height" : 5003.6429179999996,
               "lla" : [ 119.850038, -26.618540169999999, -150224.62400000001 ],
               "radarID" : 13058,
               "targetType" : 3,
               "trueID" : 799,
               "velocity" : [ -13.71203562, -168.2493728, 248.00025930000001 ]
            }
         ]
      }
   ],
   "terminator" : 0
}
