{
   "data" : [
      {
         "radarID" : 13072,
         "tracks" : [
            {
               "detectedID" : 1002,
               "detectedTime" : 1798.3499999999999,
               "entityID" : 13072,
               "height" : 5002.831486,
               "lla" : [ 119.4689281, -26.352975099999998, -212071.391 ],
               "radarID" : 13072,
               "targetType" : 3,
               "trueID" : 793,
               "velocity" : [ 257.57540790000002, 48.502543109999998, 145.95346029999999 ]
            }
         ]
      },
      {
         "radarID" : 13114,
         "tracks" : [
            {
               "detectedID" : 1005,
               "detectedTime" : 1798.3499999999999,
               "entityID" : 13114,
               "height" : 1076.678498,
               "lla" : [ 118.9366697, -25.97627949, -219152.59779999999 ],
               "radarID" : 13114,
               "targetType" : 3,
               "trueID" : 805,
               "velocity" : [ 271.2307682, 120.0361431, 45.002163680000002 ]
            }
         ]
      }
   ],
   "terminator" : 0
}
