{
   "data" : [
      {
         "radarID" : 13114,
         "tracks" : [
            {
               "detectedID" : 1001,
               "detectedTime" : 1798.95,
               "entityID" : 13114,
               "height" : 2254.8522939999998,
               "lla" : [ 118.9151347, -25.961998269999999, -260354.84849999999 ],
               "radarID" : 13114,
               "targetType" : 3,
               "trueID" : 817,
               "velocity" : [ 272.53951790000002, 94.621554669999995, 82.273766120000005 ]
            }
         ]
      }
   ],
   "terminator" : 0
}
