{
   "data" : [
      {
         "radarID" : 13023,
         "tracks" : [
            {
               "detectedID" : 1004,
               "detectedTime" : 1799.1500000000001,
               "entityID" : 13023,
               "height" : 5007.74712,
               "lla" : [ 119.85075569999999, -26.619044240000001, -150347.7972 ],
               "radarID" : 13023,
               "targetType" : 3,
               "trueID" : 799,
               "velocity" : [ -13.70681269, -168.2584732, 247.9943739 ]
            }
         ]
      },
      {
         "radarID" : 13107,
         "tracks" : [
            {
               "detectedID" : 1006,
               "detectedTime" : 1799.1500000000001,
               "entityID" : 13107,
               "height" : 5425.3633879999998,
               "lla" : [ 119.3223672, -26.25025174, -235877.32440000001 ],
               "radarID" : 13107,
               "targetType" : 3,
               "trueID" : 811,
               "velocity" : [ 271.9839695, 100.02102480000001, 77.591977299999996 ]
            }
         ]
      }
   ],
   "terminator" : 0
}
