{
   "data" : [
      {
         "radarID" : 12924,
         "tracks" : [
            {
               "detectedID" : 1002,
               "detectedTime" : 1806.0,
               "entityID" : 12924,
               "height" : 4759.6040830000002,
               "lla" : [ 119.4490229, -26.339003600000002, -213769.39499999999 ],
               "radarID" : 12924,
               "targetType" : 3,
               "trueID" : 793,
               "velocity" : [ 257.62135310000002, 48.421196000000002, 145.8993701 ]
            }
         ]
      }
   ],
   "terminator" : 0
}
