{
   "data" : [
      {
         "radarID" : 12910,
         "tracks" : [
            {
               "detectedID" : 1006,
               "detectedTime" : 1806.8,
               "entityID" : 12910,
               "height" : 4136.262952,
               "lla" : [ 119.2988551, -26.233706860000002, -238359.3916 ],
               "radarID" : 12910,
               "targetType" : 3,
               "trueID" : 811,
               "velocity" : [ 272.0293595, 99.939854760000003, 77.537429529999997 ]
            }
         ]
      },
      {
         "radarID" : 12917,
         "tracks" : [
            {
               "detectedID" : 1006,
               "detectedTime" : 1806.8,
               "entityID" : 12917,
               "height" : 3806.0374099999999,
               "lla" : [ 119.29902610000001, -26.233835790000001, -238673.87899999999 ],
               "radarID" : 12917,
               "targetType" : 3,
               "trueID" : 811,
               "velocity" : [ 272.0293595, 99.939854760000003, 77.537429529999997 ]
            }
         ]
      },
      {
         "radarID" : 12931,
         "tracks" : [
            {
               "detectedID" : 1004,
               "detectedTime" : 1806.8,
               "entityID" : 12931,
               "height" : 5003.8459190000003,
               "lla" : [ 119.85853609999999, -26.624496789999998, -151227.5863 ],
               "radarID" : 12931,
               "targetType" : 3,
               "trueID" : 799,
               "velocity" : [ -13.6598054, -168.34036399999999, 247.9413874 ]
            }
         ]
      }
   ],
   "terminator" : 0
}
