{
   "data" : [
      {
         "radarID" : 13093,
         "tracks" : [
            {
               "detectedID" : 1001,
               "detectedTime" : 1808.8499999999999,
               "entityID" : 13093,
               "height" : 2285.0964949999998,
               "lla" : [ 118.8857878, -25.941121249999998, -261936.12839999999 ],
               "radarID" : 13093,
               "targetType" : 3,
               "trueID" : 817,
               "velocity" : [ 272.59744360000002, 94.516190100000003, 82.202941289999998 ]
            }
         ]
      },
      {
         "radarID" : 13107,
         "tracks" : [
            {
               "detectedID" : 1001,
               "detectedTime" : 1808.8499999999999,
               "entityID" : 13107,
               "height" : 4913.2485660000002,
               "lla" : [ 118.88648499999999, -25.94155142, -259349.72020000001 ],
               "radarID" : 13107,
               "targetType" : 3,
               "trueID" : 817,
               "velocity" : [ 272.59744360000002, 94.516190100000003, 82.202941289999998 ]
            }
         ]
      }
   ],
   "terminator" : 0
}
