{
   "data" : [
      {
         "radarID" : 13114,
         "tracks" : [
            {
               "detectedID" : 1001,
               "detectedTime" : 1808.95,
               "entityID" : 13114,
               "height" : 2321.646182,
               "lla" : [ 118.88554120000001, -25.940944989999998, -261919.81200000001 ],
               "radarID" : 13114,
               "targetType" : 3,
               "trueID" : 817,
               "velocity" : [ 272.59802839999998, 94.515125699999999, 82.202225799999994 ]
            }
         ]
      }
   ],
   "terminator" : 0
}
