{
   "data" : [
      {
         "radarID" : 12889,
         "tracks" : [
            {
               "detectedID" : 1006,
               "detectedTime" : 1813.7,
               "entityID" : 12889,
               "height" : 4583.0642319999997,
               "lla" : [ 119.279366, -26.219949679999999, -239004.72519999999 ],
               "radarID" : 12889,
               "targetType" : 3,
               "trueID" : 811,
               "velocity" : [ 272.07026949999999, 99.866631519999999, 77.488220940000005 ]
            }
         ]
      }
   ],
   "terminator" : 0
}
