{
   "data" : [
      {
         "radarID" : 12924,
         "tracks" : [
            {
               "detectedID" : 1006,
               "detectedTime" : 1816.25,
               "entityID" : 12924,
               "height" : 4213.1862279999996,
               "lla" : [ 119.27113369999999, -26.214150239999999, -239794.12789999999 ],
               "radarID" : 12924,
               "targetType" : 3,
               "trueID" : 811,
               "velocity" : [ 272.08538110000001, 99.839568110000002, 77.470033090000001 ]
            }
         ]
      }
   ],
   "terminator" : 0
}
