{
   "data" : [
      {
         "radarID" : 13079,
         "tracks" : [
            {
               "detectedID" : 1004,
               "detectedTime" : 1818.3,
               "entityID" : 13079,
               "height" : 5002.3836789999996,
               "lla" : [ 119.8697435, -26.632351799999999, -152589.80319999999 ],
               "radarID" : 13079,
               "targetType" : 3,
               "trueID" : 799,
               "velocity" : [ -13.58913789, -168.46342619999999, 247.8616739 ]
            }
         ]
      },
      {
         "radarID" : 13086,
         "tracks" : [
            {
               "detectedID" : 1004,
               "detectedTime" : 1818.3,
               "entityID" : 13086,
               "height" : 5004.7378150000004,
               "lla" : [ 119.86966150000001, -26.632294730000002, -152594.24160000001 ],
               "radarID" : 13086,
               "targetType" : 3,
               "trueID" : 799,
               "velocity" : [ -13.58913789, -168.46342619999999, 247.8616739 ]
            }
         ]
      },
      {
         "radarID" : 13114,
         "tracks" : [
            {
               "detectedID" : 1005,
               "detectedTime" : 1818.3,
               "entityID" : 13114,
               "height" : 1182.1113049999999,
               "lla" : [ 118.8757464, -25.932930800000001, -221879.54139999999 ],
               "radarID" : 13114,
               "targetType" : 3,
               "trueID" : 805,
               "velocity" : [ 271.34837759999999, 119.82246120000001, 44.862409339999999 ]
            }
         ]
      }
   ],
   "terminator" : 0
}
