{
   "data" : [
      {
         "radarID" : 13065,
         "tracks" : [
            {
               "detectedID" : 1002,
               "detectedTime" : 1818.55,
               "entityID" : 13065,
               "height" : 5010.3054039999997,
               "lla" : [ 119.4168189, -26.316371230000001, -215920.81950000001 ],
               "radarID" : 13065,
               "targetType" : 3,
               "trueID" : 793,
               "velocity" : [ 257.69665529999997, 48.287730590000002, 145.8105927 ]
            }
         ]
      }
   ],
   "terminator" : 0
}
