{
   "data" : [
      {
         "radarID" : 13093,
         "tracks" : [
            {
               "detectedID" : 1002,
               "detectedTime" : 1819.0,
               "entityID" : 13093,
               "height" : 878.57408180000004,
               "lla" : [ 119.4148545, -26.315093869999998, -220075.64290000001 ],
               "radarID" : 13093,
               "targetType" : 3,
               "trueID" : 793,
               "velocity" : [ 257.69935370000002, 48.282944659999998, 145.80740840000001 ]
            }
         ]
      }
   ],
   "terminator" : 0
}
