{
   "data" : [
      {
         "radarID" : 13093,
         "tracks" : [
            {
               "detectedID" : 1005,
               "detectedTime" : 1828.1500000000001,
               "entityID" : 13093,
               "height" : 1299.2577819999999,
               "lla" : [ 118.8456499, -25.911493180000001, -223155.19510000001 ],
               "radarID" : 13093,
               "targetType" : 3,
               "trueID" : 805,
               "velocity" : [ 271.40635759999998, 119.7169202, 44.793393020000003 ]
            }
         ]
      },
      {
         "radarID" : 13107,
         "tracks" : [
            {
               "detectedID" : 1004,
               "detectedTime" : 1828.1500000000001,
               "entityID" : 13107,
               "height" : 17.362942719999999,
               "lla" : [ 119.87131410000001, -26.633613889999999, -159117.66070000001 ],
               "radarID" : 13107,
               "targetType" : 3,
               "trueID" : 799,
               "velocity" : [ -13.528606829999999, -168.56879190000001, 247.79333969999999 ]
            }
         ]
      }
   ],
   "terminator" : 0
}
