{
   "data" : [
      {
         "radarID" : 12889,
         "tracks" : [
            {
               "detectedID" : 1006,
               "detectedTime" : 1833.7,
               "entityID" : 12889,
               "height" : 4383.5440319999998,
               "lla" : [ 119.2198559, -26.177943150000001, -242420.20920000001 ],
               "radarID" : 12889,
               "targetType" : 3,
               "trueID" : 811,
               "velocity" : [ 272.18868739999999, 99.654331229999997, 77.345541069999996 ]
            }
         ]
      }
   ],
   "terminator" : 0
}
