{
   "data" : [
      {
         "radarID" : 12924,
         "tracks" : [
            {
               "detectedID" : 1002,
               "detectedTime" : 1836.05,
               "entityID" : 12924,
               "height" : 4778.6616629999999,
               "lla" : [ 119.37177819999999, -26.284704059999999, -219459.41579999999 ],
               "radarID" : 12924,
               "targetType" : 3,
               "trueID" : 793,
               "velocity" : [ 257.80150889999999, 48.101595150000001, 145.68671370000001 ]
            }
         ]
      }
   ],
   "terminator" : 0
}
