{
   "data" : [
      {
         "radarID" : 12896,
         "tracks" : [
            {
               "detectedID" : 1001,
               "detectedTime" : 1843.95,
               "entityID" : 12896,
               "height" : 5127.3967590000002,
               "lla" : [ 118.7825606, -25.86751233, -264863.09389999998 ],
               "radarID" : 12896,
               "targetType" : 3,
               "trueID" : 817,
               "velocity" : [ 272.80234250000001, 94.142458669999996, 81.951689430000002 ]
            }
         ]
      }
   ],
   "terminator" : 0
}
