{
   "data" : [
      {
         "radarID" : 12995,
         "tracks" : [
            {
               "detectedID" : 1006,
               "detectedTime" : 433.25,
               "entityID" : 12995,
               "height" : 5836.5313910000004,
               "lla" : [ 123.3376724, -28.954934049999999, -8861.2485859999997 ],
               "radarID" : 12995,
               "targetType" : 3,
               "trueID" : 811,
               "velocity" : [ 263.3220776, 114.29810500000001, 87.163218520000001 ]
            }
         ]
      },
      {
         "radarID" : 13009,
         "tracks" : [
            {
               "detectedID" : 1005,
               "detectedTime" : 433.25,
               "entityID" : 13009,
               "height" : 2521.2595740000002,
               "lla" : [ 123.0789788, -28.788012210000002, -15928.49576 ],
               "radarID" : 13009,
               "targetType" : 3,
               "trueID" : 805,
               "velocity" : [ 262.62340510000001, 134.39739700000001, 54.463627709999997 ]
            }
         ]
      },
      {
         "radarID" : 13016,
         "tracks" : [
            {
               "detectedID" : 1005,
               "detectedTime" : 433.25,
               "entityID" : 13016,
               "height" : 2458.0848649999998,
               "lla" : [ 123.07892339999999, -28.787978089999999, -15997.49691 ],
               "radarID" : 13016,
               "targetType" : 3,
               "trueID" : 805,
               "velocity" : [ 262.62340510000001, 134.39739700000001, 54.463627709999997 ]
            }
         ]
      }
   ],
   "terminator" : 0
}
