{
   "data" : [
      {
         "radarID" : 12910,
         "tracks" : [
            {
               "detectedID" : 1002,
               "detectedTime" : 1846.5999999999999,
               "entityID" : 12910,
               "height" : 4467.2117900000003,
               "lla" : [ 119.3441651, -26.265277829999999, -221765.62839999999 ],
               "radarID" : 12910,
               "targetType" : 3,
               "trueID" : 793,
               "velocity" : [ 257.86463659999998, 47.989366109999999, 145.61198419999999 ]
            }
         ]
      }
   ],
   "terminator" : 0
}
