{
   "data" : [
      {
         "radarID" : 13030,
         "tracks" : [
            {
               "detectedID" : 1004,
               "detectedTime" : 1848.7,
               "entityID" : 13030,
               "height" : 3646.4027689999998,
               "lla" : [ 119.89938050000001, -26.653148810000001, -157541.14550000001 ],
               "radarID" : 13030,
               "targetType" : 3,
               "trueID" : 799,
               "velocity" : [ -13.40231296, -168.78849740000001, 247.6506029 ]
            }
         ]
      },
      {
         "radarID" : 13044,
         "tracks" : [
            {
               "detectedID" : 1004,
               "detectedTime" : 1848.7,
               "entityID" : 13044,
               "height" : 3650.2178389999999,
               "lla" : [ 119.8993681, -26.65314017, -157539.79620000001 ],
               "radarID" : 13044,
               "targetType" : 3,
               "trueID" : 799,
               "velocity" : [ -13.40231296, -168.78849740000001, 247.6506029 ]
            }
         ]
      }
   ],
   "terminator" : 0
}
