{
   "data" : [
      {
         "radarID" : 13093,
         "tracks" : [
            {
               "detectedID" : 1001,
               "detectedTime" : 1848.8,
               "entityID" : 13093,
               "height" : 2574.0653900000002,
               "lla" : [ 118.7676288, -25.85692499, -268140.69050000003 ],
               "radarID" : 13093,
               "targetType" : 3,
               "trueID" : 817,
               "velocity" : [ 272.83059659999998, 94.090797339999995, 81.916954419999996 ]
            }
         ]
      },
      {
         "radarID" : 13107,
         "tracks" : [
            {
               "detectedID" : 1004,
               "detectedTime" : 1848.8,
               "entityID" : 13107,
               "height" : 5078.2029030000003,
               "lla" : [ 119.8999616, -26.653517659999999, -156115.3358 ],
               "radarID" : 13107,
               "targetType" : 3,
               "trueID" : 799,
               "velocity" : [ -13.401698359999999, -168.7895662, 247.64990779999999 ]
            },
            {
               "detectedID" : 1001,
               "detectedTime" : 1848.8,
               "entityID" : 13107,
               "height" : 5253.2794700000004,
               "lla" : [ 118.76826029999999, -25.857308639999999, -265522.19459999999 ],
               "radarID" : 13107,
               "targetType" : 3,
               "trueID" : 817,
               "velocity" : [ 272.83059659999998, 94.090797339999995, 81.916954419999996 ]
            }
         ]
      }
   ],
   "terminator" : 0
}
