{
   "data" : [
      {
         "radarID" : 13093,
         "tracks" : [
            {
               "detectedID" : 1006,
               "detectedTime" : 1849.0,
               "entityID" : 13093,
               "height" : 1705.308865,
               "lla" : [ 119.1732997, -26.14510572, -247552.1116 ],
               "radarID" : 13093,
               "targetType" : 3,
               "trueID" : 811,
               "velocity" : [ 272.27911490000002, 99.491862359999999, 77.23634457 ]
            }
         ]
      },
      {
         "radarID" : 13107,
         "tracks" : [
            {
               "detectedID" : 1002,
               "detectedTime" : 1849.0,
               "entityID" : 13107,
               "height" : 4917.1105269999998,
               "lla" : [ 119.3385447, -26.26131054, -221778.87520000001 ],
               "radarID" : 13107,
               "targetType" : 3,
               "trueID" : 793,
               "velocity" : [ 257.87898860000001, 47.963833649999998, 145.594979 ]
            }
         ]
      }
   ],
   "terminator" : 0
}
