{
   "data" : [
      {
         "radarID" : 13107,
         "tracks" : [
            {
               "detectedID" : 1006,
               "detectedTime" : 1849.05,
               "entityID" : 13107,
               "height" : 5259.2755950000001,
               "lla" : [ 119.1739041, -26.14544373, -244065.88949999999 ],
               "radarID" : 13107,
               "targetType" : 3,
               "trueID" : 811,
               "velocity" : [ 272.27941019999997, 99.491331340000002, 77.235987649999998 ]
            }
         ]
      }
   ],
   "terminator" : 0
}
