{
   "data" : [
      {
         "radarID" : 12917,
         "tracks" : [
            {
               "detectedID" : 1004,
               "detectedTime" : 1856.0,
               "entityID" : 12917,
               "height" : 4568.4563770000004,
               "lla" : [ 119.90680690000001, -26.658325049999998, -157488.27429999999 ],
               "radarID" : 12917,
               "targetType" : 3,
               "trueID" : 799,
               "velocity" : [ -13.35744676, -168.86650520000001, 247.59984259999999 ]
            }
         ]
      }
   ],
   "terminator" : 0
}
