{
   "data" : [
      {
         "radarID" : 13002,
         "tracks" : [
            {
               "detectedID" : 1005,
               "detectedTime" : 1857.3,
               "entityID" : 13002,
               "height" : 4937.7998219999999,
               "lla" : [ 118.7578975, -25.848826129999999, -223694.63200000001 ],
               "radarID" : 13002,
               "targetType" : 3,
               "trueID" : 805,
               "velocity" : [ 271.57760350000001, 119.40443209999999, 44.589089510000001 ]
            }
         ]
      }
   ],
   "terminator" : 0
}
