{
   "data" : [
      {
         "radarID" : 13114,
         "tracks" : [
            {
               "detectedID" : 1005,
               "detectedTime" : 1858.25,
               "entityID" : 13114,
               "height" : 1410.0345050000001,
               "lla" : [ 118.7537473, -25.84595101, -227310.73050000001 ],
               "radarID" : 13114,
               "targetType" : 3,
               "trueID" : 805,
               "velocity" : [ 271.58317579999999, 119.3942443, 44.582429810000001 ]
            }
         ]
      }
   ],
   "terminator" : 0
}
