{
   "data" : [
      {
         "radarID" : 13072,
         "tracks" : [
            {
               "detectedID" : 1002,
               "detectedTime" : 1858.3499999999999,
               "entityID" : 13072,
               "height" : 5001.9993649999997,
               "lla" : [ 119.3145628, -26.24441908, -223467.16080000001 ],
               "radarID" : 13072,
               "targetType" : 3,
               "trueID" : 793,
               "velocity" : [ 257.9348703, 47.864357499999997, 145.5287118 ]
            }
         ]
      }
   ],
   "terminator" : 0
}
