{
   "data" : [
      {
         "radarID" : 13093,
         "tracks" : [
            {
               "detectedID" : 1001,
               "detectedTime" : 1858.75,
               "entityID" : 13093,
               "height" : 2650.02466,
               "lla" : [ 118.7381135, -25.835859580000001, -269692.45730000001 ],
               "radarID" : 13093,
               "targetType" : 3,
               "trueID" : 817,
               "velocity" : [ 272.88851699999998, 93.984796209999999, 81.845680349999995 ]
            }
         ]
      }
   ],
   "terminator" : 0
}
