{
   "data" : [
      {
         "radarID" : 13023,
         "tracks" : [
            {
               "detectedID" : 1004,
               "detectedTime" : 1859.25,
               "entityID" : 13023,
               "height" : 5004.0528240000003,
               "lla" : [ 119.91016620000001, -26.660665430000002, -157434.88560000001 ],
               "radarID" : 13023,
               "targetType" : 3,
               "trueID" : 799,
               "velocity" : [ -13.33747164, -168.90122819999999, 247.57723440000001 ]
            }
         ]
      }
   ],
   "terminator" : 0
}
