{
   "data" : [
      {
         "radarID" : 12910,
         "tracks" : [
            {
               "detectedID" : 1002,
               "detectedTime" : 1866.6500000000001,
               "entityID" : 12910,
               "height" : 4557.6219289999999,
               "lla" : [ 119.2929671, -26.229213420000001, -225481.26180000001 ],
               "radarID" : 12910,
               "targetType" : 3,
               "trueID" : 793,
               "velocity" : [ 257.98443500000002, 47.776044499999998, 145.4698625 ]
            }
         ]
      }
   ],
   "terminator" : 0
}
