{
   "data" : [
      {
         "radarID" : 13093,
         "tracks" : [
            {
               "detectedID" : 1005,
               "detectedTime" : 1868.1500000000001,
               "entityID" : 13093,
               "height" : 1544.5882770000001,
               "lla" : [ 118.72351980000001, -25.824362260000001, -228571.76860000001 ],
               "radarID" : 13093,
               "targetType" : 3,
               "trueID" : 805,
               "velocity" : [ 271.64121360000001, 119.2880625, 44.513023320000002 ]
            }
         ]
      },
      {
         "radarID" : 13107,
         "tracks" : [
            {
               "detectedID" : 1005,
               "detectedTime" : 1868.1500000000001,
               "entityID" : 13107,
               "height" : 5195.6815960000004,
               "lla" : [ 118.7247216, -25.82513067, -224985.3112 ],
               "radarID" : 13107,
               "targetType" : 3,
               "trueID" : 805,
               "velocity" : [ 271.64121360000001, 119.2880625, 44.513023320000002 ]
            }
         ]
      }
   ],
   "terminator" : 0
}
