{
   "data" : [
      {
         "radarID" : 13030,
         "tracks" : [
            {
               "detectedID" : 1004,
               "detectedTime" : 1868.7,
               "entityID" : 13030,
               "height" : 3733.792312,
               "lla" : [ 119.91901559999999, -26.666895199999999, -159852.72330000001 ],
               "radarID" : 13030,
               "targetType" : 3,
               "trueID" : 799,
               "velocity" : [ -13.27938857, -169.0021692, 247.51146370000001 ]
            }
         ]
      },
      {
         "radarID" : 13037,
         "tracks" : [
            {
               "detectedID" : 1004,
               "detectedTime" : 1868.7,
               "entityID" : 13037,
               "height" : 3729.7362979999998,
               "lla" : [ 119.9190665, -26.66693038, -159841.60219999999 ],
               "radarID" : 13037,
               "targetType" : 3,
               "trueID" : 799,
               "velocity" : [ -13.27938857, -169.0021692, 247.51146370000001 ]
            }
         ]
      }
   ],
   "terminator" : 0
}
