{
   "data" : [
      {
         "radarID" : 12931,
         "tracks" : [
            {
               "detectedID" : 1004,
               "detectedTime" : 434.69999999999999,
               "entityID" : 12931,
               "height" : 4985.5224390000003,
               "lla" : [ 122.5983226, -28.47369479, 27380.375800000002 ],
               "radarID" : 12931,
               "targetType" : 3,
               "trueID" : 799,
               "velocity" : [ 116.6366664, -90.443820380000005, 261.18155259999997 ]
            }
         ]
      },
      {
         "radarID" : 12938,
         "tracks" : [
            {
               "detectedID" : 1004,
               "detectedTime" : 434.69999999999999,
               "entityID" : 12938,
               "height" : 4970.6590480000004,
               "lla" : [ 122.59834309999999, -28.473709960000001, 27312.37659 ],
               "radarID" : 12938,
               "targetType" : 3,
               "trueID" : 799,
               "velocity" : [ 116.6366664, -90.443820380000005, 261.18155259999997 ]
            }
         ]
      }
   ],
   "terminator" : 0
}
