{
   "data" : [
      {
         "radarID" : 13107,
         "tracks" : [
            {
               "detectedID" : 1004,
               "detectedTime" : 1869.25,
               "entityID" : 13107,
               "height" : 4639.722651,
               "lla" : [ 119.9195575, -26.66725237, -159049.1972 ],
               "radarID" : 13107,
               "targetType" : 3,
               "trueID" : 799,
               "velocity" : [ -13.276007999999999, -169.00804299999999, 247.50763430000001 ]
            }
         ]
      }
   ],
   "terminator" : 0
}
