{
   "data" : [
      {
         "radarID" : 12917,
         "tracks" : [
            {
               "detectedID" : 1006,
               "detectedTime" : 1876.9000000000001,
               "entityID" : 12917,
               "height" : 4378.2162969999999,
               "lla" : [ 119.0907361, -26.086600319999999, -249386.12719999999 ],
               "radarID" : 12917,
               "targetType" : 3,
               "trueID" : 811,
               "velocity" : [ 272.44364990000003, 99.195463910000001, 77.037118179999993 ]
            }
         ]
      },
      {
         "radarID" : 12931,
         "tracks" : [
            {
               "detectedID" : 1004,
               "detectedTime" : 1876.9000000000001,
               "entityID" : 12931,
               "height" : 5003.073985,
               "lla" : [ 119.9276258, -26.672887639999999, -159548.976 ],
               "radarID" : 12931,
               "targetType" : 3,
               "trueID" : 799,
               "velocity" : [ -13.228986559999999, -169.08973069999999, 247.45435309999999 ]
            }
         ]
      }
   ],
   "terminator" : 0
}
