{
   "data" : [
      {
         "radarID" : 13009,
         "tracks" : [
            {
               "detectedID" : 1004,
               "detectedTime" : 1877.05,
               "entityID" : 13009,
               "height" : 1828.701223,
               "lla" : [ 119.9266362, -26.67227802, -162677.46520000001 ],
               "radarID" : 13009,
               "targetType" : 3,
               "trueID" : 799,
               "velocity" : [ -13.228064549999999, -169.09133220000001, 247.45330809999999 ]
            }
         ]
      }
   ],
   "terminator" : 0
}
