{
   "data" : [
      {
         "radarID" : 12988,
         "tracks" : [
            {
               "detectedID" : 1004,
               "detectedTime" : 1877.2,
               "entityID" : 12988,
               "height" : 5002.8472099999999,
               "lla" : [ 119.92779899999999, -26.67300929, -159586.24220000001 ],
               "radarID" : 12988,
               "targetType" : 3,
               "trueID" : 799,
               "velocity" : [ -13.22714255, -169.0929337, 247.45226299999999 ]
            }
         ]
      }
   ],
   "terminator" : 0
}
