{
   "data" : [
      {
         "radarID" : 12995,
         "tracks" : [
            {
               "detectedID" : 1005,
               "detectedTime" : 1877.3,
               "entityID" : 12995,
               "height" : 5071.7961869999999,
               "lla" : [ 118.69679910000001, -25.805182429999999, -226397.78969999999 ],
               "radarID" : 12995,
               "targetType" : 3,
               "trueID" : 805,
               "velocity" : [ 271.69480240000001, 119.1899016, 44.44886614 ]
            }
         ]
      }
   ],
   "terminator" : 0
}
