{
   "data" : [
      {
         "radarID" : 13114,
         "tracks" : [
            {
               "detectedID" : 1005,
               "detectedTime" : 1878.25,
               "entityID" : 13114,
               "height" : 1532.351928,
               "lla" : [ 118.6927414, -25.802369460000001, -230009.04180000001 ],
               "radarID" : 13114,
               "targetType" : 3,
               "trueID" : 805,
               "velocity" : [ 271.70036340000001, 119.1797088, 44.442204529999998 ]
            }
         ]
      }
   ],
   "terminator" : 0
}
