{
   "data" : [
      {
         "radarID" : 12917,
         "tracks" : [
            {
               "detectedID" : 1006,
               "detectedTime" : 1886.95,
               "entityID" : 12917,
               "height" : 4466.0346509999999,
               "lla" : [ 119.06082120000001, -26.06539854, -250914.54759999999 ],
               "radarID" : 12917,
               "targetType" : 3,
               "trueID" : 811,
               "velocity" : [ 272.50280320000002, 99.088655130000006, 76.965321169999996 ]
            }
         ]
      }
   ],
   "terminator" : 0
}
