{
   "data" : [
      {
         "radarID" : 12995,
         "tracks" : [
            {
               "detectedID" : 1006,
               "detectedTime" : 1887.75,
               "entityID" : 12995,
               "height" : 5546.9187760000004,
               "lla" : [ 119.0587069, -26.063873170000001, -250003.6887 ],
               "radarID" : 12995,
               "targetType" : 3,
               "trueID" : 811,
               "velocity" : [ 272.50750929999998, 99.080151990000005, 76.959605249999996 ]
            }
         ]
      }
   ],
   "terminator" : 0
}
