{
   "data" : [
      {
         "radarID" : 13093,
         "tracks" : [
            {
               "detectedID" : 1005,
               "detectedTime" : 1888.0999999999999,
               "entityID" : 13093,
               "height" : 1675.594065,
               "lla" : [ 118.6625114, -25.780750210000001, -231266.03270000001 ],
               "radarID" : 13093,
               "targetType" : 3,
               "trueID" : 805,
               "velocity" : [ 271.75799030000002, 119.07401110000001, 44.373128809999997 ]
            }
         ]
      }
   ],
   "terminator" : 0
}
