{
   "data" : [
      {
         "radarID" : 13093,
         "tracks" : [
            {
               "detectedID" : 1006,
               "detectedTime" : 1888.95,
               "entityID" : 13093,
               "height" : 1936.8107419999999,
               "lla" : [ 119.05438270000001, -26.060897929999999, -253730.98490000001 ],
               "radarID" : 13093,
               "targetType" : 3,
               "trueID" : 811,
               "velocity" : [ 272.51456780000001, 99.067397020000001, 76.951031150000006 ]
            }
         ]
      },
      {
         "radarID" : 13107,
         "tracks" : [
            {
               "detectedID" : 1002,
               "detectedTime" : 1888.95,
               "entityID" : 13107,
               "height" : 4870.9887129999997,
               "lla" : [ 119.235606, -26.188753200000001, -229408.28839999999 ],
               "radarID" : 13107,
               "targetType" : 3,
               "trueID" : 793,
               "velocity" : [ 258.11740909999997, 47.538732510000003, 145.31163770000001 ]
            },
            {
               "detectedID" : 1006,
               "detectedTime" : 1888.95,
               "entityID" : 13107,
               "height" : 5366.8302899999999,
               "lla" : [ 119.0551157, -26.061331599999999, -250368.9621 ],
               "radarID" : 13107,
               "targetType" : 3,
               "trueID" : 811,
               "velocity" : [ 272.51456780000001, 99.067397020000001, 76.951031150000006 ]
            }
         ]
      }
   ],
   "terminator" : 0
}
