{
   "data" : [
      {
         "radarID" : 13093,
         "tracks" : [
            {
               "detectedID" : 1004,
               "detectedTime" : 1889.25,
               "entityID" : 13093,
               "height" : 49.670173910000003,
               "lla" : [ 119.93741079999999, -26.679874569999999, -166177.62779999999 ],
               "radarID" : 13093,
               "targetType" : 3,
               "trueID" : 799,
               "velocity" : [ -13.15307293, -169.2215588, 247.3682694 ]
            }
         ]
      }
   ],
   "terminator" : 0
}
