{
   "data" : [
      {
         "radarID" : 12917,
         "tracks" : [
            {
               "detectedID" : 1002,
               "detectedTime" : 1896.75,
               "entityID" : 12917,
               "height" : 4342.3540430000003,
               "lla" : [ 119.21532740000001, -26.174452899999999, -231400.538 ],
               "radarID" : 12917,
               "targetType" : 3,
               "trueID" : 793,
               "velocity" : [ 258.1638537, 47.455713580000001, 145.25625600000001 ]
            }
         ]
      },
      {
         "radarID" : 12995,
         "tracks" : [
            {
               "detectedID" : 1004,
               "detectedTime" : 1896.75,
               "entityID" : 12995,
               "height" : 5047.5403310000002,
               "lla" : [ 119.94712079999999, -26.686528209999999, -161873.03270000001 ],
               "radarID" : 12995,
               "targetType" : 3,
               "trueID" : 799,
               "velocity" : [ -13.10696963, -169.30158800000001, 247.31595100000001 ]
            }
         ]
      }
   ],
   "terminator" : 0
}
