{
   "data" : [
      {
         "radarID" : 13058,
         "tracks" : [
            {
               "detectedID" : 1004,
               "detectedTime" : 1898.55,
               "entityID" : 13058,
               "height" : 5002.2762839999996,
               "lla" : [ 119.948959, -26.687815029999999, -162128.0687 ],
               "radarID" : 13058,
               "targetType" : 3,
               "trueID" : 799,
               "velocity" : [ -13.095904620000001, -169.32079189999999, 247.30339000000001 ]
            }
         ]
      },
      {
         "radarID" : 13079,
         "tracks" : [
            {
               "detectedID" : 1004,
               "detectedTime" : 1898.55,
               "entityID" : 13079,
               "height" : 5004.7607289999996,
               "lla" : [ 119.9488643, -26.687749239999999, -162134.04610000001 ],
               "radarID" : 13079,
               "targetType" : 3,
               "trueID" : 799,
               "velocity" : [ -13.095904620000001, -169.32079189999999, 247.30339000000001 ]
            }
         ]
      },
      {
         "radarID" : 13086,
         "tracks" : [
            {
               "detectedID" : 1004,
               "detectedTime" : 1898.55,
               "entityID" : 13086,
               "height" : 4999.9672549999996,
               "lla" : [ 119.94899890000001, -26.68784277, -162125.5551 ],
               "radarID" : 13086,
               "targetType" : 3,
               "trueID" : 799,
               "velocity" : [ -13.095904620000001, -169.32079189999999, 247.30339000000001 ]
            }
         ]
      }
   ],
   "terminator" : 0
}
