{
   "data" : [
      {
         "radarID" : 13023,
         "tracks" : [
            {
               "detectedID" : 1004,
               "detectedTime" : 1899.3499999999999,
               "entityID" : 13023,
               "height" : 5002.6827380000004,
               "lla" : [ 119.9498127, -26.688411349999999, -162196.47080000001 ],
               "radarID" : 13023,
               "targetType" : 3,
               "trueID" : 799,
               "velocity" : [ -13.090986819999999, -169.32932650000001, 247.29780679999999 ]
            }
         ]
      }
   ],
   "terminator" : 0
}
