{
   "data" : [
      {
         "radarID" : 13107,
         "tracks" : [
            {
               "detectedID" : 1004,
               "detectedTime" : 1899.6500000000001,
               "entityID" : 13107,
               "height" : 4999.3154409999997,
               "lla" : [ 119.94999110000001, -26.688537310000001, -162263.97659999999 ],
               "radarID" : 13107,
               "targetType" : 3,
               "trueID" : 799,
               "velocity" : [ -13.08914263, -169.3325269, 247.29571300000001 ]
            }
         ]
      }
   ],
   "terminator" : 0
}
