{
   "data" : [
      {
         "radarID" : 12995,
         "tracks" : [
            {
               "detectedID" : 1006,
               "detectedTime" : 1907.75,
               "entityID" : 12995,
               "height" : 5187.4155430000001,
               "lla" : [ 118.99910079999999, -26.021597849999999, -253554.49160000001 ],
               "radarID" : 12995,
               "targetType" : 3,
               "trueID" : 811,
               "velocity" : [ 272.62503700000002, 98.867528289999996, 76.816671529999994 ]
            }
         ]
      }
   ],
   "terminator" : 0
}
