{
   "data" : [
      {
         "radarID" : 13114,
         "tracks" : [
            {
               "detectedID" : 1005,
               "detectedTime" : 1918.2,
               "entityID" : 13114,
               "height" : 1793.9410150000001,
               "lla" : [ 118.5707089, -25.715017639999999, -235383.9406 ],
               "radarID" : 13114,
               "targetType" : 3,
               "trueID" : 805,
               "velocity" : [ 271.93372929999998, 118.7508569, 44.1619843 ]
            }
         ]
      }
   ],
   "terminator" : 0
}
