{
   "data" : [
      {
         "radarID" : 12910,
         "tracks" : [
            {
               "detectedID" : 1004,
               "detectedTime" : 1926.05,
               "entityID" : 12910,
               "height" : 4250.0151390000001,
               "lla" : [ 119.9758398, -26.706634040000001, -166148.01920000001 ],
               "radarID" : 12910,
               "targetType" : 3,
               "trueID" : 799,
               "velocity" : [ -12.92684564, -169.61403060000001, 247.111265 ]
            }
         ]
      },
      {
         "radarID" : 12917,
         "tracks" : [
            {
               "detectedID" : 1004,
               "detectedTime" : 1926.05,
               "entityID" : 12917,
               "height" : 3843.6899619999999,
               "lla" : [ 119.97585239999999, -26.706652890000001, -166540.6721 ],
               "radarID" : 12917,
               "targetType" : 3,
               "trueID" : 799,
               "velocity" : [ -12.92684564, -169.61403060000001, 247.111265 ]
            }
         ]
      }
   ],
   "terminator" : 0
}
