{
   "data" : [
      {
         "radarID" : 12924,
         "tracks" : [
            {
               "detectedID" : 1002,
               "detectedTime" : 1926.25,
               "entityID" : 12924,
               "height" : 4913.8257180000001,
               "lla" : [ 119.1391194, -26.120591619999999, -236456.2224 ],
               "radarID" : 12924,
               "targetType" : 3,
               "trueID" : 793,
               "velocity" : [ 258.3391982, 47.141669929999999, 145.0466188 ]
            }
         ]
      }
   ],
   "terminator" : 0
}
