{
   "data" : [
      {
         "radarID" : 13002,
         "tracks" : [
            {
               "detectedID" : 1004,
               "detectedTime" : 1926.9000000000001,
               "entityID" : 13002,
               "height" : 1569.560796,
               "lla" : [ 119.97578470000001, -26.706665569999998, -168875.92079999999 ],
               "radarID" : 13002,
               "targetType" : 3,
               "trueID" : 799,
               "velocity" : [ -12.92161988, -169.6230898, 247.10532000000001 ]
            }
         ]
      }
   ],
   "terminator" : 0
}
