{
   "data" : [
      {
         "radarID" : 13107,
         "tracks" : [
            {
               "detectedID" : 1002,
               "detectedTime" : 1928.9000000000001,
               "entityID" : 13107,
               "height" : 5163.6143270000002,
               "lla" : [ 119.13254329999999, -26.115934880000001, -236710.0748 ],
               "radarID" : 13107,
               "targetType" : 3,
               "trueID" : 793,
               "velocity" : [ 258.35492549999998, 47.113454359999999, 145.0277729 ]
            },
            {
               "detectedID" : 1006,
               "detectedTime" : 1928.9000000000001,
               "entityID" : 13107,
               "height" : 5402.7750930000002,
               "lla" : [ 118.9360976, -25.976838319999999, -256735.62160000001 ],
               "radarID" : 13107,
               "targetType" : 3,
               "trueID" : 811,
               "velocity" : [ 272.7490608, 98.642584139999997, 76.66544485 ]
            }
         ]
      }
   ],
   "terminator" : 0
}
