{
   "data" : [
      {
         "radarID" : 13142,
         "tracks" : [
            {
               "detectedID" : 1004,
               "detectedTime" : 1929.45,
               "entityID" : 13142,
               "height" : 5007.8880369999997,
               "lla" : [ 119.97946690000001, -26.709150399999999, -165826.69680000001 ],
               "radarID" : 13142,
               "targetType" : 3,
               "trueID" : 799,
               "velocity" : [ -12.905942469999999, -169.65026560000001, 247.08748249999999 ]
            }
         ]
      }
   ],
   "terminator" : 0
}
