{
   "data" : [
      {
         "radarID" : 13114,
         "tracks" : [
            {
               "detectedID" : 1004,
               "detectedTime" : 1930.0,
               "entityID" : 13114,
               "height" : 139.49332709999999,
               "lla" : [ 119.98008969999999, -26.709710940000001, -170785.46280000001 ],
               "radarID" : 13114,
               "targetType" : 3,
               "trueID" : 799,
               "velocity" : [ -12.902561049999999, -169.65612669999999, 247.0836348 ]
            }
         ]
      }
   ],
   "terminator" : 0
}
