{
   "data" : [
      {
         "radarID" : 12896,
         "tracks" : [
            {
               "detectedID" : 1001,
               "detectedTime" : 1934.05,
               "entityID" : 12896,
               "height" : 5086.7136909999999,
               "lla" : [ 118.515738, -25.67666376, -279491.14079999999 ],
               "radarID" : 12896,
               "targetType" : 3,
               "trueID" : 817,
               "velocity" : [ 273.32492359999998, 93.181918659999994, 81.30569577 ]
            }
         ]
      }
   ],
   "terminator" : 0
}
