{
   "data" : [
      {
         "radarID" : 12889,
         "tracks" : [
            {
               "detectedID" : 1005,
               "detectedTime" : 1934.3,
               "entityID" : 12889,
               "height" : 4834.8891620000004,
               "lla" : [ 118.5225999, -25.680445129999999, -234667.1986 ],
               "radarID" : 12889,
               "targetType" : 3,
               "trueID" : 805,
               "velocity" : [ 272.0275067, 118.5779084, 44.049009210000001 ]
            }
         ]
      }
   ],
   "terminator" : 0
}
