{
   "data" : [
      {
         "radarID" : 12995,
         "tracks" : [
            {
               "detectedID" : 1004,
               "detectedTime" : 1936.8499999999999,
               "entityID" : 12995,
               "height" : 4661.224346,
               "lla" : [ 119.9868345, -26.714308899999999, -167040.38440000001 ],
               "radarID" : 12995,
               "targetType" : 3,
               "trueID" : 799,
               "velocity" : [ -12.860446339999999, -169.72911479999999, 247.0356989 ]
            }
         ]
      }
   ],
   "terminator" : 0
}
