{
   "data" : [
      {
         "radarID" : 13002,
         "tracks" : [
            {
               "detectedID" : 1004,
               "detectedTime" : 1936.9000000000001,
               "entityID" : 13002,
               "height" : 1527.1591089999999,
               "lla" : [ 119.9857068, -26.71360292, -170113.0883 ],
               "radarID" : 13002,
               "targetType" : 3,
               "trueID" : 799,
               "velocity" : [ -12.86013893, -169.7296475, 247.0353489 ]
            }
         ]
      }
   ],
   "terminator" : 0
}
