{
   "data" : [
      {
         "radarID" : 13002,
         "tracks" : [
            {
               "detectedID" : 1002,
               "detectedTime" : 1937.6500000000001,
               "entityID" : 13002,
               "height" : 3658.0907980000002,
               "lla" : [ 119.1093935, -26.099594339999999, -239841.71340000001 ],
               "radarID" : 13002,
               "targetType" : 3,
               "trueID" : 793,
               "velocity" : [ 258.4068269, 47.020283910000003, 144.96552929999999 ]
            }
         ]
      }
   ],
   "terminator" : 0
}
