{
   "data" : [
      {
         "radarID" : 13114,
         "tracks" : [
            {
               "detectedID" : 1001,
               "detectedTime" : 1938.75,
               "entityID" : 13114,
               "height" : 3314.2291959999998,
               "lla" : [ 118.5013141, -25.66635947, -281985.8187 ],
               "radarID" : 13114,
               "targetType" : 3,
               "trueID" : 817,
               "velocity" : [ 273.35205020000001, 93.131765490000006, 81.271956599999996 ]
            }
         ]
      }
   ],
   "terminator" : 0
}
