{
   "data" : [
      {
         "radarID" : 12903,
         "tracks" : [
            {
               "detectedID" : 1004,
               "detectedTime" : 1956.05,
               "entityID" : 12903,
               "height" : 5008.625505,
               "lla" : [ 120.0057709, -26.72753427, -169011.90150000001 ],
               "radarID" : 12903,
               "targetType" : 3,
               "trueID" : 799,
               "velocity" : [ -12.742395930000001, -169.93359910000001, 246.90120139999999 ]
            }
         ]
      },
      {
         "radarID" : 12910,
         "tracks" : [
            {
               "detectedID" : 1004,
               "detectedTime" : 1956.05,
               "entityID" : 12910,
               "height" : 3943.857704,
               "lla" : [ 120.00568010000001, -26.727497540000002, -170041.2175 ],
               "radarID" : 12910,
               "targetType" : 3,
               "trueID" : 799,
               "velocity" : [ -12.742395930000001, -169.93359910000001, 246.90120139999999 ]
            }
         ]
      },
      {
         "radarID" : 12917,
         "tracks" : [
            {
               "detectedID" : 1004,
               "detectedTime" : 1956.05,
               "entityID" : 12917,
               "height" : 3554.8796600000001,
               "lla" : [ 120.0053982, -26.727311060000002, -170414.6096 ],
               "radarID" : 12917,
               "targetType" : 3,
               "trueID" : 799,
               "velocity" : [ -12.742395930000001, -169.93359910000001, 246.90120139999999 ]
            }
         ]
      }
   ],
   "terminator" : 0
}
